original order in sheet,IMO number,IMO number [ref],Name,Name [ref],Notes,Other names,Other names [ref],Hull number,Hull number [ref],Status,Researcher,Last updated,Status [ref],Shipowner,Shipowner [ref],Shipowner country/area,Shipowner country/area [ref],Shipbuilder,Shipbuilder [ref],Shipbuilder yard country/area,Shipbuilder yard country/area [ref],Yard location latitude,Yard location longitude,Yard location plus code,Yard location accuracy,Yard location lat/lon [ref],Capacity,Capacity units,Capacity [ref],Cargo type,Cargo type [ref],Vessel type,Vessel type [ref],Propulsion type,Propulsion type [ref],Delivery year,Delivery year [ref],[Original source],Operator/charterer,Operator/charterer [ref],Contract date,Contract date [ref],Price,Price currency,Price [ref]
30,9928085,https://www.igu.org/igu-reports/2025-world-lng-report,Hull 2395 (SHI),https://www.igu.org/igu-reports/2025-world-lng-report,"as of Dec 2025, ship still unnamed so assuming delivery year is 2026, not 2025",,,Hull 2395 (SHI),https://www.igu.org/igu-reports/2025-world-lng-report,on order,GEM,12/17/2025,https://www.igu.org/igu-reports/2025-world-lng-report,NYK Line,https://system.new-vessels.com/Ship-10595188-.html,Japan,"https://www.nyk.com/english/profile/profile/, https://en.wikipedia.org/wiki/Nippon_Yusen",Samsung Heavy Industries,https://www.igu.org/igu-reports/2025-world-lng-report,South Korea,https://www.samsungshi.com/En/Default.aspx,34.89804,128.6045,"VJW3+QV Geoje-si, Gyeongsangnam-do",exact,https://www.google.com/maps/place/Samsung+Heavy+industries/data=!3m1!1e3!4m10!1m2!2m1!1ssamsung+heavy+industries!3m6!1s0x356ecd83691a8fb5:0xd4204e9a1bb0ef10!8m2!3d34.8969682!4d128.6046376!15sChhzYW1zdW5nIGhlYXZ5IGluZHVzdHJpZXOSAQhzaGlweWFyZOABAA!16s%2Fg%2F1tgcpry6?entry=ttu&g_ep=EgoyMDI1MTIwMi4wIKXMDSoASAFQAw%3D%3D,174000,cbm,https://www.igu.org/igu-reports/2025-world-lng-report,membrane,inferred,conventional,inferred,X-DF,https://www.igu.org/igu-reports/2025-world-lng-report,2026,http://www.chinashipbuilding.cn/ship.aspx?pklujyukkpp4scbbBanmkhTk8Pl4EN,IGU,,,,,,,
52,9983176,https://www.igu.org/igu-reports/2025-world-lng-report,Hull 2558 (Hanwha),https://www.igu.org/igu-reports/2025-world-lng-report,,,,Hull 2558 (Hanwha),https://www.igu.org/igu-reports/2025-world-lng-report,on order,GEM,12/31/2024,https://www.igu.org/igu-reports/2025-world-lng-report,MOL,https://www.igu.org/igu-reports/2025-world-lng-report,,,Hanwha Ocean,https://www.igu.org/igu-reports/2025-world-lng-report,South Korea,https://www.hanwha.com/companies/hanwha-ocean.do,34.87385,128.6966,"VMCW+V7 Geoje-si, Gyeongsangnam-do",exact,https://www.google.com/maps/place/Hanwha+Ocean/data=!3m1!1e3!4m10!1m2!2m1!1sHanwha+Ocean!3m6!1s0x356ecd1d7a72f7db:0x3bfe90e7d8bf93f0!8m2!3d34.8721913!4d128.6956963!15sCgxIYW53aGEgT2NlYW5aDiIMaGFud2hhIG9jZWFukgEfc2hpcGJ1aWxkaW5nX2FuZF9yZXBhaXJfY29tcGFueZoBI0NoWkRTVWhOTUc5blMwVkpRMEZuVFVSUmRYVkVTMWhuRUFF4AEA-gEECAAQLA!16s%2Fg%2F11swmd6_76?entry=ttu&g_ep=EgoyMDI1MTIwMi4wIKXMDSoASAFQAw%3D%3D,174000,cbm,https://www.igu.org/igu-reports/2025-world-lng-report,,,,,ME-GA,https://www.igu.org/igu-reports/2025-world-lng-report,2026,https://www.igu.org/igu-reports/2025-world-lng-report,IGU,Chevron,"https://www.mol.co.jp/en/pr/2026/26044.html, https://cyprusshippingnews.com/2026/09/14/mol-worlds-first-lng-carrier-equipped-with-wind-challenger/",,,,,
63,9991915,https://www.igu.org/igu-reports/2025-world-lng-report,Hull 2570 (Hanwha),https://www.igu.org/igu-reports/2025-world-lng-report,,,,Hull 2570 (Hanwha),https://www.igu.org/igu-reports/2025-world-lng-report,on order,GEM,12/31/2024,https://www.igu.org/igu-reports/2025-world-lng-report,MISC,https://www.igu.org/igu-reports/2025-world-lng-report,Malaysia,"https://www.shipvault.com/ships/113754, https://shipvaultapi-gjb8c.ondigitalocean.app/api/units/113754",Hanwha Ocean,https://www.igu.org/igu-reports/2025-world-lng-report,South Korea,https://www.hanwha.com/companies/hanwha-ocean.do,34.87385,128.6966,"VMCW+V7 Geoje-si, Gyeongsangnam-do",exact,https://www.google.com/maps/place/Hanwha+Ocean/data=!3m1!1e3!4m10!1m2!2m1!1sHanwha+Ocean!3m6!1s0x356ecd1d7a72f7db:0x3bfe90e7d8bf93f0!8m2!3d34.8721913!4d128.6956963!15sCgxIYW53aGEgT2NlYW5aDiIMaGFud2hhIG9jZWFukgEfc2hpcGJ1aWxkaW5nX2FuZF9yZXBhaXJfY29tcGFueZoBI0NoWkRTVWhOTUc5blMwVkpRMEZuVFVSUmRYVkVTMWhuRUFF4AEA-gEECAAQLA!16s%2Fg%2F11swmd6_76?entry=ttu&g_ep=EgoyMDI1MTIwMi4wIKXMDSoASAFQAw%3D%3D,174000,cbm,https://www.igu.org/igu-reports/2025-world-lng-report,,,,,X-DF,https://www.igu.org/igu-reports/2025-world-lng-report,2026,https://www.igu.org/igu-reports/2025-world-lng-report,IGU,,,,,,,
64,9991927,https://www.igu.org/igu-reports/2025-world-lng-report,Hull 2571 (Hanwha),https://www.igu.org/igu-reports/2025-world-lng-report,,,,Hull 2571 (Hanwha),https://www.igu.org/igu-reports/2025-world-lng-report,on order,GEM,12/31/2024,https://www.igu.org/igu-reports/2025-world-lng-report,MISC,https://www.igu.org/igu-reports/2025-world-lng-report,Malaysia,"https://www.shipvault.com/ships/113754, https://shipvaultapi-gjb8c.ondigitalocean.app/api/units/113754",Hanwha Ocean,https://www.igu.org/igu-reports/2025-world-lng-report,South Korea,https://www.hanwha.com/companies/hanwha-ocean.do,34.87385,128.6966,"VMCW+V7 Geoje-si, Gyeongsangnam-do",exact,https://www.google.com/maps/place/Hanwha+Ocean/data=!3m1!1e3!4m10!1m2!2m1!1sHanwha+Ocean!3m6!1s0x356ecd1d7a72f7db:0x3bfe90e7d8bf93f0!8m2!3d34.8721913!4d128.6956963!15sCgxIYW53aGEgT2NlYW5aDiIMaGFud2hhIG9jZWFukgEfc2hpcGJ1aWxkaW5nX2FuZF9yZXBhaXJfY29tcGFueZoBI0NoWkRTVWhOTUc5blMwVkpRMEZuVFVSUmRYVkVTMWhuRUFF4AEA-gEECAAQLA!16s%2Fg%2F11swmd6_76?entry=ttu&g_ep=EgoyMDI1MTIwMi4wIKXMDSoASAFQAw%3D%3D,174000,cbm,https://www.igu.org/igu-reports/2025-world-lng-report,,,,,X-DF,https://www.igu.org/igu-reports/2025-world-lng-report,2026,https://www.igu.org/igu-reports/2025-world-lng-report,IGU,,,,,,,
65,9991939,https://www.igu.org/igu-reports/2025-world-lng-report,Hull 2572 (Hanwha),https://www.igu.org/igu-reports/2025-world-lng-report,,,,Hull 2572 (Hanwha),https://www.igu.org/igu-reports/2025-world-lng-report,on order,GEM,12/31/2024,https://www.igu.org/igu-reports/2025-world-lng-report,TMS Cardiff Gas,https://www.igu.org/igu-reports/2025-world-lng-report,Greece,https://system.new-vessels.com/orderer-45411-TMS_Cardiff_Gas_Ltd.html,Hanwha Ocean,https://www.igu.org/igu-reports/2025-world-lng-report,South Korea,https://www.hanwha.com/companies/hanwha-ocean.do,34.87385,128.6966,"VMCW+V7 Geoje-si, Gyeongsangnam-do",exact,https://www.google.com/maps/place/Hanwha+Ocean/data=!3m1!1e3!4m10!1m2!2m1!1sHanwha+Ocean!3m6!1s0x356ecd1d7a72f7db:0x3bfe90e7d8bf93f0!8m2!3d34.8721913!4d128.6956963!15sCgxIYW53aGEgT2NlYW5aDiIMaGFud2hhIG9jZWFukgEfc2hpcGJ1aWxkaW5nX2FuZF9yZXBhaXJfY29tcGFueZoBI0NoWkRTVWhOTUc5blMwVkpRMEZuVFVSUmRYVkVTMWhuRUFF4AEA-gEECAAQLA!16s%2Fg%2F11swmd6_76?entry=ttu&g_ep=EgoyMDI1MTIwMi4wIKXMDSoASAFQAw%3D%3D,174000,cbm,https://www.igu.org/igu-reports/2025-world-lng-report,,,,,X-DF,https://www.igu.org/igu-reports/2025-world-lng-report,2026,https://www.igu.org/igu-reports/2025-world-lng-report,IGU,,,,,,,
66,9991941,https://www.igu.org/igu-reports/2025-world-lng-report,Hull 2573 (Hanwha),https://www.igu.org/igu-reports/2025-world-lng-report,,,,Hull 2573 (Hanwha),https://www.igu.org/igu-reports/2025-world-lng-report,on order,GEM,12/31/2024,https://www.igu.org/igu-reports/2025-world-lng-report,TMS Cardiff Gas,https://www.igu.org/igu-reports/2025-world-lng-report,Greece,https://system.new-vessels.com/orderer-45411-TMS_Cardiff_Gas_Ltd.html,Hanwha Ocean,https://www.igu.org/igu-reports/2025-world-lng-report,South Korea,https://www.hanwha.com/companies/hanwha-ocean.do,34.87385,128.6966,"VMCW+V7 Geoje-si, Gyeongsangnam-do",exact,https://www.google.com/maps/place/Hanwha+Ocean/data=!3m1!1e3!4m10!1m2!2m1!1sHanwha+Ocean!3m6!1s0x356ecd1d7a72f7db:0x3bfe90e7d8bf93f0!8m2!3d34.8721913!4d128.6956963!15sCgxIYW53aGEgT2NlYW5aDiIMaGFud2hhIG9jZWFukgEfc2hpcGJ1aWxkaW5nX2FuZF9yZXBhaXJfY29tcGFueZoBI0NoWkRTVWhOTUc5blMwVkpRMEZuVFVSUmRYVkVTMWhuRUFF4AEA-gEECAAQLA!16s%2Fg%2F11swmd6_76?entry=ttu&g_ep=EgoyMDI1MTIwMi4wIKXMDSoASAFQAw%3D%3D,174000,cbm,https://www.igu.org/igu-reports/2025-world-lng-report,,,,,X-DF,https://www.igu.org/igu-reports/2025-world-lng-report,2026,https://www.igu.org/igu-reports/2025-world-lng-report,IGU,,,,,,,
70,9946829,https://www.igu.org/igu-reports/2025-world-lng-report,Celsius Gandhinagar,https://www.igu.org/igu-reports/2025-world-lng-report,,,,Hull 2579,https://www.igu.org/igu-reports/2025-world-lng-report,active,GEM,12/31/2024,https://www.igu.org/igu-reports/2025-world-lng-report,Celsius Shipping,https://www.igu.org/igu-reports/2025-world-lng-report,Denmark,,Samsung Heavy Industries,https://www.igu.org/igu-reports/2025-world-lng-report,South Korea,https://www.samsungshi.com/En/Default.aspx,34.89804,128.6045,"VJW3+QV Geoje-si, Gyeongsangnam-do",exact,https://www.google.com/maps/place/Samsung+Heavy+industries/data=!3m1!1e3!4m10!1m2!2m1!1ssamsung+heavy+industries!3m6!1s0x356ecd83691a8fb5:0xd4204e9a1bb0ef10!8m2!3d34.8969682!4d128.6046376!15sChhzYW1zdW5nIGhlYXZ5IGluZHVzdHJpZXOSAQhzaGlweWFyZOABAA!16s%2Fg%2F1tgcpry6?entry=ttu&g_ep=EgoyMDI1MTIwMi4wIKXMDSoASAFQAw%3D%3D,180000,cbm,https://www.igu.org/igu-reports/2025-world-lng-report,membrane,https://www.igu.org/igu-reports/2025-world-lng-report,conventional,https://www.igu.org/igu-reports/2025-world-lng-report,ME-GA,https://www.igu.org/igu-reports/2025-world-lng-report,2024,https://www.igu.org/igu-reports/2025-world-lng-report,IGU,,,,,,,
77,9948724,https://www.igu.org/igu-reports/2025-world-lng-report,Celsius Greenwich,https://www.igu.org/igu-reports/2025-world-lng-report,,,,Hull 2584,https://www.igu.org/igu-reports/2025-world-lng-report,active,GEM,12/31/2024,https://www.igu.org/igu-reports/2025-world-lng-report,Celsius Shipping,https://www.igu.org/igu-reports/2025-world-lng-report,Denmark,,Samsung Heavy Industries,https://www.igu.org/igu-reports/2025-world-lng-report,South Korea,https://www.samsungshi.com/En/Default.aspx,34.89804,128.6045,"VJW3+QV Geoje-si, Gyeongsangnam-do",exact,https://www.google.com/maps/place/Samsung+Heavy+industries/data=!3m1!1e3!4m10!1m2!2m1!1ssamsung+heavy+industries!3m6!1s0x356ecd83691a8fb5:0xd4204e9a1bb0ef10!8m2!3d34.8969682!4d128.6046376!15sChhzYW1zdW5nIGhlYXZ5IGluZHVzdHJpZXOSAQhzaGlweWFyZOABAA!16s%2Fg%2F1tgcpry6?entry=ttu&g_ep=EgoyMDI1MTIwMi4wIKXMDSoASAFQAw%3D%3D,180000,cbm,https://www.igu.org/igu-reports/2025-world-lng-report,membrane,https://www.igu.org/igu-reports/2025-world-lng-report,conventional,https://www.igu.org/igu-reports/2025-world-lng-report,ME-GA,https://www.igu.org/igu-reports/2025-world-lng-report,2024,https://www.igu.org/igu-reports/2025-world-lng-report,IGU,,,,,,,
79,9948736,https://www.igu.org/igu-reports/2025-world-lng-report,Celsius Granada,https://www.igu.org/igu-reports/2025-world-lng-report,,,,Hull 2585,https://www.igu.org/igu-reports/2025-world-lng-report,active,GEM,12/31/2024,https://www.igu.org/igu-reports/2025-world-lng-report,Celsius Shipping,https://www.igu.org/igu-reports/2025-world-lng-report,Denmark,,Samsung Heavy Industries,https://www.igu.org/igu-reports/2025-world-lng-report,South Korea,https://www.samsungshi.com/En/Default.aspx,34.89804,128.6045,"VJW3+QV Geoje-si, Gyeongsangnam-do",exact,https://www.google.com/maps/place/Samsung+Heavy+industries/data=!3m1!1e3!4m10!1m2!2m1!1ssamsung+heavy+industries!3m6!1s0x356ecd83691a8fb5:0xd4204e9a1bb0ef10!8m2!3d34.8969682!4d128.6046376!15sChhzYW1zdW5nIGhlYXZ5IGluZHVzdHJpZXOSAQhzaGlweWFyZOABAA!16s%2Fg%2F1tgcpry6?entry=ttu&g_ep=EgoyMDI1MTIwMi4wIKXMDSoASAFQAw%3D%3D,180000,cbm,https://www.igu.org/igu-reports/2025-world-lng-report,membrane,https://www.igu.org/igu-reports/2025-world-lng-report,conventional,https://www.igu.org/igu-reports/2025-world-lng-report,ME-GA,https://www.igu.org/igu-reports/2025-world-lng-report,2024,https://www.igu.org/igu-reports/2025-world-lng-report,IGU,,,,,,,
93,9958999,https://www.igu.org/igu-reports/2025-world-lng-report,Celsius Galway,https://www.vesselfinder.com/vessels/details/9958999,,,,Hull 2598 (SHI),https://www.igu.org/igu-reports/2025-world-lng-report,active,GEM,12/17/2025,https://www.igu.org/igu-reports/2025-world-lng-report,Celsius Shipping,https://www.igu.org/igu-reports/2025-world-lng-report,Denmark,,Samsung Heavy Industries,https://www.igu.org/igu-reports/2025-world-lng-report,South Korea,https://www.samsungshi.com/En/Default.aspx,34.89804,128.6045,"VJW3+QV Geoje-si, Gyeongsangnam-do",exact,https://www.google.com/maps/place/Samsung+Heavy+industries/data=!3m1!1e3!4m10!1m2!2m1!1ssamsung+heavy+industries!3m6!1s0x356ecd83691a8fb5:0xd4204e9a1bb0ef10!8m2!3d34.8969682!4d128.6046376!15sChhzYW1zdW5nIGhlYXZ5IGluZHVzdHJpZXOSAQhzaGlweWFyZOABAA!16s%2Fg%2F1tgcpry6?entry=ttu&g_ep=EgoyMDI1MTIwMi4wIKXMDSoASAFQAw%3D%3D,180000,cbm,https://www.igu.org/igu-reports/2025-world-lng-report,,,,,ME-GA,https://www.igu.org/igu-reports/2025-world-lng-report,2025,https://www.igu.org/igu-reports/2025-world-lng-report,IGU,,,,,,,
95,9959008,https://www.igu.org/igu-reports/2025-world-lng-report,Celsius Galapagos,https://www.vesselfinder.com/vessels/details/9959008,,,,Hull 2599 (SHI),https://www.igu.org/igu-reports/2025-world-lng-report,active,GEM,12/17/2025,https://www.igu.org/igu-reports/2025-world-lng-report,Celsius Shipping,https://www.igu.org/igu-reports/2025-world-lng-report,Denmark,,Samsung Heavy Industries,https://www.igu.org/igu-reports/2025-world-lng-report,South Korea,https://www.samsungshi.com/En/Default.aspx,34.89804,128.6045,"VJW3+QV Geoje-si, Gyeongsangnam-do",exact,https://www.google.com/maps/place/Samsung+Heavy+industries/data=!3m1!1e3!4m10!1m2!2m1!1ssamsung+heavy+industries!3m6!1s0x356ecd83691a8fb5:0xd4204e9a1bb0ef10!8m2!3d34.8969682!4d128.6046376!15sChhzYW1zdW5nIGhlYXZ5IGluZHVzdHJpZXOSAQhzaGlweWFyZOABAA!16s%2Fg%2F1tgcpry6?entry=ttu&g_ep=EgoyMDI1MTIwMi4wIKXMDSoASAFQAw%3D%3D,180000,cbm,https://www.igu.org/igu-reports/2025-world-lng-report,,,,,ME-GA,https://www.igu.org/igu-reports/2025-world-lng-report,2025,https://www.igu.org/igu-reports/2025-world-lng-report,IGU,,,,,,,
101,9963853,https://www.igu.org/igu-reports/2025-world-lng-report,Quest Kirishima,https://www.igu.org/igu-reports/2025-world-lng-report,,,,Hull 2604,https://www.igu.org/igu-reports/2025-world-lng-report,active,GEM,12/31/2024,https://www.igu.org/igu-reports/2025-world-lng-report,NYK Line,https://www.igu.org/igu-reports/2025-world-lng-report,Japan,"https://www.nyk.com/english/profile/profile/, https://en.wikipedia.org/wiki/Nippon_Yusen",Samsung Heavy Industries,https://www.igu.org/igu-reports/2025-world-lng-report,South Korea,https://www.samsungshi.com/En/Default.aspx,34.89804,128.6045,"VJW3+QV Geoje-si, Gyeongsangnam-do",exact,https://www.google.com/maps/place/Samsung+Heavy+industries/data=!3m1!1e3!4m10!1m2!2m1!1ssamsung+heavy+industries!3m6!1s0x356ecd83691a8fb5:0xd4204e9a1bb0ef10!8m2!3d34.8969682!4d128.6046376!15sChhzYW1zdW5nIGhlYXZ5IGluZHVzdHJpZXOSAQhzaGlweWFyZOABAA!16s%2Fg%2F1tgcpry6?entry=ttu&g_ep=EgoyMDI1MTIwMi4wIKXMDSoASAFQAw%3D%3D,174000,cbm,https://www.igu.org/igu-reports/2025-world-lng-report,membrane,https://www.igu.org/igu-reports/2025-world-lng-report,conventional,https://www.igu.org/igu-reports/2025-world-lng-report,X-DF,https://www.igu.org/igu-reports/2025-world-lng-report,2024,https://www.igu.org/igu-reports/2025-world-lng-report,IGU,,,,,,,
105,9969223,https://www.igu.org/igu-reports/2025-world-lng-report,Celsius Gaudeloupe,https://www.vesselfinder.com/vessels/details/9969223,,,,Hull 2619 (SHI),https://www.igu.org/igu-reports/2025-world-lng-report,active,GEM,12/17/2025,https://www.igu.org/igu-reports/2025-world-lng-report,Celsius Shipping,https://www.igu.org/igu-reports/2025-world-lng-report,Denmark,,Samsung Heavy Industries,https://www.igu.org/igu-reports/2025-world-lng-report,South Korea,https://www.samsungshi.com/En/Default.aspx,34.89804,128.6045,"VJW3+QV Geoje-si, Gyeongsangnam-do",exact,https://www.google.com/maps/place/Samsung+Heavy+industries/data=!3m1!1e3!4m10!1m2!2m1!1ssamsung+heavy+industries!3m6!1s0x356ecd83691a8fb5:0xd4204e9a1bb0ef10!8m2!3d34.8969682!4d128.6046376!15sChhzYW1zdW5nIGhlYXZ5IGluZHVzdHJpZXOSAQhzaGlweWFyZOABAA!16s%2Fg%2F1tgcpry6?entry=ttu&g_ep=EgoyMDI1MTIwMi4wIKXMDSoASAFQAw%3D%3D,180000,cbm,https://www.igu.org/igu-reports/2025-world-lng-report,,,,,ME-GA,https://www.igu.org/igu-reports/2025-world-lng-report,2025,https://www.igu.org/igu-reports/2025-world-lng-report,IGU,,,,,,,
108,9972672,https://www.igu.org/igu-reports/2025-world-lng-report,Athos LNG,https://www.igu.org/igu-reports/2025-world-lng-report,,,,Hull 2635,https://www.igu.org/igu-reports/2025-world-lng-report,active,GEM,12/31/2024,https://www.igu.org/igu-reports/2025-world-lng-report,TMS Cardiff Gas,https://www.igu.org/igu-reports/2025-world-lng-report,Greece,https://system.new-vessels.com/orderer-45411-TMS_Cardiff_Gas_Ltd.html,Samsung Heavy Industries,https://www.igu.org/igu-reports/2025-world-lng-report,South Korea,https://www.samsungshi.com/En/Default.aspx,34.89804,128.6045,"VJW3+QV Geoje-si, Gyeongsangnam-do",exact,https://www.google.com/maps/place/Samsung+Heavy+industries/data=!3m1!1e3!4m10!1m2!2m1!1ssamsung+heavy+industries!3m6!1s0x356ecd83691a8fb5:0xd4204e9a1bb0ef10!8m2!3d34.8969682!4d128.6046376!15sChhzYW1zdW5nIGhlYXZ5IGluZHVzdHJpZXOSAQhzaGlweWFyZOABAA!16s%2Fg%2F1tgcpry6?entry=ttu&g_ep=EgoyMDI1MTIwMi4wIKXMDSoASAFQAw%3D%3D,174000,cbm,https://www.igu.org/igu-reports/2025-world-lng-report,membrane,https://www.igu.org/igu-reports/2025-world-lng-report,conventional,https://www.igu.org/igu-reports/2025-world-lng-report,ME-GA,https://www.igu.org/igu-reports/2025-world-lng-report,2024,https://www.igu.org/igu-reports/2025-world-lng-report,IGU,,,,,,,
109,9972684,https://www.igu.org/igu-reports/2025-world-lng-report,Hull 2636 (SHI),https://www.igu.org/igu-reports/2025-world-lng-report,,,,Hull 2636 (SHI),https://www.igu.org/igu-reports/2025-world-lng-report,on order,GEM,12/31/2024,https://www.igu.org/igu-reports/2025-world-lng-report,TMS Cardiff Gas,https://www.igu.org/igu-reports/2025-world-lng-report,Greece,https://system.new-vessels.com/orderer-45411-TMS_Cardiff_Gas_Ltd.html,Samsung Heavy Industries,https://www.igu.org/igu-reports/2025-world-lng-report,South Korea,https://www.samsungshi.com/En/Default.aspx,34.89804,128.6045,"VJW3+QV Geoje-si, Gyeongsangnam-do",exact,https://www.google.com/maps/place/Samsung+Heavy+industries/data=!3m1!1e3!4m10!1m2!2m1!1ssamsung+heavy+industries!3m6!1s0x356ecd83691a8fb5:0xd4204e9a1bb0ef10!8m2!3d34.8969682!4d128.6046376!15sChhzYW1zdW5nIGhlYXZ5IGluZHVzdHJpZXOSAQhzaGlweWFyZOABAA!16s%2Fg%2F1tgcpry6?entry=ttu&g_ep=EgoyMDI1MTIwMi4wIKXMDSoASAFQAw%3D%3D,174000,cbm,https://www.igu.org/igu-reports/2025-world-lng-report,,,,,ME-GA,https://www.igu.org/igu-reports/2025-world-lng-report,2026,https://www.igu.org/igu-reports/2025-world-lng-report,IGU,,,,,,,
121,9988700,https://www.igu.org/igu-reports/2025-world-lng-report,Celsius Greenland,https://www.vesselfinder.com/vessels/details/9988700,,,,Hull 2651 (SHI),,active,GEM,12/17/2025,https://www.vesselfinder.com/vessels/details/9988700,Celsius Shipping,https://www.igu.org/igu-reports/2025-world-lng-report,Denmark,,Samsung Heavy Industries,https://www.igu.org/igu-reports/2025-world-lng-report,South Korea,https://www.samsungshi.com/En/Default.aspx,34.89804,128.6045,"VJW3+QV Geoje-si, Gyeongsangnam-do",exact,https://www.google.com/maps/place/Samsung+Heavy+industries/data=!3m1!1e3!4m10!1m2!2m1!1ssamsung+heavy+industries!3m6!1s0x356ecd83691a8fb5:0xd4204e9a1bb0ef10!8m2!3d34.8969682!4d128.6046376!15sChhzYW1zdW5nIGhlYXZ5IGluZHVzdHJpZXOSAQhzaGlweWFyZOABAA!16s%2Fg%2F1tgcpry6?entry=ttu&g_ep=EgoyMDI1MTIwMi4wIKXMDSoASAFQAw%3D%3D,180000,cbm,https://www.igu.org/igu-reports/2025-world-lng-report,,,,,ME-GA,https://www.igu.org/igu-reports/2025-world-lng-report,2025,https://www.igu.org/igu-reports/2025-world-lng-report,IGU,,,,,,,
137,1063384,https://www.igu.org/igu-reports/2025-world-lng-report,Hull 2693 (SHI),https://www.igu.org/igu-reports/2025-world-lng-report,,,,Hull 2693 (SHI),https://www.igu.org/igu-reports/2025-world-lng-report,on order,GEM,12/31/2024,https://www.igu.org/igu-reports/2025-world-lng-report,MISC,https://www.igu.org/igu-reports/2025-world-lng-report,Malaysia,"https://www.shipvault.com/ships/113754, https://shipvaultapi-gjb8c.ondigitalocean.app/api/units/113754",Samsung Heavy Industries,https://www.igu.org/igu-reports/2025-world-lng-report,South Korea,https://www.samsungshi.com/En/Default.aspx,34.89804,128.6045,"VJW3+QV Geoje-si, Gyeongsangnam-do",exact,https://www.google.com/maps/place/Samsung+Heavy+industries/data=!3m1!1e3!4m10!1m2!2m1!1ssamsung+heavy+industries!3m6!1s0x356ecd83691a8fb5:0xd4204e9a1bb0ef10!8m2!3d34.8969682!4d128.6046376!15sChhzYW1zdW5nIGhlYXZ5IGluZHVzdHJpZXOSAQhzaGlweWFyZOABAA!16s%2Fg%2F1tgcpry6?entry=ttu&g_ep=EgoyMDI1MTIwMi4wIKXMDSoASAFQAw%3D%3D,174000,cbm,https://www.igu.org/igu-reports/2025-world-lng-report,,,,,X-DF,https://www.igu.org/igu-reports/2025-world-lng-report,2026,https://www.igu.org/igu-reports/2025-world-lng-report,IGU,,,,,,,
144,1063401,https://www.igu.org/igu-reports/2025-world-lng-report,Hull 2697 (SHI),https://www.igu.org/igu-reports/2025-world-lng-report,,,,Hull 2697 (SHI),https://www.igu.org/igu-reports/2025-world-lng-report,on order,GEM,12/31/2024,https://www.igu.org/igu-reports/2025-world-lng-report,MISC,https://www.igu.org/igu-reports/2025-world-lng-report,Malaysia,"https://www.shipvault.com/ships/113754, https://shipvaultapi-gjb8c.ondigitalocean.app/api/units/113754",Samsung Heavy Industries,https://www.igu.org/igu-reports/2025-world-lng-report,South Korea,https://www.samsungshi.com/En/Default.aspx,34.89804,128.6045,"VJW3+QV Geoje-si, Gyeongsangnam-do",exact,https://www.google.com/maps/place/Samsung+Heavy+industries/data=!3m1!1e3!4m10!1m2!2m1!1ssamsung+heavy+industries!3m6!1s0x356ecd83691a8fb5:0xd4204e9a1bb0ef10!8m2!3d34.8969682!4d128.6046376!15sChhzYW1zdW5nIGhlYXZ5IGluZHVzdHJpZXOSAQhzaGlweWFyZOABAA!16s%2Fg%2F1tgcpry6?entry=ttu&g_ep=EgoyMDI1MTIwMi4wIKXMDSoASAFQAw%3D%3D,174000,cbm,https://www.igu.org/igu-reports/2025-world-lng-report,,,,,X-DF,https://www.igu.org/igu-reports/2025-world-lng-report,2026,https://www.igu.org/igu-reports/2025-world-lng-report,IGU,,,,,,,
147,1063425,https://www.igu.org/igu-reports/2025-world-lng-report,Hull 2700 (SHI),https://www.igu.org/igu-reports/2025-world-lng-report,,,,Hull 2700 (SHI),https://www.igu.org/igu-reports/2025-world-lng-report,on order,GEM,12/31/2024,https://www.igu.org/igu-reports/2025-world-lng-report,MISC,https://www.igu.org/igu-reports/2025-world-lng-report,Malaysia,"https://www.shipvault.com/ships/113754, https://shipvaultapi-gjb8c.ondigitalocean.app/api/units/113754",Samsung Heavy Industries,https://www.igu.org/igu-reports/2025-world-lng-report,South Korea,https://www.samsungshi.com/En/Default.aspx,34.89804,128.6045,"VJW3+QV Geoje-si, Gyeongsangnam-do",exact,https://www.google.com/maps/place/Samsung+Heavy+industries/data=!3m1!1e3!4m10!1m2!2m1!1ssamsung+heavy+industries!3m6!1s0x356ecd83691a8fb5:0xd4204e9a1bb0ef10!8m2!3d34.8969682!4d128.6046376!15sChhzYW1zdW5nIGhlYXZ5IGluZHVzdHJpZXOSAQhzaGlweWFyZOABAA!16s%2Fg%2F1tgcpry6?entry=ttu&g_ep=EgoyMDI1MTIwMi4wIKXMDSoASAFQAw%3D%3D,174000,cbm,https://www.igu.org/igu-reports/2025-world-lng-report,,,,,X-DF,https://www.igu.org/igu-reports/2025-world-lng-report,2027,https://www.igu.org/igu-reports/2025-world-lng-report,IGU,,,,,,,
149,9965423,https://www.igu.org/igu-reports/2025-world-lng-report,Al Shelila,https://www.igu.org/igu-reports/2025-world-lng-report,,,,Hull 2702,https://www.igu.org/igu-reports/2025-world-lng-report,active,GEM,12/31/2024,https://www.igu.org/igu-reports/2025-world-lng-report,ADNOC L&S,https://www.igu.org/igu-reports/2025-world-lng-report,United Arab Emirates,https://shipandbunker.com/news/world/249785-adnoc-ls-takes-delivery-of-lng-carrier-from-china,Jiangnan Shipyard,https://www.igu.org/igu-reports/2025-world-lng-report,China,https://www.jnshipyard.com.cn/,31.355766,121.502217,"9G32+XJ Baoshan, Shanghai, China",exact,"https://www.google.com/maps/place/Jiangnan+Shipyard+%EF%BC%88Group%EF%BC%89+Co.,+Ltd./@31.354923,121.4990201,752m/data=!3m2!1e3!4b1!4m6!3m5!1s0x35b27324c39e47ab:0x7a74ae921f6eb2ab!8m2!3d31.354923!4d121.501595!16s%2Fg%2F11cnpghcr_?entry=ttu&g_ep=EgoyMDI1MTIwMi4wIKXMDSoASAFQAw%3D%3D",174000,cbm,https://www.igu.org/igu-reports/2025-world-lng-report,membrane,https://www.igu.org/igu-reports/2025-world-lng-report,conventional,https://www.igu.org/igu-reports/2025-world-lng-report,X-DF,https://www.igu.org/igu-reports/2025-world-lng-report,2024,https://www.igu.org/igu-reports/2025-world-lng-report,IGU,,,,,,,
156,1105053,https://www.igu.org/igu-reports/2025-world-lng-report,Hull 2709 (SHI),https://www.igu.org/igu-reports/2025-world-lng-report,,,,Hull 2709 (SHI),https://www.igu.org/igu-reports/2025-world-lng-report,on order,GEM,12/31/2024,https://www.igu.org/igu-reports/2025-world-lng-report,MISC,https://www.igu.org/igu-reports/2025-world-lng-report,Malaysia,"https://www.shipvault.com/ships/113754, https://shipvaultapi-gjb8c.ondigitalocean.app/api/units/113754",Samsung Heavy Industries,https://www.igu.org/igu-reports/2025-world-lng-report,South Korea,https://www.samsungshi.com/En/Default.aspx,34.89804,128.6045,"VJW3+QV Geoje-si, Gyeongsangnam-do",exact,https://www.google.com/maps/place/Samsung+Heavy+industries/data=!3m1!1e3!4m10!1m2!2m1!1ssamsung+heavy+industries!3m6!1s0x356ecd83691a8fb5:0xd4204e9a1bb0ef10!8m2!3d34.8969682!4d128.6046376!15sChhzYW1zdW5nIGhlYXZ5IGluZHVzdHJpZXOSAQhzaGlweWFyZOABAA!16s%2Fg%2F1tgcpry6?entry=ttu&g_ep=EgoyMDI1MTIwMi4wIKXMDSoASAFQAw%3D%3D,174000,cbm,https://www.igu.org/igu-reports/2025-world-lng-report,,,,,X-DF,https://www.igu.org/igu-reports/2025-world-lng-report,2027,https://www.igu.org/igu-reports/2025-world-lng-report,IGU,Petronas,"https://splash247.com/misc-confirms-lng-carrier-orders-in-south-korea/, https://lngprime.com/asia/misc-orders-lng-carrier-duo-at-samsung-heavy-inks-charter-deal-with-petronas/127468/",,,,,
157,1105065,https://www.igu.org/igu-reports/2025-world-lng-report,Hull 2710 (SHI),https://www.igu.org/igu-reports/2025-world-lng-report,,,,Hull 2710 (SHI),https://www.igu.org/igu-reports/2025-world-lng-report,on order,GEM,12/31/2024,https://www.igu.org/igu-reports/2025-world-lng-report,MISC,https://www.igu.org/igu-reports/2025-world-lng-report,Malaysia,"https://www.shipvault.com/ships/113754, https://shipvaultapi-gjb8c.ondigitalocean.app/api/units/113754",Samsung Heavy Industries,https://www.igu.org/igu-reports/2025-world-lng-report,South Korea,https://www.samsungshi.com/En/Default.aspx,34.89804,128.6045,"VJW3+QV Geoje-si, Gyeongsangnam-do",exact,https://www.google.com/maps/place/Samsung+Heavy+industries/data=!3m1!1e3!4m10!1m2!2m1!1ssamsung+heavy+industries!3m6!1s0x356ecd83691a8fb5:0xd4204e9a1bb0ef10!8m2!3d34.8969682!4d128.6046376!15sChhzYW1zdW5nIGhlYXZ5IGluZHVzdHJpZXOSAQhzaGlweWFyZOABAA!16s%2Fg%2F1tgcpry6?entry=ttu&g_ep=EgoyMDI1MTIwMi4wIKXMDSoASAFQAw%3D%3D,174000,cbm,https://www.igu.org/igu-reports/2025-world-lng-report,,,,,X-DF,https://www.igu.org/igu-reports/2025-world-lng-report,2027,https://www.igu.org/igu-reports/2025-world-lng-report,IGU,Petronas,"https://splash247.com/misc-confirms-lng-carrier-orders-in-south-korea/, https://lngprime.com/asia/misc-orders-lng-carrier-duo-at-samsung-heavy-inks-charter-deal-with-petronas/127468/",,,,,
158,1083372,https://www.igu.org/igu-reports/2025-world-lng-report,Hull 2711 (SHI),https://www.igu.org/igu-reports/2025-world-lng-report,,,,Hull 2711 (SHI),https://www.igu.org/igu-reports/2025-world-lng-report,on order,GEM,12/31/2024,https://www.igu.org/igu-reports/2025-world-lng-report,ADNOC L&S,https://www.igu.org/igu-reports/2025-world-lng-report,United Arab Emirates,https://shipandbunker.com/news/world/249785-adnoc-ls-takes-delivery-of-lng-carrier-from-china,Samsung Heavy Industries,https://www.igu.org/igu-reports/2025-world-lng-report,South Korea,https://www.samsungshi.com/En/Default.aspx,34.89804,128.6045,"VJW3+QV Geoje-si, Gyeongsangnam-do",exact,https://www.google.com/maps/place/Samsung+Heavy+industries/data=!3m1!1e3!4m10!1m2!2m1!1ssamsung+heavy+industries!3m6!1s0x356ecd83691a8fb5:0xd4204e9a1bb0ef10!8m2!3d34.8969682!4d128.6046376!15sChhzYW1zdW5nIGhlYXZ5IGluZHVzdHJpZXOSAQhzaGlweWFyZOABAA!16s%2Fg%2F1tgcpry6?entry=ttu&g_ep=EgoyMDI1MTIwMi4wIKXMDSoASAFQAw%3D%3D,174000,cbm,https://www.igu.org/igu-reports/2025-world-lng-report,,,,,X-DF,https://www.igu.org/igu-reports/2025-world-lng-report,2028,https://www.igu.org/igu-reports/2025-world-lng-report,IGU,,,,,,,
159,1083384,https://www.igu.org/igu-reports/2025-world-lng-report,Hull 2712 (SHI),https://www.igu.org/igu-reports/2025-world-lng-report,,,,Hull 2712 (SHI),https://www.igu.org/igu-reports/2025-world-lng-report,on order,GEM,12/31/2024,https://www.igu.org/igu-reports/2025-world-lng-report,ADNOC L&S,https://www.igu.org/igu-reports/2025-world-lng-report,United Arab Emirates,https://shipandbunker.com/news/world/249785-adnoc-ls-takes-delivery-of-lng-carrier-from-china,Samsung Heavy Industries,https://www.igu.org/igu-reports/2025-world-lng-report,South Korea,https://www.samsungshi.com/En/Default.aspx,34.89804,128.6045,"VJW3+QV Geoje-si, Gyeongsangnam-do",exact,https://www.google.com/maps/place/Samsung+Heavy+industries/data=!3m1!1e3!4m10!1m2!2m1!1ssamsung+heavy+industries!3m6!1s0x356ecd83691a8fb5:0xd4204e9a1bb0ef10!8m2!3d34.8969682!4d128.6046376!15sChhzYW1zdW5nIGhlYXZ5IGluZHVzdHJpZXOSAQhzaGlweWFyZOABAA!16s%2Fg%2F1tgcpry6?entry=ttu&g_ep=EgoyMDI1MTIwMi4wIKXMDSoASAFQAw%3D%3D,174000,cbm,https://www.igu.org/igu-reports/2025-world-lng-report,,,,,X-DF,https://www.igu.org/igu-reports/2025-world-lng-report,2028,https://www.igu.org/igu-reports/2025-world-lng-report,IGU,,,,,,,
160,1083396,https://www.igu.org/igu-reports/2025-world-lng-report,Hull 2713 (SHI),https://www.igu.org/igu-reports/2025-world-lng-report,,,,Hull 2713 (SHI),https://www.igu.org/igu-reports/2025-world-lng-report,on order,GEM,12/31/2024,https://www.igu.org/igu-reports/2025-world-lng-report,ADNOC L&S,https://www.igu.org/igu-reports/2025-world-lng-report,United Arab Emirates,https://shipandbunker.com/news/world/249785-adnoc-ls-takes-delivery-of-lng-carrier-from-china,Samsung Heavy Industries,https://www.igu.org/igu-reports/2025-world-lng-report,South Korea,https://www.samsungshi.com/En/Default.aspx,34.89804,128.6045,"VJW3+QV Geoje-si, Gyeongsangnam-do",exact,https://www.google.com/maps/place/Samsung+Heavy+industries/data=!3m1!1e3!4m10!1m2!2m1!1ssamsung+heavy+industries!3m6!1s0x356ecd83691a8fb5:0xd4204e9a1bb0ef10!8m2!3d34.8969682!4d128.6046376!15sChhzYW1zdW5nIGhlYXZ5IGluZHVzdHJpZXOSAQhzaGlweWFyZOABAA!16s%2Fg%2F1tgcpry6?entry=ttu&g_ep=EgoyMDI1MTIwMi4wIKXMDSoASAFQAw%3D%3D,174000,cbm,https://www.igu.org/igu-reports/2025-world-lng-report,,,,,X-DF,https://www.igu.org/igu-reports/2025-world-lng-report,2028,https://www.igu.org/igu-reports/2025-world-lng-report,IGU,,,,,,,
161,1083401,https://www.igu.org/igu-reports/2025-world-lng-report,Hull 2714 (SHI),https://www.igu.org/igu-reports/2025-world-lng-report,,,,Hull 2714 (SHI),https://www.igu.org/igu-reports/2025-world-lng-report,on order,GEM,12/31/2024,https://www.igu.org/igu-reports/2025-world-lng-report,ADNOC L&S,https://www.igu.org/igu-reports/2025-world-lng-report,United Arab Emirates,https://shipandbunker.com/news/world/249785-adnoc-ls-takes-delivery-of-lng-carrier-from-china,Samsung Heavy Industries,https://www.igu.org/igu-reports/2025-world-lng-report,South Korea,https://www.samsungshi.com/En/Default.aspx,34.89804,128.6045,"VJW3+QV Geoje-si, Gyeongsangnam-do",exact,https://www.google.com/maps/place/Samsung+Heavy+industries/data=!3m1!1e3!4m10!1m2!2m1!1ssamsung+heavy+industries!3m6!1s0x356ecd83691a8fb5:0xd4204e9a1bb0ef10!8m2!3d34.8969682!4d128.6046376!15sChhzYW1zdW5nIGhlYXZ5IGluZHVzdHJpZXOSAQhzaGlweWFyZOABAA!16s%2Fg%2F1tgcpry6?entry=ttu&g_ep=EgoyMDI1MTIwMi4wIKXMDSoASAFQAw%3D%3D,174000,cbm,https://www.igu.org/igu-reports/2025-world-lng-report,,,,,X-DF,https://www.igu.org/igu-reports/2025-world-lng-report,2028,https://www.igu.org/igu-reports/2025-world-lng-report,IGU,,,,,,,
174,9937957,https://www.igu.org/igu-reports/2025-world-lng-report,Puteri Santubong,https://www.igu.org/igu-reports/2025-world-lng-report,,,,Hull 3295,https://www.igu.org/igu-reports/2025-world-lng-report,active,GEM,12/31/2024,https://www.igu.org/igu-reports/2025-world-lng-report,Hyundai LNG Shipping,https://www.igu.org/igu-reports/2025-world-lng-report,South Korea,https://www.emis.com/php/company-profile/KR/Hyundai_Lng_Shipping_CoLtd_en_4269939.html,HD Hyundai Heavy Industries,https://www.igu.org/igu-reports/2025-world-lng-report,South Korea,https://www.hd.com/en/main,35.51613,129.4383,GC8Q+M6 Ulsan,exact,https://www.google.com/maps/place/HD+Hyundai+Heavy+Industries+Ulsan+Shipyard/data=!3m1!1e3!4m10!1m2!2m1!1sHD+Hyundai!3m6!1s0x3567ce56ebbfb645:0xd94a696f9fca5d90!8m2!3d35.5167468!4d129.4380269!15sCgpIRCBIeXVuZGFpkgEIc2hpcHlhcmTgAQA!16s%2Fg%2F1tfhd8y1?entry=ttu&g_ep=EgoyMDI1MTIwMi4wIKXMDSoASAFQAw%3D%3D,174000,cbm,https://www.igu.org/igu-reports/2025-world-lng-report,membrane,https://www.igu.org/igu-reports/2025-world-lng-report,conventional,https://www.igu.org/igu-reports/2025-world-lng-report,X-DF,https://www.igu.org/igu-reports/2025-world-lng-report,2024,https://www.igu.org/igu-reports/2025-world-lng-report,IGU,,,,,,,
175,9937969,https://www.igu.org/igu-reports/2025-world-lng-report,Puteri Sejinjang - 3,https://www.igu.org/igu-reports/2025-world-lng-report,,,,Hull 3296,https://www.igu.org/igu-reports/2025-world-lng-report,active,GEM,12/31/2024,https://www.igu.org/igu-reports/2025-world-lng-report,Hyundai LNG Shipping,https://www.igu.org/igu-reports/2025-world-lng-report,South Korea,https://www.emis.com/php/company-profile/KR/Hyundai_Lng_Shipping_CoLtd_en_4269939.html,HD Hyundai Heavy Industries,https://www.igu.org/igu-reports/2025-world-lng-report,South Korea,https://www.hd.com/en/main,35.51613,129.4383,GC8Q+M6 Ulsan,exact,https://www.google.com/maps/place/HD+Hyundai+Heavy+Industries+Ulsan+Shipyard/data=!3m1!1e3!4m10!1m2!2m1!1sHD+Hyundai!3m6!1s0x3567ce56ebbfb645:0xd94a696f9fca5d90!8m2!3d35.5167468!4d129.4380269!15sCgpIRCBIeXVuZGFpkgEIc2hpcHlhcmTgAQA!16s%2Fg%2F1tfhd8y1?entry=ttu&g_ep=EgoyMDI1MTIwMi4wIKXMDSoASAFQAw%3D%3D,174000,cbm,https://www.igu.org/igu-reports/2025-world-lng-report,membrane,https://www.igu.org/igu-reports/2025-world-lng-report,conventional,https://www.igu.org/igu-reports/2025-world-lng-report,X-DF,https://www.igu.org/igu-reports/2025-world-lng-report,2024,https://www.igu.org/igu-reports/2025-world-lng-report,IGU,,,,,,,
176,9947598,https://www.igu.org/igu-reports/2025-world-lng-report,Puteri Ledang,https://www.igu.org/igu-reports/2025-world-lng-report,,,,Hull 3297,https://www.igu.org/igu-reports/2025-world-lng-report,active,GEM,12/31/2024,https://www.igu.org/igu-reports/2025-world-lng-report,Hyundai LNG Shipping,https://www.igu.org/igu-reports/2025-world-lng-report,South Korea,https://www.emis.com/php/company-profile/KR/Hyundai_Lng_Shipping_CoLtd_en_4269939.html,HD Hyundai Heavy Industries,https://www.igu.org/igu-reports/2025-world-lng-report,South Korea,https://www.hd.com/en/main,35.51613,129.4383,GC8Q+M6 Ulsan,exact,https://www.google.com/maps/place/HD+Hyundai+Heavy+Industries+Ulsan+Shipyard/data=!3m1!1e3!4m10!1m2!2m1!1sHD+Hyundai!3m6!1s0x3567ce56ebbfb645:0xd94a696f9fca5d90!8m2!3d35.5167468!4d129.4380269!15sCgpIRCBIeXVuZGFpkgEIc2hpcHlhcmTgAQA!16s%2Fg%2F1tfhd8y1?entry=ttu&g_ep=EgoyMDI1MTIwMi4wIKXMDSoASAFQAw%3D%3D,174000,cbm,https://www.igu.org/igu-reports/2025-world-lng-report,membrane,https://www.igu.org/igu-reports/2025-world-lng-report,conventional,https://www.igu.org/igu-reports/2025-world-lng-report,ME-GA,https://www.igu.org/igu-reports/2025-world-lng-report,2024,https://www.igu.org/igu-reports/2025-world-lng-report,IGU,,,,,,,
177,9947603,https://www.igu.org/igu-reports/2025-world-lng-report,Puteri Mahsuri,https://www.igu.org/igu-reports/2025-world-lng-report,,,,Hull 3298,https://www.igu.org/igu-reports/2025-world-lng-report,active,GEM,12/31/2024,https://www.igu.org/igu-reports/2025-world-lng-report,Hyundai LNG Shipping,https://www.igu.org/igu-reports/2025-world-lng-report,South Korea,https://www.emis.com/php/company-profile/KR/Hyundai_Lng_Shipping_CoLtd_en_4269939.html,HD Hyundai Heavy Industries,https://www.igu.org/igu-reports/2025-world-lng-report,South Korea,https://www.hd.com/en/main,35.51613,129.4383,GC8Q+M6 Ulsan,exact,https://www.google.com/maps/place/HD+Hyundai+Heavy+Industries+Ulsan+Shipyard/data=!3m1!1e3!4m10!1m2!2m1!1sHD+Hyundai!3m6!1s0x3567ce56ebbfb645:0xd94a696f9fca5d90!8m2!3d35.5167468!4d129.4380269!15sCgpIRCBIeXVuZGFpkgEIc2hpcHlhcmTgAQA!16s%2Fg%2F1tfhd8y1?entry=ttu&g_ep=EgoyMDI1MTIwMi4wIKXMDSoASAFQAw%3D%3D,174000,cbm,https://www.igu.org/igu-reports/2025-world-lng-report,membrane,https://www.igu.org/igu-reports/2025-world-lng-report,conventional,https://www.igu.org/igu-reports/2025-world-lng-report,ME-GA,https://www.igu.org/igu-reports/2025-world-lng-report,2024,https://www.igu.org/igu-reports/2025-world-lng-report,IGU,,,,,,,
179,9957725,https://www.igu.org/igu-reports/2025-world-lng-report,Assos,https://www.igu.org/igu-reports/2025-world-lng-report,,,,Hull 3341,https://www.igu.org/igu-reports/2025-world-lng-report,active,GEM,12/31/2024,https://www.igu.org/igu-reports/2025-world-lng-report,Capital Gas,https://www.igu.org/igu-reports/2025-world-lng-report,Greece,,HD Hyundai Heavy Industries,https://www.igu.org/igu-reports/2025-world-lng-report,South Korea,https://www.hd.com/en/main,35.51613,129.4383,GC8Q+M6 Ulsan,exact,https://www.google.com/maps/place/HD+Hyundai+Heavy+Industries+Ulsan+Shipyard/data=!3m1!1e3!4m10!1m2!2m1!1sHD+Hyundai!3m6!1s0x3567ce56ebbfb645:0xd94a696f9fca5d90!8m2!3d35.5167468!4d129.4380269!15sCgpIRCBIeXVuZGFpkgEIc2hpcHlhcmTgAQA!16s%2Fg%2F1tfhd8y1?entry=ttu&g_ep=EgoyMDI1MTIwMi4wIKXMDSoASAFQAw%3D%3D,174000,cbm,https://www.igu.org/igu-reports/2025-world-lng-report,membrane,https://www.igu.org/igu-reports/2025-world-lng-report,conventional,https://www.igu.org/igu-reports/2025-world-lng-report,ME-GA,https://www.igu.org/igu-reports/2025-world-lng-report,2024,https://www.igu.org/igu-reports/2025-world-lng-report,IGU,,,,,,,
180,9975521,https://www.igu.org/igu-reports/2025-world-lng-report,Puteri Sabah,https://www.marinetraffic.com/en/ais/details/ships/shipid:9239322/mmsi:636024082/imo:9975521/vessel:PUTERI%20SABAH,,,,Hull 3370 (HDHHI),https://www.igu.org/igu-reports/2025-world-lng-report,active,GEM,12/31/2024,https://www.igu.org/igu-reports/2025-world-lng-report,SK Shipping,https://www.igu.org/igu-reports/2025-world-lng-report,South Korea,,HD Hyundai Heavy Industries,https://www.igu.org/igu-reports/2025-world-lng-report,South Korea,https://www.hd.com/en/main,35.51613,129.4383,GC8Q+M6 Ulsan,exact,https://www.google.com/maps/place/HD+Hyundai+Heavy+Industries+Ulsan+Shipyard/data=!3m1!1e3!4m10!1m2!2m1!1sHD+Hyundai!3m6!1s0x3567ce56ebbfb645:0xd94a696f9fca5d90!8m2!3d35.5167468!4d129.4380269!15sCgpIRCBIeXVuZGFpkgEIc2hpcHlhcmTgAQA!16s%2Fg%2F1tfhd8y1?entry=ttu&g_ep=EgoyMDI1MTIwMi4wIKXMDSoASAFQAw%3D%3D,175000,cbm,https://www.igu.org/igu-reports/2025-world-lng-report,,,,,ME-GA,https://www.igu.org/igu-reports/2025-world-lng-report,2025,https://www.marinetraffic.com/en/ais/details/ships/shipid:9239322/mmsi:636024082/imo:9975521/vessel:PUTERI%20SABAH,IGU,,,,,,,
181,9975533,https://www.igu.org/igu-reports/2025-world-lng-report,Hull 3371 (HDHHI),https://www.igu.org/igu-reports/2025-world-lng-report,,,,Hull 3371 (HDHHI),https://www.igu.org/igu-reports/2025-world-lng-report,on order,GEM,12/31/2024,https://www.igu.org/igu-reports/2025-world-lng-report,SK Shipping,https://www.igu.org/igu-reports/2025-world-lng-report,South Korea,,HD Hyundai Heavy Industries,https://www.igu.org/igu-reports/2025-world-lng-report,South Korea,https://www.hd.com/en/main,35.51613,129.4383,GC8Q+M6 Ulsan,exact,https://www.google.com/maps/place/HD+Hyundai+Heavy+Industries+Ulsan+Shipyard/data=!3m1!1e3!4m10!1m2!2m1!1sHD+Hyundai!3m6!1s0x3567ce56ebbfb645:0xd94a696f9fca5d90!8m2!3d35.5167468!4d129.4380269!15sCgpIRCBIeXVuZGFpkgEIc2hpcHlhcmTgAQA!16s%2Fg%2F1tfhd8y1?entry=ttu&g_ep=EgoyMDI1MTIwMi4wIKXMDSoASAFQAw%3D%3D,174000,cbm,https://www.igu.org/igu-reports/2025-world-lng-report,,,,,ME-GA,https://www.igu.org/igu-reports/2025-world-lng-report,2026,https://www.igu.org/igu-reports/2025-world-lng-report,IGU,,,,,,,
182,9981386,https://www.igu.org/igu-reports/2025-world-lng-report,Al Zore,https://www.vesselfinder.com/vessels/details/9981386,,,,Hull 3383 (HDHHI),https://www.igu.org/igu-reports/2025-world-lng-report,active,GEM,12/17/2025,https://www.vesselfinder.com/vessels/details/9981386,Knutsen OAS,https://www.igu.org/igu-reports/2025-world-lng-report,Norway,https://www.imarinenews.com/35664.html,HD Hyundai Heavy Industries,https://www.igu.org/igu-reports/2025-world-lng-report,South Korea,https://www.hd.com/en/main,35.51613,129.4383,GC8Q+M6 Ulsan,exact,https://www.google.com/maps/place/HD+Hyundai+Heavy+Industries+Ulsan+Shipyard/data=!3m1!1e3!4m10!1m2!2m1!1sHD+Hyundai!3m6!1s0x3567ce56ebbfb645:0xd94a696f9fca5d90!8m2!3d35.5167468!4d129.4380269!15sCgpIRCBIeXVuZGFpkgEIc2hpcHlhcmTgAQA!16s%2Fg%2F1tfhd8y1?entry=ttu&g_ep=EgoyMDI1MTIwMi4wIKXMDSoASAFQAw%3D%3D,174000,cbm,https://www.igu.org/igu-reports/2025-world-lng-report,,,,,X-DF,https://www.igu.org/igu-reports/2025-world-lng-report,2025,https://www.igu.org/igu-reports/2025-world-lng-report,IGU,,,,,,,
183,9981398,https://www.igu.org/igu-reports/2025-world-lng-report,Al Fat H,https://www.vesselfinder.com/vessels/details/9981398,,,,Hull 3384 (HDHHI),https://www.igu.org/igu-reports/2025-world-lng-report,active,GEM,12/17/2025,https://www.vesselfinder.com/vessels/details/9981398,Knutsen OAS,https://www.igu.org/igu-reports/2025-world-lng-report,Norway,https://www.imarinenews.com/35664.html,HD Hyundai Heavy Industries,https://www.igu.org/igu-reports/2025-world-lng-report,South Korea,https://www.hd.com/en/main,35.51613,129.4383,GC8Q+M6 Ulsan,exact,https://www.google.com/maps/place/HD+Hyundai+Heavy+Industries+Ulsan+Shipyard/data=!3m1!1e3!4m10!1m2!2m1!1sHD+Hyundai!3m6!1s0x3567ce56ebbfb645:0xd94a696f9fca5d90!8m2!3d35.5167468!4d129.4380269!15sCgpIRCBIeXVuZGFpkgEIc2hpcHlhcmTgAQA!16s%2Fg%2F1tfhd8y1?entry=ttu&g_ep=EgoyMDI1MTIwMi4wIKXMDSoASAFQAw%3D%3D,174000,cbm,https://www.igu.org/igu-reports/2025-world-lng-report,,,,,X-DF,https://www.igu.org/igu-reports/2025-world-lng-report,2025,https://www.igu.org/igu-reports/2025-world-lng-report,IGU,,,,,,,
184,9981403,https://www.igu.org/igu-reports/2025-world-lng-report,Hull 3385 (HDHHI),https://www.igu.org/igu-reports/2025-world-lng-report,,,,Hull 3385 (HDHHI),https://www.igu.org/igu-reports/2025-world-lng-report,on order,GEM,12/31/2024,https://www.igu.org/igu-reports/2025-world-lng-report,Knutsen OAS,https://www.igu.org/igu-reports/2025-world-lng-report,Norway,https://www.imarinenews.com/35664.html,HD Hyundai Heavy Industries,https://www.igu.org/igu-reports/2025-world-lng-report,South Korea,https://www.hd.com/en/main,35.51613,129.4383,GC8Q+M6 Ulsan,exact,https://www.google.com/maps/place/HD+Hyundai+Heavy+Industries+Ulsan+Shipyard/data=!3m1!1e3!4m10!1m2!2m1!1sHD+Hyundai!3m6!1s0x3567ce56ebbfb645:0xd94a696f9fca5d90!8m2!3d35.5167468!4d129.4380269!15sCgpIRCBIeXVuZGFpkgEIc2hpcHlhcmTgAQA!16s%2Fg%2F1tfhd8y1?entry=ttu&g_ep=EgoyMDI1MTIwMi4wIKXMDSoASAFQAw%3D%3D,174000,cbm,https://www.igu.org/igu-reports/2025-world-lng-report,,,,,X-DF,https://www.igu.org/igu-reports/2025-world-lng-report,2026,https://www.igu.org/igu-reports/2025-world-lng-report,IGU,,,,,,,
185,9981415,https://www.igu.org/igu-reports/2025-world-lng-report,Hull 3386 (HDHHI),https://www.igu.org/igu-reports/2025-world-lng-report,,,,Hull 3386 (HDHHI),https://www.igu.org/igu-reports/2025-world-lng-report,on order,GEM,12/31/2024,https://www.igu.org/igu-reports/2025-world-lng-report,Knutsen OAS,https://www.igu.org/igu-reports/2025-world-lng-report,Norway,https://www.imarinenews.com/35664.html,HD Hyundai Heavy Industries,https://www.igu.org/igu-reports/2025-world-lng-report,South Korea,https://www.hd.com/en/main,35.51613,129.4383,GC8Q+M6 Ulsan,exact,https://www.google.com/maps/place/HD+Hyundai+Heavy+Industries+Ulsan+Shipyard/data=!3m1!1e3!4m10!1m2!2m1!1sHD+Hyundai!3m6!1s0x3567ce56ebbfb645:0xd94a696f9fca5d90!8m2!3d35.5167468!4d129.4380269!15sCgpIRCBIeXVuZGFpkgEIc2hpcHlhcmTgAQA!16s%2Fg%2F1tfhd8y1?entry=ttu&g_ep=EgoyMDI1MTIwMi4wIKXMDSoASAFQAw%3D%3D,174000,cbm,https://www.igu.org/igu-reports/2025-world-lng-report,,,,,X-DF,https://www.igu.org/igu-reports/2025-world-lng-report,2026,https://www.igu.org/igu-reports/2025-world-lng-report,IGU,,,,,,,
186,9981427,https://www.igu.org/igu-reports/2025-world-lng-report,Hull 3387 (HDHHI),https://www.igu.org/igu-reports/2025-world-lng-report,,,,Hull 3387 (HDHHI),https://www.igu.org/igu-reports/2025-world-lng-report,on order,GEM,12/31/2024,https://www.igu.org/igu-reports/2025-world-lng-report,Knutsen OAS,https://www.igu.org/igu-reports/2025-world-lng-report,Norway,https://www.imarinenews.com/35664.html,HD Hyundai Heavy Industries,https://www.igu.org/igu-reports/2025-world-lng-report,South Korea,https://www.hd.com/en/main,35.51613,129.4383,GC8Q+M6 Ulsan,exact,https://www.google.com/maps/place/HD+Hyundai+Heavy+Industries+Ulsan+Shipyard/data=!3m1!1e3!4m10!1m2!2m1!1sHD+Hyundai!3m6!1s0x3567ce56ebbfb645:0xd94a696f9fca5d90!8m2!3d35.5167468!4d129.4380269!15sCgpIRCBIeXVuZGFpkgEIc2hpcHlhcmTgAQA!16s%2Fg%2F1tfhd8y1?entry=ttu&g_ep=EgoyMDI1MTIwMi4wIKXMDSoASAFQAw%3D%3D,174000,cbm,https://www.igu.org/igu-reports/2025-world-lng-report,,,,,X-DF,https://www.igu.org/igu-reports/2025-world-lng-report,2026,https://www.igu.org/igu-reports/2025-world-lng-report,IGU,,,,,,,
187,9981439,https://www.igu.org/igu-reports/2025-world-lng-report,Hull 3393 (HDHHI),https://www.igu.org/igu-reports/2025-world-lng-report,,,,Hull 3393 (HDHHI),https://www.igu.org/igu-reports/2025-world-lng-report,on order,GEM,12/31/2024,https://www.igu.org/igu-reports/2025-world-lng-report,Knutsen OAS,https://www.igu.org/igu-reports/2025-world-lng-report,Norway,https://www.imarinenews.com/35664.html,HD Hyundai Heavy Industries,https://www.igu.org/igu-reports/2025-world-lng-report,South Korea,https://www.hd.com/en/main,35.51613,129.4383,GC8Q+M6 Ulsan,exact,https://www.google.com/maps/place/HD+Hyundai+Heavy+Industries+Ulsan+Shipyard/data=!3m1!1e3!4m10!1m2!2m1!1sHD+Hyundai!3m6!1s0x3567ce56ebbfb645:0xd94a696f9fca5d90!8m2!3d35.5167468!4d129.4380269!15sCgpIRCBIeXVuZGFpkgEIc2hpcHlhcmTgAQA!16s%2Fg%2F1tfhd8y1?entry=ttu&g_ep=EgoyMDI1MTIwMi4wIKXMDSoASAFQAw%3D%3D,174000,cbm,https://www.igu.org/igu-reports/2025-world-lng-report,,,,,X-DF,https://www.igu.org/igu-reports/2025-world-lng-report,2026,https://www.igu.org/igu-reports/2025-world-lng-report,IGU,,,,,,,
188,9981441,https://www.igu.org/igu-reports/2025-world-lng-report,Hull 3394 (HDHHI),https://www.igu.org/igu-reports/2025-world-lng-report,,,,Hull 3394 (HDHHI),https://www.igu.org/igu-reports/2025-world-lng-report,on order,GEM,12/31/2024,https://www.igu.org/igu-reports/2025-world-lng-report,Knutsen OAS,https://www.igu.org/igu-reports/2025-world-lng-report,Norway,https://www.imarinenews.com/35664.html,HD Hyundai Heavy Industries,https://www.igu.org/igu-reports/2025-world-lng-report,South Korea,https://www.hd.com/en/main,35.51613,129.4383,GC8Q+M6 Ulsan,exact,https://www.google.com/maps/place/HD+Hyundai+Heavy+Industries+Ulsan+Shipyard/data=!3m1!1e3!4m10!1m2!2m1!1sHD+Hyundai!3m6!1s0x3567ce56ebbfb645:0xd94a696f9fca5d90!8m2!3d35.5167468!4d129.4380269!15sCgpIRCBIeXVuZGFpkgEIc2hpcHlhcmTgAQA!16s%2Fg%2F1tfhd8y1?entry=ttu&g_ep=EgoyMDI1MTIwMi4wIKXMDSoASAFQAw%3D%3D,174000,cbm,https://www.igu.org/igu-reports/2025-world-lng-report,,,,,X-DF,https://www.igu.org/igu-reports/2025-world-lng-report,2026,https://www.igu.org/igu-reports/2025-world-lng-report,IGU,,,,,,,
189,9981491,https://www.igu.org/igu-reports/2025-world-lng-report,Hull 3395 (HDHHI),https://www.igu.org/igu-reports/2025-world-lng-report,,,,Hull 3395 (HDHHI),https://www.igu.org/igu-reports/2025-world-lng-report,on order,GEM,12/31/2024,https://www.igu.org/igu-reports/2025-world-lng-report,"MISC, NYK Line, K Line, China LNG",https://www.igu.org/igu-reports/2025-world-lng-report,Japan,"https://www.nyk.com/english/profile/profile/, https://en.wikipedia.org/wiki/Nippon_Yusen",HD Hyundai Heavy Industries,https://www.igu.org/igu-reports/2025-world-lng-report,South Korea,https://www.hd.com/en/main,35.51613,129.4383,GC8Q+M6 Ulsan,exact,https://www.google.com/maps/place/HD+Hyundai+Heavy+Industries+Ulsan+Shipyard/data=!3m1!1e3!4m10!1m2!2m1!1sHD+Hyundai!3m6!1s0x3567ce56ebbfb645:0xd94a696f9fca5d90!8m2!3d35.5167468!4d129.4380269!15sCgpIRCBIeXVuZGFpkgEIc2hpcHlhcmTgAQA!16s%2Fg%2F1tfhd8y1?entry=ttu&g_ep=EgoyMDI1MTIwMi4wIKXMDSoASAFQAw%3D%3D,174000,cbm,https://www.igu.org/igu-reports/2025-world-lng-report,,,,,X-DF,https://www.igu.org/igu-reports/2025-world-lng-report,2026,https://www.igu.org/igu-reports/2025-world-lng-report,IGU,,,,,,,
190,9981506,https://www.igu.org/igu-reports/2025-world-lng-report,Hull 3396 (HDHHI),https://www.igu.org/igu-reports/2025-world-lng-report,,,,Hull 3396 (HDHHI),https://www.igu.org/igu-reports/2025-world-lng-report,on order,GEM,12/31/2024,https://www.igu.org/igu-reports/2025-world-lng-report,"MISC, NYK Line, K Line, China LNG",https://www.igu.org/igu-reports/2025-world-lng-report,Japan,"https://www.nyk.com/english/profile/profile/, https://en.wikipedia.org/wiki/Nippon_Yusen",HD Hyundai Heavy Industries,https://www.igu.org/igu-reports/2025-world-lng-report,South Korea,https://www.hd.com/en/main,35.51613,129.4383,GC8Q+M6 Ulsan,exact,https://www.google.com/maps/place/HD+Hyundai+Heavy+Industries+Ulsan+Shipyard/data=!3m1!1e3!4m10!1m2!2m1!1sHD+Hyundai!3m6!1s0x3567ce56ebbfb645:0xd94a696f9fca5d90!8m2!3d35.5167468!4d129.4380269!15sCgpIRCBIeXVuZGFpkgEIc2hpcHlhcmTgAQA!16s%2Fg%2F1tfhd8y1?entry=ttu&g_ep=EgoyMDI1MTIwMi4wIKXMDSoASAFQAw%3D%3D,174000,cbm,https://www.igu.org/igu-reports/2025-world-lng-report,,,,,X-DF,https://www.igu.org/igu-reports/2025-world-lng-report,2026,https://www.igu.org/igu-reports/2025-world-lng-report,IGU,,,,,,,
191,9981518,https://www.igu.org/igu-reports/2025-world-lng-report,Hull 3397 (HDHHI),https://www.igu.org/igu-reports/2025-world-lng-report,,,,Hull 3397 (HDHHI),https://www.igu.org/igu-reports/2025-world-lng-report,on order,GEM,12/31/2024,https://www.igu.org/igu-reports/2025-world-lng-report,"MISC, NYK Line, K Line, China LNG",https://www.igu.org/igu-reports/2025-world-lng-report,Japan,"https://www.nyk.com/english/profile/profile/, https://en.wikipedia.org/wiki/Nippon_Yusen",HD Hyundai Heavy Industries,https://www.igu.org/igu-reports/2025-world-lng-report,South Korea,https://www.hd.com/en/main,35.51613,129.4383,GC8Q+M6 Ulsan,exact,https://www.google.com/maps/place/HD+Hyundai+Heavy+Industries+Ulsan+Shipyard/data=!3m1!1e3!4m10!1m2!2m1!1sHD+Hyundai!3m6!1s0x3567ce56ebbfb645:0xd94a696f9fca5d90!8m2!3d35.5167468!4d129.4380269!15sCgpIRCBIeXVuZGFpkgEIc2hpcHlhcmTgAQA!16s%2Fg%2F1tfhd8y1?entry=ttu&g_ep=EgoyMDI1MTIwMi4wIKXMDSoASAFQAw%3D%3D,174000,cbm,https://www.igu.org/igu-reports/2025-world-lng-report,,,,,X-DF,https://www.igu.org/igu-reports/2025-world-lng-report,2026,https://www.igu.org/igu-reports/2025-world-lng-report,IGU,,,,,,,
192,9981520,https://www.igu.org/igu-reports/2025-world-lng-report,Hull 3398 (HDHHI),https://www.igu.org/igu-reports/2025-world-lng-report,,,,Hull 3398 (HDHHI),https://www.igu.org/igu-reports/2025-world-lng-report,on order,GEM,12/31/2024,https://www.igu.org/igu-reports/2025-world-lng-report,"MISC, NYK Line, K Line, China LNG",https://www.igu.org/igu-reports/2025-world-lng-report,Japan,"https://www.nyk.com/english/profile/profile/, https://en.wikipedia.org/wiki/Nippon_Yusen",HD Hyundai Heavy Industries,https://www.igu.org/igu-reports/2025-world-lng-report,South Korea,https://www.hd.com/en/main,35.51613,129.4383,GC8Q+M6 Ulsan,exact,https://www.google.com/maps/place/HD+Hyundai+Heavy+Industries+Ulsan+Shipyard/data=!3m1!1e3!4m10!1m2!2m1!1sHD+Hyundai!3m6!1s0x3567ce56ebbfb645:0xd94a696f9fca5d90!8m2!3d35.5167468!4d129.4380269!15sCgpIRCBIeXVuZGFpkgEIc2hpcHlhcmTgAQA!16s%2Fg%2F1tfhd8y1?entry=ttu&g_ep=EgoyMDI1MTIwMi4wIKXMDSoASAFQAw%3D%3D,174000,cbm,https://www.igu.org/igu-reports/2025-world-lng-report,,,,,X-DF,https://www.igu.org/igu-reports/2025-world-lng-report,2026,https://www.igu.org/igu-reports/2025-world-lng-report,IGU,,,,,,,
193,9981532,https://www.igu.org/igu-reports/2025-world-lng-report,Hull 3399 (HDHHI),https://www.igu.org/igu-reports/2025-world-lng-report,,,,Hull 3399 (HDHHI),https://www.igu.org/igu-reports/2025-world-lng-report,on order,GEM,12/31/2024,https://www.igu.org/igu-reports/2025-world-lng-report,"MISC, NYK Line, K Line, China LNG",https://www.igu.org/igu-reports/2025-world-lng-report,Japan,"https://www.nyk.com/english/profile/profile/, https://en.wikipedia.org/wiki/Nippon_Yusen",HD Hyundai Heavy Industries,https://www.igu.org/igu-reports/2025-world-lng-report,South Korea,https://www.hd.com/en/main,35.51613,129.4383,GC8Q+M6 Ulsan,exact,https://www.google.com/maps/place/HD+Hyundai+Heavy+Industries+Ulsan+Shipyard/data=!3m1!1e3!4m10!1m2!2m1!1sHD+Hyundai!3m6!1s0x3567ce56ebbfb645:0xd94a696f9fca5d90!8m2!3d35.5167468!4d129.4380269!15sCgpIRCBIeXVuZGFpkgEIc2hpcHlhcmTgAQA!16s%2Fg%2F1tfhd8y1?entry=ttu&g_ep=EgoyMDI1MTIwMi4wIKXMDSoASAFQAw%3D%3D,174000,cbm,https://www.igu.org/igu-reports/2025-world-lng-report,,,,,X-DF,https://www.igu.org/igu-reports/2025-world-lng-report,2026,https://www.igu.org/igu-reports/2025-world-lng-report,IGU,QatarEnergy,"https://www.nyk.com/english/news/2022/20220810_01.html, https://www.seatrade-maritime.com/lng/asian-consortium-orders-7-lng-carriers-hyundai-qatar",10-Aug-2022,https://www.nyk.com/english/news/2022/20220810_01.html,214285714,USD,
194,9981544,https://www.igu.org/igu-reports/2025-world-lng-report,Hull 3400 (HDHHI),https://www.igu.org/igu-reports/2025-world-lng-report,,,,Hull 3400 (HDHHI),https://www.igu.org/igu-reports/2025-world-lng-report,on order,GEM,12/31/2024,https://www.igu.org/igu-reports/2025-world-lng-report,"MISC, NYK Line, K Line, China LNG",https://www.igu.org/igu-reports/2025-world-lng-report,Japan,"https://www.nyk.com/english/profile/profile/, https://en.wikipedia.org/wiki/Nippon_Yusen",HD Hyundai Heavy Industries,https://www.igu.org/igu-reports/2025-world-lng-report,South Korea,https://www.hd.com/en/main,35.51613,129.4383,GC8Q+M6 Ulsan,exact,https://www.google.com/maps/place/HD+Hyundai+Heavy+Industries+Ulsan+Shipyard/data=!3m1!1e3!4m10!1m2!2m1!1sHD+Hyundai!3m6!1s0x3567ce56ebbfb645:0xd94a696f9fca5d90!8m2!3d35.5167468!4d129.4380269!15sCgpIRCBIeXVuZGFpkgEIc2hpcHlhcmTgAQA!16s%2Fg%2F1tfhd8y1?entry=ttu&g_ep=EgoyMDI1MTIwMi4wIKXMDSoASAFQAw%3D%3D,174000,cbm,https://www.igu.org/igu-reports/2025-world-lng-report,,,,,X-DF,https://www.igu.org/igu-reports/2025-world-lng-report,2026,https://www.igu.org/igu-reports/2025-world-lng-report,IGU,QatarEnergy,"https://www.nyk.com/english/news/2022/20220810_01.html, https://www.seatrade-maritime.com/lng/asian-consortium-orders-7-lng-carriers-hyundai-qatar",10-Aug-2022,https://www.nyk.com/english/news/2022/20220810_01.html,214285714,USD,
195,9981556,https://www.igu.org/igu-reports/2025-world-lng-report,Hull 3401 (HDHHI),https://www.igu.org/igu-reports/2025-world-lng-report,,,,Hull 3401 (HDHHI),https://www.igu.org/igu-reports/2025-world-lng-report,on order,GEM,12/31/2024,https://www.igu.org/igu-reports/2025-world-lng-report,"MISC, NYK Line, K Line, China LNG",https://www.igu.org/igu-reports/2025-world-lng-report,Japan,"https://www.nyk.com/english/profile/profile/, https://en.wikipedia.org/wiki/Nippon_Yusen",HD Hyundai Heavy Industries,https://www.igu.org/igu-reports/2025-world-lng-report,South Korea,https://www.hd.com/en/main,35.51613,129.4383,GC8Q+M6 Ulsan,exact,https://www.google.com/maps/place/HD+Hyundai+Heavy+Industries+Ulsan+Shipyard/data=!3m1!1e3!4m10!1m2!2m1!1sHD+Hyundai!3m6!1s0x3567ce56ebbfb645:0xd94a696f9fca5d90!8m2!3d35.5167468!4d129.4380269!15sCgpIRCBIeXVuZGFpkgEIc2hpcHlhcmTgAQA!16s%2Fg%2F1tfhd8y1?entry=ttu&g_ep=EgoyMDI1MTIwMi4wIKXMDSoASAFQAw%3D%3D,174000,cbm,https://www.igu.org/igu-reports/2025-world-lng-report,,,,,X-DF,https://www.igu.org/igu-reports/2025-world-lng-report,2026,https://www.igu.org/igu-reports/2025-world-lng-report,IGU,QatarEnergy,"https://www.nyk.com/english/news/2022/20220810_01.html, https://www.seatrade-maritime.com/lng/asian-consortium-orders-7-lng-carriers-hyundai-qatar",10-Aug-2022,https://www.nyk.com/english/news/2022/20220810_01.html,214285714,USD,
197,1017646,https://www.igu.org/igu-reports/2025-world-lng-report,Hull 3441 (HDHHI),https://www.igu.org/igu-reports/2025-world-lng-report,,,,Hull 3441 (HDHHI),https://www.igu.org/igu-reports/2025-world-lng-report,on order,GEM,12/31/2024,https://www.igu.org/igu-reports/2025-world-lng-report,NYK Line,https://www.igu.org/igu-reports/2025-world-lng-report,Japan,"https://www.nyk.com/english/profile/profile/, https://en.wikipedia.org/wiki/Nippon_Yusen",HD Hyundai Heavy Industries,https://www.igu.org/igu-reports/2025-world-lng-report,South Korea,https://www.hd.com/en/main,35.51613,129.4383,GC8Q+M6 Ulsan,exact,https://www.google.com/maps/place/HD+Hyundai+Heavy+Industries+Ulsan+Shipyard/data=!3m1!1e3!4m10!1m2!2m1!1sHD+Hyundai!3m6!1s0x3567ce56ebbfb645:0xd94a696f9fca5d90!8m2!3d35.5167468!4d129.4380269!15sCgpIRCBIeXVuZGFpkgEIc2hpcHlhcmTgAQA!16s%2Fg%2F1tfhd8y1?entry=ttu&g_ep=EgoyMDI1MTIwMi4wIKXMDSoASAFQAw%3D%3D,174000,cbm,https://www.igu.org/igu-reports/2025-world-lng-report,,,,,ME-GA,https://www.igu.org/igu-reports/2025-world-lng-report,2026,https://www.igu.org/igu-reports/2025-world-lng-report,IGU,EnBW,"https://www.nyk.com/english/news/2023/20230516_03.html, https://lngprime.com/asia/hyundai-heavy-clinches-contracts-for-six-lng-carriers-worth-about-1-6-billion/80510/",,,,,
198,1017658,https://www.igu.org/igu-reports/2025-world-lng-report,Hull 3442 (HDHHI),https://www.igu.org/igu-reports/2025-world-lng-report,,,,Hull 3442 (HDHHI),https://www.igu.org/igu-reports/2025-world-lng-report,on order,GEM,12/31/2024,https://www.igu.org/igu-reports/2025-world-lng-report,NYK Line,https://www.igu.org/igu-reports/2025-world-lng-report,Japan,"https://www.nyk.com/english/profile/profile/, https://en.wikipedia.org/wiki/Nippon_Yusen",HD Hyundai Heavy Industries,https://www.igu.org/igu-reports/2025-world-lng-report,South Korea,https://www.hd.com/en/main,35.51613,129.4383,GC8Q+M6 Ulsan,exact,https://www.google.com/maps/place/HD+Hyundai+Heavy+Industries+Ulsan+Shipyard/data=!3m1!1e3!4m10!1m2!2m1!1sHD+Hyundai!3m6!1s0x3567ce56ebbfb645:0xd94a696f9fca5d90!8m2!3d35.5167468!4d129.4380269!15sCgpIRCBIeXVuZGFpkgEIc2hpcHlhcmTgAQA!16s%2Fg%2F1tfhd8y1?entry=ttu&g_ep=EgoyMDI1MTIwMi4wIKXMDSoASAFQAw%3D%3D,174000,cbm,https://www.igu.org/igu-reports/2025-world-lng-report,,,,,ME-GA,https://www.igu.org/igu-reports/2025-world-lng-report,2027,https://www.igu.org/igu-reports/2025-world-lng-report,IGU,EnBW,"https://www.nyk.com/english/news/2023/20230516_03.html, https://lngprime.com/asia/hyundai-heavy-clinches-contracts-for-six-lng-carriers-worth-about-1-6-billion/80510/",,,,,
199,1017660,https://www.igu.org/igu-reports/2025-world-lng-report,Hull 3443 (HDHHI),https://www.igu.org/igu-reports/2025-world-lng-report,,,,Hull 3443 (HDHHI),https://www.igu.org/igu-reports/2025-world-lng-report,on order,GEM,12/31/2024,https://www.igu.org/igu-reports/2025-world-lng-report,NYK Line,https://www.igu.org/igu-reports/2025-world-lng-report,Japan,"https://www.nyk.com/english/profile/profile/, https://en.wikipedia.org/wiki/Nippon_Yusen",HD Hyundai Heavy Industries,https://www.igu.org/igu-reports/2025-world-lng-report,South Korea,https://www.hd.com/en/main,35.51613,129.4383,GC8Q+M6 Ulsan,exact,https://www.google.com/maps/place/HD+Hyundai+Heavy+Industries+Ulsan+Shipyard/data=!3m1!1e3!4m10!1m2!2m1!1sHD+Hyundai!3m6!1s0x3567ce56ebbfb645:0xd94a696f9fca5d90!8m2!3d35.5167468!4d129.4380269!15sCgpIRCBIeXVuZGFpkgEIc2hpcHlhcmTgAQA!16s%2Fg%2F1tfhd8y1?entry=ttu&g_ep=EgoyMDI1MTIwMi4wIKXMDSoASAFQAw%3D%3D,174000,cbm,https://www.igu.org/igu-reports/2025-world-lng-report,,,,,ME-GA,https://www.igu.org/igu-reports/2025-world-lng-report,2027,https://www.igu.org/igu-reports/2025-world-lng-report,IGU,EnBW,"https://www.nyk.com/english/news/2023/20230516_03.html, https://lngprime.com/asia/hyundai-heavy-clinches-contracts-for-six-lng-carriers-worth-about-1-6-billion/80510/",,,,,
200,1017672,https://www.igu.org/igu-reports/2025-world-lng-report,Hull 3444 (HDHHI),https://www.igu.org/igu-reports/2025-world-lng-report,,,,Hull 3444 (HDHHI),https://www.igu.org/igu-reports/2025-world-lng-report,on order,GEM,12/31/2024,https://www.igu.org/igu-reports/2025-world-lng-report,NYK Line,https://www.igu.org/igu-reports/2025-world-lng-report,Japan,"https://www.nyk.com/english/profile/profile/, https://en.wikipedia.org/wiki/Nippon_Yusen",HD Hyundai Heavy Industries,https://www.igu.org/igu-reports/2025-world-lng-report,South Korea,https://www.hd.com/en/main,35.51613,129.4383,GC8Q+M6 Ulsan,exact,https://www.google.com/maps/place/HD+Hyundai+Heavy+Industries+Ulsan+Shipyard/data=!3m1!1e3!4m10!1m2!2m1!1sHD+Hyundai!3m6!1s0x3567ce56ebbfb645:0xd94a696f9fca5d90!8m2!3d35.5167468!4d129.4380269!15sCgpIRCBIeXVuZGFpkgEIc2hpcHlhcmTgAQA!16s%2Fg%2F1tfhd8y1?entry=ttu&g_ep=EgoyMDI1MTIwMi4wIKXMDSoASAFQAw%3D%3D,174000,cbm,https://www.igu.org/igu-reports/2025-world-lng-report,,,,,ME-GA,https://www.igu.org/igu-reports/2025-world-lng-report,2027,https://www.igu.org/igu-reports/2025-world-lng-report,IGU,EnBW,"https://www.nyk.com/english/news/2023/20230516_03.html, https://lngprime.com/asia/hyundai-heavy-clinches-contracts-for-six-lng-carriers-worth-about-1-6-billion/80510/",,,,,
203,1032713,https://www.igu.org/igu-reports/2025-world-lng-report,Hull 3454 (HDHHI),https://www.igu.org/igu-reports/2025-world-lng-report,,,,Hull 3454 (HDHHI),https://www.igu.org/igu-reports/2025-world-lng-report,on order,GEM,12/31/2024,https://www.igu.org/igu-reports/2025-world-lng-report,Evalend Shipping,https://www.igu.org/igu-reports/2025-world-lng-report,Greece,,HD Hyundai Heavy Industries,https://www.igu.org/igu-reports/2025-world-lng-report,South Korea,https://www.hd.com/en/main,35.51613,129.4383,GC8Q+M6 Ulsan,exact,https://www.google.com/maps/place/HD+Hyundai+Heavy+Industries+Ulsan+Shipyard/data=!3m1!1e3!4m10!1m2!2m1!1sHD+Hyundai!3m6!1s0x3567ce56ebbfb645:0xd94a696f9fca5d90!8m2!3d35.5167468!4d129.4380269!15sCgpIRCBIeXVuZGFpkgEIc2hpcHlhcmTgAQA!16s%2Fg%2F1tfhd8y1?entry=ttu&g_ep=EgoyMDI1MTIwMi4wIKXMDSoASAFQAw%3D%3D,174000,cbm,https://www.igu.org/igu-reports/2025-world-lng-report,,,,,X-DF,https://www.igu.org/igu-reports/2025-world-lng-report,2027,https://www.igu.org/igu-reports/2025-world-lng-report,IGU,,,,,,,
204,1032725,https://www.igu.org/igu-reports/2025-world-lng-report,Hull 3455 (HDHHI),https://www.igu.org/igu-reports/2025-world-lng-report,,,,Hull 3455 (HDHHI),https://www.igu.org/igu-reports/2025-world-lng-report,on order,GEM,12/31/2024,https://www.igu.org/igu-reports/2025-world-lng-report,Evalend Shipping,https://www.igu.org/igu-reports/2025-world-lng-report,Greece,,HD Hyundai Heavy Industries,https://www.igu.org/igu-reports/2025-world-lng-report,South Korea,https://www.hd.com/en/main,35.51613,129.4383,GC8Q+M6 Ulsan,exact,https://www.google.com/maps/place/HD+Hyundai+Heavy+Industries+Ulsan+Shipyard/data=!3m1!1e3!4m10!1m2!2m1!1sHD+Hyundai!3m6!1s0x3567ce56ebbfb645:0xd94a696f9fca5d90!8m2!3d35.5167468!4d129.4380269!15sCgpIRCBIeXVuZGFpkgEIc2hpcHlhcmTgAQA!16s%2Fg%2F1tfhd8y1?entry=ttu&g_ep=EgoyMDI1MTIwMi4wIKXMDSoASAFQAw%3D%3D,174000,cbm,https://www.igu.org/igu-reports/2025-world-lng-report,,,,,X-DF,https://www.igu.org/igu-reports/2025-world-lng-report,2027,https://www.igu.org/igu-reports/2025-world-lng-report,IGU,,,,,,,
205,1048839,https://www.igu.org/igu-reports/2025-world-lng-report,Hull 3456 (HDHHI),https://www.igu.org/igu-reports/2025-world-lng-report,,,,Hull 3456 (HDHHI),https://www.igu.org/igu-reports/2025-world-lng-report,on order,GEM,12/31/2024,https://www.igu.org/igu-reports/2025-world-lng-report,Evalend Shipping,https://www.igu.org/igu-reports/2025-world-lng-report,Greece,,HD Hyundai Heavy Industries,https://www.igu.org/igu-reports/2025-world-lng-report,South Korea,https://www.hd.com/en/main,35.51613,129.4383,GC8Q+M6 Ulsan,exact,https://www.google.com/maps/place/HD+Hyundai+Heavy+Industries+Ulsan+Shipyard/data=!3m1!1e3!4m10!1m2!2m1!1sHD+Hyundai!3m6!1s0x3567ce56ebbfb645:0xd94a696f9fca5d90!8m2!3d35.5167468!4d129.4380269!15sCgpIRCBIeXVuZGFpkgEIc2hpcHlhcmTgAQA!16s%2Fg%2F1tfhd8y1?entry=ttu&g_ep=EgoyMDI1MTIwMi4wIKXMDSoASAFQAw%3D%3D,174000,cbm,https://www.igu.org/igu-reports/2025-world-lng-report,,,,,X-DF,https://www.igu.org/igu-reports/2025-world-lng-report,2028,https://www.igu.org/igu-reports/2025-world-lng-report,IGU,,,,,,,
206,1048841,https://www.igu.org/igu-reports/2025-world-lng-report,Hull 3457 (HDHHI),https://www.igu.org/igu-reports/2025-world-lng-report,,,,Hull 3457 (HDHHI),https://www.igu.org/igu-reports/2025-world-lng-report,on order,GEM,12/31/2024,https://www.igu.org/igu-reports/2025-world-lng-report,Evalend Shipping,https://www.igu.org/igu-reports/2025-world-lng-report,Greece,,HD Hyundai Heavy Industries,https://www.igu.org/igu-reports/2025-world-lng-report,South Korea,https://www.hd.com/en/main,35.51613,129.4383,GC8Q+M6 Ulsan,exact,https://www.google.com/maps/place/HD+Hyundai+Heavy+Industries+Ulsan+Shipyard/data=!3m1!1e3!4m10!1m2!2m1!1sHD+Hyundai!3m6!1s0x3567ce56ebbfb645:0xd94a696f9fca5d90!8m2!3d35.5167468!4d129.4380269!15sCgpIRCBIeXVuZGFpkgEIc2hpcHlhcmTgAQA!16s%2Fg%2F1tfhd8y1?entry=ttu&g_ep=EgoyMDI1MTIwMi4wIKXMDSoASAFQAw%3D%3D,174000,cbm,https://www.igu.org/igu-reports/2025-world-lng-report,,,,,X-DF,https://www.igu.org/igu-reports/2025-world-lng-report,2028,https://www.igu.org/igu-reports/2025-world-lng-report,IGU,,,,,,,
207,1048918,https://www.igu.org/igu-reports/2025-world-lng-report,Hull 3476 (HDHHI),https://www.igu.org/igu-reports/2025-world-lng-report,,,,Hull 3476 (HDHHI),https://www.igu.org/igu-reports/2025-world-lng-report,on order,GEM,12/31/2024,https://www.igu.org/igu-reports/2025-world-lng-report,Nakilat,https://www.igu.org/igu-reports/2025-world-lng-report,,,HD Hyundai Heavy Industries,https://www.igu.org/igu-reports/2025-world-lng-report,South Korea,https://www.hd.com/en/main,35.51613,129.4383,GC8Q+M6 Ulsan,exact,https://www.google.com/maps/place/HD+Hyundai+Heavy+Industries+Ulsan+Shipyard/data=!3m1!1e3!4m10!1m2!2m1!1sHD+Hyundai!3m6!1s0x3567ce56ebbfb645:0xd94a696f9fca5d90!8m2!3d35.5167468!4d129.4380269!15sCgpIRCBIeXVuZGFpkgEIc2hpcHlhcmTgAQA!16s%2Fg%2F1tfhd8y1?entry=ttu&g_ep=EgoyMDI1MTIwMi4wIKXMDSoASAFQAw%3D%3D,174000,cbm,https://www.igu.org/igu-reports/2025-world-lng-report,,,,,X-DF,https://www.igu.org/igu-reports/2025-world-lng-report,2027,https://www.igu.org/igu-reports/2025-world-lng-report,IGU,QatarEnergy,"https://www.offshore-energy.biz/qatarenergy-chooses-nakilat-to-own-and-operate-up-to-25-newbuild-lng-carriers/, https://www.rivieramm.com/news-content-hub/news-content-hub/qatars-nakilat-to-order-up-to-25-lng-carriers-79599",27-Sep-2023,https://lngprime.com/asia/qatarenergy-hd-hyundai-heavy-ink-3-9-billion-deal-for-17-lng-carriers/93096/,229000000,USD,https://lngprime.com/asia/qatarenergy-hd-hyundai-heavy-ink-3-9-billion-deal-for-17-lng-carriers/93096/
208,1048920,https://www.igu.org/igu-reports/2025-world-lng-report,Hull 3477 (HDHHI),https://www.igu.org/igu-reports/2025-world-lng-report,,,,Hull 3477 (HDHHI),https://www.igu.org/igu-reports/2025-world-lng-report,on order,GEM,12/31/2024,https://www.igu.org/igu-reports/2025-world-lng-report,Nakilat,https://www.igu.org/igu-reports/2025-world-lng-report,,,HD Hyundai Heavy Industries,https://www.igu.org/igu-reports/2025-world-lng-report,South Korea,https://www.hd.com/en/main,35.51613,129.4383,GC8Q+M6 Ulsan,exact,https://www.google.com/maps/place/HD+Hyundai+Heavy+Industries+Ulsan+Shipyard/data=!3m1!1e3!4m10!1m2!2m1!1sHD+Hyundai!3m6!1s0x3567ce56ebbfb645:0xd94a696f9fca5d90!8m2!3d35.5167468!4d129.4380269!15sCgpIRCBIeXVuZGFpkgEIc2hpcHlhcmTgAQA!16s%2Fg%2F1tfhd8y1?entry=ttu&g_ep=EgoyMDI1MTIwMi4wIKXMDSoASAFQAw%3D%3D,174000,cbm,https://www.igu.org/igu-reports/2025-world-lng-report,,,,,X-DF,https://www.igu.org/igu-reports/2025-world-lng-report,2027,https://www.igu.org/igu-reports/2025-world-lng-report,IGU,QatarEnergy,"https://www.offshore-energy.biz/qatarenergy-chooses-nakilat-to-own-and-operate-up-to-25-newbuild-lng-carriers/, https://www.rivieramm.com/news-content-hub/news-content-hub/qatars-nakilat-to-order-up-to-25-lng-carriers-79599",27-Sep-2023,https://lngprime.com/asia/qatarenergy-hd-hyundai-heavy-ink-3-9-billion-deal-for-17-lng-carriers/93096/,229000000,USD,https://lngprime.com/asia/qatarenergy-hd-hyundai-heavy-ink-3-9-billion-deal-for-17-lng-carriers/93096/
209,1048932,https://www.igu.org/igu-reports/2025-world-lng-report,Hull 3478 (HDHHI),https://www.igu.org/igu-reports/2025-world-lng-report,,,,Hull 3478 (HDHHI),https://www.igu.org/igu-reports/2025-world-lng-report,on order,GEM,12/31/2024,https://www.igu.org/igu-reports/2025-world-lng-report,Nakilat,https://www.igu.org/igu-reports/2025-world-lng-report,,,HD Hyundai Heavy Industries,https://www.igu.org/igu-reports/2025-world-lng-report,South Korea,https://www.hd.com/en/main,35.51613,129.4383,GC8Q+M6 Ulsan,exact,https://www.google.com/maps/place/HD+Hyundai+Heavy+Industries+Ulsan+Shipyard/data=!3m1!1e3!4m10!1m2!2m1!1sHD+Hyundai!3m6!1s0x3567ce56ebbfb645:0xd94a696f9fca5d90!8m2!3d35.5167468!4d129.4380269!15sCgpIRCBIeXVuZGFpkgEIc2hpcHlhcmTgAQA!16s%2Fg%2F1tfhd8y1?entry=ttu&g_ep=EgoyMDI1MTIwMi4wIKXMDSoASAFQAw%3D%3D,174000,cbm,https://www.igu.org/igu-reports/2025-world-lng-report,,,,,X-DF,https://www.igu.org/igu-reports/2025-world-lng-report,2027,https://www.igu.org/igu-reports/2025-world-lng-report,IGU,QatarEnergy,"https://www.offshore-energy.biz/qatarenergy-chooses-nakilat-to-own-and-operate-up-to-25-newbuild-lng-carriers/, https://www.rivieramm.com/news-content-hub/news-content-hub/qatars-nakilat-to-order-up-to-25-lng-carriers-79599",27-Sep-2023,https://lngprime.com/asia/qatarenergy-hd-hyundai-heavy-ink-3-9-billion-deal-for-17-lng-carriers/93096/,229000000,USD,https://lngprime.com/asia/qatarenergy-hd-hyundai-heavy-ink-3-9-billion-deal-for-17-lng-carriers/93096/
210,1048944,https://www.igu.org/igu-reports/2025-world-lng-report,Hull 3479 (HDHHI),https://www.igu.org/igu-reports/2025-world-lng-report,,,,Hull 3479 (HDHHI),https://www.igu.org/igu-reports/2025-world-lng-report,on order,GEM,12/31/2024,https://www.igu.org/igu-reports/2025-world-lng-report,Nakilat,https://www.igu.org/igu-reports/2025-world-lng-report,,,HD Hyundai Heavy Industries,https://www.igu.org/igu-reports/2025-world-lng-report,South Korea,https://www.hd.com/en/main,35.51613,129.4383,GC8Q+M6 Ulsan,exact,https://www.google.com/maps/place/HD+Hyundai+Heavy+Industries+Ulsan+Shipyard/data=!3m1!1e3!4m10!1m2!2m1!1sHD+Hyundai!3m6!1s0x3567ce56ebbfb645:0xd94a696f9fca5d90!8m2!3d35.5167468!4d129.4380269!15sCgpIRCBIeXVuZGFpkgEIc2hpcHlhcmTgAQA!16s%2Fg%2F1tfhd8y1?entry=ttu&g_ep=EgoyMDI1MTIwMi4wIKXMDSoASAFQAw%3D%3D,174000,cbm,https://www.igu.org/igu-reports/2025-world-lng-report,,,,,X-DF,https://www.igu.org/igu-reports/2025-world-lng-report,2027,https://www.igu.org/igu-reports/2025-world-lng-report,IGU,QatarEnergy,"https://www.offshore-energy.biz/qatarenergy-chooses-nakilat-to-own-and-operate-up-to-25-newbuild-lng-carriers/, https://www.rivieramm.com/news-content-hub/news-content-hub/qatars-nakilat-to-order-up-to-25-lng-carriers-79599",27-Sep-2023,https://lngprime.com/asia/qatarenergy-hd-hyundai-heavy-ink-3-9-billion-deal-for-17-lng-carriers/93096/,229000000,USD,https://lngprime.com/asia/qatarenergy-hd-hyundai-heavy-ink-3-9-billion-deal-for-17-lng-carriers/93096/
211,1048956,https://www.igu.org/igu-reports/2025-world-lng-report,Hull 3480 (HDHHI),https://www.igu.org/igu-reports/2025-world-lng-report,,,,Hull 3480 (HDHHI),https://www.igu.org/igu-reports/2025-world-lng-report,on order,GEM,12/31/2024,https://www.igu.org/igu-reports/2025-world-lng-report,Nakilat,https://www.igu.org/igu-reports/2025-world-lng-report,,,HD Hyundai Heavy Industries,https://www.igu.org/igu-reports/2025-world-lng-report,South Korea,https://www.hd.com/en/main,35.51613,129.4383,GC8Q+M6 Ulsan,exact,https://www.google.com/maps/place/HD+Hyundai+Heavy+Industries+Ulsan+Shipyard/data=!3m1!1e3!4m10!1m2!2m1!1sHD+Hyundai!3m6!1s0x3567ce56ebbfb645:0xd94a696f9fca5d90!8m2!3d35.5167468!4d129.4380269!15sCgpIRCBIeXVuZGFpkgEIc2hpcHlhcmTgAQA!16s%2Fg%2F1tfhd8y1?entry=ttu&g_ep=EgoyMDI1MTIwMi4wIKXMDSoASAFQAw%3D%3D,174000,cbm,https://www.igu.org/igu-reports/2025-world-lng-report,,,,,X-DF,https://www.igu.org/igu-reports/2025-world-lng-report,2027,https://www.igu.org/igu-reports/2025-world-lng-report,IGU,QatarEnergy,"https://www.offshore-energy.biz/qatarenergy-chooses-nakilat-to-own-and-operate-up-to-25-newbuild-lng-carriers/, https://www.rivieramm.com/news-content-hub/news-content-hub/qatars-nakilat-to-order-up-to-25-lng-carriers-79599",27-Sep-2023,https://lngprime.com/asia/qatarenergy-hd-hyundai-heavy-ink-3-9-billion-deal-for-17-lng-carriers/93096/,229000000,USD,https://lngprime.com/asia/qatarenergy-hd-hyundai-heavy-ink-3-9-billion-deal-for-17-lng-carriers/93096/
212,1048982,https://www.igu.org/igu-reports/2025-world-lng-report,Hull 3481 (HDHHI),https://www.igu.org/igu-reports/2025-world-lng-report,,,,Hull 3481 (HDHHI),https://www.igu.org/igu-reports/2025-world-lng-report,on order,GEM,12/31/2024,https://www.igu.org/igu-reports/2025-world-lng-report,Nakilat,https://www.igu.org/igu-reports/2025-world-lng-report,,,HD Hyundai Heavy Industries,https://www.igu.org/igu-reports/2025-world-lng-report,South Korea,https://www.hd.com/en/main,35.51613,129.4383,GC8Q+M6 Ulsan,exact,https://www.google.com/maps/place/HD+Hyundai+Heavy+Industries+Ulsan+Shipyard/data=!3m1!1e3!4m10!1m2!2m1!1sHD+Hyundai!3m6!1s0x3567ce56ebbfb645:0xd94a696f9fca5d90!8m2!3d35.5167468!4d129.4380269!15sCgpIRCBIeXVuZGFpkgEIc2hpcHlhcmTgAQA!16s%2Fg%2F1tfhd8y1?entry=ttu&g_ep=EgoyMDI1MTIwMi4wIKXMDSoASAFQAw%3D%3D,174000,cbm,https://www.igu.org/igu-reports/2025-world-lng-report,,,,,X-DF,https://www.igu.org/igu-reports/2025-world-lng-report,2027,https://www.igu.org/igu-reports/2025-world-lng-report,IGU,QatarEnergy,"https://www.offshore-energy.biz/qatarenergy-chooses-nakilat-to-own-and-operate-up-to-25-newbuild-lng-carriers/, https://www.rivieramm.com/news-content-hub/news-content-hub/qatars-nakilat-to-order-up-to-25-lng-carriers-79599",27-Sep-2023,https://lngprime.com/asia/qatarenergy-hd-hyundai-heavy-ink-3-9-billion-deal-for-17-lng-carriers/93096/,229000000,USD,https://lngprime.com/asia/qatarenergy-hd-hyundai-heavy-ink-3-9-billion-deal-for-17-lng-carriers/93096/
213,1048994,https://www.igu.org/igu-reports/2025-world-lng-report,Hull 3482 (HDHHI),https://www.igu.org/igu-reports/2025-world-lng-report,,,,Hull 3482 (HDHHI),https://www.igu.org/igu-reports/2025-world-lng-report,on order,GEM,12/31/2024,https://www.igu.org/igu-reports/2025-world-lng-report,Nakilat,https://www.igu.org/igu-reports/2025-world-lng-report,,,HD Hyundai Heavy Industries,https://www.igu.org/igu-reports/2025-world-lng-report,South Korea,https://www.hd.com/en/main,35.51613,129.4383,GC8Q+M6 Ulsan,exact,https://www.google.com/maps/place/HD+Hyundai+Heavy+Industries+Ulsan+Shipyard/data=!3m1!1e3!4m10!1m2!2m1!1sHD+Hyundai!3m6!1s0x3567ce56ebbfb645:0xd94a696f9fca5d90!8m2!3d35.5167468!4d129.4380269!15sCgpIRCBIeXVuZGFpkgEIc2hpcHlhcmTgAQA!16s%2Fg%2F1tfhd8y1?entry=ttu&g_ep=EgoyMDI1MTIwMi4wIKXMDSoASAFQAw%3D%3D,174000,cbm,https://www.igu.org/igu-reports/2025-world-lng-report,,,,,X-DF,https://www.igu.org/igu-reports/2025-world-lng-report,2027,https://www.igu.org/igu-reports/2025-world-lng-report,IGU,QatarEnergy,"https://www.offshore-energy.biz/qatarenergy-chooses-nakilat-to-own-and-operate-up-to-25-newbuild-lng-carriers/, https://www.rivieramm.com/news-content-hub/news-content-hub/qatars-nakilat-to-order-up-to-25-lng-carriers-79599",27-Sep-2023,https://lngprime.com/asia/qatarenergy-hd-hyundai-heavy-ink-3-9-billion-deal-for-17-lng-carriers/93096/,229000000,USD,https://lngprime.com/asia/qatarenergy-hd-hyundai-heavy-ink-3-9-billion-deal-for-17-lng-carriers/93096/
214,1049003,https://www.igu.org/igu-reports/2025-world-lng-report,Hull 3483 (HDHHI),https://www.igu.org/igu-reports/2025-world-lng-report,,,,Hull 3483 (HDHHI),https://www.igu.org/igu-reports/2025-world-lng-report,on order,GEM,12/31/2024,https://www.igu.org/igu-reports/2025-world-lng-report,Nakilat,https://www.igu.org/igu-reports/2025-world-lng-report,,,HD Hyundai Heavy Industries,https://www.igu.org/igu-reports/2025-world-lng-report,South Korea,https://www.hd.com/en/main,35.51613,129.4383,GC8Q+M6 Ulsan,exact,https://www.google.com/maps/place/HD+Hyundai+Heavy+Industries+Ulsan+Shipyard/data=!3m1!1e3!4m10!1m2!2m1!1sHD+Hyundai!3m6!1s0x3567ce56ebbfb645:0xd94a696f9fca5d90!8m2!3d35.5167468!4d129.4380269!15sCgpIRCBIeXVuZGFpkgEIc2hpcHlhcmTgAQA!16s%2Fg%2F1tfhd8y1?entry=ttu&g_ep=EgoyMDI1MTIwMi4wIKXMDSoASAFQAw%3D%3D,174000,cbm,https://www.igu.org/igu-reports/2025-world-lng-report,,,,,X-DF,https://www.igu.org/igu-reports/2025-world-lng-report,2027,https://www.igu.org/igu-reports/2025-world-lng-report,IGU,QatarEnergy,"https://www.offshore-energy.biz/qatarenergy-chooses-nakilat-to-own-and-operate-up-to-25-newbuild-lng-carriers/, https://www.rivieramm.com/news-content-hub/news-content-hub/qatars-nakilat-to-order-up-to-25-lng-carriers-79599",27-Sep-2023,https://lngprime.com/asia/qatarenergy-hd-hyundai-heavy-ink-3-9-billion-deal-for-17-lng-carriers/93096/,229000000,USD,https://lngprime.com/asia/qatarenergy-hd-hyundai-heavy-ink-3-9-billion-deal-for-17-lng-carriers/93096/
215,1049015,https://www.igu.org/igu-reports/2025-world-lng-report,Hull 3484 (HDHHI),https://www.igu.org/igu-reports/2025-world-lng-report,,,,Hull 3484 (HDHHI),https://www.igu.org/igu-reports/2025-world-lng-report,on order,GEM,12/31/2024,https://www.igu.org/igu-reports/2025-world-lng-report,Nakilat,https://www.igu.org/igu-reports/2025-world-lng-report,,,HD Hyundai Heavy Industries,https://www.igu.org/igu-reports/2025-world-lng-report,South Korea,https://www.hd.com/en/main,35.51613,129.4383,GC8Q+M6 Ulsan,exact,https://www.google.com/maps/place/HD+Hyundai+Heavy+Industries+Ulsan+Shipyard/data=!3m1!1e3!4m10!1m2!2m1!1sHD+Hyundai!3m6!1s0x3567ce56ebbfb645:0xd94a696f9fca5d90!8m2!3d35.5167468!4d129.4380269!15sCgpIRCBIeXVuZGFpkgEIc2hpcHlhcmTgAQA!16s%2Fg%2F1tfhd8y1?entry=ttu&g_ep=EgoyMDI1MTIwMi4wIKXMDSoASAFQAw%3D%3D,174000,cbm,https://www.igu.org/igu-reports/2025-world-lng-report,,,,,X-DF,https://www.igu.org/igu-reports/2025-world-lng-report,2027,https://www.igu.org/igu-reports/2025-world-lng-report,IGU,QatarEnergy,"https://www.offshore-energy.biz/qatarenergy-chooses-nakilat-to-own-and-operate-up-to-25-newbuild-lng-carriers/, https://www.rivieramm.com/news-content-hub/news-content-hub/qatars-nakilat-to-order-up-to-25-lng-carriers-79599",27-Sep-2023,https://lngprime.com/asia/qatarenergy-hd-hyundai-heavy-ink-3-9-billion-deal-for-17-lng-carriers/93096/,229000000,USD,https://lngprime.com/asia/qatarenergy-hd-hyundai-heavy-ink-3-9-billion-deal-for-17-lng-carriers/93096/
216,1049027,https://www.igu.org/igu-reports/2025-world-lng-report,Hull 3485 (HDHHI),https://www.igu.org/igu-reports/2025-world-lng-report,,,,Hull 3485 (HDHHI),https://www.igu.org/igu-reports/2025-world-lng-report,on order,GEM,12/31/2024,https://www.igu.org/igu-reports/2025-world-lng-report,Nakilat,https://www.igu.org/igu-reports/2025-world-lng-report,,,HD Hyundai Heavy Industries,https://www.igu.org/igu-reports/2025-world-lng-report,South Korea,https://www.hd.com/en/main,35.51613,129.4383,GC8Q+M6 Ulsan,exact,https://www.google.com/maps/place/HD+Hyundai+Heavy+Industries+Ulsan+Shipyard/data=!3m1!1e3!4m10!1m2!2m1!1sHD+Hyundai!3m6!1s0x3567ce56ebbfb645:0xd94a696f9fca5d90!8m2!3d35.5167468!4d129.4380269!15sCgpIRCBIeXVuZGFpkgEIc2hpcHlhcmTgAQA!16s%2Fg%2F1tfhd8y1?entry=ttu&g_ep=EgoyMDI1MTIwMi4wIKXMDSoASAFQAw%3D%3D,174000,cbm,https://www.igu.org/igu-reports/2025-world-lng-report,,,,,X-DF,https://www.igu.org/igu-reports/2025-world-lng-report,2027,https://www.igu.org/igu-reports/2025-world-lng-report,IGU,QatarEnergy,"https://www.offshore-energy.biz/qatarenergy-chooses-nakilat-to-own-and-operate-up-to-25-newbuild-lng-carriers/, https://www.rivieramm.com/news-content-hub/news-content-hub/qatars-nakilat-to-order-up-to-25-lng-carriers-79599",27-Sep-2023,https://lngprime.com/asia/qatarenergy-hd-hyundai-heavy-ink-3-9-billion-deal-for-17-lng-carriers/93096/,229000000,USD,https://lngprime.com/asia/qatarenergy-hd-hyundai-heavy-ink-3-9-billion-deal-for-17-lng-carriers/93096/
217,1049039,https://www.igu.org/igu-reports/2025-world-lng-report,Hull 3486 (HDHHI),https://www.igu.org/igu-reports/2025-world-lng-report,,,,Hull 3486 (HDHHI),https://www.igu.org/igu-reports/2025-world-lng-report,on order,GEM,12/31/2024,https://www.igu.org/igu-reports/2025-world-lng-report,Nakilat,https://www.igu.org/igu-reports/2025-world-lng-report,,,HD Hyundai Heavy Industries,https://www.igu.org/igu-reports/2025-world-lng-report,South Korea,https://www.hd.com/en/main,35.51613,129.4383,GC8Q+M6 Ulsan,exact,https://www.google.com/maps/place/HD+Hyundai+Heavy+Industries+Ulsan+Shipyard/data=!3m1!1e3!4m10!1m2!2m1!1sHD+Hyundai!3m6!1s0x3567ce56ebbfb645:0xd94a696f9fca5d90!8m2!3d35.5167468!4d129.4380269!15sCgpIRCBIeXVuZGFpkgEIc2hpcHlhcmTgAQA!16s%2Fg%2F1tfhd8y1?entry=ttu&g_ep=EgoyMDI1MTIwMi4wIKXMDSoASAFQAw%3D%3D,174000,cbm,https://www.igu.org/igu-reports/2025-world-lng-report,,,,,X-DF,https://www.igu.org/igu-reports/2025-world-lng-report,2027,https://www.igu.org/igu-reports/2025-world-lng-report,IGU,QatarEnergy,"https://www.offshore-energy.biz/qatarenergy-chooses-nakilat-to-own-and-operate-up-to-25-newbuild-lng-carriers/, https://www.rivieramm.com/news-content-hub/news-content-hub/qatars-nakilat-to-order-up-to-25-lng-carriers-79599",27-Sep-2023,https://lngprime.com/asia/qatarenergy-hd-hyundai-heavy-ink-3-9-billion-deal-for-17-lng-carriers/93096/,229000000,USD,https://lngprime.com/asia/qatarenergy-hd-hyundai-heavy-ink-3-9-billion-deal-for-17-lng-carriers/93096/
218,1049041,https://www.igu.org/igu-reports/2025-world-lng-report,Hull 3487 (HDHHI),https://www.igu.org/igu-reports/2025-world-lng-report,,,,Hull 3487 (HDHHI),https://www.igu.org/igu-reports/2025-world-lng-report,on order,GEM,12/31/2024,https://www.igu.org/igu-reports/2025-world-lng-report,Nakilat,https://www.igu.org/igu-reports/2025-world-lng-report,,,HD Hyundai Heavy Industries,https://www.igu.org/igu-reports/2025-world-lng-report,South Korea,https://www.hd.com/en/main,35.51613,129.4383,GC8Q+M6 Ulsan,exact,https://www.google.com/maps/place/HD+Hyundai+Heavy+Industries+Ulsan+Shipyard/data=!3m1!1e3!4m10!1m2!2m1!1sHD+Hyundai!3m6!1s0x3567ce56ebbfb645:0xd94a696f9fca5d90!8m2!3d35.5167468!4d129.4380269!15sCgpIRCBIeXVuZGFpkgEIc2hpcHlhcmTgAQA!16s%2Fg%2F1tfhd8y1?entry=ttu&g_ep=EgoyMDI1MTIwMi4wIKXMDSoASAFQAw%3D%3D,174000,cbm,https://www.igu.org/igu-reports/2025-world-lng-report,,,,,X-DF,https://www.igu.org/igu-reports/2025-world-lng-report,2027,https://www.igu.org/igu-reports/2025-world-lng-report,IGU,QatarEnergy,"https://www.offshore-energy.biz/qatarenergy-chooses-nakilat-to-own-and-operate-up-to-25-newbuild-lng-carriers/, https://www.rivieramm.com/news-content-hub/news-content-hub/qatars-nakilat-to-order-up-to-25-lng-carriers-79599",27-Sep-2023,https://lngprime.com/asia/qatarenergy-hd-hyundai-heavy-ink-3-9-billion-deal-for-17-lng-carriers/93096/,229000000,USD,https://lngprime.com/asia/qatarenergy-hd-hyundai-heavy-ink-3-9-billion-deal-for-17-lng-carriers/93096/
219,1049053,https://www.igu.org/igu-reports/2025-world-lng-report,Hull 3488 (HDHHI),https://www.igu.org/igu-reports/2025-world-lng-report,,,,Hull 3488 (HDHHI),https://www.igu.org/igu-reports/2025-world-lng-report,on order,GEM,12/31/2024,https://www.igu.org/igu-reports/2025-world-lng-report,Nakilat,https://www.igu.org/igu-reports/2025-world-lng-report,,,HD Hyundai Heavy Industries,https://www.igu.org/igu-reports/2025-world-lng-report,South Korea,https://www.hd.com/en/main,35.51613,129.4383,GC8Q+M6 Ulsan,exact,https://www.google.com/maps/place/HD+Hyundai+Heavy+Industries+Ulsan+Shipyard/data=!3m1!1e3!4m10!1m2!2m1!1sHD+Hyundai!3m6!1s0x3567ce56ebbfb645:0xd94a696f9fca5d90!8m2!3d35.5167468!4d129.4380269!15sCgpIRCBIeXVuZGFpkgEIc2hpcHlhcmTgAQA!16s%2Fg%2F1tfhd8y1?entry=ttu&g_ep=EgoyMDI1MTIwMi4wIKXMDSoASAFQAw%3D%3D,174000,cbm,https://www.igu.org/igu-reports/2025-world-lng-report,,,,,X-DF,https://www.igu.org/igu-reports/2025-world-lng-report,2027,https://www.igu.org/igu-reports/2025-world-lng-report,IGU,QatarEnergy,"https://www.offshore-energy.biz/qatarenergy-chooses-nakilat-to-own-and-operate-up-to-25-newbuild-lng-carriers/, https://www.rivieramm.com/news-content-hub/news-content-hub/qatars-nakilat-to-order-up-to-25-lng-carriers-79599",27-Sep-2023,https://lngprime.com/asia/qatarenergy-hd-hyundai-heavy-ink-3-9-billion-deal-for-17-lng-carriers/93096/,229000000,USD,https://lngprime.com/asia/qatarenergy-hd-hyundai-heavy-ink-3-9-billion-deal-for-17-lng-carriers/93096/
220,1049065,https://www.igu.org/igu-reports/2025-world-lng-report,Hull 3489 (HDHHI),https://www.igu.org/igu-reports/2025-world-lng-report,,,,Hull 3489 (HDHHI),https://www.igu.org/igu-reports/2025-world-lng-report,on order,GEM,12/31/2024,https://www.igu.org/igu-reports/2025-world-lng-report,Nakilat,https://www.igu.org/igu-reports/2025-world-lng-report,,,HD Hyundai Heavy Industries,https://www.igu.org/igu-reports/2025-world-lng-report,South Korea,https://www.hd.com/en/main,35.51613,129.4383,GC8Q+M6 Ulsan,exact,https://www.google.com/maps/place/HD+Hyundai+Heavy+Industries+Ulsan+Shipyard/data=!3m1!1e3!4m10!1m2!2m1!1sHD+Hyundai!3m6!1s0x3567ce56ebbfb645:0xd94a696f9fca5d90!8m2!3d35.5167468!4d129.4380269!15sCgpIRCBIeXVuZGFpkgEIc2hpcHlhcmTgAQA!16s%2Fg%2F1tfhd8y1?entry=ttu&g_ep=EgoyMDI1MTIwMi4wIKXMDSoASAFQAw%3D%3D,174000,cbm,https://www.igu.org/igu-reports/2025-world-lng-report,,,,,X-DF,https://www.igu.org/igu-reports/2025-world-lng-report,2027,https://www.igu.org/igu-reports/2025-world-lng-report,IGU,QatarEnergy,"https://www.offshore-energy.biz/qatarenergy-chooses-nakilat-to-own-and-operate-up-to-25-newbuild-lng-carriers/, https://www.rivieramm.com/news-content-hub/news-content-hub/qatars-nakilat-to-order-up-to-25-lng-carriers-79599",27-Sep-2023,https://lngprime.com/asia/qatarenergy-hd-hyundai-heavy-ink-3-9-billion-deal-for-17-lng-carriers/93096/,229000000,USD,https://lngprime.com/asia/qatarenergy-hd-hyundai-heavy-ink-3-9-billion-deal-for-17-lng-carriers/93096/
221,1049089,https://www.igu.org/igu-reports/2025-world-lng-report,Hull 3490 (HDHHI),https://www.igu.org/igu-reports/2025-world-lng-report,,,,Hull 3490 (HDHHI),https://www.igu.org/igu-reports/2025-world-lng-report,on order,GEM,12/31/2024,https://www.igu.org/igu-reports/2025-world-lng-report,Nakilat,https://www.igu.org/igu-reports/2025-world-lng-report,,,HD Hyundai Heavy Industries,https://www.igu.org/igu-reports/2025-world-lng-report,South Korea,https://www.hd.com/en/main,35.51613,129.4383,GC8Q+M6 Ulsan,exact,https://www.google.com/maps/place/HD+Hyundai+Heavy+Industries+Ulsan+Shipyard/data=!3m1!1e3!4m10!1m2!2m1!1sHD+Hyundai!3m6!1s0x3567ce56ebbfb645:0xd94a696f9fca5d90!8m2!3d35.5167468!4d129.4380269!15sCgpIRCBIeXVuZGFpkgEIc2hpcHlhcmTgAQA!16s%2Fg%2F1tfhd8y1?entry=ttu&g_ep=EgoyMDI1MTIwMi4wIKXMDSoASAFQAw%3D%3D,174000,cbm,https://www.igu.org/igu-reports/2025-world-lng-report,,,,,X-DF,https://www.igu.org/igu-reports/2025-world-lng-report,2027,https://www.igu.org/igu-reports/2025-world-lng-report,IGU,QatarEnergy,"https://www.offshore-energy.biz/qatarenergy-chooses-nakilat-to-own-and-operate-up-to-25-newbuild-lng-carriers/, https://www.rivieramm.com/news-content-hub/news-content-hub/qatars-nakilat-to-order-up-to-25-lng-carriers-79599",27-Sep-2023,https://lngprime.com/asia/qatarenergy-hd-hyundai-heavy-ink-3-9-billion-deal-for-17-lng-carriers/93096/,229000000,USD,https://lngprime.com/asia/qatarenergy-hd-hyundai-heavy-ink-3-9-billion-deal-for-17-lng-carriers/93096/
222,1049091,https://www.igu.org/igu-reports/2025-world-lng-report,Hull 3491 (HDHHI),https://www.igu.org/igu-reports/2025-world-lng-report,,,,Hull 3491 (HDHHI),https://www.igu.org/igu-reports/2025-world-lng-report,on order,GEM,12/31/2024,https://www.igu.org/igu-reports/2025-world-lng-report,Nakilat,https://www.igu.org/igu-reports/2025-world-lng-report,,,HD Hyundai Heavy Industries,https://www.igu.org/igu-reports/2025-world-lng-report,South Korea,https://www.hd.com/en/main,35.51613,129.4383,GC8Q+M6 Ulsan,exact,https://www.google.com/maps/place/HD+Hyundai+Heavy+Industries+Ulsan+Shipyard/data=!3m1!1e3!4m10!1m2!2m1!1sHD+Hyundai!3m6!1s0x3567ce56ebbfb645:0xd94a696f9fca5d90!8m2!3d35.5167468!4d129.4380269!15sCgpIRCBIeXVuZGFpkgEIc2hpcHlhcmTgAQA!16s%2Fg%2F1tfhd8y1?entry=ttu&g_ep=EgoyMDI1MTIwMi4wIKXMDSoASAFQAw%3D%3D,174000,cbm,https://www.igu.org/igu-reports/2025-world-lng-report,,,,,X-DF,https://www.igu.org/igu-reports/2025-world-lng-report,2028,https://www.igu.org/igu-reports/2025-world-lng-report,IGU,QatarEnergy,"https://www.offshore-energy.biz/qatarenergy-chooses-nakilat-to-own-and-operate-up-to-25-newbuild-lng-carriers/, https://www.rivieramm.com/news-content-hub/news-content-hub/qatars-nakilat-to-order-up-to-25-lng-carriers-79599",27-Sep-2023,https://lngprime.com/asia/qatarenergy-hd-hyundai-heavy-ink-3-9-billion-deal-for-17-lng-carriers/93096/,229000000,USD,https://lngprime.com/asia/qatarenergy-hd-hyundai-heavy-ink-3-9-billion-deal-for-17-lng-carriers/93096/
223,1049118,https://www.igu.org/igu-reports/2025-world-lng-report,Hull 3492 (HDHHI),https://www.igu.org/igu-reports/2025-world-lng-report,,,,Hull 3492 (HDHHI),https://www.igu.org/igu-reports/2025-world-lng-report,on order,GEM,12/31/2024,https://www.igu.org/igu-reports/2025-world-lng-report,Nakilat,https://www.igu.org/igu-reports/2025-world-lng-report,,,HD Hyundai Heavy Industries,https://www.igu.org/igu-reports/2025-world-lng-report,South Korea,https://www.hd.com/en/main,35.51613,129.4383,GC8Q+M6 Ulsan,exact,https://www.google.com/maps/place/HD+Hyundai+Heavy+Industries+Ulsan+Shipyard/data=!3m1!1e3!4m10!1m2!2m1!1sHD+Hyundai!3m6!1s0x3567ce56ebbfb645:0xd94a696f9fca5d90!8m2!3d35.5167468!4d129.4380269!15sCgpIRCBIeXVuZGFpkgEIc2hpcHlhcmTgAQA!16s%2Fg%2F1tfhd8y1?entry=ttu&g_ep=EgoyMDI1MTIwMi4wIKXMDSoASAFQAw%3D%3D,174000,cbm,https://www.igu.org/igu-reports/2025-world-lng-report,,,,,X-DF,https://www.igu.org/igu-reports/2025-world-lng-report,2028,https://www.igu.org/igu-reports/2025-world-lng-report,IGU,QatarEnergy,"https://www.offshore-energy.biz/qatarenergy-chooses-nakilat-to-own-and-operate-up-to-25-newbuild-lng-carriers/, https://www.rivieramm.com/news-content-hub/news-content-hub/qatars-nakilat-to-order-up-to-25-lng-carriers-79599",27-Sep-2023,https://lngprime.com/asia/qatarenergy-hd-hyundai-heavy-ink-3-9-billion-deal-for-17-lng-carriers/93096/,229000000,USD,https://lngprime.com/asia/qatarenergy-hd-hyundai-heavy-ink-3-9-billion-deal-for-17-lng-carriers/93096/
225,9926714,https://www.igu.org/igu-reports/2025-world-lng-report,Nantes Knutsen,https://www.igu.org/igu-reports/2025-world-lng-report,,,,Hull 8100,https://www.igu.org/igu-reports/2025-world-lng-report,active,GEM,12/31/2024,https://www.igu.org/igu-reports/2025-world-lng-report,Knutsen OAS,https://www.igu.org/igu-reports/2025-world-lng-report,Norway,https://www.imarinenews.com/35664.html,HD Hyundai Heavy Industries,https://www.igu.org/igu-reports/2025-world-lng-report,South Korea,https://www.hd.com/en/main,35.51613,129.4383,GC8Q+M6 Ulsan,exact,https://www.google.com/maps/place/HD+Hyundai+Heavy+Industries+Ulsan+Shipyard/data=!3m1!1e3!4m10!1m2!2m1!1sHD+Hyundai!3m6!1s0x3567ce56ebbfb645:0xd94a696f9fca5d90!8m2!3d35.5167468!4d129.4380269!15sCgpIRCBIeXVuZGFpkgEIc2hpcHlhcmTgAQA!16s%2Fg%2F1tfhd8y1?entry=ttu&g_ep=EgoyMDI1MTIwMi4wIKXMDSoASAFQAw%3D%3D,174000,cbm,https://www.igu.org/igu-reports/2025-world-lng-report,membrane,https://www.igu.org/igu-reports/2025-world-lng-report,conventional,https://www.igu.org/igu-reports/2025-world-lng-report,X-DF,https://www.igu.org/igu-reports/2025-world-lng-report,2024,https://www.igu.org/igu-reports/2025-world-lng-report,IGU,,,,,,,
226,9946362,https://www.igu.org/igu-reports/2025-world-lng-report,Zoe Knutsen,https://www.vesselfinder.com/vessels/details/9946362,,,,Hull 8102 (HDHHI),,active,GEM,12/17/2025,https://www.vesselfinder.com/vessels/details/9946362,Knutsen OAS,https://www.igu.org/igu-reports/2025-world-lng-report,Norway,https://www.imarinenews.com/35664.html,HD Hyundai Heavy Industries,https://www.igu.org/igu-reports/2025-world-lng-report,South Korea,https://www.hd.com/en/main,35.51613,129.4383,GC8Q+M6 Ulsan,exact,https://www.google.com/maps/place/HD+Hyundai+Heavy+Industries+Ulsan+Shipyard/data=!3m1!1e3!4m10!1m2!2m1!1sHD+Hyundai!3m6!1s0x3567ce56ebbfb645:0xd94a696f9fca5d90!8m2!3d35.5167468!4d129.4380269!15sCgpIRCBIeXVuZGFpkgEIc2hpcHlhcmTgAQA!16s%2Fg%2F1tfhd8y1?entry=ttu&g_ep=EgoyMDI1MTIwMi4wIKXMDSoASAFQAw%3D%3D,174000,cbm,https://www.igu.org/igu-reports/2025-world-lng-report,,,,,X-DF,https://www.igu.org/igu-reports/2025-world-lng-report,2025,https://www.igu.org/igu-reports/2025-world-lng-report,IGU,,,,,,,
229,9964182,https://www.igu.org/igu-reports/2025-world-lng-report,Marvel Dove,https://www.igu.org/igu-reports/2025-world-lng-report,,,,Hull 8173,https://www.igu.org/igu-reports/2025-world-lng-report,active,GEM,12/31/2024,https://www.igu.org/igu-reports/2025-world-lng-report,SK Shipping,https://www.igu.org/igu-reports/2025-world-lng-report,South Korea,,HD Hyundai Heavy Industries,https://www.igu.org/igu-reports/2025-world-lng-report,South Korea,https://www.hd.com/en/main,35.51613,129.4383,GC8Q+M6 Ulsan,exact,https://www.google.com/maps/place/HD+Hyundai+Heavy+Industries+Ulsan+Shipyard/data=!3m1!1e3!4m10!1m2!2m1!1sHD+Hyundai!3m6!1s0x3567ce56ebbfb645:0xd94a696f9fca5d90!8m2!3d35.5167468!4d129.4380269!15sCgpIRCBIeXVuZGFpkgEIc2hpcHlhcmTgAQA!16s%2Fg%2F1tfhd8y1?entry=ttu&g_ep=EgoyMDI1MTIwMi4wIKXMDSoASAFQAw%3D%3D,174000,cbm,https://www.igu.org/igu-reports/2025-world-lng-report,membrane,https://www.igu.org/igu-reports/2025-world-lng-report,conventional,https://www.igu.org/igu-reports/2025-world-lng-report,X-DF,https://www.igu.org/igu-reports/2025-world-lng-report,2024,https://www.igu.org/igu-reports/2025-world-lng-report,IGU,,,,,,,
230,9972218,https://www.igu.org/igu-reports/2025-world-lng-report,Amaryllis Knutsen,https://www.vesselfinder.com/vessels/details/9972218,,,,Hull 8181 (HDHHI),,active,GEM,12/17/2025,https://www.vesselfinder.com/vessels/details/9972218,Knutsen OAS,https://www.igu.org/igu-reports/2025-world-lng-report,Norway,https://www.imarinenews.com/35664.html,HD Hyundai Heavy Industries,https://www.igu.org/igu-reports/2025-world-lng-report,South Korea,https://www.hd.com/en/main,35.51613,129.4383,GC8Q+M6 Ulsan,exact,https://www.google.com/maps/place/HD+Hyundai+Heavy+Industries+Ulsan+Shipyard/data=!3m1!1e3!4m10!1m2!2m1!1sHD+Hyundai!3m6!1s0x3567ce56ebbfb645:0xd94a696f9fca5d90!8m2!3d35.5167468!4d129.4380269!15sCgpIRCBIeXVuZGFpkgEIc2hpcHlhcmTgAQA!16s%2Fg%2F1tfhd8y1?entry=ttu&g_ep=EgoyMDI1MTIwMi4wIKXMDSoASAFQAw%3D%3D,174000,cbm,https://www.igu.org/igu-reports/2025-world-lng-report,,,,,X-DF,https://www.igu.org/igu-reports/2025-world-lng-report,2025,https://www.igu.org/igu-reports/2025-world-lng-report,IGU,,,,,,,
231,9992220,https://www.igu.org/igu-reports/2025-world-lng-report,Hull 8182 (HSHI),https://www.igu.org/igu-reports/2025-world-lng-report,,,,Hull 8182 (HSHI),https://www.igu.org/igu-reports/2025-world-lng-report,on order,GEM,12/31/2024,https://www.igu.org/igu-reports/2025-world-lng-report,TMS Cardiff Gas,https://www.igu.org/igu-reports/2025-world-lng-report,Greece,https://system.new-vessels.com/orderer-45411-TMS_Cardiff_Gas_Ltd.html,HD Hyundai Samho,https://www.igu.org/igu-reports/2025-world-lng-report,South Korea,https://www.hshi.co.kr/eng/,34.75031,126.3875,"Q92P+7M Yeongam-gun, Jeollanam-do",exact,https://www.google.com/maps/place/Hyundai+Samho+Heavy+Industries+Entrance/data=!3m1!1e3!4m10!1m2!2m1!1sHyundai+Samho+Heavy+Industries!3m6!1s0x3573a4568dfe21d7:0x865a025eb9b373b5!8m2!3d34.75066!4d126.386691!15sCh5IeXVuZGFpIFNhbWhvIEhlYXZ5IEluZHVzdHJpZXOSAQhidXNfc3RvcOABAA!16s%2Fg%2F11b77sqk26?entry=ttu&g_ep=EgoyMDI1MTIwMi4wIKXMDSoASAFQAw%3D%3D,174000,cbm,https://www.igu.org/igu-reports/2025-world-lng-report,,,,,X-DF,https://www.igu.org/igu-reports/2025-world-lng-report,2026,https://www.igu.org/igu-reports/2025-world-lng-report,IGU,,,,,,,
232,9976109,https://www.igu.org/igu-reports/2025-world-lng-report,Hull 8188 (HSHI),https://www.igu.org/igu-reports/2025-world-lng-report,,,,Hull 8188 (HSHI),https://www.igu.org/igu-reports/2025-world-lng-report,on order,GEM,12/31/2024,https://www.igu.org/igu-reports/2025-world-lng-report,SK Shipping,https://www.igu.org/igu-reports/2025-world-lng-report,South Korea,,HD Hyundai Samho,https://www.igu.org/igu-reports/2025-world-lng-report,South Korea,https://www.hshi.co.kr/eng/,34.75031,126.3875,"Q92P+7M Yeongam-gun, Jeollanam-do",exact,https://www.google.com/maps/place/Hyundai+Samho+Heavy+Industries+Entrance/data=!3m1!1e3!4m10!1m2!2m1!1sHyundai+Samho+Heavy+Industries!3m6!1s0x3573a4568dfe21d7:0x865a025eb9b373b5!8m2!3d34.75066!4d126.386691!15sCh5IeXVuZGFpIFNhbWhvIEhlYXZ5IEluZHVzdHJpZXOSAQhidXNfc3RvcOABAA!16s%2Fg%2F11b77sqk26?entry=ttu&g_ep=EgoyMDI1MTIwMi4wIKXMDSoASAFQAw%3D%3D,174000,cbm,https://www.igu.org/igu-reports/2025-world-lng-report,,,,,ME-GA,https://www.igu.org/igu-reports/2025-world-lng-report,2026,https://www.igu.org/igu-reports/2025-world-lng-report,IGU,,,,,,,
233,9976111,https://www.igu.org/igu-reports/2025-world-lng-report,Hull 8189 (HSHI),https://www.igu.org/igu-reports/2025-world-lng-report,,,,Hull 8189 (HSHI),https://www.igu.org/igu-reports/2025-world-lng-report,on order,GEM,12/31/2024,https://www.igu.org/igu-reports/2025-world-lng-report,SK Shipping,https://www.igu.org/igu-reports/2025-world-lng-report,South Korea,,HD Hyundai Samho,https://www.igu.org/igu-reports/2025-world-lng-report,South Korea,https://www.hshi.co.kr/eng/,34.75031,126.3875,"Q92P+7M Yeongam-gun, Jeollanam-do",exact,https://www.google.com/maps/place/Hyundai+Samho+Heavy+Industries+Entrance/data=!3m1!1e3!4m10!1m2!2m1!1sHyundai+Samho+Heavy+Industries!3m6!1s0x3573a4568dfe21d7:0x865a025eb9b373b5!8m2!3d34.75066!4d126.386691!15sCh5IeXVuZGFpIFNhbWhvIEhlYXZ5IEluZHVzdHJpZXOSAQhidXNfc3RvcOABAA!16s%2Fg%2F11b77sqk26?entry=ttu&g_ep=EgoyMDI1MTIwMi4wIKXMDSoASAFQAw%3D%3D,174000,cbm,https://www.igu.org/igu-reports/2025-world-lng-report,,,,,ME-GA,https://www.igu.org/igu-reports/2025-world-lng-report,2026,https://www.igu.org/igu-reports/2025-world-lng-report,IGU,,,,,,,
235,9992232,https://www.igu.org/igu-reports/2025-world-lng-report,Hull 8200 (HSHI),https://www.igu.org/igu-reports/2025-world-lng-report,,,,Hull 8200 (HSHI),https://www.igu.org/igu-reports/2025-world-lng-report,on order,GEM,12/31/2024,https://www.igu.org/igu-reports/2025-world-lng-report,TMS Cardiff Gas,https://www.igu.org/igu-reports/2025-world-lng-report,Greece,https://system.new-vessels.com/orderer-45411-TMS_Cardiff_Gas_Ltd.html,HD Hyundai Samho,https://www.igu.org/igu-reports/2025-world-lng-report,South Korea,https://www.hshi.co.kr/eng/,34.75031,126.3875,"Q92P+7M Yeongam-gun, Jeollanam-do",exact,https://www.google.com/maps/place/Hyundai+Samho+Heavy+Industries+Entrance/data=!3m1!1e3!4m10!1m2!2m1!1sHyundai+Samho+Heavy+Industries!3m6!1s0x3573a4568dfe21d7:0x865a025eb9b373b5!8m2!3d34.75066!4d126.386691!15sCh5IeXVuZGFpIFNhbWhvIEhlYXZ5IEluZHVzdHJpZXOSAQhidXNfc3RvcOABAA!16s%2Fg%2F11b77sqk26?entry=ttu&g_ep=EgoyMDI1MTIwMi4wIKXMDSoASAFQAw%3D%3D,174000,cbm,https://www.igu.org/igu-reports/2025-world-lng-report,,,,,X-DF,https://www.igu.org/igu-reports/2025-world-lng-report,2026,https://www.igu.org/igu-reports/2025-world-lng-report,IGU,,,,,,,
236,9992244,https://www.igu.org/igu-reports/2025-world-lng-report,Hull 8201 (HSHI),https://www.igu.org/igu-reports/2025-world-lng-report,,,,Hull 8201 (HSHI),https://www.igu.org/igu-reports/2025-world-lng-report,on order,GEM,12/31/2024,https://www.igu.org/igu-reports/2025-world-lng-report,TMS Cardiff Gas,https://www.igu.org/igu-reports/2025-world-lng-report,Greece,https://system.new-vessels.com/orderer-45411-TMS_Cardiff_Gas_Ltd.html,HD Hyundai Samho,https://www.igu.org/igu-reports/2025-world-lng-report,South Korea,https://www.hshi.co.kr/eng/,34.75031,126.3875,"Q92P+7M Yeongam-gun, Jeollanam-do",exact,https://www.google.com/maps/place/Hyundai+Samho+Heavy+Industries+Entrance/data=!3m1!1e3!4m10!1m2!2m1!1sHyundai+Samho+Heavy+Industries!3m6!1s0x3573a4568dfe21d7:0x865a025eb9b373b5!8m2!3d34.75066!4d126.386691!15sCh5IeXVuZGFpIFNhbWhvIEhlYXZ5IEluZHVzdHJpZXOSAQhidXNfc3RvcOABAA!16s%2Fg%2F11b77sqk26?entry=ttu&g_ep=EgoyMDI1MTIwMi4wIKXMDSoASAFQAw%3D%3D,174000,cbm,https://www.igu.org/igu-reports/2025-world-lng-report,,,,,X-DF,https://www.igu.org/igu-reports/2025-world-lng-report,2026,https://www.igu.org/igu-reports/2025-world-lng-report,IGU,,,,,,,
239,1023877,https://www.igu.org/igu-reports/2025-world-lng-report,Hull 8208 (HSHI),https://www.igu.org/igu-reports/2025-world-lng-report,,,,Hull 8208 (HSHI),https://www.igu.org/igu-reports/2025-world-lng-report,on order,GEM,12/31/2024,https://www.igu.org/igu-reports/2025-world-lng-report,NYK Line,https://www.igu.org/igu-reports/2025-world-lng-report,Japan,"https://www.nyk.com/english/profile/profile/, https://en.wikipedia.org/wiki/Nippon_Yusen",HD Hyundai Samho,https://www.igu.org/igu-reports/2025-world-lng-report,South Korea,https://www.hshi.co.kr/eng/,34.75031,126.3875,"Q92P+7M Yeongam-gun, Jeollanam-do",exact,https://www.google.com/maps/place/Hyundai+Samho+Heavy+Industries+Entrance/data=!3m1!1e3!4m10!1m2!2m1!1sHyundai+Samho+Heavy+Industries!3m6!1s0x3573a4568dfe21d7:0x865a025eb9b373b5!8m2!3d34.75066!4d126.386691!15sCh5IeXVuZGFpIFNhbWhvIEhlYXZ5IEluZHVzdHJpZXOSAQhidXNfc3RvcOABAA!16s%2Fg%2F11b77sqk26?entry=ttu&g_ep=EgoyMDI1MTIwMi4wIKXMDSoASAFQAw%3D%3D,174000,cbm,https://www.igu.org/igu-reports/2025-world-lng-report,,,,,X-DF,https://www.igu.org/igu-reports/2025-world-lng-report,2027,https://www.igu.org/igu-reports/2025-world-lng-report,IGU,,,,,,,
240,1023889,https://www.igu.org/igu-reports/2025-world-lng-report,Hull 8209 (HSHI),https://www.igu.org/igu-reports/2025-world-lng-report,,,,Hull 8209 (HSHI),https://www.igu.org/igu-reports/2025-world-lng-report,on order,GEM,12/31/2024,https://www.igu.org/igu-reports/2025-world-lng-report,NYK Line,https://www.igu.org/igu-reports/2025-world-lng-report,Japan,"https://www.nyk.com/english/profile/profile/, https://en.wikipedia.org/wiki/Nippon_Yusen",HD Hyundai Samho,https://www.igu.org/igu-reports/2025-world-lng-report,South Korea,https://www.hshi.co.kr/eng/,34.75031,126.3875,"Q92P+7M Yeongam-gun, Jeollanam-do",exact,https://www.google.com/maps/place/Hyundai+Samho+Heavy+Industries+Entrance/data=!3m1!1e3!4m10!1m2!2m1!1sHyundai+Samho+Heavy+Industries!3m6!1s0x3573a4568dfe21d7:0x865a025eb9b373b5!8m2!3d34.75066!4d126.386691!15sCh5IeXVuZGFpIFNhbWhvIEhlYXZ5IEluZHVzdHJpZXOSAQhidXNfc3RvcOABAA!16s%2Fg%2F11b77sqk26?entry=ttu&g_ep=EgoyMDI1MTIwMi4wIKXMDSoASAFQAw%3D%3D,174000,cbm,https://www.igu.org/igu-reports/2025-world-lng-report,,,,,X-DF,https://www.igu.org/igu-reports/2025-world-lng-report,2027,https://www.igu.org/igu-reports/2025-world-lng-report,IGU,,,,,,,
241,1023891,https://www.igu.org/igu-reports/2025-world-lng-report,Hull 8210 (HSHI),https://www.igu.org/igu-reports/2025-world-lng-report,,,,Hull 8210 (HSHI),https://www.igu.org/igu-reports/2025-world-lng-report,on order,GEM,12/31/2024,https://www.igu.org/igu-reports/2025-world-lng-report,NYK Line,https://www.igu.org/igu-reports/2025-world-lng-report,Japan,"https://www.nyk.com/english/profile/profile/, https://en.wikipedia.org/wiki/Nippon_Yusen",HD Hyundai Samho,https://www.igu.org/igu-reports/2025-world-lng-report,South Korea,https://www.hshi.co.kr/eng/,34.75031,126.3875,"Q92P+7M Yeongam-gun, Jeollanam-do",exact,https://www.google.com/maps/place/Hyundai+Samho+Heavy+Industries+Entrance/data=!3m1!1e3!4m10!1m2!2m1!1sHyundai+Samho+Heavy+Industries!3m6!1s0x3573a4568dfe21d7:0x865a025eb9b373b5!8m2!3d34.75066!4d126.386691!15sCh5IeXVuZGFpIFNhbWhvIEhlYXZ5IEluZHVzdHJpZXOSAQhidXNfc3RvcOABAA!16s%2Fg%2F11b77sqk26?entry=ttu&g_ep=EgoyMDI1MTIwMi4wIKXMDSoASAFQAw%3D%3D,174000,cbm,https://www.igu.org/igu-reports/2025-world-lng-report,,,,,X-DF,https://www.igu.org/igu-reports/2025-world-lng-report,2026,https://www.igu.org/igu-reports/2025-world-lng-report,IGU,,,,,,,
242,1023906,https://www.igu.org/igu-reports/2025-world-lng-report,Hull 8238 (HSHI),https://www.igu.org/igu-reports/2025-world-lng-report,"2027 delivery date seems to be confirmed, but was originally 2025 in IGU",,,Hull 8238 (HSHI),https://www.igu.org/igu-reports/2025-world-lng-report,on order,GEM,12/18/2025,http://www.chinashipbuilding.cn/ship.aspx?pklujyukkpp4SFBBcanmkhTk8Pl4EN,NYK Line,https://www.igu.org/igu-reports/2025-world-lng-report,Japan,"https://www.nyk.com/english/profile/profile/, https://en.wikipedia.org/wiki/Nippon_Yusen",HD Hyundai Samho,https://www.igu.org/igu-reports/2025-world-lng-report,South Korea,https://www.hshi.co.kr/eng/,34.75031,126.3875,"Q92P+7M Yeongam-gun, Jeollanam-do",exact,https://www.google.com/maps/place/Hyundai+Samho+Heavy+Industries+Entrance/data=!3m1!1e3!4m10!1m2!2m1!1sHyundai+Samho+Heavy+Industries!3m6!1s0x3573a4568dfe21d7:0x865a025eb9b373b5!8m2!3d34.75066!4d126.386691!15sCh5IeXVuZGFpIFNhbWhvIEhlYXZ5IEluZHVzdHJpZXOSAQhidXNfc3RvcOABAA!16s%2Fg%2F11b77sqk26?entry=ttu&g_ep=EgoyMDI1MTIwMi4wIKXMDSoASAFQAw%3D%3D,174000,cbm,https://www.igu.org/igu-reports/2025-world-lng-report,,,,,X-DF,https://www.igu.org/igu-reports/2025-world-lng-report,2027,"http://www.chinashipbuilding.cn/ship.aspx?pklujyukkpp4SFBBcanmkhTk8Pl4EN, https://www.marinelink.com/news/maritime/hyundai-samho-heavy-industries",IGU,,,,,,,
243,1023918,https://www.igu.org/igu-reports/2025-world-lng-report,Hull 8239 (HSHI),https://www.igu.org/igu-reports/2025-world-lng-report,,,,Hull 8239 (HSHI),https://www.igu.org/igu-reports/2025-world-lng-report,on order,GEM,12/18/2025,http://www.chinashipbuilding.cn/shipyard.aspx?pklujyukkpp4BbccCanmkhTk8Pl4ENaORDERBOOK4c,NYK Line,https://www.igu.org/igu-reports/2025-world-lng-report,Japan,"https://www.nyk.com/english/profile/profile/, https://en.wikipedia.org/wiki/Nippon_Yusen",HD Hyundai Samho,https://www.igu.org/igu-reports/2025-world-lng-report,South Korea,https://www.hshi.co.kr/eng/,34.75031,126.3875,"Q92P+7M Yeongam-gun, Jeollanam-do",exact,https://www.google.com/maps/place/Hyundai+Samho+Heavy+Industries+Entrance/data=!3m1!1e3!4m10!1m2!2m1!1sHyundai+Samho+Heavy+Industries!3m6!1s0x3573a4568dfe21d7:0x865a025eb9b373b5!8m2!3d34.75066!4d126.386691!15sCh5IeXVuZGFpIFNhbWhvIEhlYXZ5IEluZHVzdHJpZXOSAQhidXNfc3RvcOABAA!16s%2Fg%2F11b77sqk26?entry=ttu&g_ep=EgoyMDI1MTIwMi4wIKXMDSoASAFQAw%3D%3D,174000,cbm,https://www.igu.org/igu-reports/2025-world-lng-report,,,,,X-DF,https://www.igu.org/igu-reports/2025-world-lng-report,2027,http://www.chinashipbuilding.cn/shipyard.aspx?pklujyukkpp4BbccCanmkhTk8Pl4ENaORDERBOOK4c,IGU,,,,,,,
244,1054888,https://www.igu.org/igu-reports/2025-world-lng-report,Hull 8254 (HSHI),https://www.igu.org/igu-reports/2025-world-lng-report,,,,Hull 8254 (HSHI),https://www.igu.org/igu-reports/2025-world-lng-report,on order,GEM,12/31/2024,https://www.igu.org/igu-reports/2025-world-lng-report,Capital Gas,https://www.igu.org/igu-reports/2025-world-lng-report,Greece,,HD Hyundai Samho,https://www.igu.org/igu-reports/2025-world-lng-report,South Korea,https://www.hshi.co.kr/eng/,34.75031,126.3875,"Q92P+7M Yeongam-gun, Jeollanam-do",exact,https://www.google.com/maps/place/Hyundai+Samho+Heavy+Industries+Entrance/data=!3m1!1e3!4m10!1m2!2m1!1sHyundai+Samho+Heavy+Industries!3m6!1s0x3573a4568dfe21d7:0x865a025eb9b373b5!8m2!3d34.75066!4d126.386691!15sCh5IeXVuZGFpIFNhbWhvIEhlYXZ5IEluZHVzdHJpZXOSAQhidXNfc3RvcOABAA!16s%2Fg%2F11b77sqk26?entry=ttu&g_ep=EgoyMDI1MTIwMi4wIKXMDSoASAFQAw%3D%3D,174000,cbm,https://www.igu.org/igu-reports/2025-world-lng-report,,,,,X-DF,https://www.igu.org/igu-reports/2025-world-lng-report,2028,https://www.igu.org/igu-reports/2025-world-lng-report,IGU,,,,,,,
245,1054890,https://www.igu.org/igu-reports/2025-world-lng-report,Hull 8255 (HSHI),https://www.igu.org/igu-reports/2025-world-lng-report,,,,Hull 8255 (HSHI),https://www.igu.org/igu-reports/2025-world-lng-report,on order,GEM,12/31/2024,https://www.igu.org/igu-reports/2025-world-lng-report,Capital Gas,https://www.igu.org/igu-reports/2025-world-lng-report,Greece,,HD Hyundai Samho,https://www.igu.org/igu-reports/2025-world-lng-report,South Korea,https://www.hshi.co.kr/eng/,34.75031,126.3875,"Q92P+7M Yeongam-gun, Jeollanam-do",exact,https://www.google.com/maps/place/Hyundai+Samho+Heavy+Industries+Entrance/data=!3m1!1e3!4m10!1m2!2m1!1sHyundai+Samho+Heavy+Industries!3m6!1s0x3573a4568dfe21d7:0x865a025eb9b373b5!8m2!3d34.75066!4d126.386691!15sCh5IeXVuZGFpIFNhbWhvIEhlYXZ5IEluZHVzdHJpZXOSAQhidXNfc3RvcOABAA!16s%2Fg%2F11b77sqk26?entry=ttu&g_ep=EgoyMDI1MTIwMi4wIKXMDSoASAFQAw%3D%3D,174000,cbm,https://www.igu.org/igu-reports/2025-world-lng-report,,,,,X-DF,https://www.igu.org/igu-reports/2025-world-lng-report,2028,https://www.igu.org/igu-reports/2025-world-lng-report,IGU,,,,,,,
246,1054905,https://www.igu.org/igu-reports/2025-world-lng-report,Hull 8256 (HSHI),https://www.igu.org/igu-reports/2025-world-lng-report,,,,Hull 8256 (HSHI),https://www.igu.org/igu-reports/2025-world-lng-report,on order,GEM,12/31/2024,https://www.igu.org/igu-reports/2025-world-lng-report,Capital Gas,https://www.igu.org/igu-reports/2025-world-lng-report,Greece,,HD Hyundai Samho,https://www.igu.org/igu-reports/2025-world-lng-report,South Korea,https://www.hshi.co.kr/eng/,34.75031,126.3875,"Q92P+7M Yeongam-gun, Jeollanam-do",exact,https://www.google.com/maps/place/Hyundai+Samho+Heavy+Industries+Entrance/data=!3m1!1e3!4m10!1m2!2m1!1sHyundai+Samho+Heavy+Industries!3m6!1s0x3573a4568dfe21d7:0x865a025eb9b373b5!8m2!3d34.75066!4d126.386691!15sCh5IeXVuZGFpIFNhbWhvIEhlYXZ5IEluZHVzdHJpZXOSAQhidXNfc3RvcOABAA!16s%2Fg%2F11b77sqk26?entry=ttu&g_ep=EgoyMDI1MTIwMi4wIKXMDSoASAFQAw%3D%3D,174000,cbm,https://www.igu.org/igu-reports/2025-world-lng-report,,,,,X-DF,https://www.igu.org/igu-reports/2025-world-lng-report,2028,https://www.igu.org/igu-reports/2025-world-lng-report,IGU,,,,,,,
247,1054917,https://www.igu.org/igu-reports/2025-world-lng-report,Hull 8257 (HSHI),https://www.igu.org/igu-reports/2025-world-lng-report,,,,Hull 8257 (HSHI),https://www.igu.org/igu-reports/2025-world-lng-report,on order,GEM,12/31/2024,https://www.igu.org/igu-reports/2025-world-lng-report,Capital Gas,https://www.igu.org/igu-reports/2025-world-lng-report,Greece,,HD Hyundai Samho,https://www.igu.org/igu-reports/2025-world-lng-report,South Korea,https://www.hshi.co.kr/eng/,34.75031,126.3875,"Q92P+7M Yeongam-gun, Jeollanam-do",exact,https://www.google.com/maps/place/Hyundai+Samho+Heavy+Industries+Entrance/data=!3m1!1e3!4m10!1m2!2m1!1sHyundai+Samho+Heavy+Industries!3m6!1s0x3573a4568dfe21d7:0x865a025eb9b373b5!8m2!3d34.75066!4d126.386691!15sCh5IeXVuZGFpIFNhbWhvIEhlYXZ5IEluZHVzdHJpZXOSAQhidXNfc3RvcOABAA!16s%2Fg%2F11b77sqk26?entry=ttu&g_ep=EgoyMDI1MTIwMi4wIKXMDSoASAFQAw%3D%3D,174000,cbm,https://www.igu.org/igu-reports/2025-world-lng-report,,,,,X-DF,https://www.igu.org/igu-reports/2025-world-lng-report,2028,https://www.igu.org/igu-reports/2025-world-lng-report,IGU,,,,,,,
251,1018676,https://www.igu.org/igu-reports/2025-world-lng-report,Celsius Georgetown,https://www.bairdmaritime.com/shipping/tankers/gas/denmarks-celsius-shipping-welcomes-new-lng-carrier-to-fleet,,,,Hull CMHI-282-01,https://www.igu.org/igu-reports/2025-world-lng-report,active,GEM,12/31/2024,https://www.bairdmaritime.com/shipping/tankers/gas/denmarks-celsius-shipping-welcomes-new-lng-carrier-to-fleet,Celsius Shipping,https://www.igu.org/igu-reports/2025-world-lng-report,Denmark,,China Merchants Heavy Industries,https://www.igu.org/igu-reports/2025-world-lng-report,China,https://www.cmhijs.com/en/index.php/about.html,22.33849,114.092895,"83QV+H7 Sai Tso Wan, Hong Kong",exact,"https://www.google.com/maps/place/China+Merchants+Industry+Co+Ltd/@22.338976,114.0905771,814m/data=!3m2!1e3!4b1!4m6!3m5!1s0x3403fed4344ce4b1:0x32fadf093b2cb212!8m2!3d22.338976!4d114.093152!16s%2Fg%2F12hmyy568?entry=ttu&g_ep=EgoyMDI1MTIwMi4wIKXMDSoASAFQAw%3D%3D",180000,cbm,https://www.igu.org/igu-reports/2025-world-lng-report,,,,,ME-GA,https://www.igu.org/igu-reports/2025-world-lng-report,2026,https://www.igu.org/igu-reports/2025-world-lng-report,IGU,,,,,,,
252,1018688,https://www.igu.org/igu-reports/2025-world-lng-report,Hull CMHI-282-02,https://www.igu.org/igu-reports/2025-world-lng-report,,,,Hull CMHI-282-02,https://www.igu.org/igu-reports/2025-world-lng-report,on order,GEM,12/31/2024,https://www.igu.org/igu-reports/2025-world-lng-report,Celsius Shipping,https://www.igu.org/igu-reports/2025-world-lng-report,Denmark,,China Merchants Heavy Industries,https://www.igu.org/igu-reports/2025-world-lng-report,China,https://www.cmhijs.com/en/index.php/about.html,22.33849,114.092895,"83QV+H7 Sai Tso Wan, Hong Kong",exact,"https://www.google.com/maps/place/China+Merchants+Industry+Co+Ltd/@22.338976,114.0905771,814m/data=!3m2!1e3!4b1!4m6!3m5!1s0x3403fed4344ce4b1:0x32fadf093b2cb212!8m2!3d22.338976!4d114.093152!16s%2Fg%2F12hmyy568?entry=ttu&g_ep=EgoyMDI1MTIwMi4wIKXMDSoASAFQAw%3D%3D",180000,cbm,https://www.igu.org/igu-reports/2025-world-lng-report,,,,,ME-GA,https://www.igu.org/igu-reports/2025-world-lng-report,2026,https://www.igu.org/igu-reports/2025-world-lng-report,IGU,,,,,,,
253,1018690,https://www.igu.org/igu-reports/2025-world-lng-report,Hull CMHI-282-03,https://www.igu.org/igu-reports/2025-world-lng-report,,,,Hull CMHI-282-03,https://www.igu.org/igu-reports/2025-world-lng-report,on order,GEM,12/31/2024,https://www.igu.org/igu-reports/2025-world-lng-report,Celsius Shipping,https://www.igu.org/igu-reports/2025-world-lng-report,Denmark,,China Merchants Heavy Industries,https://www.igu.org/igu-reports/2025-world-lng-report,China,https://www.cmhijs.com/en/index.php/about.html,22.33849,114.092895,"83QV+H7 Sai Tso Wan, Hong Kong",exact,"https://www.google.com/maps/place/China+Merchants+Industry+Co+Ltd/@22.338976,114.0905771,814m/data=!3m2!1e3!4b1!4m6!3m5!1s0x3403fed4344ce4b1:0x32fadf093b2cb212!8m2!3d22.338976!4d114.093152!16s%2Fg%2F12hmyy568?entry=ttu&g_ep=EgoyMDI1MTIwMi4wIKXMDSoASAFQAw%3D%3D",180000,cbm,https://www.igu.org/igu-reports/2025-world-lng-report,,,,,ME-GA,https://www.igu.org/igu-reports/2025-world-lng-report,2027,https://www.igu.org/igu-reports/2025-world-lng-report,IGU,,,,,,,
254,1018705,https://www.igu.org/igu-reports/2025-world-lng-report,Hull CMHI-282-04,http://www.chinashipbuild.com/shipyard.aspx?pklujyukkpp4BbcgXanmkhTk8Pl4ENaORDERBOOK4c,,,,Hull CMHI-282-04,http://www.chinashipbuild.com/shipyard.aspx?pklujyukkpp4BbcgXanmkhTk8Pl4ENaORDERBOOK4c,on order,GEM,12/31/2024,http://www.chinashipbuild.com/shipyard.aspx?pklujyukkpp4BbcgXanmkhTk8Pl4ENaORDERBOOK4c,Celsius Shipping,http://www.chinashipbuild.com/shipyard.aspx?pklujyukkpp4BbcgXanmkhTk8Pl4ENaORDERBOOK4c,Denmark,,China Merchants Heavy Industries,https://www.igu.org/igu-reports/2025-world-lng-report,China,https://www.cmhijs.com/en/index.php/about.html,22.33849,114.092895,"83QV+H7 Sai Tso Wan, Hong Kong",exact,"https://www.google.com/maps/place/China+Merchants+Industry+Co+Ltd/@22.338976,114.0905771,814m/data=!3m2!1e3!4b1!4m6!3m5!1s0x3403fed4344ce4b1:0x32fadf093b2cb212!8m2!3d22.338976!4d114.093152!16s%2Fg%2F12hmyy568?entry=ttu&g_ep=EgoyMDI1MTIwMi4wIKXMDSoASAFQAw%3D%3D",180000,cbm,https://www.igu.org/igu-reports/2025-world-lng-report,,,,,ME-GA,https://www.igu.org/igu-reports/2025-world-lng-report,2027,https://www.igu.org/igu-reports/2025-world-lng-report,IGU,,,,,,,
255,1053004,https://www.igu.org/igu-reports/2025-world-lng-report,Hull CMHI-282-05,https://www.igu.org/igu-reports/2025-world-lng-report,,,,Hull CMHI-282-05,https://www.igu.org/igu-reports/2025-world-lng-report,on order,GEM,12/31/2024,https://www.igu.org/igu-reports/2025-world-lng-report,Celsius Shipping,https://www.igu.org/igu-reports/2025-world-lng-report,Denmark,,China Merchants Heavy Industries,https://www.igu.org/igu-reports/2025-world-lng-report,China,https://www.cmhijs.com/en/index.php/about.html,22.33849,114.092895,"83QV+H7 Sai Tso Wan, Hong Kong",exact,"https://www.google.com/maps/place/China+Merchants+Industry+Co+Ltd/@22.338976,114.0905771,814m/data=!3m2!1e3!4b1!4m6!3m5!1s0x3403fed4344ce4b1:0x32fadf093b2cb212!8m2!3d22.338976!4d114.093152!16s%2Fg%2F12hmyy568?entry=ttu&g_ep=EgoyMDI1MTIwMi4wIKXMDSoASAFQAw%3D%3D",180000,cbm,https://www.igu.org/igu-reports/2025-world-lng-report,,,,,ME-GA,https://www.igu.org/igu-reports/2025-world-lng-report,2027,https://www.igu.org/igu-reports/2025-world-lng-report,IGU,,,,,,,
256,1066104,https://www.igu.org/igu-reports/2025-world-lng-report,Hull CMHI-282-06,https://www.igu.org/igu-reports/2025-world-lng-report,,,,Hull CMHI-282-06,https://www.igu.org/igu-reports/2025-world-lng-report,on order,GEM,12/31/2024,https://www.igu.org/igu-reports/2025-world-lng-report,Celsius Shipping,https://www.igu.org/igu-reports/2025-world-lng-report,Denmark,,China Merchants Heavy Industries,https://www.igu.org/igu-reports/2025-world-lng-report,China,https://www.cmhijs.com/en/index.php/about.html,22.33849,114.092895,"83QV+H7 Sai Tso Wan, Hong Kong",exact,"https://www.google.com/maps/place/China+Merchants+Industry+Co+Ltd/@22.338976,114.0905771,814m/data=!3m2!1e3!4b1!4m6!3m5!1s0x3403fed4344ce4b1:0x32fadf093b2cb212!8m2!3d22.338976!4d114.093152!16s%2Fg%2F12hmyy568?entry=ttu&g_ep=EgoyMDI1MTIwMi4wIKXMDSoASAFQAw%3D%3D",180000,cbm,https://www.igu.org/igu-reports/2025-world-lng-report,,,,,ME-GA,https://www.igu.org/igu-reports/2025-world-lng-report,2027,https://www.igu.org/igu-reports/2025-world-lng-report,IGU,,,,,,,
261,9986609,https://www.igu.org/igu-reports/2025-world-lng-report,Al Tuwar,https://system.new-vessels.com/Ship-16415765-.html,,,,Hull H1797A,https://www.igu.org/igu-reports/2025-world-lng-report,active,GEM,12/31/2024,https://www.igu.org/igu-reports/2025-world-lng-report,"MISC, NYK Line, K Line, China LNG",https://www.igu.org/igu-reports/2025-world-lng-report,Japan,"https://www.nyk.com/english/profile/profile/, https://en.wikipedia.org/wiki/Nippon_Yusen",Hudong-Zhonghua Shipbuilding,https://www.igu.org/igu-reports/2025-world-lng-report,China,https://www.shipyards.gr/shipyards/new-buildings-shipyards/newbuilding-farest-pacific-ocean/newbuilding-far-east-china-sea/china-south/hudong-zhonghua-shipbuilding-group-coltd,31.271988,121.575478,"7HCG+R4 Pudong, Shanghai, China",exact,"https://www.google.com/maps/place/Hudong-Zhonghua+Shipbuilding/@31.2720706,121.5727207,753m/data=!3m2!1e3!4b1!4m6!3m5!1s0x35b2742eceeb203d:0x37fddc7176d2cc24!8m2!3d31.2720706!4d121.5752956!16s%2Fg%2F1td0qx6d?entry=ttu&g_ep=EgoyMDI1MTIwMi4wIKXMDSoASAFQAw%3D%3D",174000,cbm,https://www.igu.org/igu-reports/2025-world-lng-report,,,,,X-DF,https://www.igu.org/igu-reports/2025-world-lng-report,2025,https://system.new-vessels.com/Ship-16415765-.html,IGU,,,,,,,
262,9986611,https://www.igu.org/igu-reports/2025-world-lng-report,Al Mashabiyyah,https://lngprime.com/asia/qatarenergy-lng-carrier-wraps-up-trials-in-china-2/156228/,,,,Hull H1798A,https://www.igu.org/igu-reports/2025-world-lng-report,active,GEM,12/18/2025,https://lngprime.com/asia/qatarenergy-lng-carrier-wraps-up-trials-in-china-2/156228/,"MISC, NYK Line, K Line, China LNG",https://www.igu.org/igu-reports/2025-world-lng-report,Japan,"https://www.nyk.com/english/profile/profile/, https://en.wikipedia.org/wiki/Nippon_Yusen",Hudong-Zhonghua Shipbuilding,https://www.igu.org/igu-reports/2025-world-lng-report,China,https://www.shipyards.gr/shipyards/new-buildings-shipyards/newbuilding-farest-pacific-ocean/newbuilding-far-east-china-sea/china-south/hudong-zhonghua-shipbuilding-group-coltd,31.271988,121.575478,"7HCG+R4 Pudong, Shanghai, China",exact,"https://www.google.com/maps/place/Hudong-Zhonghua+Shipbuilding/@31.2720706,121.5727207,753m/data=!3m2!1e3!4b1!4m6!3m5!1s0x35b2742eceeb203d:0x37fddc7176d2cc24!8m2!3d31.2720706!4d121.5752956!16s%2Fg%2F1td0qx6d?entry=ttu&g_ep=EgoyMDI1MTIwMi4wIKXMDSoASAFQAw%3D%3D",174000,cbm,https://www.igu.org/igu-reports/2025-world-lng-report,,,,,X-DF,https://www.igu.org/igu-reports/2025-world-lng-report,2025,https://lngprime.com/asia/qatarenergy-lng-carrier-wraps-up-trials-in-china-2/156228/,IGU,,,,,,,
263,9986623,https://www.igu.org/igu-reports/2025-world-lng-report,Hull H1799A,https://www.igu.org/igu-reports/2025-world-lng-report,,,,Hull H1799A,https://www.igu.org/igu-reports/2025-world-lng-report,on order,GEM,12/31/2024,https://www.igu.org/igu-reports/2025-world-lng-report,"MISC, NYK Line, K Line, China LNG",https://www.igu.org/igu-reports/2025-world-lng-report,Japan,"https://www.nyk.com/english/profile/profile/, https://en.wikipedia.org/wiki/Nippon_Yusen",Hudong-Zhonghua Shipbuilding,https://www.igu.org/igu-reports/2025-world-lng-report,China,https://www.shipyards.gr/shipyards/new-buildings-shipyards/newbuilding-farest-pacific-ocean/newbuilding-far-east-china-sea/china-south/hudong-zhonghua-shipbuilding-group-coltd,31.271988,121.575478,"7HCG+R4 Pudong, Shanghai, China",exact,"https://www.google.com/maps/place/Hudong-Zhonghua+Shipbuilding/@31.2720706,121.5727207,753m/data=!3m2!1e3!4b1!4m6!3m5!1s0x35b2742eceeb203d:0x37fddc7176d2cc24!8m2!3d31.2720706!4d121.5752956!16s%2Fg%2F1td0qx6d?entry=ttu&g_ep=EgoyMDI1MTIwMi4wIKXMDSoASAFQAw%3D%3D",174000,cbm,https://www.igu.org/igu-reports/2025-world-lng-report,,,,,X-DF,https://www.igu.org/igu-reports/2025-world-lng-report,2026,https://www.igu.org/igu-reports/2025-world-lng-report,IGU,,,,,,,
264,9986635,https://www.igu.org/igu-reports/2025-world-lng-report,Hull H1800A,https://www.igu.org/igu-reports/2025-world-lng-report,,,,Hull H1800A,https://www.igu.org/igu-reports/2025-world-lng-report,on order,GEM,12/31/2024,https://www.igu.org/igu-reports/2025-world-lng-report,"MISC, NYK Line, K Line, China LNG",https://www.igu.org/igu-reports/2025-world-lng-report,Japan,"https://www.nyk.com/english/profile/profile/, https://en.wikipedia.org/wiki/Nippon_Yusen",Hudong-Zhonghua Shipbuilding,https://www.igu.org/igu-reports/2025-world-lng-report,China,https://www.shipyards.gr/shipyards/new-buildings-shipyards/newbuilding-farest-pacific-ocean/newbuilding-far-east-china-sea/china-south/hudong-zhonghua-shipbuilding-group-coltd,31.271988,121.575478,"7HCG+R4 Pudong, Shanghai, China",exact,"https://www.google.com/maps/place/Hudong-Zhonghua+Shipbuilding/@31.2720706,121.5727207,753m/data=!3m2!1e3!4b1!4m6!3m5!1s0x35b2742eceeb203d:0x37fddc7176d2cc24!8m2!3d31.2720706!4d121.5752956!16s%2Fg%2F1td0qx6d?entry=ttu&g_ep=EgoyMDI1MTIwMi4wIKXMDSoASAFQAw%3D%3D",174000,cbm,https://www.igu.org/igu-reports/2025-world-lng-report,,,,,X-DF,https://www.igu.org/igu-reports/2025-world-lng-report,2026,https://www.igu.org/igu-reports/2025-world-lng-report,IGU,,,,,,,
265,9986647,https://www.igu.org/igu-reports/2025-world-lng-report,Hull H1801A,https://www.igu.org/igu-reports/2025-world-lng-report,,,,Hull H1801A,https://www.igu.org/igu-reports/2025-world-lng-report,on order,GEM,12/31/2024,https://www.igu.org/igu-reports/2025-world-lng-report,"MISC, NYK Line, K Line, China LNG",https://www.igu.org/igu-reports/2025-world-lng-report,Japan,"https://www.nyk.com/english/profile/profile/, https://en.wikipedia.org/wiki/Nippon_Yusen",Hudong-Zhonghua Shipbuilding,https://www.igu.org/igu-reports/2025-world-lng-report,China,https://www.shipyards.gr/shipyards/new-buildings-shipyards/newbuilding-farest-pacific-ocean/newbuilding-far-east-china-sea/china-south/hudong-zhonghua-shipbuilding-group-coltd,31.271988,121.575478,"7HCG+R4 Pudong, Shanghai, China",exact,"https://www.google.com/maps/place/Hudong-Zhonghua+Shipbuilding/@31.2720706,121.5727207,753m/data=!3m2!1e3!4b1!4m6!3m5!1s0x35b2742eceeb203d:0x37fddc7176d2cc24!8m2!3d31.2720706!4d121.5752956!16s%2Fg%2F1td0qx6d?entry=ttu&g_ep=EgoyMDI1MTIwMi4wIKXMDSoASAFQAw%3D%3D",174000,cbm,https://www.igu.org/igu-reports/2025-world-lng-report,,,,,X-DF,https://www.igu.org/igu-reports/2025-world-lng-report,2026,https://www.igu.org/igu-reports/2025-world-lng-report,IGU,,,,,,,
273,9994319,https://www.igu.org/igu-reports/2025-world-lng-report,Hull H1889A,https://www.igu.org/igu-reports/2025-world-lng-report,,,,Hull H1889A,https://www.igu.org/igu-reports/2025-world-lng-report,on order,GEM,12/31/2024,https://www.igu.org/igu-reports/2025-world-lng-report,"CNOOC, CMES, NYK JV",https://www.igu.org/igu-reports/2025-world-lng-report,Japan,"https://www.nyk.com/english/profile/profile/, https://en.wikipedia.org/wiki/Nippon_Yusen",Hudong-Zhonghua Shipbuilding,https://www.igu.org/igu-reports/2025-world-lng-report,China,https://www.shipyards.gr/shipyards/new-buildings-shipyards/newbuilding-farest-pacific-ocean/newbuilding-far-east-china-sea/china-south/hudong-zhonghua-shipbuilding-group-coltd,31.271988,121.575478,"7HCG+R4 Pudong, Shanghai, China",exact,"https://www.google.com/maps/place/Hudong-Zhonghua+Shipbuilding/@31.2720706,121.5727207,753m/data=!3m2!1e3!4b1!4m6!3m5!1s0x35b2742eceeb203d:0x37fddc7176d2cc24!8m2!3d31.2720706!4d121.5752956!16s%2Fg%2F1td0qx6d?entry=ttu&g_ep=EgoyMDI1MTIwMi4wIKXMDSoASAFQAw%3D%3D",174000,cbm,https://www.igu.org/igu-reports/2025-world-lng-report,,,,,X-DF,https://www.igu.org/igu-reports/2025-world-lng-report,2026,https://www.igu.org/igu-reports/2025-world-lng-report,IGU,,,,,210000000,USD,
274,9994321,https://www.igu.org/igu-reports/2025-world-lng-report,Hull H1890A,https://www.igu.org/igu-reports/2025-world-lng-report,,,,Hull H1890A,https://www.igu.org/igu-reports/2025-world-lng-report,on order,GEM,12/31/2024,https://www.igu.org/igu-reports/2025-world-lng-report,"CNOOC, CMES, NYK JV",https://www.igu.org/igu-reports/2025-world-lng-report,Japan,"https://www.nyk.com/english/profile/profile/, https://en.wikipedia.org/wiki/Nippon_Yusen",Hudong-Zhonghua Shipbuilding,https://www.igu.org/igu-reports/2025-world-lng-report,China,https://www.shipyards.gr/shipyards/new-buildings-shipyards/newbuilding-farest-pacific-ocean/newbuilding-far-east-china-sea/china-south/hudong-zhonghua-shipbuilding-group-coltd,31.271988,121.575478,"7HCG+R4 Pudong, Shanghai, China",exact,"https://www.google.com/maps/place/Hudong-Zhonghua+Shipbuilding/@31.2720706,121.5727207,753m/data=!3m2!1e3!4b1!4m6!3m5!1s0x35b2742eceeb203d:0x37fddc7176d2cc24!8m2!3d31.2720706!4d121.5752956!16s%2Fg%2F1td0qx6d?entry=ttu&g_ep=EgoyMDI1MTIwMi4wIKXMDSoASAFQAw%3D%3D",174000,cbm,https://www.igu.org/igu-reports/2025-world-lng-report,,,,,X-DF,https://www.igu.org/igu-reports/2025-world-lng-report,2026,https://www.igu.org/igu-reports/2025-world-lng-report,IGU,,,,,210000000,USD,
276,9979761,https://www.igu.org/igu-reports/2025-world-lng-report,Ocean Inspiration,https://www.marinetraffic.com/en/ais/details/ships/shipid:9418797/mmsi:477134800/imo:9979761/vessel:OCEAN_INSPIRATION,,,,Hull H1892A,https://www.igu.org/igu-reports/2025-world-lng-report,active,GEM,12/17/2025,https://www.marinetraffic.com/en/ais/details/ships/shipid:9418797/mmsi:477134800/imo:9979761/vessel:OCEAN_INSPIRATION,COSCO,https://www.igu.org/igu-reports/2025-world-lng-report,China,https://en.wikipedia.org/wiki/COSCO_Shipping,Hudong-Zhonghua Shipbuilding,https://www.igu.org/igu-reports/2025-world-lng-report,China,https://www.shipyards.gr/shipyards/new-buildings-shipyards/newbuilding-farest-pacific-ocean/newbuilding-far-east-china-sea/china-south/hudong-zhonghua-shipbuilding-group-coltd,31.271988,121.575478,"7HCG+R4 Pudong, Shanghai, China",exact,"https://www.google.com/maps/place/Hudong-Zhonghua+Shipbuilding/@31.2720706,121.5727207,753m/data=!3m2!1e3!4b1!4m6!3m5!1s0x35b2742eceeb203d:0x37fddc7176d2cc24!8m2!3d31.2720706!4d121.5752956!16s%2Fg%2F1td0qx6d?entry=ttu&g_ep=EgoyMDI1MTIwMi4wIKXMDSoASAFQAw%3D%3D",174000,cbm,https://www.igu.org/igu-reports/2025-world-lng-report,,,,,X-DF,https://www.igu.org/igu-reports/2025-world-lng-report,2025,https://www.igu.org/igu-reports/2025-world-lng-report,IGU,,,,,,,
277,9979773,https://www.igu.org/igu-reports/2025-world-lng-report,Ocean Oasis,https://system.new-vessels.com/Ship-14288388-OceanOasis.html,,,,Hull H1893A,https://www.igu.org/igu-reports/2025-world-lng-report,active,GEM,12/17/2025,https://system.new-vessels.com/Ship-14288388-OceanOasis.html,COSCO,https://www.igu.org/igu-reports/2025-world-lng-report,China,https://en.wikipedia.org/wiki/COSCO_Shipping,Hudong-Zhonghua Shipbuilding,https://www.igu.org/igu-reports/2025-world-lng-report,China,https://www.shipyards.gr/shipyards/new-buildings-shipyards/newbuilding-farest-pacific-ocean/newbuilding-far-east-china-sea/china-south/hudong-zhonghua-shipbuilding-group-coltd,31.271988,121.575478,"7HCG+R4 Pudong, Shanghai, China",exact,"https://www.google.com/maps/place/Hudong-Zhonghua+Shipbuilding/@31.2720706,121.5727207,753m/data=!3m2!1e3!4b1!4m6!3m5!1s0x35b2742eceeb203d:0x37fddc7176d2cc24!8m2!3d31.2720706!4d121.5752956!16s%2Fg%2F1td0qx6d?entry=ttu&g_ep=EgoyMDI1MTIwMi4wIKXMDSoASAFQAw%3D%3D",174000,cbm,https://www.igu.org/igu-reports/2025-world-lng-report,,,,,X-DF,https://www.igu.org/igu-reports/2025-world-lng-report,2025,https://www.igu.org/igu-reports/2025-world-lng-report,IGU,,,,,,,
288,1023865,https://www.igu.org/igu-reports/2025-world-lng-report,Qingcheng,https://www.vesselfinder.com/vessels/details/1023865,,,,Hull H1908A,https://www.igu.org/igu-reports/2025-world-lng-report,active,GEM,12/31/2024,https://www.vesselfinder.com/vessels/details/1023865,United Liquefied Gas,https://www.igu.org/igu-reports/2025-world-lng-report,Hong Kong,https://www1.hkexnews.hk/listedco/listconews/sehk/2020/0630/2020063001526.pdf,Hudong-Zhonghua Shipbuilding,https://www.igu.org/igu-reports/2025-world-lng-report,China,https://www.shipyards.gr/shipyards/new-buildings-shipyards/newbuilding-farest-pacific-ocean/newbuilding-far-east-china-sea/china-south/hudong-zhonghua-shipbuilding-group-coltd,31.271988,121.575478,"7HCG+R4 Pudong, Shanghai, China",exact,"https://www.google.com/maps/place/Hudong-Zhonghua+Shipbuilding/@31.2720706,121.5727207,753m/data=!3m2!1e3!4b1!4m6!3m5!1s0x35b2742eceeb203d:0x37fddc7176d2cc24!8m2!3d31.2720706!4d121.5752956!16s%2Fg%2F1td0qx6d?entry=ttu&g_ep=EgoyMDI1MTIwMi4wIKXMDSoASAFQAw%3D%3D",174000,cbm,https://www.igu.org/igu-reports/2025-world-lng-report,,,,,X-DF,https://www.igu.org/igu-reports/2025-world-lng-report,2025,https://www.vesselfinder.com/vessels/details/1023865,IGU,,,,,,,
289,1024754,https://www.igu.org/igu-reports/2025-world-lng-report,Hull H1909A,https://www.igu.org/igu-reports/2025-world-lng-report,,,,Hull H1909A,https://www.igu.org/igu-reports/2025-world-lng-report,on order,GEM,12/31/2024,https://www.igu.org/igu-reports/2025-world-lng-report,United Liquefied Gas,https://www.igu.org/igu-reports/2025-world-lng-report,Hong Kong,https://www1.hkexnews.hk/listedco/listconews/sehk/2020/0630/2020063001526.pdf,Hudong-Zhonghua Shipbuilding,https://www.igu.org/igu-reports/2025-world-lng-report,China,https://www.shipyards.gr/shipyards/new-buildings-shipyards/newbuilding-farest-pacific-ocean/newbuilding-far-east-china-sea/china-south/hudong-zhonghua-shipbuilding-group-coltd,31.271988,121.575478,"7HCG+R4 Pudong, Shanghai, China",exact,"https://www.google.com/maps/place/Hudong-Zhonghua+Shipbuilding/@31.2720706,121.5727207,753m/data=!3m2!1e3!4b1!4m6!3m5!1s0x35b2742eceeb203d:0x37fddc7176d2cc24!8m2!3d31.2720706!4d121.5752956!16s%2Fg%2F1td0qx6d?entry=ttu&g_ep=EgoyMDI1MTIwMi4wIKXMDSoASAFQAw%3D%3D",174000,cbm,https://www.igu.org/igu-reports/2025-world-lng-report,,,,,X-DF,https://www.igu.org/igu-reports/2025-world-lng-report,2026,https://www.igu.org/igu-reports/2025-world-lng-report,IGU,,,,,,,
322,9879698,https://www.igu.org/igu-reports/2025-world-lng-report,Adamastos,https://www.igu.org/igu-reports/2025-world-lng-report,,,,,,active,GEM,12/31/2024,https://www.igu.org/igu-reports/2025-world-lng-report,Capital Gas,https://www.igu.org/igu-reports/2025-world-lng-report,Greece,,HD Hyundai Heavy Industries,https://www.igu.org/igu-reports/2025-world-lng-report,South Korea,https://www.hd.com/en/main,35.51613,129.4383,GC8Q+M6 Ulsan,exact,https://www.google.com/maps/place/HD+Hyundai+Heavy+Industries+Ulsan+Shipyard/data=!3m1!1e3!4m10!1m2!2m1!1sHD+Hyundai!3m6!1s0x3567ce56ebbfb645:0xd94a696f9fca5d90!8m2!3d35.5167468!4d129.4380269!15sCgpIRCBIeXVuZGFpkgEIc2hpcHlhcmTgAQA!16s%2Fg%2F1tfhd8y1?entry=ttu&g_ep=EgoyMDI1MTIwMi4wIKXMDSoASAFQAw%3D%3D,174000,cbm,https://www.igu.org/igu-reports/2025-world-lng-report,membrane,https://www.igu.org/igu-reports/2025-world-lng-report,conventional,https://www.igu.org/igu-reports/2025-world-lng-report,X-DF,https://www.igu.org/igu-reports/2025-world-lng-report,2021,https://www.igu.org/igu-reports/2025-world-lng-report,IGU,,,,,,,
323,9831220,https://www.igu.org/igu-reports/2025-world-lng-report,Adriano Knutsen,https://www.igu.org/igu-reports/2025-world-lng-report,,,,,,active,GEM,12/31/2024,https://www.igu.org/igu-reports/2025-world-lng-report,Knutsen OAS,https://www.igu.org/igu-reports/2025-world-lng-report,Norway,https://www.imarinenews.com/35664.html,HD Hyundai Heavy Industries,https://www.igu.org/igu-reports/2025-world-lng-report,South Korea,https://www.hd.com/en/main,35.51613,129.4383,GC8Q+M6 Ulsan,exact,https://www.google.com/maps/place/HD+Hyundai+Heavy+Industries+Ulsan+Shipyard/data=!3m1!1e3!4m10!1m2!2m1!1sHD+Hyundai!3m6!1s0x3567ce56ebbfb645:0xd94a696f9fca5d90!8m2!3d35.5167468!4d129.4380269!15sCgpIRCBIeXVuZGFpkgEIc2hpcHlhcmTgAQA!16s%2Fg%2F1tfhd8y1?entry=ttu&g_ep=EgoyMDI1MTIwMi4wIKXMDSoASAFQAw%3D%3D,180000,cbm,https://www.igu.org/igu-reports/2025-world-lng-report,membrane,https://www.igu.org/igu-reports/2025-world-lng-report,conventional,https://www.igu.org/igu-reports/2025-world-lng-report,ME-GI,https://www.igu.org/igu-reports/2025-world-lng-report,2019,https://www.igu.org/igu-reports/2025-world-lng-report,IGU,,,,,,,
324,9975337,https://www.igu.org/igu-reports/2025-world-lng-report,Agamemnon,https://www.igu.org/igu-reports/2025-world-lng-report,,,,Hull 8199 (HSHI),"https://www.shipvault.com/ships/457557, https://shipvaultapi-gjb8c.ondigitalocean.app/api/units/457557",on order,GEM,12/31/2024,https://www.igu.org/igu-reports/2025-world-lng-report,Capital Gas,https://www.igu.org/igu-reports/2025-world-lng-report,Greece,,HD Hyundai Samho,https://www.igu.org/igu-reports/2025-world-lng-report,South Korea,https://www.hshi.co.kr/eng/,34.75031,126.3875,"Q92P+7M Yeongam-gun, Jeollanam-do",exact,https://www.google.com/maps/place/Hyundai+Samho+Heavy+Industries+Entrance/data=!3m1!1e3!4m10!1m2!2m1!1sHyundai+Samho+Heavy+Industries!3m6!1s0x3573a4568dfe21d7:0x865a025eb9b373b5!8m2!3d34.75066!4d126.386691!15sCh5IeXVuZGFpIFNhbWhvIEhlYXZ5IEluZHVzdHJpZXOSAQhidXNfc3RvcOABAA!16s%2Fg%2F11b77sqk26?entry=ttu&g_ep=EgoyMDI1MTIwMi4wIKXMDSoASAFQAw%3D%3D,174000,cbm,https://www.igu.org/igu-reports/2025-world-lng-report,,,,,ME-GA,https://www.igu.org/igu-reports/2025-world-lng-report,2026,https://www.igu.org/igu-reports/2025-world-lng-report,IGU,,,,,,,
325,9958286,https://www.igu.org/igu-reports/2025-world-lng-report,Aktoras,https://www.igu.org/igu-reports/2025-world-lng-report,,,,,,active,GEM,12/31/2024,https://www.igu.org/igu-reports/2025-world-lng-report,Capital Gas,https://www.igu.org/igu-reports/2025-world-lng-report,Greece,,HD Hyundai Heavy Industries,https://www.igu.org/igu-reports/2025-world-lng-report,South Korea,https://www.hd.com/en/main,35.51613,129.4383,GC8Q+M6 Ulsan,exact,https://www.google.com/maps/place/HD+Hyundai+Heavy+Industries+Ulsan+Shipyard/data=!3m1!1e3!4m10!1m2!2m1!1sHD+Hyundai!3m6!1s0x3567ce56ebbfb645:0xd94a696f9fca5d90!8m2!3d35.5167468!4d129.4380269!15sCgpIRCBIeXVuZGFpkgEIc2hpcHlhcmTgAQA!16s%2Fg%2F1tfhd8y1?entry=ttu&g_ep=EgoyMDI1MTIwMi4wIKXMDSoASAFQAw%3D%3D,174000,cbm,https://www.igu.org/igu-reports/2025-world-lng-report,membrane,https://www.igu.org/igu-reports/2025-world-lng-report,conventional,https://www.igu.org/igu-reports/2025-world-lng-report,ME-GA,https://www.igu.org/igu-reports/2025-world-lng-report,2024,https://www.igu.org/igu-reports/2025-world-lng-report,IGU,,,,,,,
332,9307176,https://www.igu.org/igu-reports/2025-world-lng-report,Al Deebel,https://www.igu.org/igu-reports/2025-world-lng-report,,,,,,active,GEM,12/31/2024,https://www.igu.org/igu-reports/2025-world-lng-report,"MOL, NYK Line, K Line",https://www.igu.org/igu-reports/2025-world-lng-report,Japan,"https://www.nyk.com/english/profile/profile/, https://en.wikipedia.org/wiki/Nippon_Yusen",Samsung Heavy Industries,https://www.igu.org/igu-reports/2025-world-lng-report,South Korea,https://www.samsungshi.com/En/Default.aspx,34.89804,128.6045,"VJW3+QV Geoje-si, Gyeongsangnam-do",exact,https://www.google.com/maps/place/Samsung+Heavy+industries/data=!3m1!1e3!4m10!1m2!2m1!1ssamsung+heavy+industries!3m6!1s0x356ecd83691a8fb5:0xd4204e9a1bb0ef10!8m2!3d34.8969682!4d128.6046376!15sChhzYW1zdW5nIGhlYXZ5IGluZHVzdHJpZXOSAQhzaGlweWFyZOABAA!16s%2Fg%2F1tgcpry6?entry=ttu&g_ep=EgoyMDI1MTIwMi4wIKXMDSoASAFQAw%3D%3D,145700,cbm,https://www.igu.org/igu-reports/2025-world-lng-report,membrane,https://www.igu.org/igu-reports/2025-world-lng-report,conventional,https://www.igu.org/igu-reports/2025-world-lng-report,steam,https://www.igu.org/igu-reports/2025-world-lng-report,2005,https://www.igu.org/igu-reports/2025-world-lng-report,IGU,,,,,,,
372,9986087,https://www.igu.org/igu-reports/2025-world-lng-report,Al-Slaimi,https://www.igu.org/igu-reports/2025-world-lng-report,,,,Hull 2560 (Hanwha),"https://www.shipvault.com/ships/465039, https://shipvaultapi-gjb8c.ondigitalocean.app/api/units/465039",on order,GEM,12/31/2024,https://www.igu.org/igu-reports/2025-world-lng-report,K3 Consortium,https://www.igu.org/igu-reports/2025-world-lng-report,,,Hanwha Ocean,https://www.igu.org/igu-reports/2025-world-lng-report,South Korea,https://www.hanwha.com/companies/hanwha-ocean.do,34.87385,128.6966,"VMCW+V7 Geoje-si, Gyeongsangnam-do",exact,https://www.google.com/maps/place/Hanwha+Ocean/data=!3m1!1e3!4m10!1m2!2m1!1sHanwha+Ocean!3m6!1s0x356ecd1d7a72f7db:0x3bfe90e7d8bf93f0!8m2!3d34.8721913!4d128.6956963!15sCgxIYW53aGEgT2NlYW5aDiIMaGFud2hhIG9jZWFukgEfc2hpcGJ1aWxkaW5nX2FuZF9yZXBhaXJfY29tcGFueZoBI0NoWkRTVWhOTUc5blMwVkpRMEZuVFVSUmRYVkVTMWhuRUFF4AEA-gEECAAQLA!16s%2Fg%2F11swmd6_76?entry=ttu&g_ep=EgoyMDI1MTIwMi4wIKXMDSoASAFQAw%3D%3D,174000,cbm,https://www.igu.org/igu-reports/2025-world-lng-report,,,,,ME-GA,https://www.igu.org/igu-reports/2025-world-lng-report,2026,https://www.igu.org/igu-reports/2025-world-lng-report,IGU,,,,,,,
373,9995727,https://www.igu.org/igu-reports/2025-world-lng-report,Alcaios I,https://www.igu.org/igu-reports/2025-world-lng-report,,,,Hull 8202 (HSHI),"https://www.shipvault.com/ships/462871, https://shipvaultapi-gjb8c.ondigitalocean.app/api/units/462871",on order,GEM,12/31/2024,https://www.igu.org/igu-reports/2025-world-lng-report,Capital Gas,https://www.igu.org/igu-reports/2025-world-lng-report,Greece,,HD Hyundai Samho,https://www.igu.org/igu-reports/2025-world-lng-report,South Korea,https://www.hshi.co.kr/eng/,34.75031,126.3875,"Q92P+7M Yeongam-gun, Jeollanam-do",exact,https://www.google.com/maps/place/Hyundai+Samho+Heavy+Industries+Entrance/data=!3m1!1e3!4m10!1m2!2m1!1sHyundai+Samho+Heavy+Industries!3m6!1s0x3573a4568dfe21d7:0x865a025eb9b373b5!8m2!3d34.75066!4d126.386691!15sCh5IeXVuZGFpIFNhbWhvIEhlYXZ5IEluZHVzdHJpZXOSAQhidXNfc3RvcOABAA!16s%2Fg%2F11b77sqk26?entry=ttu&g_ep=EgoyMDI1MTIwMi4wIKXMDSoASAFQAw%3D%3D,174000,cbm,https://www.igu.org/igu-reports/2025-world-lng-report,,,,,X-DF,https://www.igu.org/igu-reports/2025-world-lng-report,2026,https://www.igu.org/igu-reports/2025-world-lng-report,IGU,,,,,,,
374,9390185,https://www.igu.org/igu-reports/2025-world-lng-report,Alexandroupolis,https://www.igu.org/igu-reports/2025-world-lng-report,,,,,,active,GEM,12/31/2024,https://www.igu.org/igu-reports/2025-world-lng-report,GasLog,https://www.igu.org/igu-reports/2025-world-lng-report,Greece,"https://www.gaslogltd.com/contact-us/, https://www.gaslogltd.com/content/uploads/GasLog-Ltd-2022-annual-report-form-20-F.pdf",Hanjin H.I.,https://www.igu.org/igu-reports/2025-world-lng-report,South Korea,http://macnetkorea.com/sub/eng_sub.aspx?s_code=0503590000,35.09599,129.0521,33W3+74 Busan,exact,"https://www.google.com/maps/place/HJ+Shipbuilding+%26+Construction+Shipbuilding+Part+HQ/@35.7847587,116.7537988,2925451m/data=!3m1!1e3!4m10!1m2!2m1!1sHanjin+Heavy+Indsustries+!3m6!1s0x3568e943d5c03d35:0x2b4b4c7535d5b01d!8m2!3d35.0957327!4d129.052857!15sChdIYW5qaW4gSGVhdnkgSW5kdXN0cmllc5IBCHNoaXB5YXJk4AEA!16s%2Fg%2F1tdczks4?entry=ttu&g_ep=EgoyMDI1MTIwMi4wIKXMDSoASAFQAw%3D%3D",153000,cbm,https://www.igu.org/igu-reports/2025-world-lng-report,membrane,https://www.igu.org/igu-reports/2025-world-lng-report,conventional,https://www.igu.org/igu-reports/2025-world-lng-report,DFDE,https://www.igu.org/igu-reports/2025-world-lng-report,2010,https://www.igu.org/igu-reports/2025-world-lng-report,IGU,,,,,,,
375,9904546,https://www.igu.org/igu-reports/2025-world-lng-report,Alexey Kosygin,https://www.igu.org/igu-reports/2025-world-lng-report,"this was part of Arctic LNG 2, which has been sanctioned; IGU originally says 2025 delivery but BL is moving to 2026 for now",,,,,on order,GEM,12/11/2025,https://www.vesselfinder.com/vessels/details/9904546,Smart LNG,https://www.igu.org/igu-reports/2025-world-lng-report,Russia,https://2021-2025.state.gov/imposing-measures-in-response-to-navalnys-death-and-two-years-of-russias-full-scale-war-against-ukraine/,Zvezda Shipbuilding,https://www.igu.org/igu-reports/2025-world-lng-report,Russia,https://www.sskzvezda.ru/,43.12037,132.3456,"48CW+88 Bolshoy Kamen, Primorsky Krai, Russia",exact,"https://www.google.com/maps/place/%D0%A1%D0%A1%D0%9A+%C2%AB%D0%97%D0%B2%D0%B5%D0%B7%D0%B4%D0%B0%C2%BB/@43.121004,132.34029,643m/data=!3m1!1e3!4m15!1m7!2m6!1sZvezda+Shipbuilding!3m4!2s39.890604,+-75.188622!4m2!1d-75.1886219!2d39.8906036!3m6!1s0x5fb3c2dbb55ec52d:0x1380efacbe890818!8m2!3d43.1207847!4d132.3458251!15sChNadmV6ZGEgU2hpcGJ1aWxkaW5nkgEIc2hpcHlhcmTgAQA!16s%2Fg%2F11f03_n1zt?entry=ttu&g_ep=EgoyMDI1MTIwMi4wIKXMDSoASAFQAw%3D%3D",172600,cbm,https://www.igu.org/igu-reports/2025-world-lng-report,,,,,DFDE,https://www.igu.org/igu-reports/2025-world-lng-report,2026,https://www.igu.org/igu-reports/2025-world-lng-report,IGU,,,,,,,
376,9904194,https://www.igu.org/igu-reports/2025-world-lng-report,Alicante Knutsen,https://www.igu.org/igu-reports/2025-world-lng-report,,,,,,active,GEM,12/31/2024,https://www.igu.org/igu-reports/2025-world-lng-report,Knutsen OAS,https://www.igu.org/igu-reports/2025-world-lng-report,Norway,https://www.imarinenews.com/35664.html,HD Hyundai Heavy Industries,https://www.igu.org/igu-reports/2025-world-lng-report,South Korea,https://www.hd.com/en/main,35.51613,129.4383,GC8Q+M6 Ulsan,exact,https://www.google.com/maps/place/HD+Hyundai+Heavy+Industries+Ulsan+Shipyard/data=!3m1!1e3!4m10!1m2!2m1!1sHD+Hyundai!3m6!1s0x3567ce56ebbfb645:0xd94a696f9fca5d90!8m2!3d35.5167468!4d129.4380269!15sCgpIRCBIeXVuZGFpkgEIc2hpcHlhcmTgAQA!16s%2Fg%2F1tfhd8y1?entry=ttu&g_ep=EgoyMDI1MTIwMi4wIKXMDSoASAFQAw%3D%3D,174000,cbm,https://www.igu.org/igu-reports/2025-world-lng-report,membrane,https://www.igu.org/igu-reports/2025-world-lng-report,conventional,https://www.igu.org/igu-reports/2025-world-lng-report,X-DF,https://www.igu.org/igu-reports/2025-world-lng-report,2022,https://www.igu.org/igu-reports/2025-world-lng-report,IGU,,,,,,,
381,9845776,https://www.igu.org/igu-reports/2025-world-lng-report,Amberjack LNG,https://www.igu.org/igu-reports/2025-world-lng-report,,,,,,active,GEM,12/31/2024,https://www.igu.org/igu-reports/2025-world-lng-report,TMS Cardiff Gas,https://www.igu.org/igu-reports/2025-world-lng-report,Greece,https://system.new-vessels.com/orderer-45411-TMS_Cardiff_Gas_Ltd.html,HD Hyundai Heavy Industries,https://www.igu.org/igu-reports/2025-world-lng-report,South Korea,https://www.hd.com/en/main,35.51613,129.4383,GC8Q+M6 Ulsan,exact,https://www.google.com/maps/place/HD+Hyundai+Heavy+Industries+Ulsan+Shipyard/data=!3m1!1e3!4m10!1m2!2m1!1sHD+Hyundai!3m6!1s0x3567ce56ebbfb645:0xd94a696f9fca5d90!8m2!3d35.5167468!4d129.4380269!15sCgpIRCBIeXVuZGFpkgEIc2hpcHlhcmTgAQA!16s%2Fg%2F1tfhd8y1?entry=ttu&g_ep=EgoyMDI1MTIwMi4wIKXMDSoASAFQAw%3D%3D,174000,cbm,https://www.igu.org/igu-reports/2025-world-lng-report,membrane,https://www.igu.org/igu-reports/2025-world-lng-report,conventional,https://www.igu.org/igu-reports/2025-world-lng-report,X-DF,https://www.igu.org/igu-reports/2025-world-lng-report,2020,https://www.igu.org/igu-reports/2025-world-lng-report,IGU,,,,,,,
382,9943841,https://www.igu.org/igu-reports/2025-world-lng-report,Amore Mio I,https://www.igu.org/igu-reports/2025-world-lng-report,,,,,,active,GEM,12/31/2024,https://www.igu.org/igu-reports/2025-world-lng-report,Capital Gas,https://www.igu.org/igu-reports/2025-world-lng-report,Greece,,HD Hyundai Heavy Industries,https://www.igu.org/igu-reports/2025-world-lng-report,South Korea,https://www.hd.com/en/main,35.51613,129.4383,GC8Q+M6 Ulsan,exact,https://www.google.com/maps/place/HD+Hyundai+Heavy+Industries+Ulsan+Shipyard/data=!3m1!1e3!4m10!1m2!2m1!1sHD+Hyundai!3m6!1s0x3567ce56ebbfb645:0xd94a696f9fca5d90!8m2!3d35.5167468!4d129.4380269!15sCgpIRCBIeXVuZGFpkgEIc2hpcHlhcmTgAQA!16s%2Fg%2F1tfhd8y1?entry=ttu&g_ep=EgoyMDI1MTIwMi4wIKXMDSoASAFQAw%3D%3D,174000,cbm,https://www.igu.org/igu-reports/2025-world-lng-report,membrane,https://www.igu.org/igu-reports/2025-world-lng-report,conventional,https://www.igu.org/igu-reports/2025-world-lng-report,ME-GA,https://www.igu.org/igu-reports/2025-world-lng-report,2023,https://www.igu.org/igu-reports/2025-world-lng-report,IGU,,,,,,,
384,9995739,https://www.igu.org/igu-reports/2025-world-lng-report,Antaios I,https://www.igu.org/igu-reports/2025-world-lng-report,,,,Hull 8203 (HSHI),"https://www.shipvault.com/ships/462872, https://shipvaultapi-gjb8c.ondigitalocean.app/api/units/462872",on order,GEM,12/31/2024,https://www.igu.org/igu-reports/2025-world-lng-report,Capital Gas,https://www.igu.org/igu-reports/2025-world-lng-report,Greece,,HD Hyundai Samho,https://www.igu.org/igu-reports/2025-world-lng-report,South Korea,https://www.hshi.co.kr/eng/,34.75031,126.3875,"Q92P+7M Yeongam-gun, Jeollanam-do",exact,https://www.google.com/maps/place/Hyundai+Samho+Heavy+Industries+Entrance/data=!3m1!1e3!4m10!1m2!2m1!1sHyundai+Samho+Heavy+Industries!3m6!1s0x3573a4568dfe21d7:0x865a025eb9b373b5!8m2!3d34.75066!4d126.386691!15sCh5IeXVuZGFpIFNhbWhvIEhlYXZ5IEluZHVzdHJpZXOSAQhidXNfc3RvcOABAA!16s%2Fg%2F11b77sqk26?entry=ttu&g_ep=EgoyMDI1MTIwMi4wIKXMDSoASAFQAw%3D%3D,174000,cbm,https://www.igu.org/igu-reports/2025-world-lng-report,,,,,X-DF,https://www.igu.org/igu-reports/2025-world-lng-report,2026,https://www.igu.org/igu-reports/2025-world-lng-report,IGU,,,,,,,
385,9957737,https://www.igu.org/igu-reports/2025-world-lng-report,Apostolos,https://www.igu.org/igu-reports/2025-world-lng-report,,,,,,active,GEM,12/31/2024,https://www.igu.org/igu-reports/2025-world-lng-report,Capital Gas,https://www.igu.org/igu-reports/2025-world-lng-report,Greece,,HD Hyundai Heavy Industries,https://www.igu.org/igu-reports/2025-world-lng-report,South Korea,https://www.hd.com/en/main,35.51613,129.4383,GC8Q+M6 Ulsan,exact,https://www.google.com/maps/place/HD+Hyundai+Heavy+Industries+Ulsan+Shipyard/data=!3m1!1e3!4m10!1m2!2m1!1sHD+Hyundai!3m6!1s0x3567ce56ebbfb645:0xd94a696f9fca5d90!8m2!3d35.5167468!4d129.4380269!15sCgpIRCBIeXVuZGFpkgEIc2hpcHlhcmTgAQA!16s%2Fg%2F1tfhd8y1?entry=ttu&g_ep=EgoyMDI1MTIwMi4wIKXMDSoASAFQAw%3D%3D,174000,cbm,https://www.igu.org/igu-reports/2025-world-lng-report,membrane,https://www.igu.org/igu-reports/2025-world-lng-report,conventional,https://www.igu.org/igu-reports/2025-world-lng-report,ME-GA,https://www.igu.org/igu-reports/2025-world-lng-report,2024,https://www.igu.org/igu-reports/2025-world-lng-report,IGU,,,,,,,
386,9975325,https://www.igu.org/igu-reports/2025-world-lng-report,Archimidis,https://www.igu.org/igu-reports/2025-world-lng-report,,,,Hull 8198 (HSHI),"https://www.shipvault.com/ships/457556, https://shipvaultapi-gjb8c.ondigitalocean.app/api/units/457556",on order,GEM,12/31/2024,https://www.igu.org/igu-reports/2025-world-lng-report,Capital Gas,https://www.igu.org/igu-reports/2025-world-lng-report,Greece,,HD Hyundai Samho,https://www.igu.org/igu-reports/2025-world-lng-report,South Korea,https://www.hshi.co.kr/eng/,34.75031,126.3875,"Q92P+7M Yeongam-gun, Jeollanam-do",exact,https://www.google.com/maps/place/Hyundai+Samho+Heavy+Industries+Entrance/data=!3m1!1e3!4m10!1m2!2m1!1sHyundai+Samho+Heavy+Industries!3m6!1s0x3573a4568dfe21d7:0x865a025eb9b373b5!8m2!3d34.75066!4d126.386691!15sCh5IeXVuZGFpIFNhbWhvIEhlYXZ5IEluZHVzdHJpZXOSAQhidXNfc3RvcOABAA!16s%2Fg%2F11b77sqk26?entry=ttu&g_ep=EgoyMDI1MTIwMi4wIKXMDSoASAFQAw%3D%3D,174000,cbm,https://www.igu.org/igu-reports/2025-world-lng-report,,,,,ME-GA,https://www.igu.org/igu-reports/2025-world-lng-report,2026,https://www.igu.org/igu-reports/2025-world-lng-report,IGU,,,,,,,
387,9999993,https://www.igu.org/igu-reports/2025-world-lng-report,Archon,https://www.igu.org/igu-reports/2025-world-lng-report,,,,Hull 8207 (HSHI),"https://www.shipvault.com/ships/465071, https://shipvaultapi-gjb8c.ondigitalocean.app/api/units/465071",on order,GEM,12/31/2024,https://www.igu.org/igu-reports/2025-world-lng-report,Capital Gas,https://www.igu.org/igu-reports/2025-world-lng-report,Greece,,HD Hyundai Samho,https://www.igu.org/igu-reports/2025-world-lng-report,South Korea,https://www.hshi.co.kr/eng/,34.75031,126.3875,"Q92P+7M Yeongam-gun, Jeollanam-do",exact,https://www.google.com/maps/place/Hyundai+Samho+Heavy+Industries+Entrance/data=!3m1!1e3!4m10!1m2!2m1!1sHyundai+Samho+Heavy+Industries!3m6!1s0x3573a4568dfe21d7:0x865a025eb9b373b5!8m2!3d34.75066!4d126.386691!15sCh5IeXVuZGFpIFNhbWhvIEhlYXZ5IEluZHVzdHJpZXOSAQhidXNfc3RvcOABAA!16s%2Fg%2F11b77sqk26?entry=ttu&g_ep=EgoyMDI1MTIwMi4wIKXMDSoASAFQAw%3D%3D,174000,cbm,https://www.igu.org/igu-reports/2025-world-lng-report,,,,,X-DF,https://www.igu.org/igu-reports/2025-world-lng-report,2027,https://www.igu.org/igu-reports/2025-world-lng-report,IGU,,,,,,,
393,9862918,https://www.igu.org/igu-reports/2025-world-lng-report,Aristarchos,https://www.igu.org/igu-reports/2025-world-lng-report,,,,,,active,GEM,12/31/2024,https://www.igu.org/igu-reports/2025-world-lng-report,Capital Gas,https://www.igu.org/igu-reports/2025-world-lng-report,Greece,,HD Hyundai Heavy Industries,https://www.igu.org/igu-reports/2025-world-lng-report,South Korea,https://www.hd.com/en/main,35.51613,129.4383,GC8Q+M6 Ulsan,exact,https://www.google.com/maps/place/HD+Hyundai+Heavy+Industries+Ulsan+Shipyard/data=!3m1!1e3!4m10!1m2!2m1!1sHD+Hyundai!3m6!1s0x3567ce56ebbfb645:0xd94a696f9fca5d90!8m2!3d35.5167468!4d129.4380269!15sCgpIRCBIeXVuZGFpkgEIc2hpcHlhcmTgAQA!16s%2Fg%2F1tfhd8y1?entry=ttu&g_ep=EgoyMDI1MTIwMi4wIKXMDSoASAFQAw%3D%3D,174000,cbm,https://www.igu.org/igu-reports/2025-world-lng-report,membrane,https://www.igu.org/igu-reports/2025-world-lng-report,conventional,https://www.igu.org/igu-reports/2025-world-lng-report,X-DF,https://www.igu.org/igu-reports/2025-world-lng-report,2021,https://www.igu.org/igu-reports/2025-world-lng-report,IGU,,,,,,,
394,9862906,https://www.igu.org/igu-reports/2025-world-lng-report,Aristidis I,https://www.igu.org/igu-reports/2025-world-lng-report,,,,,,active,GEM,12/31/2024,https://www.igu.org/igu-reports/2025-world-lng-report,Capital Gas,https://www.igu.org/igu-reports/2025-world-lng-report,Greece,,HD Hyundai Heavy Industries,https://www.igu.org/igu-reports/2025-world-lng-report,South Korea,https://www.hd.com/en/main,35.51613,129.4383,GC8Q+M6 Ulsan,exact,https://www.google.com/maps/place/HD+Hyundai+Heavy+Industries+Ulsan+Shipyard/data=!3m1!1e3!4m10!1m2!2m1!1sHD+Hyundai!3m6!1s0x3567ce56ebbfb645:0xd94a696f9fca5d90!8m2!3d35.5167468!4d129.4380269!15sCgpIRCBIeXVuZGFpkgEIc2hpcHlhcmTgAQA!16s%2Fg%2F1tfhd8y1?entry=ttu&g_ep=EgoyMDI1MTIwMi4wIKXMDSoASAFQAw%3D%3D,174000,cbm,https://www.igu.org/igu-reports/2025-world-lng-report,membrane,https://www.igu.org/igu-reports/2025-world-lng-report,conventional,https://www.igu.org/igu-reports/2025-world-lng-report,X-DF,https://www.igu.org/igu-reports/2025-world-lng-report,2021,https://www.igu.org/igu-reports/2025-world-lng-report,IGU,,,,,,,
395,9862891,https://www.igu.org/igu-reports/2025-world-lng-report,Aristos I,https://www.igu.org/igu-reports/2025-world-lng-report,,,,,,active,GEM,12/31/2024,https://www.igu.org/igu-reports/2025-world-lng-report,Capital Gas,https://www.igu.org/igu-reports/2025-world-lng-report,Greece,,HD Hyundai Heavy Industries,https://www.igu.org/igu-reports/2025-world-lng-report,South Korea,https://www.hd.com/en/main,35.51613,129.4383,GC8Q+M6 Ulsan,exact,https://www.google.com/maps/place/HD+Hyundai+Heavy+Industries+Ulsan+Shipyard/data=!3m1!1e3!4m10!1m2!2m1!1sHD+Hyundai!3m6!1s0x3567ce56ebbfb645:0xd94a696f9fca5d90!8m2!3d35.5167468!4d129.4380269!15sCgpIRCBIeXVuZGFpkgEIc2hpcHlhcmTgAQA!16s%2Fg%2F1tfhd8y1?entry=ttu&g_ep=EgoyMDI1MTIwMi4wIKXMDSoASAFQAw%3D%3D,174000,cbm,https://www.igu.org/igu-reports/2025-world-lng-report,membrane,https://www.igu.org/igu-reports/2025-world-lng-report,conventional,https://www.igu.org/igu-reports/2025-world-lng-report,X-DF,https://www.igu.org/igu-reports/2025-world-lng-report,2020,https://www.igu.org/igu-reports/2025-world-lng-report,IGU,,,,,,,
406,9884021,https://www.igu.org/igu-reports/2025-world-lng-report,Asklipios,https://www.igu.org/igu-reports/2025-world-lng-report,,,,,,active,GEM,12/31/2024,https://www.igu.org/igu-reports/2025-world-lng-report,Capital Gas,https://www.igu.org/igu-reports/2025-world-lng-report,Greece,,HD Hyundai Heavy Industries,https://www.igu.org/igu-reports/2025-world-lng-report,South Korea,https://www.hd.com/en/main,35.51613,129.4383,GC8Q+M6 Ulsan,exact,https://www.google.com/maps/place/HD+Hyundai+Heavy+Industries+Ulsan+Shipyard/data=!3m1!1e3!4m10!1m2!2m1!1sHD+Hyundai!3m6!1s0x3567ce56ebbfb645:0xd94a696f9fca5d90!8m2!3d35.5167468!4d129.4380269!15sCgpIRCBIeXVuZGFpkgEIc2hpcHlhcmTgAQA!16s%2Fg%2F1tfhd8y1?entry=ttu&g_ep=EgoyMDI1MTIwMi4wIKXMDSoASAFQAw%3D%3D,174000,cbm,https://www.igu.org/igu-reports/2025-world-lng-report,membrane,https://www.igu.org/igu-reports/2025-world-lng-report,conventional,https://www.igu.org/igu-reports/2025-world-lng-report,X-DF,https://www.igu.org/igu-reports/2025-world-lng-report,2021,https://www.igu.org/igu-reports/2025-world-lng-report,IGU,,,,,,,
407,9892298,https://www.igu.org/igu-reports/2025-world-lng-report,Asterix I,https://www.igu.org/igu-reports/2025-world-lng-report,,,,,,active,GEM,12/31/2024,https://www.igu.org/igu-reports/2025-world-lng-report,Capital Gas,https://www.igu.org/igu-reports/2025-world-lng-report,Greece,,HD Hyundai Heavy Industries,https://www.igu.org/igu-reports/2025-world-lng-report,South Korea,https://www.hd.com/en/main,35.51613,129.4383,GC8Q+M6 Ulsan,exact,https://www.google.com/maps/place/HD+Hyundai+Heavy+Industries+Ulsan+Shipyard/data=!3m1!1e3!4m10!1m2!2m1!1sHD+Hyundai!3m6!1s0x3567ce56ebbfb645:0xd94a696f9fca5d90!8m2!3d35.5167468!4d129.4380269!15sCgpIRCBIeXVuZGFpkgEIc2hpcHlhcmTgAQA!16s%2Fg%2F1tfhd8y1?entry=ttu&g_ep=EgoyMDI1MTIwMi4wIKXMDSoASAFQAw%3D%3D,174000,cbm,https://www.igu.org/igu-reports/2025-world-lng-report,membrane,https://www.igu.org/igu-reports/2025-world-lng-report,conventional,https://www.igu.org/igu-reports/2025-world-lng-report,X-DF,https://www.igu.org/igu-reports/2025-world-lng-report,2023,https://www.igu.org/igu-reports/2025-world-lng-report,IGU,,,,,,,
408,9999981,https://www.shipvault.com/ships/465070,Athlos,https://www.shipvault.com/ships/465070,,,,Hull 8206 (HSHI),"https://www.shipvault.com/ships/465070, https://shipvaultapi-gjb8c.ondigitalocean.app/api/units/465070",on order,SFOC,12/8/2025,https://www.shipvault.com/ships/465070,Capital Clean ECC,https://www.shipvault.com/ships/465070,Greece,https://www.shipvault.com/ships/465070,HD Hyundai Samho,https://www.shipvault.com/ships/465070,South Korea,https://www.shipvault.com/ships/465070,34.75031,126.3875,"Q92P+7M Yeongam-gun, Jeollanam-do",exact,https://www.google.com/maps/place/Hyundai+Samho+Heavy+Industries+Entrance/data=!3m1!1e3!4m10!1m2!2m1!1sHyundai+Samho+Heavy+Industries!3m6!1s0x3573a4568dfe21d7:0x865a025eb9b373b5!8m2!3d34.75066!4d126.386691!15sCh5IeXVuZGFpIFNhbWhvIEhlYXZ5IEluZHVzdHJpZXOSAQhidXNfc3RvcOABAA!16s%2Fg%2F11b77sqk26?entry=ttu&g_ep=EgoyMDI1MTIwMi4wIKXMDSoASAFQAw%3D%3D,,,,,,,,,,2027,https://www.shipvault.com/ships/465070,Clarkson,,,1-Jan-2023,https://www.shipvault.com/ships/465070,250,$m,https://www.shipvault.com/ships/465070
409,9862920,https://www.igu.org/igu-reports/2025-world-lng-report,Attalos,https://www.igu.org/igu-reports/2025-world-lng-report,,,,,,active,GEM,12/31/2024,https://www.igu.org/igu-reports/2025-world-lng-report,Capital Gas,https://www.igu.org/igu-reports/2025-world-lng-report,Greece,,HD Hyundai Heavy Industries,https://www.igu.org/igu-reports/2025-world-lng-report,South Korea,https://www.hd.com/en/main,35.51613,129.4383,GC8Q+M6 Ulsan,exact,https://www.google.com/maps/place/HD+Hyundai+Heavy+Industries+Ulsan+Shipyard/data=!3m1!1e3!4m10!1m2!2m1!1sHD+Hyundai!3m6!1s0x3567ce56ebbfb645:0xd94a696f9fca5d90!8m2!3d35.5167468!4d129.4380269!15sCgpIRCBIeXVuZGFpkgEIc2hpcHlhcmTgAQA!16s%2Fg%2F1tfhd8y1?entry=ttu&g_ep=EgoyMDI1MTIwMi4wIKXMDSoASAFQAw%3D%3D,174000,cbm,https://www.igu.org/igu-reports/2025-world-lng-report,membrane,https://www.igu.org/igu-reports/2025-world-lng-report,conventional,https://www.igu.org/igu-reports/2025-world-lng-report,X-DF,https://www.igu.org/igu-reports/2025-world-lng-report,2021,https://www.igu.org/igu-reports/2025-world-lng-report,IGU,,,,,,,
410,9943853,https://www.igu.org/igu-reports/2025-world-lng-report,Axios II,https://www.igu.org/igu-reports/2025-world-lng-report,,,,,,active,GEM,12/31/2024,https://www.igu.org/igu-reports/2025-world-lng-report,Capital Gas,https://www.igu.org/igu-reports/2025-world-lng-report,Greece,,HD Hyundai Heavy Industries,https://www.igu.org/igu-reports/2025-world-lng-report,South Korea,https://www.hd.com/en/main,35.51613,129.4383,GC8Q+M6 Ulsan,exact,https://www.google.com/maps/place/HD+Hyundai+Heavy+Industries+Ulsan+Shipyard/data=!3m1!1e3!4m10!1m2!2m1!1sHD+Hyundai!3m6!1s0x3567ce56ebbfb645:0xd94a696f9fca5d90!8m2!3d35.5167468!4d129.4380269!15sCgpIRCBIeXVuZGFpkgEIc2hpcHlhcmTgAQA!16s%2Fg%2F1tfhd8y1?entry=ttu&g_ep=EgoyMDI1MTIwMi4wIKXMDSoASAFQAw%3D%3D,174000,cbm,https://www.igu.org/igu-reports/2025-world-lng-report,membrane,https://www.igu.org/igu-reports/2025-world-lng-report,conventional,https://www.igu.org/igu-reports/2025-world-lng-report,ME-GA,https://www.igu.org/igu-reports/2025-world-lng-report,2024,https://www.igu.org/igu-reports/2025-world-lng-report,IGU,,,,,,,
411,9401295,https://www.igu.org/igu-reports/2025-world-lng-report,Barcelona Knutsen,https://www.igu.org/igu-reports/2025-world-lng-report,,,,,,active,GEM,12/31/2024,https://www.igu.org/igu-reports/2025-world-lng-report,Knutsen OAS,https://www.igu.org/igu-reports/2025-world-lng-report,Norway,https://www.imarinenews.com/35664.html,Hanwha Ocean,https://www.igu.org/igu-reports/2025-world-lng-report,South Korea,https://www.hanwha.com/companies/hanwha-ocean.do,34.87385,128.6966,"VMCW+V7 Geoje-si, Gyeongsangnam-do",exact,https://www.google.com/maps/place/Hanwha+Ocean/data=!3m1!1e3!4m10!1m2!2m1!1sHanwha+Ocean!3m6!1s0x356ecd1d7a72f7db:0x3bfe90e7d8bf93f0!8m2!3d34.8721913!4d128.6956963!15sCgxIYW53aGEgT2NlYW5aDiIMaGFud2hhIG9jZWFukgEfc2hpcGJ1aWxkaW5nX2FuZF9yZXBhaXJfY29tcGFueZoBI0NoWkRTVWhOTUc5blMwVkpRMEZuVFVSUmRYVkVTMWhuRUFF4AEA-gEECAAQLA!16s%2Fg%2F11swmd6_76?entry=ttu&g_ep=EgoyMDI1MTIwMi4wIKXMDSoASAFQAw%3D%3D,173400,cbm,https://www.igu.org/igu-reports/2025-world-lng-report,membrane,https://www.igu.org/igu-reports/2025-world-lng-report,conventional,https://www.igu.org/igu-reports/2025-world-lng-report,DFDE,https://www.igu.org/igu-reports/2025-world-lng-report,2009,https://www.igu.org/igu-reports/2025-world-lng-report,IGU,,,,,,,
416,9236432,https://www.igu.org/igu-reports/2025-world-lng-report,Bilbao Knutsen,https://www.igu.org/igu-reports/2025-world-lng-report,,,,,,active,GEM,12/31/2024,https://www.igu.org/igu-reports/2025-world-lng-report,Knutsen OAS,https://www.igu.org/igu-reports/2025-world-lng-report,Norway,https://www.imarinenews.com/35664.html,IZAR,https://www.igu.org/igu-reports/2025-world-lng-report,Spain,https://www.globalsecurity.org/military/world/europe/es-izar.htm,41.579516,2.562883,"HHH7+R4 Arenys de Mar, Spain",exact,"https://www.google.com/maps/place/ARESA+SHIPYARD/@41.5798212,2.5599317,809m/data=!3m1!1e3!4m6!3m5!1s0x12bb3623a661b4a5:0xcf2c76d98efea980!8m2!3d41.579563!4d2.56282!16s%2Fg%2F11bzzgkk40?entry=ttu&g_ep=EgoyMDI1MTIwMi4wIKXMDSoASAFQAw%3D%3D",138000,cbm,https://www.igu.org/igu-reports/2025-world-lng-report,membrane,https://www.igu.org/igu-reports/2025-world-lng-report,conventional,https://www.igu.org/igu-reports/2025-world-lng-report,steam,https://www.igu.org/igu-reports/2025-world-lng-report,2004,https://www.igu.org/igu-reports/2025-world-lng-report,IGU,,,,,,,
418,9845788,https://www.igu.org/igu-reports/2025-world-lng-report,Bonito LNG,https://www.igu.org/igu-reports/2025-world-lng-report,,,,,,active,GEM,12/31/2024,https://www.igu.org/igu-reports/2025-world-lng-report,TMS Cardiff Gas,https://www.igu.org/igu-reports/2025-world-lng-report,Greece,https://system.new-vessels.com/orderer-45411-TMS_Cardiff_Gas_Ltd.html,HD Hyundai Heavy Industries,https://www.igu.org/igu-reports/2025-world-lng-report,South Korea,https://www.hd.com/en/main,35.51613,129.4383,GC8Q+M6 Ulsan,exact,https://www.google.com/maps/place/HD+Hyundai+Heavy+Industries+Ulsan+Shipyard/data=!3m1!1e3!4m10!1m2!2m1!1sHD+Hyundai!3m6!1s0x3567ce56ebbfb645:0xd94a696f9fca5d90!8m2!3d35.5167468!4d129.4380269!15sCgpIRCBIeXVuZGFpkgEIc2hpcHlhcmTgAQA!16s%2Fg%2F1tfhd8y1?entry=ttu&g_ep=EgoyMDI1MTIwMi4wIKXMDSoASAFQAw%3D%3D,174000,cbm,https://www.igu.org/igu-reports/2025-world-lng-report,membrane,https://www.igu.org/igu-reports/2025-world-lng-report,conventional,https://www.igu.org/igu-reports/2025-world-lng-report,X-DF,https://www.igu.org/igu-reports/2025-world-lng-report,2020,https://www.igu.org/igu-reports/2025-world-lng-report,IGU,,,,,,,
430,9796793,https://www.igu.org/igu-reports/2025-world-lng-report,Bushu Maru,https://www.igu.org/igu-reports/2025-world-lng-report,,,,,,active,GEM,12/31/2024,https://www.igu.org/igu-reports/2025-world-lng-report,"NYK Line, JERA",https://www.igu.org/igu-reports/2025-world-lng-report,Japan,"https://www.nyk.com/english/profile/profile/, https://en.wikipedia.org/wiki/Nippon_Yusen",Mitsubishi Heavy Industries,https://www.igu.org/igu-reports/2025-world-lng-report,Japan,https://www.mhi.com/,35.412837,139.668503,"CM8G+QG Yokohama, Kanagawa, Japan",exact,"https://www.google.com/maps/place/Mitsubishi+Heavy+Industries+Yokohama+Dockyard+%26+Machinery+Works/@35.5677012,139.4295502,45835m/data=!3m1!1e3!4m10!1m2!2m1!1sMitsubishi+Heavy+Industries!3m6!1s0x601842bd2acc85ff:0x1c719ae9bbc013df!8m2!3d35.4169184!4d139.6762959!15sChtNaXRzdWJpc2hpIEhlYXZ5IEluZHVzdHJpZXMiA4gBAZIBCHNoaXB5YXJk4AEA!16s%2Fg%2F11btvwmdj6?entry=ttu&g_ep=EgoyMDI1MTIwMi4wIKXMDSoASAFQAw%3D%3D",180000,cbm,https://www.igu.org/igu-reports/2025-world-lng-report,spherical,https://www.igu.org/igu-reports/2025-world-lng-report,conventional,https://www.igu.org/igu-reports/2025-world-lng-report,STaGE,https://www.igu.org/igu-reports/2025-world-lng-report,2019,https://www.igu.org/igu-reports/2025-world-lng-report,IGU,,,,,,,
453,9246578,https://www.igu.org/igu-reports/2025-world-lng-report,Cadiz Knutsen,https://www.igu.org/igu-reports/2025-world-lng-report,,,,,,active,GEM,12/31/2024,https://www.igu.org/igu-reports/2025-world-lng-report,Knutsen OAS,https://www.igu.org/igu-reports/2025-world-lng-report,Norway,https://www.imarinenews.com/35664.html,IZAR,https://www.igu.org/igu-reports/2025-world-lng-report,Spain,https://www.globalsecurity.org/military/world/europe/es-izar.htm,41.579516,2.562883,"HHH7+R4 Arenys de Mar, Spain",exact,"https://www.google.com/maps/place/ARESA+SHIPYARD/@41.5798212,2.5599317,809m/data=!3m1!1e3!4m6!3m5!1s0x12bb3623a661b4a5:0xcf2c76d98efea980!8m2!3d41.579563!4d2.56282!16s%2Fg%2F11bzzgkk40?entry=ttu&g_ep=EgoyMDI1MTIwMi4wIKXMDSoASAFQAw%3D%3D",138000,cbm,https://www.igu.org/igu-reports/2025-world-lng-report,membrane,https://www.igu.org/igu-reports/2025-world-lng-report,conventional,https://www.igu.org/igu-reports/2025-world-lng-report,steam,https://www.igu.org/igu-reports/2025-world-lng-report,2004,https://www.igu.org/igu-reports/2025-world-lng-report,IGU,,,,,,,
460,9864796,https://www.igu.org/igu-reports/2025-world-lng-report,Celsius Canberra,https://www.igu.org/igu-reports/2025-world-lng-report,,,,,,active,GEM,12/31/2024,https://www.igu.org/igu-reports/2025-world-lng-report,Celsius Shipping,https://www.igu.org/igu-reports/2025-world-lng-report,Denmark,,Samsung Heavy Industries,https://www.igu.org/igu-reports/2025-world-lng-report,South Korea,https://www.samsungshi.com/En/Default.aspx,34.89804,128.6045,"VJW3+QV Geoje-si, Gyeongsangnam-do",exact,https://www.google.com/maps/place/Samsung+Heavy+industries/data=!3m1!1e3!4m10!1m2!2m1!1ssamsung+heavy+industries!3m6!1s0x356ecd83691a8fb5:0xd4204e9a1bb0ef10!8m2!3d34.8969682!4d128.6046376!15sChhzYW1zdW5nIGhlYXZ5IGluZHVzdHJpZXOSAQhzaGlweWFyZOABAA!16s%2Fg%2F1tgcpry6?entry=ttu&g_ep=EgoyMDI1MTIwMi4wIKXMDSoASAFQAw%3D%3D,180000,cbm,https://www.igu.org/igu-reports/2025-world-lng-report,membrane,https://www.igu.org/igu-reports/2025-world-lng-report,conventional,https://www.igu.org/igu-reports/2025-world-lng-report,X-DF,https://www.igu.org/igu-reports/2025-world-lng-report,2021,https://www.igu.org/igu-reports/2025-world-lng-report,IGU,,,,,,,
461,9878723,https://www.igu.org/igu-reports/2025-world-lng-report,Celsius Carolina,https://www.igu.org/igu-reports/2025-world-lng-report,,,,,,active,GEM,12/31/2024,https://www.igu.org/igu-reports/2025-world-lng-report,"Celsius Shipping, Basalt",https://www.igu.org/igu-reports/2025-world-lng-report,Denmark,,Samsung Heavy Industries,https://www.igu.org/igu-reports/2025-world-lng-report,South Korea,https://www.samsungshi.com/En/Default.aspx,34.89804,128.6045,"VJW3+QV Geoje-si, Gyeongsangnam-do",exact,https://www.google.com/maps/place/Samsung+Heavy+industries/data=!3m1!1e3!4m10!1m2!2m1!1ssamsung+heavy+industries!3m6!1s0x356ecd83691a8fb5:0xd4204e9a1bb0ef10!8m2!3d34.8969682!4d128.6046376!15sChhzYW1zdW5nIGhlYXZ5IGluZHVzdHJpZXOSAQhzaGlweWFyZOABAA!16s%2Fg%2F1tgcpry6?entry=ttu&g_ep=EgoyMDI1MTIwMi4wIKXMDSoASAFQAw%3D%3D,180000,cbm,https://www.igu.org/igu-reports/2025-world-lng-report,membrane,https://www.igu.org/igu-reports/2025-world-lng-report,conventional,https://www.igu.org/igu-reports/2025-world-lng-report,X-DF,https://www.igu.org/igu-reports/2025-world-lng-report,2021,https://www.igu.org/igu-reports/2025-world-lng-report,IGU,,,,,,,
462,9878711,https://www.igu.org/igu-reports/2025-world-lng-report,Celsius Charlotte,https://www.igu.org/igu-reports/2025-world-lng-report,,,,,,active,GEM,12/31/2024,https://www.igu.org/igu-reports/2025-world-lng-report,Celsius Shipping,https://www.igu.org/igu-reports/2025-world-lng-report,Denmark,,Samsung Heavy Industries,https://www.igu.org/igu-reports/2025-world-lng-report,South Korea,https://www.samsungshi.com/En/Default.aspx,34.89804,128.6045,"VJW3+QV Geoje-si, Gyeongsangnam-do",exact,https://www.google.com/maps/place/Samsung+Heavy+industries/data=!3m1!1e3!4m10!1m2!2m1!1ssamsung+heavy+industries!3m6!1s0x356ecd83691a8fb5:0xd4204e9a1bb0ef10!8m2!3d34.8969682!4d128.6046376!15sChhzYW1zdW5nIGhlYXZ5IGluZHVzdHJpZXOSAQhzaGlweWFyZOABAA!16s%2Fg%2F1tgcpry6?entry=ttu&g_ep=EgoyMDI1MTIwMi4wIKXMDSoASAFQAw%3D%3D,180000,cbm,https://www.igu.org/igu-reports/2025-world-lng-report,membrane,https://www.igu.org/igu-reports/2025-world-lng-report,conventional,https://www.igu.org/igu-reports/2025-world-lng-report,X-DF,https://www.igu.org/igu-reports/2025-world-lng-report,2021,https://www.igu.org/igu-reports/2025-world-lng-report,IGU,,,,,,,
463,9864784,https://www.igu.org/igu-reports/2025-world-lng-report,Celsius Copenhagen,https://www.igu.org/igu-reports/2025-world-lng-report,,,,,,active,GEM,12/31/2024,https://www.igu.org/igu-reports/2025-world-lng-report,"Celsius Shipping, Basalt",https://www.igu.org/igu-reports/2025-world-lng-report,Denmark,,Samsung Heavy Industries,https://www.igu.org/igu-reports/2025-world-lng-report,South Korea,https://www.samsungshi.com/En/Default.aspx,34.89804,128.6045,"VJW3+QV Geoje-si, Gyeongsangnam-do",exact,https://www.google.com/maps/place/Samsung+Heavy+industries/data=!3m1!1e3!4m10!1m2!2m1!1ssamsung+heavy+industries!3m6!1s0x356ecd83691a8fb5:0xd4204e9a1bb0ef10!8m2!3d34.8969682!4d128.6046376!15sChhzYW1zdW5nIGhlYXZ5IGluZHVzdHJpZXOSAQhzaGlweWFyZOABAA!16s%2Fg%2F1tgcpry6?entry=ttu&g_ep=EgoyMDI1MTIwMi4wIKXMDSoASAFQAw%3D%3D,180000,cbm,https://www.igu.org/igu-reports/2025-world-lng-report,membrane,https://www.igu.org/igu-reports/2025-world-lng-report,conventional,https://www.igu.org/igu-reports/2025-world-lng-report,X-DF,https://www.igu.org/igu-reports/2025-world-lng-report,2020,https://www.igu.org/igu-reports/2025-world-lng-report,IGU,,,,,,,
464,9945435,https://www.igu.org/igu-reports/2025-world-lng-report,Celsius Geneva,https://www.igu.org/igu-reports/2025-world-lng-report,,,,,,active,GEM,12/31/2024,https://www.igu.org/igu-reports/2025-world-lng-report,Celsius Shipping,https://www.igu.org/igu-reports/2025-world-lng-report,Denmark,,Samsung Heavy Industries,https://www.igu.org/igu-reports/2025-world-lng-report,South Korea,https://www.samsungshi.com/En/Default.aspx,34.89804,128.6045,"VJW3+QV Geoje-si, Gyeongsangnam-do",exact,https://www.google.com/maps/place/Samsung+Heavy+industries/data=!3m1!1e3!4m10!1m2!2m1!1ssamsung+heavy+industries!3m6!1s0x356ecd83691a8fb5:0xd4204e9a1bb0ef10!8m2!3d34.8969682!4d128.6046376!15sChhzYW1zdW5nIGhlYXZ5IGluZHVzdHJpZXOSAQhzaGlweWFyZOABAA!16s%2Fg%2F1tgcpry6?entry=ttu&g_ep=EgoyMDI1MTIwMi4wIKXMDSoASAFQAw%3D%3D,180000,cbm,https://www.igu.org/igu-reports/2025-world-lng-report,membrane,https://www.igu.org/igu-reports/2025-world-lng-report,conventional,https://www.igu.org/igu-reports/2025-world-lng-report,ME-GA,https://www.igu.org/igu-reports/2025-world-lng-report,2023,https://www.igu.org/igu-reports/2025-world-lng-report,IGU,,,,,,,
465,9945447,https://www.igu.org/igu-reports/2025-world-lng-report,Celsius Giza,https://www.igu.org/igu-reports/2025-world-lng-report,,,,,,active,GEM,12/31/2024,https://www.igu.org/igu-reports/2025-world-lng-report,Celsius Shipping,https://www.igu.org/igu-reports/2025-world-lng-report,Denmark,,Samsung Heavy Industries,https://www.igu.org/igu-reports/2025-world-lng-report,South Korea,https://www.samsungshi.com/En/Default.aspx,34.89804,128.6045,"VJW3+QV Geoje-si, Gyeongsangnam-do",exact,https://www.google.com/maps/place/Samsung+Heavy+industries/data=!3m1!1e3!4m10!1m2!2m1!1ssamsung+heavy+industries!3m6!1s0x356ecd83691a8fb5:0xd4204e9a1bb0ef10!8m2!3d34.8969682!4d128.6046376!15sChhzYW1zdW5nIGhlYXZ5IGluZHVzdHJpZXOSAQhzaGlweWFyZOABAA!16s%2Fg%2F1tgcpry6?entry=ttu&g_ep=EgoyMDI1MTIwMi4wIKXMDSoASAFQAw%3D%3D,180000,cbm,https://www.igu.org/igu-reports/2025-world-lng-report,membrane,https://www.igu.org/igu-reports/2025-world-lng-report,conventional,https://www.igu.org/igu-reports/2025-world-lng-report,ME-GA,https://www.igu.org/igu-reports/2025-world-lng-report,2023,https://www.igu.org/igu-reports/2025-world-lng-report,IGU,,,,,,,
466,9945459,https://www.igu.org/igu-reports/2025-world-lng-report,Celsius Glarus,https://www.igu.org/igu-reports/2025-world-lng-report,,,,,,active,GEM,12/31/2024,https://www.igu.org/igu-reports/2025-world-lng-report,Celsius Shipping,https://www.igu.org/igu-reports/2025-world-lng-report,Denmark,,Samsung Heavy Industries,https://www.igu.org/igu-reports/2025-world-lng-report,South Korea,https://www.samsungshi.com/En/Default.aspx,34.89804,128.6045,"VJW3+QV Geoje-si, Gyeongsangnam-do",exact,https://www.google.com/maps/place/Samsung+Heavy+industries/data=!3m1!1e3!4m10!1m2!2m1!1ssamsung+heavy+industries!3m6!1s0x356ecd83691a8fb5:0xd4204e9a1bb0ef10!8m2!3d34.8969682!4d128.6046376!15sChhzYW1zdW5nIGhlYXZ5IGluZHVzdHJpZXOSAQhzaGlweWFyZOABAA!16s%2Fg%2F1tgcpry6?entry=ttu&g_ep=EgoyMDI1MTIwMi4wIKXMDSoASAFQAw%3D%3D,180000,cbm,https://www.igu.org/igu-reports/2025-world-lng-report,membrane,https://www.igu.org/igu-reports/2025-world-lng-report,conventional,https://www.igu.org/igu-reports/2025-world-lng-report,ME-GA,https://www.igu.org/igu-reports/2025-world-lng-report,2024,https://www.igu.org/igu-reports/2025-world-lng-report,IGU,,,,,,,
476,9994046,https://www.igu.org/igu-reports/2025-world-lng-report,Clean Brownsville,https://www.igu.org/igu-reports/2025-world-lng-report,,,,Hull 3435 (HDHHI),"https://www.shipvault.com/ships/467732, https://shipvaultapi-gjb8c.ondigitalocean.app/api/units/467732",on order,GEM,12/31/2024,https://www.igu.org/igu-reports/2025-world-lng-report,Dynagas,https://www.igu.org/igu-reports/2025-world-lng-report,,,HD Hyundai Heavy Industries,https://www.igu.org/igu-reports/2025-world-lng-report,South Korea,https://www.hd.com/en/main,35.51613,129.4383,GC8Q+M6 Ulsan,exact,https://www.google.com/maps/place/HD+Hyundai+Heavy+Industries+Ulsan+Shipyard/data=!3m1!1e3!4m10!1m2!2m1!1sHD+Hyundai!3m6!1s0x3567ce56ebbfb645:0xd94a696f9fca5d90!8m2!3d35.5167468!4d129.4380269!15sCgpIRCBIeXVuZGFpkgEIc2hpcHlhcmTgAQA!16s%2Fg%2F1tfhd8y1?entry=ttu&g_ep=EgoyMDI1MTIwMi4wIKXMDSoASAFQAw%3D%3D,200000,cbm,https://www.igu.org/igu-reports/2025-world-lng-report,,,,,ME-GA,https://www.igu.org/igu-reports/2025-world-lng-report,2026,https://www.igu.org/igu-reports/2025-world-lng-report,IGU,,,,,,,
487,9994034,https://www.igu.org/igu-reports/2025-world-lng-report,Clean Rio Grande,https://www.igu.org/igu-reports/2025-world-lng-report,,,,Hull 3434 (HDHHI),"https://www.shipvault.com/ships/466740, https://shipvaultapi-gjb8c.ondigitalocean.app/api/units/466740",on order,GEM,12/31/2024,https://www.igu.org/igu-reports/2025-world-lng-report,Dynagas,https://www.igu.org/igu-reports/2025-world-lng-report,,,HD Hyundai Heavy Industries,https://www.igu.org/igu-reports/2025-world-lng-report,South Korea,https://www.hd.com/en/main,35.51613,129.4383,GC8Q+M6 Ulsan,exact,https://www.google.com/maps/place/HD+Hyundai+Heavy+Industries+Ulsan+Shipyard/data=!3m1!1e3!4m10!1m2!2m1!1sHD+Hyundai!3m6!1s0x3567ce56ebbfb645:0xd94a696f9fca5d90!8m2!3d35.5167468!4d129.4380269!15sCgpIRCBIeXVuZGFpkgEIc2hpcHlhcmTgAQA!16s%2Fg%2F1tfhd8y1?entry=ttu&g_ep=EgoyMDI1MTIwMi4wIKXMDSoASAFQAw%3D%3D,200000,cbm,https://www.igu.org/igu-reports/2025-world-lng-report,,,,,ME-GA,https://www.igu.org/igu-reports/2025-world-lng-report,2027,https://www.igu.org/igu-reports/2025-world-lng-report,IGU,,,,,,,
489,9994008,https://www.igu.org/igu-reports/2025-world-lng-report,Clean Texas,https://www.igu.org/igu-reports/2025-world-lng-report,,,,Hull 3433 (HDHHI),"https://www.shipvault.com/ships/466739, https://shipvaultapi-gjb8c.ondigitalocean.app/api/units/466739",on order,GEM,12/31/2024,https://www.igu.org/igu-reports/2025-world-lng-report,Dynagas,https://www.igu.org/igu-reports/2025-world-lng-report,,,HD Hyundai Heavy Industries,https://www.igu.org/igu-reports/2025-world-lng-report,South Korea,https://www.hd.com/en/main,35.51613,129.4383,GC8Q+M6 Ulsan,exact,https://www.google.com/maps/place/HD+Hyundai+Heavy+Industries+Ulsan+Shipyard/data=!3m1!1e3!4m10!1m2!2m1!1sHD+Hyundai!3m6!1s0x3567ce56ebbfb645:0xd94a696f9fca5d90!8m2!3d35.5167468!4d129.4380269!15sCgpIRCBIeXVuZGFpkgEIc2hpcHlhcmTgAQA!16s%2Fg%2F1tfhd8y1?entry=ttu&g_ep=EgoyMDI1MTIwMi4wIKXMDSoASAFQAw%3D%3D,200000,cbm,https://www.igu.org/igu-reports/2025-world-lng-report,,,,,ME-GA,https://www.igu.org/igu-reports/2025-world-lng-report,2027,https://www.igu.org/igu-reports/2025-world-lng-report,IGU,,,,,,,
492,9869306,https://www.igu.org/igu-reports/2025-world-lng-report,Cobia LNG,https://www.igu.org/igu-reports/2025-world-lng-report,,,,,,active,GEM,12/31/2024,https://www.igu.org/igu-reports/2025-world-lng-report,TMS Cardiff Gas,https://www.igu.org/igu-reports/2025-world-lng-report,Greece,https://system.new-vessels.com/orderer-45411-TMS_Cardiff_Gas_Ltd.html,HD Hyundai Heavy Industries,https://www.igu.org/igu-reports/2025-world-lng-report,South Korea,https://www.hd.com/en/main,35.51613,129.4383,GC8Q+M6 Ulsan,exact,https://www.google.com/maps/place/HD+Hyundai+Heavy+Industries+Ulsan+Shipyard/data=!3m1!1e3!4m10!1m2!2m1!1sHD+Hyundai!3m6!1s0x3567ce56ebbfb645:0xd94a696f9fca5d90!8m2!3d35.5167468!4d129.4380269!15sCgpIRCBIeXVuZGFpkgEIc2hpcHlhcmTgAQA!16s%2Fg%2F1tfhd8y1?entry=ttu&g_ep=EgoyMDI1MTIwMi4wIKXMDSoASAFQAw%3D%3D,174000,cbm,https://www.igu.org/igu-reports/2025-world-lng-report,membrane,https://www.igu.org/igu-reports/2025-world-lng-report,conventional,https://www.igu.org/igu-reports/2025-world-lng-report,X-DF,https://www.igu.org/igu-reports/2025-world-lng-report,2021,https://www.igu.org/igu-reports/2025-world-lng-report,IGU,,,,,,,
504,9636711,https://www.igu.org/igu-reports/2025-world-lng-report,Corcovado LNG,https://www.igu.org/igu-reports/2025-world-lng-report,,,,,,active,GEM,12/31/2024,https://www.igu.org/igu-reports/2025-world-lng-report,TMS Cardiff Gas,https://www.igu.org/igu-reports/2025-world-lng-report,Greece,https://system.new-vessels.com/orderer-45411-TMS_Cardiff_Gas_Ltd.html,Hanwha Ocean,https://www.igu.org/igu-reports/2025-world-lng-report,South Korea,https://www.hanwha.com/companies/hanwha-ocean.do,34.87385,128.6966,"VMCW+V7 Geoje-si, Gyeongsangnam-do",exact,https://www.google.com/maps/place/Hanwha+Ocean/data=!3m1!1e3!4m10!1m2!2m1!1sHanwha+Ocean!3m6!1s0x356ecd1d7a72f7db:0x3bfe90e7d8bf93f0!8m2!3d34.8721913!4d128.6956963!15sCgxIYW53aGEgT2NlYW5aDiIMaGFud2hhIG9jZWFukgEfc2hpcGJ1aWxkaW5nX2FuZF9yZXBhaXJfY29tcGFueZoBI0NoWkRTVWhOTUc5blMwVkpRMEZuVFVSUmRYVkVTMWhuRUFF4AEA-gEECAAQLA!16s%2Fg%2F11swmd6_76?entry=ttu&g_ep=EgoyMDI1MTIwMi4wIKXMDSoASAFQAw%3D%3D,160100,cbm,https://www.igu.org/igu-reports/2025-world-lng-report,membrane,https://www.igu.org/igu-reports/2025-world-lng-report,conventional,https://www.igu.org/igu-reports/2025-world-lng-report,DFDE,https://www.igu.org/igu-reports/2025-world-lng-report,2014,https://www.igu.org/igu-reports/2025-world-lng-report,IGU,,,,,,,
506,9376294,https://www.igu.org/igu-reports/2025-world-lng-report,Cygnus Passage,https://www.igu.org/igu-reports/2025-world-lng-report,,,,,,active,GEM,12/31/2024,https://www.igu.org/igu-reports/2025-world-lng-report,"TEPCO, NYK Line, Mitsubishi",https://www.igu.org/igu-reports/2025-world-lng-report,Japan,"https://www.nyk.com/english/profile/profile/, https://en.wikipedia.org/wiki/Nippon_Yusen",Mitsubishi Heavy Industries,https://www.igu.org/igu-reports/2025-world-lng-report,Japan,https://www.mhi.com/,35.412837,139.668503,"CM8G+QG Yokohama, Kanagawa, Japan",exact,"https://www.google.com/maps/place/Mitsubishi+Heavy+Industries+Yokohama+Dockyard+%26+Machinery+Works/@35.5677012,139.4295502,45835m/data=!3m1!1e3!4m10!1m2!2m1!1sMitsubishi+Heavy+Industries!3m6!1s0x601842bd2acc85ff:0x1c719ae9bbc013df!8m2!3d35.4169184!4d139.6762959!15sChtNaXRzdWJpc2hpIEhlYXZ5IEluZHVzdHJpZXMiA4gBAZIBCHNoaXB5YXJk4AEA!16s%2Fg%2F11btvwmdj6?entry=ttu&g_ep=EgoyMDI1MTIwMi4wIKXMDSoASAFQAw%3D%3D",147000,cbm,https://www.igu.org/igu-reports/2025-world-lng-report,spherical,https://www.igu.org/igu-reports/2025-world-lng-report,conventional,https://www.igu.org/igu-reports/2025-world-lng-report,steam,https://www.igu.org/igu-reports/2025-world-lng-report,2009,https://www.igu.org/igu-reports/2025-world-lng-report,IGU,,,,,,,
507,1058327,https://www.igu.org/igu-reports/2025-world-lng-report,Dalian No 1 G175K-10,https://www.igu.org/igu-reports/2025-world-lng-report,,,,Hull G175K-10,"https://www.shipvault.com/ships/481198, https://shipvaultapi-gjb8c.ondigitalocean.app/api/units/481198",on order,GEM,12/31/2024,https://www.igu.org/igu-reports/2025-world-lng-report,China Energy Shipping,https://www.igu.org/igu-reports/2025-world-lng-report,,,DSIC (Dalian Shipbuilding Industry Co),https://www.igu.org/igu-reports/2025-world-lng-report,China,http://www.dsic.cn/English/CorporateProfile/AboutUs/index.htm,38.937861,121.638613,"WJMP+FX6, Binhai St, Xigang District, Dalian, Dalian, Liaoning, China, 116006",exact,"https://www.google.com/maps/place/Dalian+Shipbuilding+Heavy+Industry+Co.,Ltd./@38.9301597,121.6171177,2740m/data=!3m1!1e3!4m15!1m7!2m6!1sDalian+Shipbuilding+Industry+Co!3m4!2s60.153931,+24.928542!4m2!1d24.9285418!2d60.1539309!3m6!1s0x3585f55b64d083c7:0x46a88d8ffb6405f2!8m2!3d38.9336592!4d121.6374032!15sCh9EYWxpYW4gU2hpcGJ1aWxkaW5nIEluZHVzdHJ5IENvkgEHY29tcGFueeABAA!16s%2Fg%2F1tf_qtz_?entry=ttu&g_ep=EgoyMDI1MTIwMi4wIKXMDSoASAFQAw%3D%3D",175000,cbm,https://www.igu.org/igu-reports/2025-world-lng-report,,,,,X-DF,https://www.igu.org/igu-reports/2025-world-lng-report,2027,https://www.igu.org/igu-reports/2025-world-lng-report,IGU,Sinopec,https://lngprime.com/asia/dsic-seals-700-million-lng-shipbuilding-deal-with-cosco-and-sinopec/90380/,31-Aug-2023,https://lngprime.com/asia/dsic-seals-700-million-lng-shipbuilding-deal-with-cosco-and-sinopec/90380/,233300000,USD,https://lngprime.com/asia/dsic-seals-700-million-lng-shipbuilding-deal-with-cosco-and-sinopec/90380/
508,1069194,https://www.igu.org/igu-reports/2025-world-lng-report,Dalian No 1 G175K-11,https://www.igu.org/igu-reports/2025-world-lng-report,,,,Hull G175K-11,"https://www.shipvault.com/ships/481199, https://shipvaultapi-gjb8c.ondigitalocean.app/api/units/481199",on order,GEM,12/31/2024,https://www.igu.org/igu-reports/2025-world-lng-report,COSCO,https://www.igu.org/igu-reports/2025-world-lng-report,China,https://en.wikipedia.org/wiki/COSCO_Shipping,DSIC (Dalian Shipbuilding Industry Co),https://www.igu.org/igu-reports/2025-world-lng-report,China,http://www.dsic.cn/English/CorporateProfile/AboutUs/index.htm,38.937861,121.638613,"WJMP+FX6, Binhai St, Xigang District, Dalian, Dalian, Liaoning, China, 116006",exact,"https://www.google.com/maps/place/Dalian+Shipbuilding+Heavy+Industry+Co.,Ltd./@38.9301597,121.6171177,2740m/data=!3m1!1e3!4m15!1m7!2m6!1sDalian+Shipbuilding+Industry+Co!3m4!2s60.153931,+24.928542!4m2!1d24.9285418!2d60.1539309!3m6!1s0x3585f55b64d083c7:0x46a88d8ffb6405f2!8m2!3d38.9336592!4d121.6374032!15sCh9EYWxpYW4gU2hpcGJ1aWxkaW5nIEluZHVzdHJ5IENvkgEHY29tcGFueeABAA!16s%2Fg%2F1tf_qtz_?entry=ttu&g_ep=EgoyMDI1MTIwMi4wIKXMDSoASAFQAw%3D%3D",175000,cbm,https://www.igu.org/igu-reports/2025-world-lng-report,,,,,X-DF,https://www.igu.org/igu-reports/2025-world-lng-report,2028,https://www.igu.org/igu-reports/2025-world-lng-report,IGU,,,,,,,
509,1030557,https://www.igu.org/igu-reports/2025-world-lng-report,Dalian No 1 G175K-12,https://www.igu.org/igu-reports/2025-world-lng-report,,,,Hull G175K-12,"https://www.shipvault.com/ships/469427, https://shipvaultapi-gjb8c.ondigitalocean.app/api/units/469427",on order,GEM,12/31/2024,https://www.igu.org/igu-reports/2025-world-lng-report,"Wah Kwong, China Gas, CSSC",https://www.igu.org/igu-reports/2025-world-lng-report,,,DSIC (Dalian Shipbuilding Industry Co),https://www.igu.org/igu-reports/2025-world-lng-report,China,http://www.dsic.cn/English/CorporateProfile/AboutUs/index.htm,38.937861,121.638613,"WJMP+FX6, Binhai St, Xigang District, Dalian, Dalian, Liaoning, China, 116006",exact,"https://www.google.com/maps/place/Dalian+Shipbuilding+Heavy+Industry+Co.,Ltd./@38.9301597,121.6171177,2740m/data=!3m1!1e3!4m15!1m7!2m6!1sDalian+Shipbuilding+Industry+Co!3m4!2s60.153931,+24.928542!4m2!1d24.9285418!2d60.1539309!3m6!1s0x3585f55b64d083c7:0x46a88d8ffb6405f2!8m2!3d38.9336592!4d121.6374032!15sCh9EYWxpYW4gU2hpcGJ1aWxkaW5nIEluZHVzdHJ5IENvkgEHY29tcGFueeABAA!16s%2Fg%2F1tf_qtz_?entry=ttu&g_ep=EgoyMDI1MTIwMi4wIKXMDSoASAFQAw%3D%3D",175000,cbm,https://www.igu.org/igu-reports/2025-world-lng-report,membrane,https://lngprime.com/asia/dsic-to-build-two-lng-carriers-for-china-gas-jv/86496/,,,X-DF,https://www.igu.org/igu-reports/2025-world-lng-report,2028,https://www.igu.org/igu-reports/2025-world-lng-report,IGU,China Gas Hongda Energy Trading,https://lngprime.com/asia/dsic-to-build-two-lng-carriers-for-china-gas-jv/86496/,,,235000000,USD,"https://lngprime.com/asia/dsic-to-build-two-lng-carriers-for-china-gas-jv/86496/, https://lngprime.com/asia/china-gas-wah-kwong-and-cssc-shipping-decide-to-order-lng-carrier-duo/107180/"
510,1030569,https://www.igu.org/igu-reports/2025-world-lng-report,Dalian No 1 G175K-13,https://www.igu.org/igu-reports/2025-world-lng-report,,,,Hull G175K-13,"https://www.shipvault.com/ships/469428, https://shipvaultapi-gjb8c.ondigitalocean.app/api/units/469428",on order,GEM,12/31/2024,https://www.igu.org/igu-reports/2025-world-lng-report,"Wah Kwong, China Gas, CSSC",https://www.igu.org/igu-reports/2025-world-lng-report,,,DSIC (Dalian Shipbuilding Industry Co),https://www.igu.org/igu-reports/2025-world-lng-report,China,http://www.dsic.cn/English/CorporateProfile/AboutUs/index.htm,38.937861,121.638613,"WJMP+FX6, Binhai St, Xigang District, Dalian, Dalian, Liaoning, China, 116006",exact,"https://www.google.com/maps/place/Dalian+Shipbuilding+Heavy+Industry+Co.,Ltd./@38.9301597,121.6171177,2740m/data=!3m1!1e3!4m15!1m7!2m6!1sDalian+Shipbuilding+Industry+Co!3m4!2s60.153931,+24.928542!4m2!1d24.9285418!2d60.1539309!3m6!1s0x3585f55b64d083c7:0x46a88d8ffb6405f2!8m2!3d38.9336592!4d121.6374032!15sCh9EYWxpYW4gU2hpcGJ1aWxkaW5nIEluZHVzdHJ5IENvkgEHY29tcGFueeABAA!16s%2Fg%2F1tf_qtz_?entry=ttu&g_ep=EgoyMDI1MTIwMi4wIKXMDSoASAFQAw%3D%3D",175000,cbm,https://www.igu.org/igu-reports/2025-world-lng-report,membrane,https://lngprime.com/asia/dsic-to-build-two-lng-carriers-for-china-gas-jv/86496/,,,X-DF,https://www.igu.org/igu-reports/2025-world-lng-report,2027,https://www.igu.org/igu-reports/2025-world-lng-report,IGU,China Gas Hongda Energy Trading,https://lngprime.com/asia/dsic-to-build-two-lng-carriers-for-china-gas-jv/86496/,,,235000000,USD,"https://lngprime.com/asia/dsic-to-build-two-lng-carriers-for-china-gas-jv/86496/, https://lngprime.com/asia/china-gas-wah-kwong-and-cssc-shipping-decide-to-order-lng-carrier-duo/107180/"
511,1093896,https://www.igu.org/igu-reports/2025-world-lng-report,Dalian No 1 G175K-14,https://www.igu.org/igu-reports/2025-world-lng-report,,,,Hull G175K-14,"https://www.shipvault.com/ships/485162, https://shipvaultapi-gjb8c.ondigitalocean.app/api/units/485162",on order,GEM,12/31/2024,https://www.igu.org/igu-reports/2025-world-lng-report,"Wah Kwong, China Gas, CSSC",https://www.igu.org/igu-reports/2025-world-lng-report,,,DSIC (Dalian Shipbuilding Industry Co),https://www.igu.org/igu-reports/2025-world-lng-report,China,http://www.dsic.cn/English/CorporateProfile/AboutUs/index.htm,38.937861,121.638613,"WJMP+FX6, Binhai St, Xigang District, Dalian, Dalian, Liaoning, China, 116006",exact,"https://www.google.com/maps/place/Dalian+Shipbuilding+Heavy+Industry+Co.,Ltd./@38.9301597,121.6171177,2740m/data=!3m1!1e3!4m15!1m7!2m6!1sDalian+Shipbuilding+Industry+Co!3m4!2s60.153931,+24.928542!4m2!1d24.9285418!2d60.1539309!3m6!1s0x3585f55b64d083c7:0x46a88d8ffb6405f2!8m2!3d38.9336592!4d121.6374032!15sCh9EYWxpYW4gU2hpcGJ1aWxkaW5nIEluZHVzdHJ5IENvkgEHY29tcGFueeABAA!16s%2Fg%2F1tf_qtz_?entry=ttu&g_ep=EgoyMDI1MTIwMi4wIKXMDSoASAFQAw%3D%3D",175000,cbm,https://www.igu.org/igu-reports/2025-world-lng-report,membrane,https://lngprime.com/asia/dsic-to-build-two-lng-carriers-for-china-gas-jv/86496/,,,X-DF,https://www.igu.org/igu-reports/2025-world-lng-report,2028,https://www.igu.org/igu-reports/2025-world-lng-report,IGU,China Gas Hongda Energy Trading,https://lngprime.com/asia/dsic-to-build-two-lng-carriers-for-china-gas-jv/86496/,,,235000000,USD,"https://lngprime.com/asia/dsic-to-build-two-lng-carriers-for-china-gas-jv/86496/, https://lngprime.com/asia/china-gas-wah-kwong-and-cssc-shipping-decide-to-order-lng-carrier-duo/107180/"
512,1093901,https://www.igu.org/igu-reports/2025-world-lng-report,Dalian No 1 G175K-15,https://www.igu.org/igu-reports/2025-world-lng-report,,,,Hull G175K-15,"https://www.shipvault.com/ships/485163, https://shipvaultapi-gjb8c.ondigitalocean.app/api/units/485163",on order,GEM,12/31/2024,https://www.igu.org/igu-reports/2025-world-lng-report,"Wah Kwong, China Gas, CSSC",https://www.igu.org/igu-reports/2025-world-lng-report,,,DSIC (Dalian Shipbuilding Industry Co),https://www.igu.org/igu-reports/2025-world-lng-report,China,http://www.dsic.cn/English/CorporateProfile/AboutUs/index.htm,38.937861,121.638613,"WJMP+FX6, Binhai St, Xigang District, Dalian, Dalian, Liaoning, China, 116006",exact,"https://www.google.com/maps/place/Dalian+Shipbuilding+Heavy+Industry+Co.,Ltd./@38.9301597,121.6171177,2740m/data=!3m1!1e3!4m15!1m7!2m6!1sDalian+Shipbuilding+Industry+Co!3m4!2s60.153931,+24.928542!4m2!1d24.9285418!2d60.1539309!3m6!1s0x3585f55b64d083c7:0x46a88d8ffb6405f2!8m2!3d38.9336592!4d121.6374032!15sCh9EYWxpYW4gU2hpcGJ1aWxkaW5nIEluZHVzdHJ5IENvkgEHY29tcGFueeABAA!16s%2Fg%2F1tf_qtz_?entry=ttu&g_ep=EgoyMDI1MTIwMi4wIKXMDSoASAFQAw%3D%3D",175000,cbm,https://www.igu.org/igu-reports/2025-world-lng-report,membrane,https://lngprime.com/asia/dsic-to-build-two-lng-carriers-for-china-gas-jv/86496/,,,X-DF,https://www.igu.org/igu-reports/2025-world-lng-report,2028,https://www.igu.org/igu-reports/2025-world-lng-report,IGU,China Gas Hongda Energy Trading,https://lngprime.com/asia/dsic-to-build-two-lng-carriers-for-china-gas-jv/86496/,,,235000000,USD,"https://lngprime.com/asia/dsic-to-build-two-lng-carriers-for-china-gas-jv/86496/, https://lngprime.com/asia/china-gas-wah-kwong-and-cssc-shipping-decide-to-order-lng-carrier-duo/107180/"
513,1108421,https://www.igu.org/igu-reports/2025-world-lng-report,Dalian No 1 G175K-16,https://www.igu.org/igu-reports/2025-world-lng-report,,,,Hull G175K-16,"https://www.shipvault.com/ships/470360, https://shipvaultapi-gjb8c.ondigitalocean.app/api/units/470360",on order,GEM,12/31/2024,https://www.igu.org/igu-reports/2025-world-lng-report,COSCO,https://www.igu.org/igu-reports/2025-world-lng-report,China,https://en.wikipedia.org/wiki/COSCO_Shipping,DSIC (Dalian Shipbuilding Industry Co),https://www.igu.org/igu-reports/2025-world-lng-report,China,http://www.dsic.cn/English/CorporateProfile/AboutUs/index.htm,38.937861,121.638613,"WJMP+FX6, Binhai St, Xigang District, Dalian, Dalian, Liaoning, China, 116006",exact,"https://www.google.com/maps/place/Dalian+Shipbuilding+Heavy+Industry+Co.,Ltd./@38.9301597,121.6171177,2740m/data=!3m1!1e3!4m15!1m7!2m6!1sDalian+Shipbuilding+Industry+Co!3m4!2s60.153931,+24.928542!4m2!1d24.9285418!2d60.1539309!3m6!1s0x3585f55b64d083c7:0x46a88d8ffb6405f2!8m2!3d38.9336592!4d121.6374032!15sCh9EYWxpYW4gU2hpcGJ1aWxkaW5nIEluZHVzdHJ5IENvkgEHY29tcGFueeABAA!16s%2Fg%2F1tf_qtz_?entry=ttu&g_ep=EgoyMDI1MTIwMi4wIKXMDSoASAFQAw%3D%3D",175000,cbm,https://www.igu.org/igu-reports/2025-world-lng-report,,,,,X-DF,https://www.igu.org/igu-reports/2025-world-lng-report,2027,https://www.igu.org/igu-reports/2025-world-lng-report,IGU,,,,,,,
514,1108433,https://www.igu.org/igu-reports/2025-world-lng-report,Dalian No 1 G175K-17,https://www.igu.org/igu-reports/2025-world-lng-report,,,,Hull G175K-17,"https://www.shipvault.com/ships/470361, https://shipvaultapi-gjb8c.ondigitalocean.app/api/units/470361",on order,GEM,12/31/2024,https://www.igu.org/igu-reports/2025-world-lng-report,COSCO,https://www.igu.org/igu-reports/2025-world-lng-report,China,https://en.wikipedia.org/wiki/COSCO_Shipping,DSIC (Dalian Shipbuilding Industry Co),https://www.igu.org/igu-reports/2025-world-lng-report,China,http://www.dsic.cn/English/CorporateProfile/AboutUs/index.htm,38.937861,121.638613,"WJMP+FX6, Binhai St, Xigang District, Dalian, Dalian, Liaoning, China, 116006",exact,"https://www.google.com/maps/place/Dalian+Shipbuilding+Heavy+Industry+Co.,Ltd./@38.9301597,121.6171177,2740m/data=!3m1!1e3!4m15!1m7!2m6!1sDalian+Shipbuilding+Industry+Co!3m4!2s60.153931,+24.928542!4m2!1d24.9285418!2d60.1539309!3m6!1s0x3585f55b64d083c7:0x46a88d8ffb6405f2!8m2!3d38.9336592!4d121.6374032!15sCh9EYWxpYW4gU2hpcGJ1aWxkaW5nIEluZHVzdHJ5IENvkgEHY29tcGFueeABAA!16s%2Fg%2F1tf_qtz_?entry=ttu&g_ep=EgoyMDI1MTIwMi4wIKXMDSoASAFQAw%3D%3D",175000,cbm,https://www.igu.org/igu-reports/2025-world-lng-report,,,,,X-DF,https://www.igu.org/igu-reports/2025-world-lng-report,2027,https://www.igu.org/igu-reports/2025-world-lng-report,IGU,,,,,,,
515,9989120,https://www.igu.org/igu-reports/2025-world-lng-report,Dalian No 1 G175K-4,https://www.igu.org/igu-reports/2025-world-lng-report,,,,Hull G175K-04,"https://www.shipvault.com/ships/459925, https://shipvaultapi-gjb8c.ondigitalocean.app/api/units/459925",on order,GEM,12/31/2024,https://www.igu.org/igu-reports/2025-world-lng-report,China Merchants Energy Shipping,https://www.igu.org/igu-reports/2025-world-lng-report,,,DSIC (Dalian Shipbuilding Industry Co),https://www.igu.org/igu-reports/2025-world-lng-report,China,http://www.dsic.cn/English/CorporateProfile/AboutUs/index.htm,38.937861,121.638613,"WJMP+FX6, Binhai St, Xigang District, Dalian, Dalian, Liaoning, China, 116006",exact,"https://www.google.com/maps/place/Dalian+Shipbuilding+Heavy+Industry+Co.,Ltd./@38.9301597,121.6171177,2740m/data=!3m1!1e3!4m15!1m7!2m6!1sDalian+Shipbuilding+Industry+Co!3m4!2s60.153931,+24.928542!4m2!1d24.9285418!2d60.1539309!3m6!1s0x3585f55b64d083c7:0x46a88d8ffb6405f2!8m2!3d38.9336592!4d121.6374032!15sCh9EYWxpYW4gU2hpcGJ1aWxkaW5nIEluZHVzdHJ5IENvkgEHY29tcGFueeABAA!16s%2Fg%2F1tf_qtz_?entry=ttu&g_ep=EgoyMDI1MTIwMi4wIKXMDSoASAFQAw%3D%3D",175000,cbm,https://www.igu.org/igu-reports/2025-world-lng-report,,,,,X-DF,https://www.igu.org/igu-reports/2025-world-lng-report,2026,https://www.igu.org/igu-reports/2025-world-lng-report,IGU,,,,,,,
516,1013509,https://www.igu.org/igu-reports/2025-world-lng-report,Dalian No 1 G175K-6,https://www.igu.org/igu-reports/2025-world-lng-report,,,,Hull G175K-06,"https://www.shipvault.com/ships/459927, https://shipvaultapi-gjb8c.ondigitalocean.app/api/units/459927",on order,GEM,12/31/2024,https://www.igu.org/igu-reports/2025-world-lng-report,China Merchants Energy Shipping,https://www.igu.org/igu-reports/2025-world-lng-report,,,DSIC (Dalian Shipbuilding Industry Co),https://www.igu.org/igu-reports/2025-world-lng-report,China,http://www.dsic.cn/English/CorporateProfile/AboutUs/index.htm,38.937861,121.638613,"WJMP+FX6, Binhai St, Xigang District, Dalian, Dalian, Liaoning, China, 116006",exact,"https://www.google.com/maps/place/Dalian+Shipbuilding+Heavy+Industry+Co.,Ltd./@38.9301597,121.6171177,2740m/data=!3m1!1e3!4m15!1m7!2m6!1sDalian+Shipbuilding+Industry+Co!3m4!2s60.153931,+24.928542!4m2!1d24.9285418!2d60.1539309!3m6!1s0x3585f55b64d083c7:0x46a88d8ffb6405f2!8m2!3d38.9336592!4d121.6374032!15sCh9EYWxpYW4gU2hpcGJ1aWxkaW5nIEluZHVzdHJ5IENvkgEHY29tcGFueeABAA!16s%2Fg%2F1tf_qtz_?entry=ttu&g_ep=EgoyMDI1MTIwMi4wIKXMDSoASAFQAw%3D%3D",175000,cbm,https://www.igu.org/igu-reports/2025-world-lng-report,,,,,X-DF,https://www.igu.org/igu-reports/2025-world-lng-report,2026,https://www.igu.org/igu-reports/2025-world-lng-report,IGU,,,,,,,
517,1013511,https://www.igu.org/igu-reports/2025-world-lng-report,Dalian No 1 G175K-7,https://www.igu.org/igu-reports/2025-world-lng-report,,,,Hull G175K-07,"https://www.shipvault.com/ships/461880, https://shipvaultapi-gjb8c.ondigitalocean.app/api/units/461880",on order,GEM,12/31/2024,https://www.igu.org/igu-reports/2025-world-lng-report,China Merchants Energy Shipping,https://www.igu.org/igu-reports/2025-world-lng-report,,,DSIC (Dalian Shipbuilding Industry Co),https://www.igu.org/igu-reports/2025-world-lng-report,China,http://www.dsic.cn/English/CorporateProfile/AboutUs/index.htm,38.937861,121.638613,"WJMP+FX6, Binhai St, Xigang District, Dalian, Dalian, Liaoning, China, 116006",exact,"https://www.google.com/maps/place/Dalian+Shipbuilding+Heavy+Industry+Co.,Ltd./@38.9301597,121.6171177,2740m/data=!3m1!1e3!4m15!1m7!2m6!1sDalian+Shipbuilding+Industry+Co!3m4!2s60.153931,+24.928542!4m2!1d24.9285418!2d60.1539309!3m6!1s0x3585f55b64d083c7:0x46a88d8ffb6405f2!8m2!3d38.9336592!4d121.6374032!15sCh9EYWxpYW4gU2hpcGJ1aWxkaW5nIEluZHVzdHJ5IENvkgEHY29tcGFueeABAA!16s%2Fg%2F1tf_qtz_?entry=ttu&g_ep=EgoyMDI1MTIwMi4wIKXMDSoASAFQAw%3D%3D",175000,cbm,https://www.igu.org/igu-reports/2025-world-lng-report,,,,,X-DF,https://www.igu.org/igu-reports/2025-world-lng-report,2026,https://www.igu.org/igu-reports/2025-world-lng-report,IGU,,,,,,,
518,1013523,https://www.igu.org/igu-reports/2025-world-lng-report,Dalian No 1 G175K-8,https://www.igu.org/igu-reports/2025-world-lng-report,,,,Hull G175K-08,"https://www.shipvault.com/ships/461881, https://shipvaultapi-gjb8c.ondigitalocean.app/api/units/461881",on order,GEM,12/31/2024,https://www.igu.org/igu-reports/2025-world-lng-report,China Merchants Energy Shipping,https://www.igu.org/igu-reports/2025-world-lng-report,,,DSIC (Dalian Shipbuilding Industry Co),https://www.igu.org/igu-reports/2025-world-lng-report,China,http://www.dsic.cn/English/CorporateProfile/AboutUs/index.htm,38.937861,121.638613,"WJMP+FX6, Binhai St, Xigang District, Dalian, Dalian, Liaoning, China, 116006",exact,"https://www.google.com/maps/place/Dalian+Shipbuilding+Heavy+Industry+Co.,Ltd./@38.9301597,121.6171177,2740m/data=!3m1!1e3!4m15!1m7!2m6!1sDalian+Shipbuilding+Industry+Co!3m4!2s60.153931,+24.928542!4m2!1d24.9285418!2d60.1539309!3m6!1s0x3585f55b64d083c7:0x46a88d8ffb6405f2!8m2!3d38.9336592!4d121.6374032!15sCh9EYWxpYW4gU2hpcGJ1aWxkaW5nIEluZHVzdHJ5IENvkgEHY29tcGFueeABAA!16s%2Fg%2F1tf_qtz_?entry=ttu&g_ep=EgoyMDI1MTIwMi4wIKXMDSoASAFQAw%3D%3D",175000,cbm,https://www.igu.org/igu-reports/2025-world-lng-report,,,,,X-DF,https://www.igu.org/igu-reports/2025-world-lng-report,2027,https://www.igu.org/igu-reports/2025-world-lng-report,IGU,,,,,,,
519,1058315,https://www.igu.org/igu-reports/2025-world-lng-report,Dalian No 1 G175K-9,https://www.igu.org/igu-reports/2025-world-lng-report,,,,Hull G175K-09,"https://www.shipvault.com/ships/481200, https://shipvaultapi-gjb8c.ondigitalocean.app/api/units/481200",on order,GEM,12/31/2024,https://www.igu.org/igu-reports/2025-world-lng-report,China Energy Shipping,https://www.igu.org/igu-reports/2025-world-lng-report,,,DSIC (Dalian Shipbuilding Industry Co),https://www.igu.org/igu-reports/2025-world-lng-report,China,http://www.dsic.cn/English/CorporateProfile/AboutUs/index.htm,38.937861,121.638613,"WJMP+FX6, Binhai St, Xigang District, Dalian, Dalian, Liaoning, China, 116006",exact,"https://www.google.com/maps/place/Dalian+Shipbuilding+Heavy+Industry+Co.,Ltd./@38.9301597,121.6171177,2740m/data=!3m1!1e3!4m15!1m7!2m6!1sDalian+Shipbuilding+Industry+Co!3m4!2s60.153931,+24.928542!4m2!1d24.9285418!2d60.1539309!3m6!1s0x3585f55b64d083c7:0x46a88d8ffb6405f2!8m2!3d38.9336592!4d121.6374032!15sCh9EYWxpYW4gU2hpcGJ1aWxkaW5nIEluZHVzdHJ5IENvkgEHY29tcGFueeABAA!16s%2Fg%2F1tf_qtz_?entry=ttu&g_ep=EgoyMDI1MTIwMi4wIKXMDSoASAFQAw%3D%3D",175000,cbm,https://www.igu.org/igu-reports/2025-world-lng-report,,,,,X-DF,https://www.igu.org/igu-reports/2025-world-lng-report,2027,https://www.igu.org/igu-reports/2025-world-lng-report,IGU,Sinopec,https://lngprime.com/asia/dsic-seals-700-million-lng-shipbuilding-deal-with-cosco-and-sinopec/90380/,31-Aug-2023,https://lngprime.com/asia/dsic-seals-700-million-lng-shipbuilding-deal-with-cosco-and-sinopec/90380/,233300000,USD,https://lngprime.com/asia/dsic-seals-700-million-lng-shipbuilding-deal-with-cosco-and-sinopec/90380/
524,9874454,https://www.igu.org/igu-reports/2025-world-lng-report,Diamond Gas Crystal,https://www.igu.org/igu-reports/2025-world-lng-report,,,,,,active,GEM,12/31/2024,https://www.igu.org/igu-reports/2025-world-lng-report,"MISC, Mitsubishi, NYK Line",https://www.igu.org/igu-reports/2025-world-lng-report,Japan,"https://www.nyk.com/english/profile/profile/, https://en.wikipedia.org/wiki/Nippon_Yusen",HD Hyundai Heavy Industries,https://www.igu.org/igu-reports/2025-world-lng-report,South Korea,https://www.hd.com/en/main,35.51613,129.4383,GC8Q+M6 Ulsan,exact,https://www.google.com/maps/place/HD+Hyundai+Heavy+Industries+Ulsan+Shipyard/data=!3m1!1e3!4m10!1m2!2m1!1sHD+Hyundai!3m6!1s0x3567ce56ebbfb645:0xd94a696f9fca5d90!8m2!3d35.5167468!4d129.4380269!15sCgpIRCBIeXVuZGFpkgEIc2hpcHlhcmTgAQA!16s%2Fg%2F1tfhd8y1?entry=ttu&g_ep=EgoyMDI1MTIwMi4wIKXMDSoASAFQAw%3D%3D,174000,cbm,https://www.igu.org/igu-reports/2025-world-lng-report,membrane,https://www.igu.org/igu-reports/2025-world-lng-report,conventional,https://www.igu.org/igu-reports/2025-world-lng-report,X-DF,https://www.igu.org/igu-reports/2025-world-lng-report,2021,https://www.igu.org/igu-reports/2025-world-lng-report,IGU,,,,,,,
525,9862487,https://www.igu.org/igu-reports/2025-world-lng-report,Diamond Gas Metropolis,https://www.igu.org/igu-reports/2025-world-lng-report,,,,,,active,GEM,12/31/2024,https://www.igu.org/igu-reports/2025-world-lng-report,NYK Line,https://www.igu.org/igu-reports/2025-world-lng-report,Japan,"https://www.nyk.com/english/profile/profile/, https://en.wikipedia.org/wiki/Nippon_Yusen",HD Hyundai Heavy Industries,https://www.igu.org/igu-reports/2025-world-lng-report,South Korea,https://www.hd.com/en/main,35.51613,129.4383,GC8Q+M6 Ulsan,exact,https://www.google.com/maps/place/HD+Hyundai+Heavy+Industries+Ulsan+Shipyard/data=!3m1!1e3!4m10!1m2!2m1!1sHD+Hyundai!3m6!1s0x3567ce56ebbfb645:0xd94a696f9fca5d90!8m2!3d35.5167468!4d129.4380269!15sCgpIRCBIeXVuZGFpkgEIc2hpcHlhcmTgAQA!16s%2Fg%2F1tfhd8y1?entry=ttu&g_ep=EgoyMDI1MTIwMi4wIKXMDSoASAFQAw%3D%3D,174000,cbm,https://www.igu.org/igu-reports/2025-world-lng-report,membrane,https://www.igu.org/igu-reports/2025-world-lng-report,conventional,https://www.igu.org/igu-reports/2025-world-lng-report,X-DF,https://www.igu.org/igu-reports/2025-world-lng-report,2020,https://www.igu.org/igu-reports/2025-world-lng-report,IGU,,,,,,,
526,9779226,https://www.igu.org/igu-reports/2025-world-lng-report,Diamond Gas Orchid,https://www.igu.org/igu-reports/2025-world-lng-report,,,,,,active,GEM,12/31/2024,https://www.igu.org/igu-reports/2025-world-lng-report,NYK Line,https://www.igu.org/igu-reports/2025-world-lng-report,Japan,"https://www.nyk.com/english/profile/profile/, https://en.wikipedia.org/wiki/Nippon_Yusen",Mitsubishi Heavy Industries,https://www.igu.org/igu-reports/2025-world-lng-report,Japan,https://www.mhi.com/,35.412837,139.668503,"CM8G+QG Yokohama, Kanagawa, Japan",exact,"https://www.google.com/maps/place/Mitsubishi+Heavy+Industries+Yokohama+Dockyard+%26+Machinery+Works/@35.5677012,139.4295502,45835m/data=!3m1!1e3!4m10!1m2!2m1!1sMitsubishi+Heavy+Industries!3m6!1s0x601842bd2acc85ff:0x1c719ae9bbc013df!8m2!3d35.4169184!4d139.6762959!15sChtNaXRzdWJpc2hpIEhlYXZ5IEluZHVzdHJpZXMiA4gBAZIBCHNoaXB5YXJk4AEA!16s%2Fg%2F11btvwmdj6?entry=ttu&g_ep=EgoyMDI1MTIwMi4wIKXMDSoASAFQAw%3D%3D",165000,cbm,https://www.igu.org/igu-reports/2025-world-lng-report,spherical,https://www.igu.org/igu-reports/2025-world-lng-report,conventional,https://www.igu.org/igu-reports/2025-world-lng-report,STaGE,https://www.igu.org/igu-reports/2025-world-lng-report,2018,https://www.igu.org/igu-reports/2025-world-lng-report,IGU,,,,,,,
527,9779238,https://www.igu.org/igu-reports/2025-world-lng-report,Diamond Gas Rose,https://www.igu.org/igu-reports/2025-world-lng-report,,,,,,active,GEM,12/31/2024,https://www.igu.org/igu-reports/2025-world-lng-report,NYK Line,https://www.igu.org/igu-reports/2025-world-lng-report,Japan,"https://www.nyk.com/english/profile/profile/, https://en.wikipedia.org/wiki/Nippon_Yusen",Mitsubishi Heavy Industries,https://www.igu.org/igu-reports/2025-world-lng-report,Japan,https://www.mhi.com/,35.412837,139.668503,"CM8G+QG Yokohama, Kanagawa, Japan",exact,"https://www.google.com/maps/place/Mitsubishi+Heavy+Industries+Yokohama+Dockyard+%26+Machinery+Works/@35.5677012,139.4295502,45835m/data=!3m1!1e3!4m10!1m2!2m1!1sMitsubishi+Heavy+Industries!3m6!1s0x601842bd2acc85ff:0x1c719ae9bbc013df!8m2!3d35.4169184!4d139.6762959!15sChtNaXRzdWJpc2hpIEhlYXZ5IEluZHVzdHJpZXMiA4gBAZIBCHNoaXB5YXJk4AEA!16s%2Fg%2F11btvwmdj6?entry=ttu&g_ep=EgoyMDI1MTIwMi4wIKXMDSoASAFQAw%3D%3D",165000,cbm,https://www.igu.org/igu-reports/2025-world-lng-report,spherical,https://www.igu.org/igu-reports/2025-world-lng-report,conventional,https://www.igu.org/igu-reports/2025-world-lng-report,STaGE,https://www.igu.org/igu-reports/2025-world-lng-report,2018,https://www.igu.org/igu-reports/2025-world-lng-report,IGU,,,,,,,
528,9810020,https://www.igu.org/igu-reports/2025-world-lng-report,Diamond Gas Sakura,https://www.igu.org/igu-reports/2025-world-lng-report,,,,,,active,GEM,12/31/2024,https://www.igu.org/igu-reports/2025-world-lng-report,NYK Line,https://www.igu.org/igu-reports/2025-world-lng-report,Japan,"https://www.nyk.com/english/profile/profile/, https://en.wikipedia.org/wiki/Nippon_Yusen",Mitsubishi Heavy Industries,https://www.igu.org/igu-reports/2025-world-lng-report,Japan,https://www.mhi.com/,35.412837,139.668503,"CM8G+QG Yokohama, Kanagawa, Japan",exact,"https://www.google.com/maps/place/Mitsubishi+Heavy+Industries+Yokohama+Dockyard+%26+Machinery+Works/@35.5677012,139.4295502,45835m/data=!3m1!1e3!4m10!1m2!2m1!1sMitsubishi+Heavy+Industries!3m6!1s0x601842bd2acc85ff:0x1c719ae9bbc013df!8m2!3d35.4169184!4d139.6762959!15sChtNaXRzdWJpc2hpIEhlYXZ5IEluZHVzdHJpZXMiA4gBAZIBCHNoaXB5YXJk4AEA!16s%2Fg%2F11btvwmdj6?entry=ttu&g_ep=EgoyMDI1MTIwMi4wIKXMDSoASAFQAw%3D%3D",165000,cbm,https://www.igu.org/igu-reports/2025-world-lng-report,spherical,https://www.igu.org/igu-reports/2025-world-lng-report,conventional,https://www.igu.org/igu-reports/2025-world-lng-report,STaGE,https://www.igu.org/igu-reports/2025-world-lng-report,2019,https://www.igu.org/igu-reports/2025-world-lng-report,IGU,,,,,,,
529,9874466,https://www.igu.org/igu-reports/2025-world-lng-report,Diamond Gas Victoria,https://www.igu.org/igu-reports/2025-world-lng-report,,,,,,active,GEM,12/31/2024,https://www.igu.org/igu-reports/2025-world-lng-report,"MISC, Mitsubishi, NYK Line, Toho LNG Shipping",https://www.igu.org/igu-reports/2025-world-lng-report,Japan,"https://www.nyk.com/english/profile/profile/, https://en.wikipedia.org/wiki/Nippon_Yusen",HD Hyundai Heavy Industries,https://www.igu.org/igu-reports/2025-world-lng-report,South Korea,https://www.hd.com/en/main,35.51613,129.4383,GC8Q+M6 Ulsan,exact,https://www.google.com/maps/place/HD+Hyundai+Heavy+Industries+Ulsan+Shipyard/data=!3m1!1e3!4m10!1m2!2m1!1sHD+Hyundai!3m6!1s0x3567ce56ebbfb645:0xd94a696f9fca5d90!8m2!3d35.5167468!4d129.4380269!15sCgpIRCBIeXVuZGFpkgEIc2hpcHlhcmTgAQA!16s%2Fg%2F1tfhd8y1?entry=ttu&g_ep=EgoyMDI1MTIwMi4wIKXMDSoASAFQAw%3D%3D,174000,cbm,https://www.igu.org/igu-reports/2025-world-lng-report,membrane,https://www.igu.org/igu-reports/2025-world-lng-report,conventional,https://www.igu.org/igu-reports/2025-world-lng-report,X-DF,https://www.igu.org/igu-reports/2025-world-lng-report,2021,https://www.igu.org/igu-reports/2025-world-lng-report,IGU,,,,,,,
532,9863182,https://www.igu.org/igu-reports/2025-world-lng-report,Dorado LNG,https://www.igu.org/igu-reports/2025-world-lng-report,,,,,,active,GEM,12/31/2024,https://www.igu.org/igu-reports/2025-world-lng-report,TMS Cardiff Gas,https://www.igu.org/igu-reports/2025-world-lng-report,Greece,https://system.new-vessels.com/orderer-45411-TMS_Cardiff_Gas_Ltd.html,Samsung Heavy Industries,https://www.igu.org/igu-reports/2025-world-lng-report,South Korea,https://www.samsungshi.com/En/Default.aspx,34.89804,128.6045,"VJW3+QV Geoje-si, Gyeongsangnam-do",exact,https://www.google.com/maps/place/Samsung+Heavy+industries/data=!3m1!1e3!4m10!1m2!2m1!1ssamsung+heavy+industries!3m6!1s0x356ecd83691a8fb5:0xd4204e9a1bb0ef10!8m2!3d34.8969682!4d128.6046376!15sChhzYW1zdW5nIGhlYXZ5IGluZHVzdHJpZXOSAQhzaGlweWFyZOABAA!16s%2Fg%2F1tgcpry6?entry=ttu&g_ep=EgoyMDI1MTIwMi4wIKXMDSoASAFQAw%3D%3D,174000,cbm,https://www.igu.org/igu-reports/2025-world-lng-report,membrane,https://www.igu.org/igu-reports/2025-world-lng-report,conventional,https://www.igu.org/igu-reports/2025-world-lng-report,X-DF,https://www.igu.org/igu-reports/2025-world-lng-report,2020,https://www.igu.org/igu-reports/2025-world-lng-report,IGU,,,,,,,
539,9884473,https://www.igu.org/igu-reports/2025-world-lng-report,Elisa Aquila,https://www.igu.org/igu-reports/2025-world-lng-report,,,,,,active,GEM,12/31/2024,https://www.igu.org/igu-reports/2025-world-lng-report,NYK Line,https://www.igu.org/igu-reports/2025-world-lng-report,Japan,"https://www.nyk.com/english/profile/profile/, https://en.wikipedia.org/wiki/Nippon_Yusen",HD Hyundai Heavy Industries,https://www.igu.org/igu-reports/2025-world-lng-report,South Korea,https://www.hd.com/en/main,35.51613,129.4383,GC8Q+M6 Ulsan,exact,https://www.google.com/maps/place/HD+Hyundai+Heavy+Industries+Ulsan+Shipyard/data=!3m1!1e3!4m10!1m2!2m1!1sHD+Hyundai!3m6!1s0x3567ce56ebbfb645:0xd94a696f9fca5d90!8m2!3d35.5167468!4d129.4380269!15sCgpIRCBIeXVuZGFpkgEIc2hpcHlhcmTgAQA!16s%2Fg%2F1tfhd8y1?entry=ttu&g_ep=EgoyMDI1MTIwMi4wIKXMDSoASAFQAw%3D%3D,174000,cbm,https://www.igu.org/igu-reports/2025-world-lng-report,membrane,https://www.igu.org/igu-reports/2025-world-lng-report,conventional,https://www.igu.org/igu-reports/2025-world-lng-report,X-DF,https://www.igu.org/igu-reports/2025-world-lng-report,2022,https://www.igu.org/igu-reports/2025-world-lng-report,IGU,,,,,,,
540,9980540,https://www.igu.org/igu-reports/2025-world-lng-report,Elisa Ardea,https://www.igu.org/igu-reports/2025-world-lng-report,,,,,,active,GEM,12/31/2024,https://www.igu.org/igu-reports/2025-world-lng-report,NYK Line,https://www.igu.org/igu-reports/2025-world-lng-report,Japan,"https://www.nyk.com/english/profile/profile/, https://en.wikipedia.org/wiki/Nippon_Yusen",HD Hyundai Heavy Industries,https://www.igu.org/igu-reports/2025-world-lng-report,South Korea,https://www.hd.com/en/main,35.51613,129.4383,GC8Q+M6 Ulsan,exact,https://www.google.com/maps/place/HD+Hyundai+Heavy+Industries+Ulsan+Shipyard/data=!3m1!1e3!4m10!1m2!2m1!1sHD+Hyundai!3m6!1s0x3567ce56ebbfb645:0xd94a696f9fca5d90!8m2!3d35.5167468!4d129.4380269!15sCgpIRCBIeXVuZGFpkgEIc2hpcHlhcmTgAQA!16s%2Fg%2F1tfhd8y1?entry=ttu&g_ep=EgoyMDI1MTIwMi4wIKXMDSoASAFQAw%3D%3D,174000,cbm,https://www.igu.org/igu-reports/2025-world-lng-report,membrane,https://www.igu.org/igu-reports/2025-world-lng-report,conventional,https://www.igu.org/igu-reports/2025-world-lng-report,X-DF,https://www.igu.org/igu-reports/2025-world-lng-report,2024,https://www.igu.org/igu-reports/2025-world-lng-report,IGU,,,,,,,
541,9980552,https://www.igu.org/igu-reports/2025-world-lng-report,Elisa Halycon,https://www.igu.org/igu-reports/2025-world-lng-report,,,,Hull 8174 (HSHI),"https://www.shipvault.com/ships/461185, https://shipvaultapi-gjb8c.ondigitalocean.app/api/units/461185",on order,GEM,12/31/2024,https://www.igu.org/igu-reports/2025-world-lng-report,NYK Line,https://www.igu.org/igu-reports/2025-world-lng-report,Japan,"https://www.nyk.com/english/profile/profile/, https://en.wikipedia.org/wiki/Nippon_Yusen",HD Hyundai Samho,https://www.igu.org/igu-reports/2025-world-lng-report,South Korea,https://www.hshi.co.kr/eng/,34.75031,126.3875,"Q92P+7M Yeongam-gun, Jeollanam-do",exact,https://www.google.com/maps/place/Hyundai+Samho+Heavy+Industries+Entrance/data=!3m1!1e3!4m10!1m2!2m1!1sHyundai+Samho+Heavy+Industries!3m6!1s0x3573a4568dfe21d7:0x865a025eb9b373b5!8m2!3d34.75066!4d126.386691!15sCh5IeXVuZGFpIFNhbWhvIEhlYXZ5IEluZHVzdHJpZXOSAQhidXNfc3RvcOABAA!16s%2Fg%2F11b77sqk26?entry=ttu&g_ep=EgoyMDI1MTIwMi4wIKXMDSoASAFQAw%3D%3D,174000,cbm,https://www.igu.org/igu-reports/2025-world-lng-report,,,,,X-DF,https://www.igu.org/igu-reports/2025-world-lng-report,2027,https://www.igu.org/igu-reports/2025-world-lng-report,IGU,,,,,,,
543,9958640,https://www.igu.org/igu-reports/2025-world-lng-report,Emei,https://www.igu.org/igu-reports/2025-world-lng-report,,,,,,active,GEM,12/31/2024,https://www.igu.org/igu-reports/2025-world-lng-report,COSCO,https://www.igu.org/igu-reports/2025-world-lng-report,China,https://en.wikipedia.org/wiki/COSCO_Shipping,Hudong-Zhonghua Shipbuilding,https://www.igu.org/igu-reports/2025-world-lng-report,China,https://www.shipyards.gr/shipyards/new-buildings-shipyards/newbuilding-farest-pacific-ocean/newbuilding-far-east-china-sea/china-south/hudong-zhonghua-shipbuilding-group-coltd,31.271988,121.575478,"7HCG+R4 Pudong, Shanghai, China",exact,"https://www.google.com/maps/place/Hudong-Zhonghua+Shipbuilding/@31.2720706,121.5727207,753m/data=!3m2!1e3!4b1!4m6!3m5!1s0x35b2742eceeb203d:0x37fddc7176d2cc24!8m2!3d31.2720706!4d121.5752956!16s%2Fg%2F1td0qx6d?entry=ttu&g_ep=EgoyMDI1MTIwMi4wIKXMDSoASAFQAw%3D%3D",174000,cbm,https://www.igu.org/igu-reports/2025-world-lng-report,membrane,https://www.igu.org/igu-reports/2025-world-lng-report,conventional,https://www.igu.org/igu-reports/2025-world-lng-report,X-DF,https://www.igu.org/igu-reports/2025-world-lng-report,2023,https://www.igu.org/igu-reports/2025-world-lng-report,IGU,,,,,,,
558,9405588,https://www.igu.org/igu-reports/2025-world-lng-report,Energy Confidence,https://www.igu.org/igu-reports/2025-world-lng-report,,,,,,active,GEM,12/31/2024,https://www.igu.org/igu-reports/2025-world-lng-report,"NYK Line, Tokyo Gas",https://www.igu.org/igu-reports/2025-world-lng-report,Japan,"https://www.nyk.com/english/profile/profile/, https://en.wikipedia.org/wiki/Nippon_Yusen",Kawasaki Heavy Industries,https://www.igu.org/igu-reports/2025-world-lng-report,Japan,https://www.khi.co.jp/corporate/network/sakaide.html,34.327891,133.832534,"8RHM+63 Sakaide, Kagawa, Japan",exact,"https://www.google.com/maps/place/Kawasaki+Heavy+Industries+Sakaide+Works/@34.3281037,133.8301629,727m/data=!3m2!1e3!4b1!4m6!3m5!1s0x3553defcdee0be77:0x45602ea060d2d040!8m2!3d34.3281037!4d133.8327378!16s%2Fg%2F11btww0875?entry=ttu&g_ep=EgoyMDI1MTIwMi4wIKXMDSoASAFQAw%3D%3D",155000,cbm,https://www.igu.org/igu-reports/2025-world-lng-report,spherical,https://www.igu.org/igu-reports/2025-world-lng-report,conventional,https://www.igu.org/igu-reports/2025-world-lng-report,steam,https://www.igu.org/igu-reports/2025-world-lng-report,2009,https://www.igu.org/igu-reports/2025-world-lng-report,IGU,,,,,,,
563,9752565,https://www.igu.org/igu-reports/2025-world-lng-report,Energy Glory,https://www.igu.org/igu-reports/2025-world-lng-report,,,,,,active,GEM,12/31/2024,https://www.igu.org/igu-reports/2025-world-lng-report,"NYK Line, Tokyo Gas",https://www.igu.org/igu-reports/2025-world-lng-report,Japan,"https://www.nyk.com/english/profile/profile/, https://en.wikipedia.org/wiki/Nippon_Yusen",Japan Marine United,https://www.igu.org/igu-reports/2025-world-lng-report,Japan,https://www.jmuc.co.jp/en/,34.676776,136.540315,"MGHR+MV Tsu, Mie, Japan",exact,"https://www.google.com/maps/place/Japan+Marin+United+Tsu+Shipyard/@34.6783937,131.6656494,741406m/data=!3m1!1e3!4m10!1m2!2m1!1sJapan+Marine+United!3m6!1s0x60046d6ed304597f:0xfb2a25b520ae8e5f!8m2!3d34.6791561!4d136.5422246!15sChNKYXBhbiBNYXJpbmUgVW5pdGVkIgOIAQGSAQhzaGlweWFyZOABAA!16s%2Fg%2F11btrrg1y7?entry=ttu&g_ep=EgoyMDI1MTIwMi4wIKXMDSoASAFQAw%3D%3D",165000,cbm,https://www.igu.org/igu-reports/2025-world-lng-report,self-supporting prismatic,https://www.igu.org/igu-reports/2025-world-lng-report,Supporting,https://www.igu.org/igu-reports/2025-world-lng-report,prismatic conventional DFDE,https://www.igu.org/igu-reports/2025-world-lng-report,2019,https://www.igu.org/igu-reports/2025-world-lng-report,IGU,,,,,,,
564,9483877,https://www.igu.org/igu-reports/2025-world-lng-report,Energy Horizon,https://www.igu.org/igu-reports/2025-world-lng-report,,,,,,active,GEM,12/31/2024,https://www.igu.org/igu-reports/2025-world-lng-report,"NYK Line, TLTC",https://www.igu.org/igu-reports/2025-world-lng-report,Japan,"https://www.nyk.com/english/profile/profile/, https://en.wikipedia.org/wiki/Nippon_Yusen",Kawasaki Heavy Industries,https://www.igu.org/igu-reports/2025-world-lng-report,Japan,https://www.khi.co.jp/corporate/network/sakaide.html,34.327891,133.832534,"8RHM+63 Sakaide, Kagawa, Japan",exact,"https://www.google.com/maps/place/Kawasaki+Heavy+Industries+Sakaide+Works/@34.3281037,133.8301629,727m/data=!3m2!1e3!4b1!4m6!3m5!1s0x3553defcdee0be77:0x45602ea060d2d040!8m2!3d34.3281037!4d133.8327378!16s%2Fg%2F11btww0875?entry=ttu&g_ep=EgoyMDI1MTIwMi4wIKXMDSoASAFQAw%3D%3D",177000,cbm,https://www.igu.org/igu-reports/2025-world-lng-report,spherical,https://www.igu.org/igu-reports/2025-world-lng-report,conventional,https://www.igu.org/igu-reports/2025-world-lng-report,steam,https://www.igu.org/igu-reports/2025-world-lng-report,2011,https://www.igu.org/igu-reports/2025-world-lng-report,IGU,,,,,,,
592,9918157,https://www.igu.org/igu-reports/2025-world-lng-report,Extremadura Knutsen,https://www.igu.org/igu-reports/2025-world-lng-report,,,,,,active,GEM,12/31/2024,https://www.igu.org/igu-reports/2025-world-lng-report,Knutsen OAS,https://www.igu.org/igu-reports/2025-world-lng-report,Norway,https://www.imarinenews.com/35664.html,HD Hyundai Heavy Industries,https://www.igu.org/igu-reports/2025-world-lng-report,South Korea,https://www.hd.com/en/main,35.51613,129.4383,GC8Q+M6 Ulsan,exact,https://www.google.com/maps/place/HD+Hyundai+Heavy+Industries+Ulsan+Shipyard/data=!3m1!1e3!4m10!1m2!2m1!1sHD+Hyundai!3m6!1s0x3567ce56ebbfb645:0xd94a696f9fca5d90!8m2!3d35.5167468!4d129.4380269!15sCgpIRCBIeXVuZGFpkgEIc2hpcHlhcmTgAQA!16s%2Fg%2F1tfhd8y1?entry=ttu&g_ep=EgoyMDI1MTIwMi4wIKXMDSoASAFQAw%3D%3D,174000,cbm,https://www.igu.org/igu-reports/2025-world-lng-report,membrane,https://www.igu.org/igu-reports/2025-world-lng-report,conventional,https://www.igu.org/igu-reports/2025-world-lng-report,X-DF,https://www.igu.org/igu-reports/2025-world-lng-report,2023,https://www.igu.org/igu-reports/2025-world-lng-report,IGU,,,,,,,
594,9918145,https://www.igu.org/igu-reports/2025-world-lng-report,Ferrol Knutsen,https://www.igu.org/igu-reports/2025-world-lng-report,,,,,,active,GEM,12/31/2024,https://www.igu.org/igu-reports/2025-world-lng-report,Knutsen OAS,https://www.igu.org/igu-reports/2025-world-lng-report,Norway,https://www.imarinenews.com/35664.html,HD Hyundai Heavy Industries,https://www.igu.org/igu-reports/2025-world-lng-report,South Korea,https://www.hd.com/en/main,35.51613,129.4383,GC8Q+M6 Ulsan,exact,https://www.google.com/maps/place/HD+Hyundai+Heavy+Industries+Ulsan+Shipyard/data=!3m1!1e3!4m10!1m2!2m1!1sHD+Hyundai!3m6!1s0x3567ce56ebbfb645:0xd94a696f9fca5d90!8m2!3d35.5167468!4d129.4380269!15sCgpIRCBIeXVuZGFpkgEIc2hpcHlhcmTgAQA!16s%2Fg%2F1tfhd8y1?entry=ttu&g_ep=EgoyMDI1MTIwMi4wIKXMDSoASAFQAw%3D%3D,174000,cbm,https://www.igu.org/igu-reports/2025-world-lng-report,membrane,https://www.igu.org/igu-reports/2025-world-lng-report,conventional,https://www.igu.org/igu-reports/2025-world-lng-report,X-DF,https://www.igu.org/igu-reports/2025-world-lng-report,2023,https://www.igu.org/igu-reports/2025-world-lng-report,IGU,,,,,,,
614,9864928,https://www.igu.org/igu-reports/2025-world-lng-report,GasLog Galveston,https://www.igu.org/igu-reports/2025-world-lng-report,,,,,,active,GEM,12/31/2024,https://www.igu.org/igu-reports/2025-world-lng-report,GasLog,https://www.igu.org/igu-reports/2025-world-lng-report,Greece,"https://www.gaslogltd.com/contact-us/, https://www.gaslogltd.com/content/uploads/GasLog-Ltd-2022-annual-report-form-20-F.pdf",Samsung Heavy Industries,https://www.igu.org/igu-reports/2025-world-lng-report,South Korea,https://www.samsungshi.com/En/Default.aspx,34.89804,128.6045,"VJW3+QV Geoje-si, Gyeongsangnam-do",exact,https://www.google.com/maps/place/Samsung+Heavy+industries/data=!3m1!1e3!4m10!1m2!2m1!1ssamsung+heavy+industries!3m6!1s0x356ecd83691a8fb5:0xd4204e9a1bb0ef10!8m2!3d34.8969682!4d128.6046376!15sChhzYW1zdW5nIGhlYXZ5IGluZHVzdHJpZXOSAQhzaGlweWFyZOABAA!16s%2Fg%2F1tgcpry6?entry=ttu&g_ep=EgoyMDI1MTIwMi4wIKXMDSoASAFQAw%3D%3D,174000,cbm,https://www.igu.org/igu-reports/2025-world-lng-report,membrane,https://www.igu.org/igu-reports/2025-world-lng-report,conventional,https://www.igu.org/igu-reports/2025-world-lng-report,X-DF,https://www.igu.org/igu-reports/2025-world-lng-report,2021,https://www.igu.org/igu-reports/2025-world-lng-report,IGU,,,,,,,
615,9707508,https://www.igu.org/igu-reports/2025-world-lng-report,GasLog Geneva,https://www.igu.org/igu-reports/2025-world-lng-report,,,,,,active,GEM,12/31/2024,https://www.igu.org/igu-reports/2025-world-lng-report,GasLog,https://www.igu.org/igu-reports/2025-world-lng-report,Greece,"https://www.gaslogltd.com/contact-us/, https://www.gaslogltd.com/content/uploads/GasLog-Ltd-2022-annual-report-form-20-F.pdf",Samsung Heavy Industries,https://www.igu.org/igu-reports/2025-world-lng-report,South Korea,https://www.samsungshi.com/En/Default.aspx,34.89804,128.6045,"VJW3+QV Geoje-si, Gyeongsangnam-do",exact,https://www.google.com/maps/place/Samsung+Heavy+industries/data=!3m1!1e3!4m10!1m2!2m1!1ssamsung+heavy+industries!3m6!1s0x356ecd83691a8fb5:0xd4204e9a1bb0ef10!8m2!3d34.8969682!4d128.6046376!15sChhzYW1zdW5nIGhlYXZ5IGluZHVzdHJpZXOSAQhzaGlweWFyZOABAA!16s%2Fg%2F1tgcpry6?entry=ttu&g_ep=EgoyMDI1MTIwMi4wIKXMDSoASAFQAw%3D%3D,174000,cbm,https://www.igu.org/igu-reports/2025-world-lng-report,membrane,https://www.igu.org/igu-reports/2025-world-lng-report,conventional,https://www.igu.org/igu-reports/2025-world-lng-report,DFDE,https://www.igu.org/igu-reports/2025-world-lng-report,2016,https://www.igu.org/igu-reports/2025-world-lng-report,IGU,,,,,,,
616,9744013,https://www.igu.org/igu-reports/2025-world-lng-report,GasLog Genoa,https://www.igu.org/igu-reports/2025-world-lng-report,,,,,,active,GEM,12/31/2024,https://www.igu.org/igu-reports/2025-world-lng-report,GasLog,https://www.igu.org/igu-reports/2025-world-lng-report,Greece,"https://www.gaslogltd.com/contact-us/, https://www.gaslogltd.com/content/uploads/GasLog-Ltd-2022-annual-report-form-20-F.pdf",Samsung Heavy Industries,https://www.igu.org/igu-reports/2025-world-lng-report,South Korea,https://www.samsungshi.com/En/Default.aspx,34.89804,128.6045,"VJW3+QV Geoje-si, Gyeongsangnam-do",exact,https://www.google.com/maps/place/Samsung+Heavy+industries/data=!3m1!1e3!4m10!1m2!2m1!1ssamsung+heavy+industries!3m6!1s0x356ecd83691a8fb5:0xd4204e9a1bb0ef10!8m2!3d34.8969682!4d128.6046376!15sChhzYW1zdW5nIGhlYXZ5IGluZHVzdHJpZXOSAQhzaGlweWFyZOABAA!16s%2Fg%2F1tgcpry6?entry=ttu&g_ep=EgoyMDI1MTIwMi4wIKXMDSoASAFQAw%3D%3D,174000,cbm,https://www.igu.org/igu-reports/2025-world-lng-report,membrane,https://www.igu.org/igu-reports/2025-world-lng-report,conventional,https://www.igu.org/igu-reports/2025-world-lng-report,X-DF,https://www.igu.org/igu-reports/2025-world-lng-report,2018,https://www.igu.org/igu-reports/2025-world-lng-report,IGU,,,,,,,
617,9864916,https://www.igu.org/igu-reports/2025-world-lng-report,GasLog Georgetown,https://www.igu.org/igu-reports/2025-world-lng-report,,,,,,active,GEM,12/31/2024,https://www.igu.org/igu-reports/2025-world-lng-report,GasLog,https://www.igu.org/igu-reports/2025-world-lng-report,Greece,"https://www.gaslogltd.com/contact-us/, https://www.gaslogltd.com/content/uploads/GasLog-Ltd-2022-annual-report-form-20-F.pdf",Samsung Heavy Industries,https://www.igu.org/igu-reports/2025-world-lng-report,South Korea,https://www.samsungshi.com/En/Default.aspx,34.89804,128.6045,"VJW3+QV Geoje-si, Gyeongsangnam-do",exact,https://www.google.com/maps/place/Samsung+Heavy+industries/data=!3m1!1e3!4m10!1m2!2m1!1ssamsung+heavy+industries!3m6!1s0x356ecd83691a8fb5:0xd4204e9a1bb0ef10!8m2!3d34.8969682!4d128.6046376!15sChhzYW1zdW5nIGhlYXZ5IGluZHVzdHJpZXOSAQhzaGlweWFyZOABAA!16s%2Fg%2F1tgcpry6?entry=ttu&g_ep=EgoyMDI1MTIwMi4wIKXMDSoASAFQAw%3D%3D,174000,cbm,https://www.igu.org/igu-reports/2025-world-lng-report,membrane,https://www.igu.org/igu-reports/2025-world-lng-report,conventional,https://www.igu.org/igu-reports/2025-world-lng-report,X-DF,https://www.igu.org/igu-reports/2025-world-lng-report,2020,https://www.igu.org/igu-reports/2025-world-lng-report,IGU,,,,,,,
618,9707510,https://www.igu.org/igu-reports/2025-world-lng-report,GasLog Gibraltar,https://www.igu.org/igu-reports/2025-world-lng-report,,,,,,active,GEM,12/31/2024,https://www.igu.org/igu-reports/2025-world-lng-report,GasLog,https://www.igu.org/igu-reports/2025-world-lng-report,Greece,"https://www.gaslogltd.com/contact-us/, https://www.gaslogltd.com/content/uploads/GasLog-Ltd-2022-annual-report-form-20-F.pdf",Samsung Heavy Industries,https://www.igu.org/igu-reports/2025-world-lng-report,South Korea,https://www.samsungshi.com/En/Default.aspx,34.89804,128.6045,"VJW3+QV Geoje-si, Gyeongsangnam-do",exact,https://www.google.com/maps/place/Samsung+Heavy+industries/data=!3m1!1e3!4m10!1m2!2m1!1ssamsung+heavy+industries!3m6!1s0x356ecd83691a8fb5:0xd4204e9a1bb0ef10!8m2!3d34.8969682!4d128.6046376!15sChhzYW1zdW5nIGhlYXZ5IGluZHVzdHJpZXOSAQhzaGlweWFyZOABAA!16s%2Fg%2F1tgcpry6?entry=ttu&g_ep=EgoyMDI1MTIwMi4wIKXMDSoASAFQAw%3D%3D,174000,cbm,https://www.igu.org/igu-reports/2025-world-lng-report,membrane,https://www.igu.org/igu-reports/2025-world-lng-report,conventional,https://www.igu.org/igu-reports/2025-world-lng-report,DFDE,https://www.igu.org/igu-reports/2025-world-lng-report,2016,https://www.igu.org/igu-reports/2025-world-lng-report,IGU,,,,,,,
619,9744025,https://www.igu.org/igu-reports/2025-world-lng-report,GasLog Gladstone,https://www.igu.org/igu-reports/2025-world-lng-report,,,,,,active,GEM,12/31/2024,https://www.igu.org/igu-reports/2025-world-lng-report,GasLog,https://www.igu.org/igu-reports/2025-world-lng-report,Greece,"https://www.gaslogltd.com/contact-us/, https://www.gaslogltd.com/content/uploads/GasLog-Ltd-2022-annual-report-form-20-F.pdf",Samsung Heavy Industries,https://www.igu.org/igu-reports/2025-world-lng-report,South Korea,https://www.samsungshi.com/En/Default.aspx,34.89804,128.6045,"VJW3+QV Geoje-si, Gyeongsangnam-do",exact,https://www.google.com/maps/place/Samsung+Heavy+industries/data=!3m1!1e3!4m10!1m2!2m1!1ssamsung+heavy+industries!3m6!1s0x356ecd83691a8fb5:0xd4204e9a1bb0ef10!8m2!3d34.8969682!4d128.6046376!15sChhzYW1zdW5nIGhlYXZ5IGluZHVzdHJpZXOSAQhzaGlweWFyZOABAA!16s%2Fg%2F1tgcpry6?entry=ttu&g_ep=EgoyMDI1MTIwMi4wIKXMDSoASAFQAw%3D%3D,174000,cbm,https://www.igu.org/igu-reports/2025-world-lng-report,membrane,https://www.igu.org/igu-reports/2025-world-lng-report,conventional,https://www.igu.org/igu-reports/2025-world-lng-report,X-DF,https://www.igu.org/igu-reports/2025-world-lng-report,2019,https://www.igu.org/igu-reports/2025-world-lng-report,IGU,,,,,,,
620,9687021,https://www.igu.org/igu-reports/2025-world-lng-report,GasLog Glasgow,https://www.igu.org/igu-reports/2025-world-lng-report,,,,,,active,GEM,12/31/2024,https://www.igu.org/igu-reports/2025-world-lng-report,GasLog,https://www.igu.org/igu-reports/2025-world-lng-report,Greece,"https://www.gaslogltd.com/contact-us/, https://www.gaslogltd.com/content/uploads/GasLog-Ltd-2022-annual-report-form-20-F.pdf",Samsung Heavy Industries,https://www.igu.org/igu-reports/2025-world-lng-report,South Korea,https://www.samsungshi.com/En/Default.aspx,34.89804,128.6045,"VJW3+QV Geoje-si, Gyeongsangnam-do",exact,https://www.google.com/maps/place/Samsung+Heavy+industries/data=!3m1!1e3!4m10!1m2!2m1!1ssamsung+heavy+industries!3m6!1s0x356ecd83691a8fb5:0xd4204e9a1bb0ef10!8m2!3d34.8969682!4d128.6046376!15sChhzYW1zdW5nIGhlYXZ5IGluZHVzdHJpZXOSAQhzaGlweWFyZOABAA!16s%2Fg%2F1tgcpry6?entry=ttu&g_ep=EgoyMDI1MTIwMi4wIKXMDSoASAFQAw%3D%3D,174000,cbm,https://www.igu.org/igu-reports/2025-world-lng-report,membrane,https://www.igu.org/igu-reports/2025-world-lng-report,conventional,https://www.igu.org/igu-reports/2025-world-lng-report,DFDE,https://www.igu.org/igu-reports/2025-world-lng-report,2016,https://www.igu.org/igu-reports/2025-world-lng-report,IGU,,,,,,,
621,9687019,https://www.igu.org/igu-reports/2025-world-lng-report,GasLog Greece,https://www.igu.org/igu-reports/2025-world-lng-report,,,,,,active,GEM,12/31/2024,https://www.igu.org/igu-reports/2025-world-lng-report,GasLog,https://www.igu.org/igu-reports/2025-world-lng-report,Greece,"https://www.gaslogltd.com/contact-us/, https://www.gaslogltd.com/content/uploads/GasLog-Ltd-2022-annual-report-form-20-F.pdf",Samsung Heavy Industries,https://www.igu.org/igu-reports/2025-world-lng-report,South Korea,https://www.samsungshi.com/En/Default.aspx,34.89804,128.6045,"VJW3+QV Geoje-si, Gyeongsangnam-do",exact,https://www.google.com/maps/place/Samsung+Heavy+industries/data=!3m1!1e3!4m10!1m2!2m1!1ssamsung+heavy+industries!3m6!1s0x356ecd83691a8fb5:0xd4204e9a1bb0ef10!8m2!3d34.8969682!4d128.6046376!15sChhzYW1zdW5nIGhlYXZ5IGluZHVzdHJpZXOSAQhzaGlweWFyZOABAA!16s%2Fg%2F1tgcpry6?entry=ttu&g_ep=EgoyMDI1MTIwMi4wIKXMDSoASAFQAw%3D%3D,174000,cbm,https://www.igu.org/igu-reports/2025-world-lng-report,membrane,https://www.igu.org/igu-reports/2025-world-lng-report,conventional,https://www.igu.org/igu-reports/2025-world-lng-report,DFDE,https://www.igu.org/igu-reports/2025-world-lng-report,2016,https://www.igu.org/igu-reports/2025-world-lng-report,IGU,,,,,,,
622,9748904,https://www.igu.org/igu-reports/2025-world-lng-report,GasLog Hongkong,https://www.igu.org/igu-reports/2025-world-lng-report,,,,,,active,GEM,12/31/2024,https://www.igu.org/igu-reports/2025-world-lng-report,GasLog,https://www.igu.org/igu-reports/2025-world-lng-report,Greece,"https://www.gaslogltd.com/contact-us/, https://www.gaslogltd.com/content/uploads/GasLog-Ltd-2022-annual-report-form-20-F.pdf",HD Hyundai Heavy Industries,https://www.igu.org/igu-reports/2025-world-lng-report,South Korea,https://www.hd.com/en/main,35.51613,129.4383,GC8Q+M6 Ulsan,exact,https://www.google.com/maps/place/HD+Hyundai+Heavy+Industries+Ulsan+Shipyard/data=!3m1!1e3!4m10!1m2!2m1!1sHD+Hyundai!3m6!1s0x3567ce56ebbfb645:0xd94a696f9fca5d90!8m2!3d35.5167468!4d129.4380269!15sCgpIRCBIeXVuZGFpkgEIc2hpcHlhcmTgAQA!16s%2Fg%2F1tfhd8y1?entry=ttu&g_ep=EgoyMDI1MTIwMi4wIKXMDSoASAFQAw%3D%3D,174000,cbm,https://www.igu.org/igu-reports/2025-world-lng-report,membrane,https://www.igu.org/igu-reports/2025-world-lng-report,conventional,https://www.igu.org/igu-reports/2025-world-lng-report,X-DF,https://www.igu.org/igu-reports/2025-world-lng-report,2018,https://www.igu.org/igu-reports/2025-world-lng-report,IGU,,,,,,,
623,9748899,https://www.igu.org/igu-reports/2025-world-lng-report,GasLog Houston,https://www.igu.org/igu-reports/2025-world-lng-report,,,,,,active,GEM,12/31/2024,https://www.igu.org/igu-reports/2025-world-lng-report,GasLog,https://www.igu.org/igu-reports/2025-world-lng-report,Greece,"https://www.gaslogltd.com/contact-us/, https://www.gaslogltd.com/content/uploads/GasLog-Ltd-2022-annual-report-form-20-F.pdf",HD Hyundai Heavy Industries,https://www.igu.org/igu-reports/2025-world-lng-report,South Korea,https://www.hd.com/en/main,35.51613,129.4383,GC8Q+M6 Ulsan,exact,https://www.google.com/maps/place/HD+Hyundai+Heavy+Industries+Ulsan+Shipyard/data=!3m1!1e3!4m10!1m2!2m1!1sHD+Hyundai!3m6!1s0x3567ce56ebbfb645:0xd94a696f9fca5d90!8m2!3d35.5167468!4d129.4380269!15sCgpIRCBIeXVuZGFpkgEIc2hpcHlhcmTgAQA!16s%2Fg%2F1tfhd8y1?entry=ttu&g_ep=EgoyMDI1MTIwMi4wIKXMDSoASAFQAw%3D%3D,174000,cbm,https://www.igu.org/igu-reports/2025-world-lng-report,membrane,https://www.igu.org/igu-reports/2025-world-lng-report,conventional,https://www.igu.org/igu-reports/2025-world-lng-report,X-DF,https://www.igu.org/igu-reports/2025-world-lng-report,2018,https://www.igu.org/igu-reports/2025-world-lng-report,IGU,,,,,,,
625,9600530,https://www.igu.org/igu-reports/2025-world-lng-report,GasLog Santiago,https://www.igu.org/igu-reports/2025-world-lng-report,,,,,,active,GEM,12/31/2024,https://www.igu.org/igu-reports/2025-world-lng-report,GasLog,https://www.igu.org/igu-reports/2025-world-lng-report,Greece,"https://www.gaslogltd.com/contact-us/, https://www.gaslogltd.com/content/uploads/GasLog-Ltd-2022-annual-report-form-20-F.pdf",Samsung Heavy Industries,https://www.igu.org/igu-reports/2025-world-lng-report,South Korea,https://www.samsungshi.com/En/Default.aspx,34.89804,128.6045,"VJW3+QV Geoje-si, Gyeongsangnam-do",exact,https://www.google.com/maps/place/Samsung+Heavy+industries/data=!3m1!1e3!4m10!1m2!2m1!1ssamsung+heavy+industries!3m6!1s0x356ecd83691a8fb5:0xd4204e9a1bb0ef10!8m2!3d34.8969682!4d128.6046376!15sChhzYW1zdW5nIGhlYXZ5IGluZHVzdHJpZXOSAQhzaGlweWFyZOABAA!16s%2Fg%2F1tgcpry6?entry=ttu&g_ep=EgoyMDI1MTIwMi4wIKXMDSoASAFQAw%3D%3D,155000,cbm,https://www.igu.org/igu-reports/2025-world-lng-report,membrane,https://www.igu.org/igu-reports/2025-world-lng-report,conventional,https://www.igu.org/igu-reports/2025-world-lng-report,DFDE,https://www.igu.org/igu-reports/2025-world-lng-report,2013,https://www.igu.org/igu-reports/2025-world-lng-report,IGU,,,,,,,
627,9352860,https://www.igu.org/igu-reports/2025-world-lng-report,GasLog Savannah,https://www.igu.org/igu-reports/2025-world-lng-report,,,,,,active,GEM,12/31/2024,https://www.igu.org/igu-reports/2025-world-lng-report,GasLog,https://www.igu.org/igu-reports/2025-world-lng-report,Greece,"https://www.gaslogltd.com/contact-us/, https://www.gaslogltd.com/content/uploads/GasLog-Ltd-2022-annual-report-form-20-F.pdf",Samsung Heavy Industries,https://www.igu.org/igu-reports/2025-world-lng-report,South Korea,https://www.samsungshi.com/En/Default.aspx,34.89804,128.6045,"VJW3+QV Geoje-si, Gyeongsangnam-do",exact,https://www.google.com/maps/place/Samsung+Heavy+industries/data=!3m1!1e3!4m10!1m2!2m1!1ssamsung+heavy+industries!3m6!1s0x356ecd83691a8fb5:0xd4204e9a1bb0ef10!8m2!3d34.8969682!4d128.6046376!15sChhzYW1zdW5nIGhlYXZ5IGluZHVzdHJpZXOSAQhzaGlweWFyZOABAA!16s%2Fg%2F1tgcpry6?entry=ttu&g_ep=EgoyMDI1MTIwMi4wIKXMDSoASAFQAw%3D%3D,155000,cbm,https://www.igu.org/igu-reports/2025-world-lng-report,membrane,https://www.igu.org/igu-reports/2025-world-lng-report,conventional,https://www.igu.org/igu-reports/2025-world-lng-report,DFDE,https://www.igu.org/igu-reports/2025-world-lng-report,2010,https://www.igu.org/igu-reports/2025-world-lng-report,IGU,,,,,,,
628,9634086,https://www.igu.org/igu-reports/2025-world-lng-report,GasLog Seattle,https://www.igu.org/igu-reports/2025-world-lng-report,,,,,,active,GEM,12/31/2024,https://www.igu.org/igu-reports/2025-world-lng-report,GasLog,https://www.igu.org/igu-reports/2025-world-lng-report,Greece,"https://www.gaslogltd.com/contact-us/, https://www.gaslogltd.com/content/uploads/GasLog-Ltd-2022-annual-report-form-20-F.pdf",Samsung Heavy Industries,https://www.igu.org/igu-reports/2025-world-lng-report,South Korea,https://www.samsungshi.com/En/Default.aspx,34.89804,128.6045,"VJW3+QV Geoje-si, Gyeongsangnam-do",exact,https://www.google.com/maps/place/Samsung+Heavy+industries/data=!3m1!1e3!4m10!1m2!2m1!1ssamsung+heavy+industries!3m6!1s0x356ecd83691a8fb5:0xd4204e9a1bb0ef10!8m2!3d34.8969682!4d128.6046376!15sChhzYW1zdW5nIGhlYXZ5IGluZHVzdHJpZXOSAQhzaGlweWFyZOABAA!16s%2Fg%2F1tgcpry6?entry=ttu&g_ep=EgoyMDI1MTIwMi4wIKXMDSoASAFQAw%3D%3D,155000,cbm,https://www.igu.org/igu-reports/2025-world-lng-report,membrane,https://www.igu.org/igu-reports/2025-world-lng-report,conventional,https://www.igu.org/igu-reports/2025-world-lng-report,DFDE,https://www.igu.org/igu-reports/2025-world-lng-report,2013,https://www.igu.org/igu-reports/2025-world-lng-report,IGU,,,,,,,
630,9355604,https://www.igu.org/igu-reports/2025-world-lng-report,GasLog Singapore,https://www.igu.org/igu-reports/2025-world-lng-report,,,,,,active,GEM,12/31/2024,https://www.igu.org/igu-reports/2025-world-lng-report,GasLog,https://www.igu.org/igu-reports/2025-world-lng-report,Greece,"https://www.gaslogltd.com/contact-us/, https://www.gaslogltd.com/content/uploads/GasLog-Ltd-2022-annual-report-form-20-F.pdf",Samsung Heavy Industries,https://www.igu.org/igu-reports/2025-world-lng-report,South Korea,https://www.samsungshi.com/En/Default.aspx,34.89804,128.6045,"VJW3+QV Geoje-si, Gyeongsangnam-do",exact,https://www.google.com/maps/place/Samsung+Heavy+industries/data=!3m1!1e3!4m10!1m2!2m1!1ssamsung+heavy+industries!3m6!1s0x356ecd83691a8fb5:0xd4204e9a1bb0ef10!8m2!3d34.8969682!4d128.6046376!15sChhzYW1zdW5nIGhlYXZ5IGluZHVzdHJpZXOSAQhzaGlweWFyZOABAA!16s%2Fg%2F1tgcpry6?entry=ttu&g_ep=EgoyMDI1MTIwMi4wIKXMDSoASAFQAw%3D%3D,155000,cbm,https://www.igu.org/igu-reports/2025-world-lng-report,membrane,https://www.igu.org/igu-reports/2025-world-lng-report,FSU,https://www.igu.org/igu-reports/2025-world-lng-report,DFDE,https://www.igu.org/igu-reports/2025-world-lng-report,2010,https://www.igu.org/igu-reports/2025-world-lng-report,IGU,,,,,,,
633,9853137,https://www.igu.org/igu-reports/2025-world-lng-report,GasLog Wales,https://www.igu.org/igu-reports/2025-world-lng-report,,,,,,active,GEM,12/31/2024,https://www.igu.org/igu-reports/2025-world-lng-report,GasLog,https://www.igu.org/igu-reports/2025-world-lng-report,Greece,"https://www.gaslogltd.com/contact-us/, https://www.gaslogltd.com/content/uploads/GasLog-Ltd-2022-annual-report-form-20-F.pdf",Samsung Heavy Industries,https://www.igu.org/igu-reports/2025-world-lng-report,South Korea,https://www.samsungshi.com/En/Default.aspx,34.89804,128.6045,"VJW3+QV Geoje-si, Gyeongsangnam-do",exact,https://www.google.com/maps/place/Samsung+Heavy+industries/data=!3m1!1e3!4m10!1m2!2m1!1ssamsung+heavy+industries!3m6!1s0x356ecd83691a8fb5:0xd4204e9a1bb0ef10!8m2!3d34.8969682!4d128.6046376!15sChhzYW1zdW5nIGhlYXZ5IGluZHVzdHJpZXOSAQhzaGlweWFyZOABAA!16s%2Fg%2F1tgcpry6?entry=ttu&g_ep=EgoyMDI1MTIwMi4wIKXMDSoASAFQAw%3D%3D,180000,cbm,https://www.igu.org/igu-reports/2025-world-lng-report,membrane,https://www.igu.org/igu-reports/2025-world-lng-report,conventional,https://www.igu.org/igu-reports/2025-world-lng-report,X-DF,https://www.igu.org/igu-reports/2025-world-lng-report,2020,https://www.igu.org/igu-reports/2025-world-lng-report,IGU,,,,,,,
634,9816763,https://www.igu.org/igu-reports/2025-world-lng-report,GasLog Warsaw,https://www.igu.org/igu-reports/2025-world-lng-report,,,,,,active,GEM,12/31/2024,https://www.igu.org/igu-reports/2025-world-lng-report,GasLog,https://www.igu.org/igu-reports/2025-world-lng-report,Greece,"https://www.gaslogltd.com/contact-us/, https://www.gaslogltd.com/content/uploads/GasLog-Ltd-2022-annual-report-form-20-F.pdf",Samsung Heavy Industries,https://www.igu.org/igu-reports/2025-world-lng-report,South Korea,https://www.samsungshi.com/En/Default.aspx,34.89804,128.6045,"VJW3+QV Geoje-si, Gyeongsangnam-do",exact,https://www.google.com/maps/place/Samsung+Heavy+industries/data=!3m1!1e3!4m10!1m2!2m1!1ssamsung+heavy+industries!3m6!1s0x356ecd83691a8fb5:0xd4204e9a1bb0ef10!8m2!3d34.8969682!4d128.6046376!15sChhzYW1zdW5nIGhlYXZ5IGluZHVzdHJpZXOSAQhzaGlweWFyZOABAA!16s%2Fg%2F1tgcpry6?entry=ttu&g_ep=EgoyMDI1MTIwMi4wIKXMDSoASAFQAw%3D%3D,180000,cbm,https://www.igu.org/igu-reports/2025-world-lng-report,membrane,https://www.igu.org/igu-reports/2025-world-lng-report,conventional,https://www.igu.org/igu-reports/2025-world-lng-report,X-DF,https://www.igu.org/igu-reports/2025-world-lng-report,2019,https://www.igu.org/igu-reports/2025-world-lng-report,IGU,,,,,,,
635,9876660,https://www.igu.org/igu-reports/2025-world-lng-report,GasLog Wellington,https://www.igu.org/igu-reports/2025-world-lng-report,,,,,,active,GEM,12/31/2024,https://www.igu.org/igu-reports/2025-world-lng-report,GasLog,https://www.igu.org/igu-reports/2025-world-lng-report,Greece,"https://www.gaslogltd.com/contact-us/, https://www.gaslogltd.com/content/uploads/GasLog-Ltd-2022-annual-report-form-20-F.pdf",Samsung Heavy Industries,https://www.igu.org/igu-reports/2025-world-lng-report,South Korea,https://www.samsungshi.com/En/Default.aspx,34.89804,128.6045,"VJW3+QV Geoje-si, Gyeongsangnam-do",exact,https://www.google.com/maps/place/Samsung+Heavy+industries/data=!3m1!1e3!4m10!1m2!2m1!1ssamsung+heavy+industries!3m6!1s0x356ecd83691a8fb5:0xd4204e9a1bb0ef10!8m2!3d34.8969682!4d128.6046376!15sChhzYW1zdW5nIGhlYXZ5IGluZHVzdHJpZXOSAQhzaGlweWFyZOABAA!16s%2Fg%2F1tgcpry6?entry=ttu&g_ep=EgoyMDI1MTIwMi4wIKXMDSoASAFQAw%3D%3D,180000,cbm,https://www.igu.org/igu-reports/2025-world-lng-report,membrane,https://www.igu.org/igu-reports/2025-world-lng-report,conventional,https://www.igu.org/igu-reports/2025-world-lng-report,X-DF,https://www.igu.org/igu-reports/2025-world-lng-report,2021,https://www.igu.org/igu-reports/2025-world-lng-report,IGU,,,,,,,
636,9855812,https://www.igu.org/igu-reports/2025-world-lng-report,GasLog Westminster,https://www.igu.org/igu-reports/2025-world-lng-report,,,,,,active,GEM,12/31/2024,https://www.igu.org/igu-reports/2025-world-lng-report,GasLog,https://www.igu.org/igu-reports/2025-world-lng-report,Greece,"https://www.gaslogltd.com/contact-us/, https://www.gaslogltd.com/content/uploads/GasLog-Ltd-2022-annual-report-form-20-F.pdf",Samsung Heavy Industries,https://www.igu.org/igu-reports/2025-world-lng-report,South Korea,https://www.samsungshi.com/En/Default.aspx,34.89804,128.6045,"VJW3+QV Geoje-si, Gyeongsangnam-do",exact,https://www.google.com/maps/place/Samsung+Heavy+industries/data=!3m1!1e3!4m10!1m2!2m1!1ssamsung+heavy+industries!3m6!1s0x356ecd83691a8fb5:0xd4204e9a1bb0ef10!8m2!3d34.8969682!4d128.6046376!15sChhzYW1zdW5nIGhlYXZ5IGluZHVzdHJpZXOSAQhzaGlweWFyZOABAA!16s%2Fg%2F1tgcpry6?entry=ttu&g_ep=EgoyMDI1MTIwMi4wIKXMDSoASAFQAw%3D%3D,180000,cbm,https://www.igu.org/igu-reports/2025-world-lng-report,membrane,https://www.igu.org/igu-reports/2025-world-lng-report,conventional,https://www.igu.org/igu-reports/2025-world-lng-report,X-DF,https://www.igu.org/igu-reports/2025-world-lng-report,2020,https://www.igu.org/igu-reports/2025-world-lng-report,IGU,,,,,,,
637,9876737,https://www.igu.org/igu-reports/2025-world-lng-report,GasLog Winchester,https://www.igu.org/igu-reports/2025-world-lng-report,,,,,,active,GEM,12/31/2024,https://www.igu.org/igu-reports/2025-world-lng-report,GasLog,https://www.igu.org/igu-reports/2025-world-lng-report,Greece,"https://www.gaslogltd.com/contact-us/, https://www.gaslogltd.com/content/uploads/GasLog-Ltd-2022-annual-report-form-20-F.pdf",Samsung Heavy Industries,https://www.igu.org/igu-reports/2025-world-lng-report,South Korea,https://www.samsungshi.com/En/Default.aspx,34.89804,128.6045,"VJW3+QV Geoje-si, Gyeongsangnam-do",exact,https://www.google.com/maps/place/Samsung+Heavy+industries/data=!3m1!1e3!4m10!1m2!2m1!1ssamsung+heavy+industries!3m6!1s0x356ecd83691a8fb5:0xd4204e9a1bb0ef10!8m2!3d34.8969682!4d128.6046376!15sChhzYW1zdW5nIGhlYXZ5IGluZHVzdHJpZXOSAQhzaGlweWFyZOABAA!16s%2Fg%2F1tgcpry6?entry=ttu&g_ep=EgoyMDI1MTIwMi4wIKXMDSoASAFQAw%3D%3D,180000,cbm,https://www.igu.org/igu-reports/2025-world-lng-report,membrane,https://www.igu.org/igu-reports/2025-world-lng-report,conventional,https://www.igu.org/igu-reports/2025-world-lng-report,X-DF,https://www.igu.org/igu-reports/2025-world-lng-report,2021,https://www.igu.org/igu-reports/2025-world-lng-report,IGU,,,,,,,
638,9819650,https://www.igu.org/igu-reports/2025-world-lng-report,GasLog Windsor,https://www.igu.org/igu-reports/2025-world-lng-report,,,,,,active,GEM,12/31/2024,https://www.igu.org/igu-reports/2025-world-lng-report,GasLog,https://www.igu.org/igu-reports/2025-world-lng-report,Greece,"https://www.gaslogltd.com/contact-us/, https://www.gaslogltd.com/content/uploads/GasLog-Ltd-2022-annual-report-form-20-F.pdf",Samsung Heavy Industries,https://www.igu.org/igu-reports/2025-world-lng-report,South Korea,https://www.samsungshi.com/En/Default.aspx,34.89804,128.6045,"VJW3+QV Geoje-si, Gyeongsangnam-do",exact,https://www.google.com/maps/place/Samsung+Heavy+industries/data=!3m1!1e3!4m10!1m2!2m1!1ssamsung+heavy+industries!3m6!1s0x356ecd83691a8fb5:0xd4204e9a1bb0ef10!8m2!3d34.8969682!4d128.6046376!15sChhzYW1zdW5nIGhlYXZ5IGluZHVzdHJpZXOSAQhzaGlweWFyZOABAA!16s%2Fg%2F1tgcpry6?entry=ttu&g_ep=EgoyMDI1MTIwMi4wIKXMDSoASAFQAw%3D%3D,180000,cbm,https://www.igu.org/igu-reports/2025-world-lng-report,membrane,https://www.igu.org/igu-reports/2025-world-lng-report,conventional,https://www.igu.org/igu-reports/2025-world-lng-report,X-DF,https://www.igu.org/igu-reports/2025-world-lng-report,2020,https://www.igu.org/igu-reports/2025-world-lng-report,IGU,,,,,,,
639,1056410,https://www.igu.org/igu-reports/2025-world-lng-report,Gdansk FSRU,https://www.igu.org/igu-reports/2025-world-lng-report,,,,Hull 3515 (HDHHI),"https://www.shipvault.com/ships/478328, https://shipvaultapi-gjb8c.ondigitalocean.app/api/units/478328",on order,GEM,12/31/2024,https://www.igu.org/igu-reports/2025-world-lng-report,MOL,https://www.igu.org/igu-reports/2025-world-lng-report,,,HD Hyundai Heavy Industries,https://www.igu.org/igu-reports/2025-world-lng-report,South Korea,https://www.hd.com/en/main,35.51613,129.4383,GC8Q+M6 Ulsan,exact,https://www.google.com/maps/place/HD+Hyundai+Heavy+Industries+Ulsan+Shipyard/data=!3m1!1e3!4m10!1m2!2m1!1sHD+Hyundai!3m6!1s0x3567ce56ebbfb645:0xd94a696f9fca5d90!8m2!3d35.5167468!4d129.4380269!15sCgpIRCBIeXVuZGFpkgEIc2hpcHlhcmTgAQA!16s%2Fg%2F1tfhd8y1?entry=ttu&g_ep=EgoyMDI1MTIwMi4wIKXMDSoASAFQAw%3D%3D,174000,cbm,https://www.igu.org/igu-reports/2025-world-lng-report,,,,,DFDE,https://www.igu.org/igu-reports/2025-world-lng-report,2027,https://www.igu.org/igu-reports/2025-world-lng-report,IGU,,,,,,,
651,9946374,https://www.igu.org/igu-reports/2025-world-lng-report,Gordonwaters Knutsen,https://www.igu.org/igu-reports/2025-world-lng-report,,,,,,active,GEM,12/31/2024,https://www.igu.org/igu-reports/2025-world-lng-report,Knutsen OAS,https://www.igu.org/igu-reports/2025-world-lng-report,Norway,https://www.imarinenews.com/35664.html,HD Hyundai Heavy Industries,https://www.igu.org/igu-reports/2025-world-lng-report,South Korea,https://www.hd.com/en/main,35.51613,129.4383,GC8Q+M6 Ulsan,exact,https://www.google.com/maps/place/HD+Hyundai+Heavy+Industries+Ulsan+Shipyard/data=!3m1!1e3!4m10!1m2!2m1!1sHD+Hyundai!3m6!1s0x3567ce56ebbfb645:0xd94a696f9fca5d90!8m2!3d35.5167468!4d129.4380269!15sCgpIRCBIeXVuZGFpkgEIc2hpcHlhcmTgAQA!16s%2Fg%2F1tfhd8y1?entry=ttu&g_ep=EgoyMDI1MTIwMi4wIKXMDSoASAFQAw%3D%3D,174000,cbm,https://www.igu.org/igu-reports/2025-world-lng-report,membrane,https://www.igu.org/igu-reports/2025-world-lng-report,conventional,https://www.igu.org/igu-reports/2025-world-lng-report,X-DF,https://www.igu.org/igu-reports/2025-world-lng-report,2023,https://www.igu.org/igu-reports/2025-world-lng-report,IGU,,,,,,,
652,9315707,https://www.igu.org/igu-reports/2025-world-lng-report,Grace Acacia,https://www.igu.org/igu-reports/2025-world-lng-report,,,,,,active,GEM,12/31/2024,https://www.igu.org/igu-reports/2025-world-lng-report,NYK Line,https://www.igu.org/igu-reports/2025-world-lng-report,Japan,"https://www.nyk.com/english/profile/profile/, https://en.wikipedia.org/wiki/Nippon_Yusen",HD Hyundai Heavy Industries,https://www.igu.org/igu-reports/2025-world-lng-report,South Korea,https://www.hd.com/en/main,35.51613,129.4383,GC8Q+M6 Ulsan,exact,https://www.google.com/maps/place/HD+Hyundai+Heavy+Industries+Ulsan+Shipyard/data=!3m1!1e3!4m10!1m2!2m1!1sHD+Hyundai!3m6!1s0x3567ce56ebbfb645:0xd94a696f9fca5d90!8m2!3d35.5167468!4d129.4380269!15sCgpIRCBIeXVuZGFpkgEIc2hpcHlhcmTgAQA!16s%2Fg%2F1tfhd8y1?entry=ttu&g_ep=EgoyMDI1MTIwMi4wIKXMDSoASAFQAw%3D%3D,150000,cbm,https://www.igu.org/igu-reports/2025-world-lng-report,membrane,https://www.igu.org/igu-reports/2025-world-lng-report,conventional,https://www.igu.org/igu-reports/2025-world-lng-report,steam,https://www.igu.org/igu-reports/2025-world-lng-report,2007,https://www.igu.org/igu-reports/2025-world-lng-report,IGU,,,,,,,
653,9315719,https://www.igu.org/igu-reports/2025-world-lng-report,Grace Barleria,https://www.igu.org/igu-reports/2025-world-lng-report,,,,,,active,GEM,12/31/2024,https://www.igu.org/igu-reports/2025-world-lng-report,NYK Line,https://www.igu.org/igu-reports/2025-world-lng-report,Japan,"https://www.nyk.com/english/profile/profile/, https://en.wikipedia.org/wiki/Nippon_Yusen",HD Hyundai Heavy Industries,https://www.igu.org/igu-reports/2025-world-lng-report,South Korea,https://www.hd.com/en/main,35.51613,129.4383,GC8Q+M6 Ulsan,exact,https://www.google.com/maps/place/HD+Hyundai+Heavy+Industries+Ulsan+Shipyard/data=!3m1!1e3!4m10!1m2!2m1!1sHD+Hyundai!3m6!1s0x3567ce56ebbfb645:0xd94a696f9fca5d90!8m2!3d35.5167468!4d129.4380269!15sCgpIRCBIeXVuZGFpkgEIc2hpcHlhcmTgAQA!16s%2Fg%2F1tfhd8y1?entry=ttu&g_ep=EgoyMDI1MTIwMi4wIKXMDSoASAFQAw%3D%3D,150000,cbm,https://www.igu.org/igu-reports/2025-world-lng-report,membrane,https://www.igu.org/igu-reports/2025-world-lng-report,conventional,https://www.igu.org/igu-reports/2025-world-lng-report,steam,https://www.igu.org/igu-reports/2025-world-lng-report,2007,https://www.igu.org/igu-reports/2025-world-lng-report,IGU,,,,,,,
655,9540716,https://www.igu.org/igu-reports/2025-world-lng-report,Grace Dahlia,https://www.igu.org/igu-reports/2025-world-lng-report,,,,,,active,GEM,12/31/2024,https://www.igu.org/igu-reports/2025-world-lng-report,NYK Line,https://www.igu.org/igu-reports/2025-world-lng-report,Japan,"https://www.nyk.com/english/profile/profile/, https://en.wikipedia.org/wiki/Nippon_Yusen",Kawasaki Heavy Industries,https://www.igu.org/igu-reports/2025-world-lng-report,Japan,https://www.khi.co.jp/corporate/network/sakaide.html,34.327891,133.832534,"8RHM+63 Sakaide, Kagawa, Japan",exact,"https://www.google.com/maps/place/Kawasaki+Heavy+Industries+Sakaide+Works/@34.3281037,133.8301629,727m/data=!3m2!1e3!4b1!4m6!3m5!1s0x3553defcdee0be77:0x45602ea060d2d040!8m2!3d34.3281037!4d133.8327378!16s%2Fg%2F11btww0875?entry=ttu&g_ep=EgoyMDI1MTIwMi4wIKXMDSoASAFQAw%3D%3D",177400,cbm,https://www.igu.org/igu-reports/2025-world-lng-report,spherical,https://www.igu.org/igu-reports/2025-world-lng-report,conventional,https://www.igu.org/igu-reports/2025-world-lng-report,steam,https://www.igu.org/igu-reports/2025-world-lng-report,2013,https://www.igu.org/igu-reports/2025-world-lng-report,IGU,,,,,,,
656,9884174,https://www.igu.org/igu-reports/2025-world-lng-report,Grace Emelia,https://www.igu.org/igu-reports/2025-world-lng-report,,,,,,active,GEM,12/31/2024,https://www.igu.org/igu-reports/2025-world-lng-report,NYK Line,https://www.igu.org/igu-reports/2025-world-lng-report,Japan,"https://www.nyk.com/english/profile/profile/, https://en.wikipedia.org/wiki/Nippon_Yusen",HD Hyundai Heavy Industries,https://www.igu.org/igu-reports/2025-world-lng-report,South Korea,https://www.hd.com/en/main,35.51613,129.4383,GC8Q+M6 Ulsan,exact,https://www.google.com/maps/place/HD+Hyundai+Heavy+Industries+Ulsan+Shipyard/data=!3m1!1e3!4m10!1m2!2m1!1sHD+Hyundai!3m6!1s0x3567ce56ebbfb645:0xd94a696f9fca5d90!8m2!3d35.5167468!4d129.4380269!15sCgpIRCBIeXVuZGFpkgEIc2hpcHlhcmTgAQA!16s%2Fg%2F1tfhd8y1?entry=ttu&g_ep=EgoyMDI1MTIwMi4wIKXMDSoASAFQAw%3D%3D,174000,cbm,https://www.igu.org/igu-reports/2025-world-lng-report,membrane,https://www.igu.org/igu-reports/2025-world-lng-report,conventional,https://www.igu.org/igu-reports/2025-world-lng-report,X-DF,https://www.igu.org/igu-reports/2025-world-lng-report,2021,https://www.igu.org/igu-reports/2025-world-lng-report,IGU,,,,,,,
657,9903920,https://www.igu.org/igu-reports/2025-world-lng-report,Grace Freesia,https://www.igu.org/igu-reports/2025-world-lng-report,,,,,,active,GEM,12/31/2024,https://www.igu.org/igu-reports/2025-world-lng-report,NYK Line,https://www.igu.org/igu-reports/2025-world-lng-report,Japan,"https://www.nyk.com/english/profile/profile/, https://en.wikipedia.org/wiki/Nippon_Yusen",HD Hyundai Heavy Industries,https://www.igu.org/igu-reports/2025-world-lng-report,South Korea,https://www.hd.com/en/main,35.51613,129.4383,GC8Q+M6 Ulsan,exact,https://www.google.com/maps/place/HD+Hyundai+Heavy+Industries+Ulsan+Shipyard/data=!3m1!1e3!4m10!1m2!2m1!1sHD+Hyundai!3m6!1s0x3567ce56ebbfb645:0xd94a696f9fca5d90!8m2!3d35.5167468!4d129.4380269!15sCgpIRCBIeXVuZGFpkgEIc2hpcHlhcmTgAQA!16s%2Fg%2F1tfhd8y1?entry=ttu&g_ep=EgoyMDI1MTIwMi4wIKXMDSoASAFQAw%3D%3D,174000,cbm,https://www.igu.org/igu-reports/2025-world-lng-report,membrane,https://www.igu.org/igu-reports/2025-world-lng-report,conventional,https://www.igu.org/igu-reports/2025-world-lng-report,X-DF,https://www.igu.org/igu-reports/2025-world-lng-report,2022,https://www.igu.org/igu-reports/2025-world-lng-report,IGU,,,,,,,
658,9338955,https://www.igu.org/igu-reports/2025-world-lng-report,Grand Aniva,https://www.igu.org/igu-reports/2025-world-lng-report,,,,,,active,GEM,12/31/2024,https://www.igu.org/igu-reports/2025-world-lng-report,"NYK Line, Sovcomflot",https://www.igu.org/igu-reports/2025-world-lng-report,Japan,"https://www.nyk.com/english/profile/profile/, https://en.wikipedia.org/wiki/Nippon_Yusen",Mitsubishi Heavy Industries,https://www.igu.org/igu-reports/2025-world-lng-report,Japan,https://www.mhi.com/,35.412837,139.668503,"CM8G+QG Yokohama, Kanagawa, Japan",exact,"https://www.google.com/maps/place/Mitsubishi+Heavy+Industries+Yokohama+Dockyard+%26+Machinery+Works/@35.5677012,139.4295502,45835m/data=!3m1!1e3!4m10!1m2!2m1!1sMitsubishi+Heavy+Industries!3m6!1s0x601842bd2acc85ff:0x1c719ae9bbc013df!8m2!3d35.4169184!4d139.6762959!15sChtNaXRzdWJpc2hpIEhlYXZ5IEluZHVzdHJpZXMiA4gBAZIBCHNoaXB5YXJk4AEA!16s%2Fg%2F11btvwmdj6?entry=ttu&g_ep=EgoyMDI1MTIwMi4wIKXMDSoASAFQAw%3D%3D",147000,cbm,https://www.igu.org/igu-reports/2025-world-lng-report,spherical,https://www.igu.org/igu-reports/2025-world-lng-report,conventional,https://www.igu.org/igu-reports/2025-world-lng-report,steam,https://www.igu.org/igu-reports/2025-world-lng-report,2008,https://www.igu.org/igu-reports/2025-world-lng-report,IGU,,,,,,,
659,9332054,https://www.igu.org/igu-reports/2025-world-lng-report,Grand Elena,https://www.igu.org/igu-reports/2025-world-lng-report,,,,,,active,GEM,12/31/2024,https://www.igu.org/igu-reports/2025-world-lng-report,"NYK Line, Sovcomflot",https://www.igu.org/igu-reports/2025-world-lng-report,Japan,"https://www.nyk.com/english/profile/profile/, https://en.wikipedia.org/wiki/Nippon_Yusen",Mitsubishi Heavy Industries,https://www.igu.org/igu-reports/2025-world-lng-report,Japan,https://www.mhi.com/,35.412837,139.668503,"CM8G+QG Yokohama, Kanagawa, Japan",exact,"https://www.google.com/maps/place/Mitsubishi+Heavy+Industries+Yokohama+Dockyard+%26+Machinery+Works/@35.5677012,139.4295502,45835m/data=!3m1!1e3!4m10!1m2!2m1!1sMitsubishi+Heavy+Industries!3m6!1s0x601842bd2acc85ff:0x1c719ae9bbc013df!8m2!3d35.4169184!4d139.6762959!15sChtNaXRzdWJpc2hpIEhlYXZ5IEluZHVzdHJpZXMiA4gBAZIBCHNoaXB5YXJk4AEA!16s%2Fg%2F11btvwmdj6?entry=ttu&g_ep=EgoyMDI1MTIwMi4wIKXMDSoASAFQAw%3D%3D",147000,cbm,https://www.igu.org/igu-reports/2025-world-lng-report,spherical,https://www.igu.org/igu-reports/2025-world-lng-report,conventional,https://www.igu.org/igu-reports/2025-world-lng-report,steam,https://www.igu.org/igu-reports/2025-world-lng-report,2007,https://www.igu.org/igu-reports/2025-world-lng-report,IGU,,,,,,,
661,9922988,https://www.igu.org/igu-reports/2025-world-lng-report,Grazyna Gesicka,https://www.igu.org/igu-reports/2025-world-lng-report,,,,,,active,GEM,12/31/2024,https://www.igu.org/igu-reports/2025-world-lng-report,Knutsen OAS,https://www.igu.org/igu-reports/2025-world-lng-report,Norway,https://www.imarinenews.com/35664.html,HD Hyundai Heavy Industries,https://www.igu.org/igu-reports/2025-world-lng-report,South Korea,https://www.hd.com/en/main,35.51613,129.4383,GC8Q+M6 Ulsan,exact,https://www.google.com/maps/place/HD+Hyundai+Heavy+Industries+Ulsan+Shipyard/data=!3m1!1e3!4m10!1m2!2m1!1sHD+Hyundai!3m6!1s0x3567ce56ebbfb645:0xd94a696f9fca5d90!8m2!3d35.5167468!4d129.4380269!15sCgpIRCBIeXVuZGFpkgEIc2hpcHlhcmTgAQA!16s%2Fg%2F1tfhd8y1?entry=ttu&g_ep=EgoyMDI1MTIwMi4wIKXMDSoASAFQAw%3D%3D,174000,cbm,https://www.igu.org/igu-reports/2025-world-lng-report,membrane,https://www.igu.org/igu-reports/2025-world-lng-report,conventional,https://www.igu.org/igu-reports/2025-world-lng-report,X-DF,https://www.igu.org/igu-reports/2025-world-lng-report,2023,https://www.igu.org/igu-reports/2025-world-lng-report,IGU,,,,,,,
674,9972385,https://www.igu.org/igu-reports/2025-world-lng-report,HL Puffin,https://www.igu.org/igu-reports/2025-world-lng-report,,,,Hull 2610 (SHI),"https://www.shipvault.com/ships/454342, https://shipvaultapi-gjb8c.ondigitalocean.app/api/units/454342",on order,GEM,12/31/2024,https://www.igu.org/igu-reports/2025-world-lng-report,H-Line Shipping,https://www.igu.org/igu-reports/2025-world-lng-report,,,Samsung Heavy Industries,https://www.igu.org/igu-reports/2025-world-lng-report,South Korea,https://www.samsungshi.com/En/Default.aspx,34.89804,128.6045,"VJW3+QV Geoje-si, Gyeongsangnam-do",exact,https://www.google.com/maps/place/Samsung+Heavy+industries/data=!3m1!1e3!4m10!1m2!2m1!1ssamsung+heavy+industries!3m6!1s0x356ecd83691a8fb5:0xd4204e9a1bb0ef10!8m2!3d34.8969682!4d128.6046376!15sChhzYW1zdW5nIGhlYXZ5IGluZHVzdHJpZXOSAQhzaGlweWFyZOABAA!16s%2Fg%2F1tgcpry6?entry=ttu&g_ep=EgoyMDI1MTIwMi4wIKXMDSoASAFQAw%3D%3D,174000,cbm,https://www.igu.org/igu-reports/2025-world-lng-report,,,,,ME-GA,https://www.igu.org/igu-reports/2025-world-lng-report,2026,https://www.igu.org/igu-reports/2025-world-lng-report,IGU,,,,,,,
678,9941013,https://www.igu.org/igu-reports/2025-world-lng-report,HLS Bilbao,https://www.igu.org/igu-reports/2025-world-lng-report,,,,,,active,GEM,12/31/2024,https://www.igu.org/igu-reports/2025-world-lng-report,Hyundai LNG Shipping,https://www.igu.org/igu-reports/2025-world-lng-report,South Korea,https://www.emis.com/php/company-profile/KR/Hyundai_Lng_Shipping_CoLtd_en_4269939.html,Hanwha Ocean,https://www.igu.org/igu-reports/2025-world-lng-report,South Korea,https://www.hanwha.com/companies/hanwha-ocean.do,34.87385,128.6966,"VMCW+V7 Geoje-si, Gyeongsangnam-do",exact,https://www.google.com/maps/place/Hanwha+Ocean/data=!3m1!1e3!4m10!1m2!2m1!1sHanwha+Ocean!3m6!1s0x356ecd1d7a72f7db:0x3bfe90e7d8bf93f0!8m2!3d34.8721913!4d128.6956963!15sCgxIYW53aGEgT2NlYW5aDiIMaGFud2hhIG9jZWFukgEfc2hpcGJ1aWxkaW5nX2FuZF9yZXBhaXJfY29tcGFueZoBI0NoWkRTVWhOTUc5blMwVkpRMEZuVFVSUmRYVkVTMWhuRUFF4AEA-gEECAAQLA!16s%2Fg%2F11swmd6_76?entry=ttu&g_ep=EgoyMDI1MTIwMi4wIKXMDSoASAFQAw%3D%3D,174000,cbm,https://www.igu.org/igu-reports/2025-world-lng-report,membrane,https://www.igu.org/igu-reports/2025-world-lng-report,conventional,https://www.igu.org/igu-reports/2025-world-lng-report,ME-GI,https://www.igu.org/igu-reports/2025-world-lng-report,2024,https://www.igu.org/igu-reports/2025-world-lng-report,IGU,,,,,,,
687,9904209,https://www.igu.org/igu-reports/2025-world-lng-report,Huelva Knutsen,https://www.igu.org/igu-reports/2025-world-lng-report,,,,,,active,GEM,12/31/2024,https://www.igu.org/igu-reports/2025-world-lng-report,Knutsen OAS,https://www.igu.org/igu-reports/2025-world-lng-report,Norway,https://www.imarinenews.com/35664.html,HD Hyundai Heavy Industries,https://www.igu.org/igu-reports/2025-world-lng-report,South Korea,https://www.hd.com/en/main,35.51613,129.4383,GC8Q+M6 Ulsan,exact,https://www.google.com/maps/place/HD+Hyundai+Heavy+Industries+Ulsan+Shipyard/data=!3m1!1e3!4m10!1m2!2m1!1sHD+Hyundai!3m6!1s0x3567ce56ebbfb645:0xd94a696f9fca5d90!8m2!3d35.5167468!4d129.4380269!15sCgpIRCBIeXVuZGFpkgEIc2hpcHlhcmTgAQA!16s%2Fg%2F1tfhd8y1?entry=ttu&g_ep=EgoyMDI1MTIwMi4wIKXMDSoASAFQAw%3D%3D,174000,cbm,https://www.igu.org/igu-reports/2025-world-lng-report,membrane,https://www.igu.org/igu-reports/2025-world-lng-report,conventional,https://www.igu.org/igu-reports/2025-world-lng-report,X-DF,https://www.igu.org/igu-reports/2025-world-lng-report,2022,https://www.igu.org/igu-reports/2025-world-lng-report,IGU,,,,,,,
688,9179581,https://www.igu.org/igu-reports/2025-world-lng-report,Hyundai Aquapia,https://www.igu.org/igu-reports/2025-world-lng-report,,,,,,active,GEM,12/31/2024,https://www.igu.org/igu-reports/2025-world-lng-report,Hyundai LNG Shipping,https://www.igu.org/igu-reports/2025-world-lng-report,South Korea,https://www.emis.com/php/company-profile/KR/Hyundai_Lng_Shipping_CoLtd_en_4269939.html,HD Hyundai Heavy Industries,https://www.igu.org/igu-reports/2025-world-lng-report,South Korea,https://www.hd.com/en/main,35.51613,129.4383,GC8Q+M6 Ulsan,exact,https://www.google.com/maps/place/HD+Hyundai+Heavy+Industries+Ulsan+Shipyard/data=!3m1!1e3!4m10!1m2!2m1!1sHD+Hyundai!3m6!1s0x3567ce56ebbfb645:0xd94a696f9fca5d90!8m2!3d35.5167468!4d129.4380269!15sCgpIRCBIeXVuZGFpkgEIc2hpcHlhcmTgAQA!16s%2Fg%2F1tfhd8y1?entry=ttu&g_ep=EgoyMDI1MTIwMi4wIKXMDSoASAFQAw%3D%3D,135000,cbm,https://www.igu.org/igu-reports/2025-world-lng-report,spherical,https://www.igu.org/igu-reports/2025-world-lng-report,conventional,https://www.igu.org/igu-reports/2025-world-lng-report,steam,https://www.igu.org/igu-reports/2025-world-lng-report,2000,https://www.igu.org/igu-reports/2025-world-lng-report,IGU,,,,,,,
689,9155157,https://www.igu.org/igu-reports/2025-world-lng-report,Hyundai Cosmopia,https://www.igu.org/igu-reports/2025-world-lng-report,,,,,,active,GEM,12/31/2024,https://www.igu.org/igu-reports/2025-world-lng-report,Hyundai LNG Shipping,https://www.igu.org/igu-reports/2025-world-lng-report,South Korea,https://www.emis.com/php/company-profile/KR/Hyundai_Lng_Shipping_CoLtd_en_4269939.html,HD Hyundai Heavy Industries,https://www.igu.org/igu-reports/2025-world-lng-report,South Korea,https://www.hd.com/en/main,35.51613,129.4383,GC8Q+M6 Ulsan,exact,https://www.google.com/maps/place/HD+Hyundai+Heavy+Industries+Ulsan+Shipyard/data=!3m1!1e3!4m10!1m2!2m1!1sHD+Hyundai!3m6!1s0x3567ce56ebbfb645:0xd94a696f9fca5d90!8m2!3d35.5167468!4d129.4380269!15sCgpIRCBIeXVuZGFpkgEIc2hpcHlhcmTgAQA!16s%2Fg%2F1tfhd8y1?entry=ttu&g_ep=EgoyMDI1MTIwMi4wIKXMDSoASAFQAw%3D%3D,135000,cbm,https://www.igu.org/igu-reports/2025-world-lng-report,spherical,https://www.igu.org/igu-reports/2025-world-lng-report,conventional,https://www.igu.org/igu-reports/2025-world-lng-report,steam,https://www.igu.org/igu-reports/2025-world-lng-report,2000,https://www.igu.org/igu-reports/2025-world-lng-report,IGU,,,,,,,
690,9372999,https://www.igu.org/igu-reports/2025-world-lng-report,Hyundai Ecopia,https://www.igu.org/igu-reports/2025-world-lng-report,,,,,,active,GEM,12/31/2024,https://www.igu.org/igu-reports/2025-world-lng-report,Hyundai LNG Shipping,https://www.igu.org/igu-reports/2025-world-lng-report,South Korea,https://www.emis.com/php/company-profile/KR/Hyundai_Lng_Shipping_CoLtd_en_4269939.html,HD Hyundai Heavy Industries,https://www.igu.org/igu-reports/2025-world-lng-report,South Korea,https://www.hd.com/en/main,35.51613,129.4383,GC8Q+M6 Ulsan,exact,https://www.google.com/maps/place/HD+Hyundai+Heavy+Industries+Ulsan+Shipyard/data=!3m1!1e3!4m10!1m2!2m1!1sHD+Hyundai!3m6!1s0x3567ce56ebbfb645:0xd94a696f9fca5d90!8m2!3d35.5167468!4d129.4380269!15sCgpIRCBIeXVuZGFpkgEIc2hpcHlhcmTgAQA!16s%2Fg%2F1tfhd8y1?entry=ttu&g_ep=EgoyMDI1MTIwMi4wIKXMDSoASAFQAw%3D%3D,150000,cbm,https://www.igu.org/igu-reports/2025-world-lng-report,membrane,https://www.igu.org/igu-reports/2025-world-lng-report,conventional,https://www.igu.org/igu-reports/2025-world-lng-report,steam,https://www.igu.org/igu-reports/2025-world-lng-report,2008,https://www.igu.org/igu-reports/2025-world-lng-report,IGU,,,,,,,
693,9183269,https://www.igu.org/igu-reports/2025-world-lng-report,Hyundai Oceanpia,https://www.igu.org/igu-reports/2025-world-lng-report,,,,,,active,GEM,12/31/2024,https://www.igu.org/igu-reports/2025-world-lng-report,Hyundai LNG Shipping,https://www.igu.org/igu-reports/2025-world-lng-report,South Korea,https://www.emis.com/php/company-profile/KR/Hyundai_Lng_Shipping_CoLtd_en_4269939.html,HD Hyundai Heavy Industries,https://www.igu.org/igu-reports/2025-world-lng-report,South Korea,https://www.hd.com/en/main,35.51613,129.4383,GC8Q+M6 Ulsan,exact,https://www.google.com/maps/place/HD+Hyundai+Heavy+Industries+Ulsan+Shipyard/data=!3m1!1e3!4m10!1m2!2m1!1sHD+Hyundai!3m6!1s0x3567ce56ebbfb645:0xd94a696f9fca5d90!8m2!3d35.5167468!4d129.4380269!15sCgpIRCBIeXVuZGFpkgEIc2hpcHlhcmTgAQA!16s%2Fg%2F1tfhd8y1?entry=ttu&g_ep=EgoyMDI1MTIwMi4wIKXMDSoASAFQAw%3D%3D,135000,cbm,https://www.igu.org/igu-reports/2025-world-lng-report,spherical,https://www.igu.org/igu-reports/2025-world-lng-report,conventional,https://www.igu.org/igu-reports/2025-world-lng-report,steam,https://www.igu.org/igu-reports/2025-world-lng-report,2000,https://www.igu.org/igu-reports/2025-world-lng-report,IGU,,,,,,,
694,9761853,https://www.igu.org/igu-reports/2025-world-lng-report,Hyundai Peacepia,https://www.igu.org/igu-reports/2025-world-lng-report,,,,,,active,GEM,12/31/2024,https://www.igu.org/igu-reports/2025-world-lng-report,Hyundai LNG Shipping,https://www.igu.org/igu-reports/2025-world-lng-report,South Korea,https://www.emis.com/php/company-profile/KR/Hyundai_Lng_Shipping_CoLtd_en_4269939.html,Hanwha Ocean,https://www.igu.org/igu-reports/2025-world-lng-report,South Korea,https://www.hanwha.com/companies/hanwha-ocean.do,34.87385,128.6966,"VMCW+V7 Geoje-si, Gyeongsangnam-do",exact,https://www.google.com/maps/place/Hanwha+Ocean/data=!3m1!1e3!4m10!1m2!2m1!1sHanwha+Ocean!3m6!1s0x356ecd1d7a72f7db:0x3bfe90e7d8bf93f0!8m2!3d34.8721913!4d128.6956963!15sCgxIYW53aGEgT2NlYW5aDiIMaGFud2hhIG9jZWFukgEfc2hpcGJ1aWxkaW5nX2FuZF9yZXBhaXJfY29tcGFueZoBI0NoWkRTVWhOTUc5blMwVkpRMEZuVFVSUmRYVkVTMWhuRUFF4AEA-gEECAAQLA!16s%2Fg%2F11swmd6_76?entry=ttu&g_ep=EgoyMDI1MTIwMi4wIKXMDSoASAFQAw%3D%3D,174000,cbm,https://www.igu.org/igu-reports/2025-world-lng-report,membrane,https://www.igu.org/igu-reports/2025-world-lng-report,conventional,https://www.igu.org/igu-reports/2025-world-lng-report,ME-GI,https://www.igu.org/igu-reports/2025-world-lng-report,2017,https://www.igu.org/igu-reports/2025-world-lng-report,IGU,,,,,,,
695,9761841,https://www.igu.org/igu-reports/2025-world-lng-report,Hyundai Princepia,https://www.igu.org/igu-reports/2025-world-lng-report,,,,,,active,GEM,12/31/2024,https://www.igu.org/igu-reports/2025-world-lng-report,Hyundai LNG Shipping,https://www.igu.org/igu-reports/2025-world-lng-report,South Korea,https://www.emis.com/php/company-profile/KR/Hyundai_Lng_Shipping_CoLtd_en_4269939.html,Hanwha Ocean,https://www.igu.org/igu-reports/2025-world-lng-report,South Korea,https://www.hanwha.com/companies/hanwha-ocean.do,34.87385,128.6966,"VMCW+V7 Geoje-si, Gyeongsangnam-do",exact,https://www.google.com/maps/place/Hanwha+Ocean/data=!3m1!1e3!4m10!1m2!2m1!1sHanwha+Ocean!3m6!1s0x356ecd1d7a72f7db:0x3bfe90e7d8bf93f0!8m2!3d34.8721913!4d128.6956963!15sCgxIYW53aGEgT2NlYW5aDiIMaGFud2hhIG9jZWFukgEfc2hpcGJ1aWxkaW5nX2FuZF9yZXBhaXJfY29tcGFueZoBI0NoWkRTVWhOTUc5blMwVkpRMEZuVFVSUmRYVkVTMWhuRUFF4AEA-gEECAAQLA!16s%2Fg%2F11swmd6_76?entry=ttu&g_ep=EgoyMDI1MTIwMi4wIKXMDSoASAFQAw%3D%3D,174000,cbm,https://www.igu.org/igu-reports/2025-world-lng-report,membrane,https://www.igu.org/igu-reports/2025-world-lng-report,conventional,https://www.igu.org/igu-reports/2025-world-lng-report,ME-GI,https://www.igu.org/igu-reports/2025-world-lng-report,2017,https://www.igu.org/igu-reports/2025-world-lng-report,IGU,,,,,,,
696,9155145,https://www.igu.org/igu-reports/2025-world-lng-report,Hyundai Technopia,https://www.igu.org/igu-reports/2025-world-lng-report,,,,,,active,GEM,12/31/2024,https://www.igu.org/igu-reports/2025-world-lng-report,Hyundai LNG Shipping,https://www.igu.org/igu-reports/2025-world-lng-report,South Korea,https://www.emis.com/php/company-profile/KR/Hyundai_Lng_Shipping_CoLtd_en_4269939.html,HD Hyundai Heavy Industries,https://www.igu.org/igu-reports/2025-world-lng-report,South Korea,https://www.hd.com/en/main,35.51613,129.4383,GC8Q+M6 Ulsan,exact,https://www.google.com/maps/place/HD+Hyundai+Heavy+Industries+Ulsan+Shipyard/data=!3m1!1e3!4m10!1m2!2m1!1sHD+Hyundai!3m6!1s0x3567ce56ebbfb645:0xd94a696f9fca5d90!8m2!3d35.5167468!4d129.4380269!15sCgpIRCBIeXVuZGFpkgEIc2hpcHlhcmTgAQA!16s%2Fg%2F1tfhd8y1?entry=ttu&g_ep=EgoyMDI1MTIwMi4wIKXMDSoASAFQAw%3D%3D,135000,cbm,https://www.igu.org/igu-reports/2025-world-lng-report,spherical,https://www.igu.org/igu-reports/2025-world-lng-report,conventional,https://www.igu.org/igu-reports/2025-world-lng-report,steam,https://www.igu.org/igu-reports/2025-world-lng-report,1999,https://www.igu.org/igu-reports/2025-world-lng-report,IGU,,,,,,,
697,9018555,https://www.igu.org/igu-reports/2025-world-lng-report,Hyundai Utopia,https://www.igu.org/igu-reports/2025-world-lng-report,,,,,,active,GEM,12/31/2024,https://www.igu.org/igu-reports/2025-world-lng-report,Hyundai LNG Shipping,https://www.igu.org/igu-reports/2025-world-lng-report,South Korea,https://www.emis.com/php/company-profile/KR/Hyundai_Lng_Shipping_CoLtd_en_4269939.html,HD Hyundai Heavy Industries,https://www.igu.org/igu-reports/2025-world-lng-report,South Korea,https://www.hd.com/en/main,35.51613,129.4383,GC8Q+M6 Ulsan,exact,https://www.google.com/maps/place/HD+Hyundai+Heavy+Industries+Ulsan+Shipyard/data=!3m1!1e3!4m10!1m2!2m1!1sHD+Hyundai!3m6!1s0x3567ce56ebbfb645:0xd94a696f9fca5d90!8m2!3d35.5167468!4d129.4380269!15sCgpIRCBIeXVuZGFpkgEIc2hpcHlhcmTgAQA!16s%2Fg%2F1tfhd8y1?entry=ttu&g_ep=EgoyMDI1MTIwMi4wIKXMDSoASAFQAw%3D%3D,125200,cbm,https://www.igu.org/igu-reports/2025-world-lng-report,spherical,https://www.igu.org/igu-reports/2025-world-lng-report,conventional,https://www.igu.org/igu-reports/2025-world-lng-report,steam,https://www.igu.org/igu-reports/2025-world-lng-report,1994,https://www.igu.org/igu-reports/2025-world-lng-report,IGU,,,,,,,
698,9326603,https://www.igu.org/igu-reports/2025-world-lng-report,Iberica Knutsen,https://www.igu.org/igu-reports/2025-world-lng-report,,,,,,active,GEM,12/31/2024,https://www.igu.org/igu-reports/2025-world-lng-report,Knutsen OAS,https://www.igu.org/igu-reports/2025-world-lng-report,Norway,https://www.imarinenews.com/35664.html,Hanwha Ocean,https://www.igu.org/igu-reports/2025-world-lng-report,South Korea,https://www.hanwha.com/companies/hanwha-ocean.do,34.87385,128.6966,"VMCW+V7 Geoje-si, Gyeongsangnam-do",exact,https://www.google.com/maps/place/Hanwha+Ocean/data=!3m1!1e3!4m10!1m2!2m1!1sHanwha+Ocean!3m6!1s0x356ecd1d7a72f7db:0x3bfe90e7d8bf93f0!8m2!3d34.8721913!4d128.6956963!15sCgxIYW53aGEgT2NlYW5aDiIMaGFud2hhIG9jZWFukgEfc2hpcGJ1aWxkaW5nX2FuZF9yZXBhaXJfY29tcGFueZoBI0NoWkRTVWhOTUc5blMwVkpRMEZuVFVSUmRYVkVTMWhuRUFF4AEA-gEECAAQLA!16s%2Fg%2F11swmd6_76?entry=ttu&g_ep=EgoyMDI1MTIwMi4wIKXMDSoASAFQAw%3D%3D,138000,cbm,https://www.igu.org/igu-reports/2025-world-lng-report,membrane,https://www.igu.org/igu-reports/2025-world-lng-report,conventional,https://www.igu.org/igu-reports/2025-world-lng-report,steam,https://www.igu.org/igu-reports/2025-world-lng-report,2006,https://www.igu.org/igu-reports/2025-world-lng-report,IGU,,,,,,,
701,9969388,https://www.igu.org/igu-reports/2025-world-lng-report,Ignacy Jan Paderewski,https://www.igu.org/igu-reports/2025-world-lng-report,,,,,,active,GEM,12/11/2025,https://www.vesselfinder.com/vessels/details/9969388,Knutsen OAS,https://www.igu.org/igu-reports/2025-world-lng-report,Norway,https://www.imarinenews.com/35664.html,HD Hyundai Heavy Industries,https://www.igu.org/igu-reports/2025-world-lng-report,South Korea,https://www.hd.com/en/main,35.51613,129.4383,GC8Q+M6 Ulsan,exact,https://www.google.com/maps/place/HD+Hyundai+Heavy+Industries+Ulsan+Shipyard/data=!3m1!1e3!4m10!1m2!2m1!1sHD+Hyundai!3m6!1s0x3567ce56ebbfb645:0xd94a696f9fca5d90!8m2!3d35.5167468!4d129.4380269!15sCgpIRCBIeXVuZGFpkgEIc2hpcHlhcmTgAQA!16s%2Fg%2F1tfhd8y1?entry=ttu&g_ep=EgoyMDI1MTIwMi4wIKXMDSoASAFQAw%3D%3D,174000,cbm,https://www.igu.org/igu-reports/2025-world-lng-report,,,,,X-DF,https://www.igu.org/igu-reports/2025-world-lng-report,2025,https://www.igu.org/igu-reports/2025-world-lng-report,IGU,,,,,,,
702,9946398,https://www.igu.org/igu-reports/2025-world-lng-report,Ignacy Lukasiewicz,https://www.igu.org/igu-reports/2025-world-lng-report,,,,,,active,GEM,12/31/2024,https://www.igu.org/igu-reports/2025-world-lng-report,Knutsen OAS,https://www.igu.org/igu-reports/2025-world-lng-report,Norway,https://www.imarinenews.com/35664.html,HD Hyundai Heavy Industries,https://www.igu.org/igu-reports/2025-world-lng-report,South Korea,https://www.hd.com/en/main,35.51613,129.4383,GC8Q+M6 Ulsan,exact,https://www.google.com/maps/place/HD+Hyundai+Heavy+Industries+Ulsan+Shipyard/data=!3m1!1e3!4m10!1m2!2m1!1sHD+Hyundai!3m6!1s0x3567ce56ebbfb645:0xd94a696f9fca5d90!8m2!3d35.5167468!4d129.4380269!15sCgpIRCBIeXVuZGFpkgEIc2hpcHlhcmTgAQA!16s%2Fg%2F1tfhd8y1?entry=ttu&g_ep=EgoyMDI1MTIwMi4wIKXMDSoASAFQAw%3D%3D,174000,cbm,https://www.igu.org/igu-reports/2025-world-lng-report,membrane,https://www.igu.org/igu-reports/2025-world-lng-report,conventional,https://www.igu.org/igu-reports/2025-world-lng-report,X-DF,https://www.igu.org/igu-reports/2025-world-lng-report,2024,https://www.igu.org/igu-reports/2025-world-lng-report,IGU,,,,,,,
708,9972957,https://www.igu.org/igu-reports/2025-world-lng-report,Al Sadaf,https://www.marinetraffic.com/en/ais/details/ships/shipid:9646195/mmsi:636023752/imo:9972957/vessel:AL%20SADAF,,,,Hull H2703,https://www.igu.org/igu-reports/2025-world-lng-report,on order,GEM,5/14/2026,https://www.igu.org/igu-reports/2025-world-lng-report,ADNOC L&S,https://www.igu.org/igu-reports/2025-world-lng-report,United Arab Emirates,https://shipandbunker.com/news/world/249785-adnoc-ls-takes-delivery-of-lng-carrier-from-china,Jiangnan Shipyard,https://www.igu.org/igu-reports/2025-world-lng-report,China,https://www.jnshipyard.com.cn/,31.355766,121.502217,"9G32+XJ Baoshan, Shanghai, China",exact,"https://www.google.com/maps/place/Jiangnan+Shipyard+%EF%BC%88Group%EF%BC%89+Co.,+Ltd./@31.354923,121.4990201,752m/data=!3m2!1e3!4b1!4m6!3m5!1s0x35b27324c39e47ab:0x7a74ae921f6eb2ab!8m2!3d31.354923!4d121.501595!16s%2Fg%2F11cnpghcr_?entry=ttu&g_ep=EgoyMDI1MTIwMi4wIKXMDSoASAFQAw%3D%3D",174000,cbm,https://www.igu.org/igu-reports/2025-world-lng-report,,,,,X-DF,https://www.igu.org/igu-reports/2025-world-lng-report,2026,https://www.igu.org/igu-reports/2025-world-lng-report,IGU,,,,,,,
709,9972969,https://www.igu.org/igu-reports/2025-world-lng-report,Arada,https://www.vesselfinder.com/vessels/details/9972969,,,,Hull H2704,https://www.igu.org/igu-reports/2025-world-lng-report,on order,GEM,5/14/2026,https://www.igu.org/igu-reports/2025-world-lng-report,ADNOC L&S,https://www.igu.org/igu-reports/2025-world-lng-report,United Arab Emirates,https://shipandbunker.com/news/world/249785-adnoc-ls-takes-delivery-of-lng-carrier-from-china,Jiangnan Shipyard,https://www.igu.org/igu-reports/2025-world-lng-report,China,https://www.jnshipyard.com.cn/,31.355766,121.502217,"9G32+XJ Baoshan, Shanghai, China",exact,"https://www.google.com/maps/place/Jiangnan+Shipyard+%EF%BC%88Group%EF%BC%89+Co.,+Ltd./@31.354923,121.4990201,752m/data=!3m2!1e3!4b1!4m6!3m5!1s0x35b27324c39e47ab:0x7a74ae921f6eb2ab!8m2!3d31.354923!4d121.501595!16s%2Fg%2F11cnpghcr_?entry=ttu&g_ep=EgoyMDI1MTIwMi4wIKXMDSoASAFQAw%3D%3D",174000,cbm,https://www.igu.org/igu-reports/2025-world-lng-report,,,,,X-DF,https://www.igu.org/igu-reports/2025-world-lng-report,2026,https://www.igu.org/igu-reports/2025-world-lng-report,IGU,,,,,,,
710,9972971,https://www.igu.org/igu-reports/2025-world-lng-report,Al Taweelah,https://maritimeoptima.com/public/vessels/pages/imo:9972971/mmsi:636023754/AL_TAWEELAH.html,,,,Hull H2705,https://www.igu.org/igu-reports/2025-world-lng-report,on order,GEM,5/14/2026,https://www.igu.org/igu-reports/2025-world-lng-report,ADNOC L&S,https://www.igu.org/igu-reports/2025-world-lng-report,United Arab Emirates,https://shipandbunker.com/news/world/249785-adnoc-ls-takes-delivery-of-lng-carrier-from-china,Jiangnan Shipyard,https://www.igu.org/igu-reports/2025-world-lng-report,China,https://www.jnshipyard.com.cn/,31.355766,121.502217,"9G32+XJ Baoshan, Shanghai, China",exact,"https://www.google.com/maps/place/Jiangnan+Shipyard+%EF%BC%88Group%EF%BC%89+Co.,+Ltd./@31.354923,121.4990201,752m/data=!3m2!1e3!4b1!4m6!3m5!1s0x35b27324c39e47ab:0x7a74ae921f6eb2ab!8m2!3d31.354923!4d121.501595!16s%2Fg%2F11cnpghcr_?entry=ttu&g_ep=EgoyMDI1MTIwMi4wIKXMDSoASAFQAw%3D%3D",174000,cbm,https://www.igu.org/igu-reports/2025-world-lng-report,,,,,X-DF,https://www.igu.org/igu-reports/2025-world-lng-report,2026,https://www.igu.org/igu-reports/2025-world-lng-report,IGU,,,,,,,
714,9969376,https://www.igu.org/igu-reports/2025-world-lng-report,Josef Pilsudski,https://www.igu.org/igu-reports/2025-world-lng-report,,,,Hull 8179 (HDHHI),"https://www.shipvault.com/ships/455819, https://shipvaultapi-gjb8c.ondigitalocean.app/api/units/455819",on order,GEM,12/31/2024,https://www.igu.org/igu-reports/2025-world-lng-report,Knutsen OAS,https://www.igu.org/igu-reports/2025-world-lng-report,Norway,https://www.imarinenews.com/35664.html,HD Hyundai Heavy Industries,https://www.igu.org/igu-reports/2025-world-lng-report,South Korea,https://www.hd.com/en/main,35.51613,129.4383,GC8Q+M6 Ulsan,exact,https://www.google.com/maps/place/HD+Hyundai+Heavy+Industries+Ulsan+Shipyard/data=!3m1!1e3!4m10!1m2!2m1!1sHD+Hyundai!3m6!1s0x3567ce56ebbfb645:0xd94a696f9fca5d90!8m2!3d35.5167468!4d129.4380269!15sCgpIRCBIeXVuZGFpkgEIc2hpcHlhcmTgAQA!16s%2Fg%2F1tfhd8y1?entry=ttu&g_ep=EgoyMDI1MTIwMi4wIKXMDSoASAFQAw%3D%3D,174000,cbm,https://www.igu.org/igu-reports/2025-world-lng-report,,,,,X-DF,https://www.igu.org/igu-reports/2025-world-lng-report,2026,https://www.igu.org/igu-reports/2025-world-lng-report,IGU,,,,,,,
725,9636723,https://www.igu.org/igu-reports/2025-world-lng-report,Kita LNG,https://www.igu.org/igu-reports/2025-world-lng-report,,,,,,active,GEM,12/31/2024,https://www.igu.org/igu-reports/2025-world-lng-report,TMS Cardiff Gas,https://www.igu.org/igu-reports/2025-world-lng-report,Greece,https://system.new-vessels.com/orderer-45411-TMS_Cardiff_Gas_Ltd.html,Hanwha Ocean,https://www.igu.org/igu-reports/2025-world-lng-report,South Korea,https://www.hanwha.com/companies/hanwha-ocean.do,34.87385,128.6966,"VMCW+V7 Geoje-si, Gyeongsangnam-do",exact,https://www.google.com/maps/place/Hanwha+Ocean/data=!3m1!1e3!4m10!1m2!2m1!1sHanwha+Ocean!3m6!1s0x356ecd1d7a72f7db:0x3bfe90e7d8bf93f0!8m2!3d34.8721913!4d128.6956963!15sCgxIYW53aGEgT2NlYW5aDiIMaGFud2hhIG9jZWFukgEfc2hpcGJ1aWxkaW5nX2FuZF9yZXBhaXJfY29tcGFueZoBI0NoWkRTVWhOTUc5blMwVkpRMEZuVFVSUmRYVkVTMWhuRUFF4AEA-gEECAAQLA!16s%2Fg%2F11swmd6_76?entry=ttu&g_ep=EgoyMDI1MTIwMi4wIKXMDSoASAFQAw%3D%3D,160100,cbm,https://www.igu.org/igu-reports/2025-world-lng-report,membrane,https://www.igu.org/igu-reports/2025-world-lng-report,conventional,https://www.igu.org/igu-reports/2025-world-lng-report,DFDE,https://www.igu.org/igu-reports/2025-world-lng-report,2014,https://www.igu.org/igu-reports/2025-world-lng-report,IGU,,,,,,,
726,9064073,https://www.igu.org/igu-reports/2025-world-lng-report,KLNGTP Black Sea,https://www.igu.org/igu-reports/2025-world-lng-report,,,,,,active,GEM,12/31/2024,https://www.igu.org/igu-reports/2025-world-lng-report,MISC,https://www.igu.org/igu-reports/2025-world-lng-report,Malaysia,"https://www.shipvault.com/ships/113754, https://shipvaultapi-gjb8c.ondigitalocean.app/api/units/113754",Fincantieri Sestri Ponente,https://www.igu.org/igu-reports/2025-world-lng-report,Italy,https://www.fincantieri.com/it/,44.423774,8.843465,"CRFV+G8 Genoa, Metropolitan City of Genoa, Italy",exact,https://maps.app.goo.gl/RxTdYjVdW5gKZeZq7,65000,cbm,https://www.igu.org/igu-reports/2025-world-lng-report,membrane,https://www.igu.org/igu-reports/2025-world-lng-report,conventional,https://www.igu.org/igu-reports/2025-world-lng-report,steam,https://www.igu.org/igu-reports/2025-world-lng-report,1996,https://www.igu.org/igu-reports/2025-world-lng-report,IGU,,,,,,,
727,9064085,https://www.igu.org/igu-reports/2025-world-lng-report,KLNGTP Marmara,https://www.igu.org/igu-reports/2025-world-lng-report,,,,,,active,GEM,12/31/2024,https://www.igu.org/igu-reports/2025-world-lng-report,MISC,https://www.igu.org/igu-reports/2025-world-lng-report,Malaysia,"https://www.shipvault.com/ships/113754, https://shipvaultapi-gjb8c.ondigitalocean.app/api/units/113754",Fincantieri Sestri Ponente,https://www.igu.org/igu-reports/2025-world-lng-report,Italy,https://www.fincantieri.com/it/,44.423774,8.843465,"CRFV+G8 Genoa, Metropolitan City of Genoa, Italy",exact,https://maps.app.goo.gl/RxTdYjVdW5gKZeZq7,65000,cbm,https://www.igu.org/igu-reports/2025-world-lng-report,membrane,https://www.igu.org/igu-reports/2025-world-lng-report,conventional,https://www.igu.org/igu-reports/2025-world-lng-report,steam,https://www.igu.org/igu-reports/2025-world-lng-report,1998,https://www.igu.org/igu-reports/2025-world-lng-report,IGU,,,,,,,
741,9915911,https://www.igu.org/igu-reports/2025-world-lng-report,Kunlun,https://www.igu.org/igu-reports/2025-world-lng-report,,,,,,active,GEM,12/31/2024,https://www.igu.org/igu-reports/2025-world-lng-report,COSCO,https://www.igu.org/igu-reports/2025-world-lng-report,China,https://en.wikipedia.org/wiki/COSCO_Shipping,Hudong-Zhonghua Shipbuilding,https://www.igu.org/igu-reports/2025-world-lng-report,China,https://www.shipyards.gr/shipyards/new-buildings-shipyards/newbuilding-farest-pacific-ocean/newbuilding-far-east-china-sea/china-south/hudong-zhonghua-shipbuilding-group-coltd,31.271988,121.575478,"7HCG+R4 Pudong, Shanghai, China",exact,"https://www.google.com/maps/place/Hudong-Zhonghua+Shipbuilding/@31.2720706,121.5727207,753m/data=!3m2!1e3!4b1!4m6!3m5!1s0x35b2742eceeb203d:0x37fddc7176d2cc24!8m2!3d31.2720706!4d121.5752956!16s%2Fg%2F1td0qx6d?entry=ttu&g_ep=EgoyMDI1MTIwMi4wIKXMDSoASAFQAw%3D%3D",174000,cbm,https://www.igu.org/igu-reports/2025-world-lng-report,membrane,https://www.igu.org/igu-reports/2025-world-lng-report,conventional,https://www.igu.org/igu-reports/2025-world-lng-report,X-DF,https://www.igu.org/igu-reports/2025-world-lng-report,2023,https://www.igu.org/igu-reports/2025-world-lng-report,IGU,,,,,,,
742,9721724,https://www.igu.org/igu-reports/2025-world-lng-report,La Mancha Knutsen,https://www.igu.org/igu-reports/2025-world-lng-report,,,,,,active,GEM,12/31/2024,https://www.igu.org/igu-reports/2025-world-lng-report,Knutsen OAS,https://www.igu.org/igu-reports/2025-world-lng-report,Norway,https://www.imarinenews.com/35664.html,HD Hyundai Heavy Industries,https://www.igu.org/igu-reports/2025-world-lng-report,South Korea,https://www.hd.com/en/main,35.51613,129.4383,GC8Q+M6 Ulsan,exact,https://www.google.com/maps/place/HD+Hyundai+Heavy+Industries+Ulsan+Shipyard/data=!3m1!1e3!4m10!1m2!2m1!1sHD+Hyundai!3m6!1s0x3567ce56ebbfb645:0xd94a696f9fca5d90!8m2!3d35.5167468!4d129.4380269!15sCgpIRCBIeXVuZGFpkgEIc2hpcHlhcmTgAQA!16s%2Fg%2F1tfhd8y1?entry=ttu&g_ep=EgoyMDI1MTIwMi4wIKXMDSoASAFQAw%3D%3D,176000,cbm,https://www.igu.org/igu-reports/2025-world-lng-report,membrane,https://www.igu.org/igu-reports/2025-world-lng-report,conventional,https://www.igu.org/igu-reports/2025-world-lng-report,ME-GI,https://www.igu.org/igu-reports/2025-world-lng-report,2016,https://www.igu.org/igu-reports/2025-world-lng-report,IGU,,,,,,,
743,9845764,https://www.igu.org/igu-reports/2025-world-lng-report,La Seine,https://www.igu.org/igu-reports/2025-world-lng-report,,,,,,active,GEM,12/31/2024,https://www.igu.org/igu-reports/2025-world-lng-report,TMS Cardiff Gas,https://www.igu.org/igu-reports/2025-world-lng-report,Greece,https://system.new-vessels.com/orderer-45411-TMS_Cardiff_Gas_Ltd.html,HD Hyundai Heavy Industries,https://www.igu.org/igu-reports/2025-world-lng-report,South Korea,https://www.hd.com/en/main,35.51613,129.4383,GC8Q+M6 Ulsan,exact,https://www.google.com/maps/place/HD+Hyundai+Heavy+Industries+Ulsan+Shipyard/data=!3m1!1e3!4m10!1m2!2m1!1sHD+Hyundai!3m6!1s0x3567ce56ebbfb645:0xd94a696f9fca5d90!8m2!3d35.5167468!4d129.4380269!15sCgpIRCBIeXVuZGFpkgEIc2hpcHlhcmTgAQA!16s%2Fg%2F1tfhd8y1?entry=ttu&g_ep=EgoyMDI1MTIwMi4wIKXMDSoASAFQAw%3D%3D,174000,cbm,https://www.igu.org/igu-reports/2025-world-lng-report,membrane,https://www.igu.org/igu-reports/2025-world-lng-report,conventional,https://www.igu.org/igu-reports/2025-world-lng-report,X-DF,https://www.igu.org/igu-reports/2025-world-lng-report,2020,https://www.igu.org/igu-reports/2025-world-lng-report,IGU,,,,,,,
750,9922976,https://www.igu.org/igu-reports/2025-world-lng-report,Lech Kaczynski,https://www.igu.org/igu-reports/2025-world-lng-report,,,,,,active,GEM,12/31/2024,https://www.igu.org/igu-reports/2025-world-lng-report,Knutsen OAS,https://www.igu.org/igu-reports/2025-world-lng-report,Norway,https://www.imarinenews.com/35664.html,HD Hyundai Heavy Industries,https://www.igu.org/igu-reports/2025-world-lng-report,South Korea,https://www.hd.com/en/main,35.51613,129.4383,GC8Q+M6 Ulsan,exact,https://www.google.com/maps/place/HD+Hyundai+Heavy+Industries+Ulsan+Shipyard/data=!3m1!1e3!4m10!1m2!2m1!1sHD+Hyundai!3m6!1s0x3567ce56ebbfb645:0xd94a696f9fca5d90!8m2!3d35.5167468!4d129.4380269!15sCgpIRCBIeXVuZGFpkgEIc2hpcHlhcmTgAQA!16s%2Fg%2F1tfhd8y1?entry=ttu&g_ep=EgoyMDI1MTIwMi4wIKXMDSoASAFQAw%3D%3D,174000,cbm,https://www.igu.org/igu-reports/2025-world-lng-report,membrane,https://www.igu.org/igu-reports/2025-world-lng-report,conventional,https://www.igu.org/igu-reports/2025-world-lng-report,X-DF,https://www.igu.org/igu-reports/2025-world-lng-report,2023,https://www.igu.org/igu-reports/2025-world-lng-report,IGU,,,,,,,
761,9341299,https://www.igu.org/igu-reports/2025-world-lng-report,LNG Barka,https://www.igu.org/igu-reports/2025-world-lng-report,,,,,,active,GEM,12/31/2024,https://www.igu.org/igu-reports/2025-world-lng-report,"Asyad Shipping, Osaka Gas, NYK Line, K Line",https://www.igu.org/igu-reports/2025-world-lng-report,Japan,"https://www.nyk.com/english/profile/profile/, https://en.wikipedia.org/wiki/Nippon_Yusen",Kawasaki Heavy Industries,https://www.igu.org/igu-reports/2025-world-lng-report,Japan,https://www.khi.co.jp/corporate/network/sakaide.html,34.327891,133.832534,"8RHM+63 Sakaide, Kagawa, Japan",exact,"https://www.google.com/maps/place/Kawasaki+Heavy+Industries+Sakaide+Works/@34.3281037,133.8301629,727m/data=!3m2!1e3!4b1!4m6!3m5!1s0x3553defcdee0be77:0x45602ea060d2d040!8m2!3d34.3281037!4d133.8327378!16s%2Fg%2F11btww0875?entry=ttu&g_ep=EgoyMDI1MTIwMi4wIKXMDSoASAFQAw%3D%3D",153600,cbm,https://www.igu.org/igu-reports/2025-world-lng-report,spherical,https://www.igu.org/igu-reports/2025-world-lng-report,conventional,https://www.igu.org/igu-reports/2025-world-lng-report,steam,https://www.igu.org/igu-reports/2025-world-lng-report,2008,https://www.igu.org/igu-reports/2025-world-lng-report,IGU,,,,,,,
765,9322803,https://www.igu.org/igu-reports/2025-world-lng-report,LNG Borno,https://www.igu.org/igu-reports/2025-world-lng-report,,,,,,active,GEM,12/31/2024,https://www.igu.org/igu-reports/2025-world-lng-report,NYK Line,https://www.igu.org/igu-reports/2025-world-lng-report,Japan,"https://www.nyk.com/english/profile/profile/, https://en.wikipedia.org/wiki/Nippon_Yusen",Samsung Heavy Industries,https://www.igu.org/igu-reports/2025-world-lng-report,South Korea,https://www.samsungshi.com/En/Default.aspx,34.89804,128.6045,"VJW3+QV Geoje-si, Gyeongsangnam-do",exact,https://www.google.com/maps/place/Samsung+Heavy+industries/data=!3m1!1e3!4m10!1m2!2m1!1ssamsung+heavy+industries!3m6!1s0x356ecd83691a8fb5:0xd4204e9a1bb0ef10!8m2!3d34.8969682!4d128.6046376!15sChhzYW1zdW5nIGhlYXZ5IGluZHVzdHJpZXOSAQhzaGlweWFyZOABAA!16s%2Fg%2F1tgcpry6?entry=ttu&g_ep=EgoyMDI1MTIwMi4wIKXMDSoASAFQAw%3D%3D,149600,cbm,https://www.igu.org/igu-reports/2025-world-lng-report,membrane,https://www.igu.org/igu-reports/2025-world-lng-report,conventional,https://www.igu.org/igu-reports/2025-world-lng-report,steam,https://www.igu.org/igu-reports/2025-world-lng-report,2007,https://www.igu.org/igu-reports/2025-world-lng-report,IGU,,,,,,,
768,9277620,https://www.igu.org/igu-reports/2025-world-lng-report,LNG Dream,https://www.igu.org/igu-reports/2025-world-lng-report,,,,,,active,GEM,12/31/2024,https://www.igu.org/igu-reports/2025-world-lng-report,NYK Line,https://www.igu.org/igu-reports/2025-world-lng-report,Japan,"https://www.nyk.com/english/profile/profile/, https://en.wikipedia.org/wiki/Nippon_Yusen",Kawasaki Heavy Industries,https://www.igu.org/igu-reports/2025-world-lng-report,Japan,https://www.khi.co.jp/corporate/network/sakaide.html,34.327891,133.832534,"8RHM+63 Sakaide, Kagawa, Japan",exact,"https://www.google.com/maps/place/Kawasaki+Heavy+Industries+Sakaide+Works/@34.3281037,133.8301629,727m/data=!3m2!1e3!4b1!4m6!3m5!1s0x3553defcdee0be77:0x45602ea060d2d040!8m2!3d34.3281037!4d133.8327378!16s%2Fg%2F11btww0875?entry=ttu&g_ep=EgoyMDI1MTIwMi4wIKXMDSoASAFQAw%3D%3D",145300,cbm,https://www.igu.org/igu-reports/2025-world-lng-report,spherical,https://www.igu.org/igu-reports/2025-world-lng-report,conventional,https://www.igu.org/igu-reports/2025-world-lng-report,steam,https://www.igu.org/igu-reports/2025-world-lng-report,2006,https://www.igu.org/igu-reports/2025-world-lng-report,IGU,,,,,,,
771,9893606,https://www.igu.org/igu-reports/2025-world-lng-report,LNG Endeavour,https://www.igu.org/igu-reports/2025-world-lng-report,,,,,,active,GEM,12/31/2024,https://www.igu.org/igu-reports/2025-world-lng-report,NYK Line,https://www.igu.org/igu-reports/2025-world-lng-report,Japan,"https://www.nyk.com/english/profile/profile/, https://en.wikipedia.org/wiki/Nippon_Yusen",Samsung Heavy Industries,https://www.igu.org/igu-reports/2025-world-lng-report,South Korea,https://www.samsungshi.com/En/Default.aspx,34.89804,128.6045,"VJW3+QV Geoje-si, Gyeongsangnam-do",exact,https://www.google.com/maps/place/Samsung+Heavy+industries/data=!3m1!1e3!4m10!1m2!2m1!1ssamsung+heavy+industries!3m6!1s0x356ecd83691a8fb5:0xd4204e9a1bb0ef10!8m2!3d34.8969682!4d128.6046376!15sChhzYW1zdW5nIGhlYXZ5IGluZHVzdHJpZXOSAQhzaGlweWFyZOABAA!16s%2Fg%2F1tgcpry6?entry=ttu&g_ep=EgoyMDI1MTIwMi4wIKXMDSoASAFQAw%3D%3D,174000,cbm,https://www.igu.org/igu-reports/2025-world-lng-report,membrane,https://www.igu.org/igu-reports/2025-world-lng-report,conventional,https://www.igu.org/igu-reports/2025-world-lng-report,X-DF,https://www.igu.org/igu-reports/2025-world-lng-report,2021,https://www.igu.org/igu-reports/2025-world-lng-report,IGU,,,,,,,
772,9874492,https://www.igu.org/igu-reports/2025-world-lng-report,LNG Endurance,https://www.igu.org/igu-reports/2025-world-lng-report,,,,,,active,GEM,12/31/2024,https://www.igu.org/igu-reports/2025-world-lng-report,NYK Line,https://www.igu.org/igu-reports/2025-world-lng-report,Japan,"https://www.nyk.com/english/profile/profile/, https://en.wikipedia.org/wiki/Nippon_Yusen",Samsung Heavy Industries,https://www.igu.org/igu-reports/2025-world-lng-report,South Korea,https://www.samsungshi.com/En/Default.aspx,34.89804,128.6045,"VJW3+QV Geoje-si, Gyeongsangnam-do",exact,https://www.google.com/maps/place/Samsung+Heavy+industries/data=!3m1!1e3!4m10!1m2!2m1!1ssamsung+heavy+industries!3m6!1s0x356ecd83691a8fb5:0xd4204e9a1bb0ef10!8m2!3d34.8969682!4d128.6046376!15sChhzYW1zdW5nIGhlYXZ5IGluZHVzdHJpZXOSAQhzaGlweWFyZOABAA!16s%2Fg%2F1tgcpry6?entry=ttu&g_ep=EgoyMDI1MTIwMi4wIKXMDSoASAFQAw%3D%3D,174000,cbm,https://www.igu.org/igu-reports/2025-world-lng-report,membrane,https://www.igu.org/igu-reports/2025-world-lng-report,conventional,https://www.igu.org/igu-reports/2025-world-lng-report,X-DF,https://www.igu.org/igu-reports/2025-world-lng-report,2021,https://www.igu.org/igu-reports/2025-world-lng-report,IGU,,,,,,,
773,9874480,https://www.igu.org/igu-reports/2025-world-lng-report,LNG Enterprise,https://www.igu.org/igu-reports/2025-world-lng-report,,,,,,active,GEM,12/31/2024,https://www.igu.org/igu-reports/2025-world-lng-report,NYK Line,https://www.igu.org/igu-reports/2025-world-lng-report,Japan,"https://www.nyk.com/english/profile/profile/, https://en.wikipedia.org/wiki/Nippon_Yusen",Samsung Heavy Industries,https://www.igu.org/igu-reports/2025-world-lng-report,South Korea,https://www.samsungshi.com/En/Default.aspx,34.89804,128.6045,"VJW3+QV Geoje-si, Gyeongsangnam-do",exact,https://www.google.com/maps/place/Samsung+Heavy+industries/data=!3m1!1e3!4m10!1m2!2m1!1ssamsung+heavy+industries!3m6!1s0x356ecd83691a8fb5:0xd4204e9a1bb0ef10!8m2!3d34.8969682!4d128.6046376!15sChhzYW1zdW5nIGhlYXZ5IGluZHVzdHJpZXOSAQhzaGlweWFyZOABAA!16s%2Fg%2F1tgcpry6?entry=ttu&g_ep=EgoyMDI1MTIwMi4wIKXMDSoASAFQAw%3D%3D,174000,cbm,https://www.igu.org/igu-reports/2025-world-lng-report,membrane,https://www.igu.org/igu-reports/2025-world-lng-report,conventional,https://www.igu.org/igu-reports/2025-world-lng-report,X-DF,https://www.igu.org/igu-reports/2025-world-lng-report,2021,https://www.igu.org/igu-reports/2025-world-lng-report,IGU,,,,,,,
780,9200316,https://www.igu.org/igu-reports/2025-world-lng-report,LNG Jamal,https://www.igu.org/igu-reports/2025-world-lng-report,,,,,,active,GEM,12/31/2024,https://www.igu.org/igu-reports/2025-world-lng-report,"NYK Line, Osaka Gas",https://www.igu.org/igu-reports/2025-world-lng-report,Japan,"https://www.nyk.com/english/profile/profile/, https://en.wikipedia.org/wiki/Nippon_Yusen",Mitsubishi Heavy Industries,https://www.igu.org/igu-reports/2025-world-lng-report,Japan,https://www.mhi.com/,35.412837,139.668503,"CM8G+QG Yokohama, Kanagawa, Japan",exact,"https://www.google.com/maps/place/Mitsubishi+Heavy+Industries+Yokohama+Dockyard+%26+Machinery+Works/@35.5677012,139.4295502,45835m/data=!3m1!1e3!4m10!1m2!2m1!1sMitsubishi+Heavy+Industries!3m6!1s0x601842bd2acc85ff:0x1c719ae9bbc013df!8m2!3d35.4169184!4d139.6762959!15sChtNaXRzdWJpc2hpIEhlYXZ5IEluZHVzdHJpZXMiA4gBAZIBCHNoaXB5YXJk4AEA!16s%2Fg%2F11btvwmdj6?entry=ttu&g_ep=EgoyMDI1MTIwMi4wIKXMDSoASAFQAw%3D%3D",137000,cbm,https://www.igu.org/igu-reports/2025-world-lng-report,spherical,https://www.igu.org/igu-reports/2025-world-lng-report,conventional,https://www.igu.org/igu-reports/2025-world-lng-report,steam,https://www.igu.org/igu-reports/2025-world-lng-report,2000,https://www.igu.org/igu-reports/2025-world-lng-report,IGU,,,,,,,
783,9341689,https://www.igu.org/igu-reports/2025-world-lng-report,LNG Jupiter,https://www.igu.org/igu-reports/2025-world-lng-report,,,,,,active,GEM,12/31/2024,https://www.igu.org/igu-reports/2025-world-lng-report,"NYK Line, Osaka Gas",https://www.igu.org/igu-reports/2025-world-lng-report,Japan,"https://www.nyk.com/english/profile/profile/, https://en.wikipedia.org/wiki/Nippon_Yusen",Kawasaki Heavy Industries,https://www.igu.org/igu-reports/2025-world-lng-report,Japan,https://www.khi.co.jp/corporate/network/sakaide.html,34.327891,133.832534,"8RHM+63 Sakaide, Kagawa, Japan",exact,"https://www.google.com/maps/place/Kawasaki+Heavy+Industries+Sakaide+Works/@34.3281037,133.8301629,727m/data=!3m2!1e3!4b1!4m6!3m5!1s0x3553defcdee0be77:0x45602ea060d2d040!8m2!3d34.3281037!4d133.8327378!16s%2Fg%2F11btww0875?entry=ttu&g_ep=EgoyMDI1MTIwMi4wIKXMDSoASAFQAw%3D%3D",156000,cbm,https://www.igu.org/igu-reports/2025-world-lng-report,spherical,https://www.igu.org/igu-reports/2025-world-lng-report,conventional,https://www.igu.org/igu-reports/2025-world-lng-report,steam,https://www.igu.org/igu-reports/2025-world-lng-report,2009,https://www.igu.org/igu-reports/2025-world-lng-report,IGU,,,,,,,
789,8701791,https://www.igu.org/igu-reports/2025-world-lng-report,LNG Maleo,https://www.igu.org/igu-reports/2025-world-lng-report,,,,,,active,GEM,12/31/2024,https://www.igu.org/igu-reports/2025-world-lng-report,"MOL, NYK Line, K Line",https://www.igu.org/igu-reports/2025-world-lng-report,Japan,"https://www.nyk.com/english/profile/profile/, https://en.wikipedia.org/wiki/Nippon_Yusen",Mitsui E&S Shipbuilding,https://www.igu.org/igu-reports/2025-world-lng-report,Japan,https://www.mes.co.jp/en/,35.54789,140.0945,"H32V+CC Ichihara, Chiba, Japan",exact,"https://www.google.com/maps/place/(%E6%A0%AA)%E4%B8%89%E4%BA%95%EF%BC%A5%EF%BC%86%EF%BC%B3+%E5%8D%83%E8%91%89%E4%BA%8B%E6%A5%AD%E5%A0%B4/@35.5961305,139.9368296,22877m/data=!3m1!1e3!4m10!1m2!2m1!1sMitsui+SB+(Chiba)!3m6!1s0x60229c7a5bd91a11:0xdae29ebde28b0943!8m2!3d35.5510419!4d140.0935883!15sChFNaXRzdWkgU0IgKENoaWJhKZIBEGNvcnBvcmF0ZV9vZmZpY2XgAQA!16s%2Fg%2F11btrr1q6f?entry=ttu&g_ep=EgoyMDI1MTIwMi4wIKXMDSoASAFQAw%3D%3D",127700,cbm,https://www.igu.org/igu-reports/2025-world-lng-report,spherical,https://www.igu.org/igu-reports/2025-world-lng-report,conventional,https://www.igu.org/igu-reports/2025-world-lng-report,steam,https://www.igu.org/igu-reports/2025-world-lng-report,1989,https://www.igu.org/igu-reports/2025-world-lng-report,IGU,,,,,,,
793,9322815,https://www.igu.org/igu-reports/2025-world-lng-report,LNG Ogun,https://www.igu.org/igu-reports/2025-world-lng-report,,,,,,active,GEM,12/31/2024,https://www.igu.org/igu-reports/2025-world-lng-report,NYK Line,https://www.igu.org/igu-reports/2025-world-lng-report,Japan,"https://www.nyk.com/english/profile/profile/, https://en.wikipedia.org/wiki/Nippon_Yusen",Samsung Heavy Industries,https://www.igu.org/igu-reports/2025-world-lng-report,South Korea,https://www.samsungshi.com/En/Default.aspx,34.89804,128.6045,"VJW3+QV Geoje-si, Gyeongsangnam-do",exact,https://www.google.com/maps/place/Samsung+Heavy+industries/data=!3m1!1e3!4m10!1m2!2m1!1ssamsung+heavy+industries!3m6!1s0x356ecd83691a8fb5:0xd4204e9a1bb0ef10!8m2!3d34.8969682!4d128.6046376!15sChhzYW1zdW5nIGhlYXZ5IGluZHVzdHJpZXOSAQhzaGlweWFyZOABAA!16s%2Fg%2F1tgcpry6?entry=ttu&g_ep=EgoyMDI1MTIwMi4wIKXMDSoASAFQAw%3D%3D,149600,cbm,https://www.igu.org/igu-reports/2025-world-lng-report,membrane,https://www.igu.org/igu-reports/2025-world-lng-report,conventional,https://www.igu.org/igu-reports/2025-world-lng-report,steam,https://www.igu.org/igu-reports/2025-world-lng-report,2007,https://www.igu.org/igu-reports/2025-world-lng-report,IGU,,,,,,,
803,9774135,https://www.igu.org/igu-reports/2025-world-lng-report,LNG Sakura,https://www.igu.org/igu-reports/2025-world-lng-report,,,,,,active,GEM,12/31/2024,https://www.igu.org/igu-reports/2025-world-lng-report,"NYK Line, KEPCO",https://www.igu.org/igu-reports/2025-world-lng-report,Japan,"https://www.nyk.com/english/profile/profile/, https://en.wikipedia.org/wiki/Nippon_Yusen",Kawasaki Heavy Industries,https://www.igu.org/igu-reports/2025-world-lng-report,Japan,https://www.khi.co.jp/corporate/network/sakaide.html,34.327891,133.832534,"8RHM+63 Sakaide, Kagawa, Japan",exact,"https://www.google.com/maps/place/Kawasaki+Heavy+Industries+Sakaide+Works/@34.3281037,133.8301629,727m/data=!3m2!1e3!4b1!4m6!3m5!1s0x3553defcdee0be77:0x45602ea060d2d040!8m2!3d34.3281037!4d133.8327378!16s%2Fg%2F11btww0875?entry=ttu&g_ep=EgoyMDI1MTIwMi4wIKXMDSoASAFQAw%3D%3D",177000,cbm,https://www.igu.org/igu-reports/2025-world-lng-report,spherical,https://www.igu.org/igu-reports/2025-world-lng-report,conventional,https://www.igu.org/igu-reports/2025-world-lng-report,DFDE,https://www.igu.org/igu-reports/2025-world-lng-report,2018,https://www.igu.org/igu-reports/2025-world-lng-report,IGU,,,,,,,
808,9872949,https://www.igu.org/igu-reports/2025-world-lng-report,LNGships Athena,https://www.igu.org/igu-reports/2025-world-lng-report,,,,,,active,GEM,12/31/2024,https://www.igu.org/igu-reports/2025-world-lng-report,TMS Cardiff Gas,https://www.igu.org/igu-reports/2025-world-lng-report,Greece,https://system.new-vessels.com/orderer-45411-TMS_Cardiff_Gas_Ltd.html,HD Hyundai Heavy Industries,https://www.igu.org/igu-reports/2025-world-lng-report,South Korea,https://www.hd.com/en/main,35.51613,129.4383,GC8Q+M6 Ulsan,exact,https://www.google.com/maps/place/HD+Hyundai+Heavy+Industries+Ulsan+Shipyard/data=!3m1!1e3!4m10!1m2!2m1!1sHD+Hyundai!3m6!1s0x3567ce56ebbfb645:0xd94a696f9fca5d90!8m2!3d35.5167468!4d129.4380269!15sCgpIRCBIeXVuZGFpkgEIc2hpcHlhcmTgAQA!16s%2Fg%2F1tfhd8y1?entry=ttu&g_ep=EgoyMDI1MTIwMi4wIKXMDSoASAFQAw%3D%3D,174000,cbm,https://www.igu.org/igu-reports/2025-world-lng-report,membrane,https://www.igu.org/igu-reports/2025-world-lng-report,conventional,https://www.igu.org/igu-reports/2025-world-lng-report,X-DF,https://www.igu.org/igu-reports/2025-world-lng-report,2021,https://www.igu.org/igu-reports/2025-world-lng-report,IGU,,,,,,,
809,9875800,https://www.igu.org/igu-reports/2025-world-lng-report,LNGships Empress,https://www.igu.org/igu-reports/2025-world-lng-report,,,,,,active,GEM,12/31/2024,https://www.igu.org/igu-reports/2025-world-lng-report,TMS Cardiff Gas,https://www.igu.org/igu-reports/2025-world-lng-report,Greece,https://system.new-vessels.com/orderer-45411-TMS_Cardiff_Gas_Ltd.html,Samsung Heavy Industries,https://www.igu.org/igu-reports/2025-world-lng-report,South Korea,https://www.samsungshi.com/En/Default.aspx,34.89804,128.6045,"VJW3+QV Geoje-si, Gyeongsangnam-do",exact,https://www.google.com/maps/place/Samsung+Heavy+industries/data=!3m1!1e3!4m10!1m2!2m1!1ssamsung+heavy+industries!3m6!1s0x356ecd83691a8fb5:0xd4204e9a1bb0ef10!8m2!3d34.8969682!4d128.6046376!15sChhzYW1zdW5nIGhlYXZ5IGluZHVzdHJpZXOSAQhzaGlweWFyZOABAA!16s%2Fg%2F1tgcpry6?entry=ttu&g_ep=EgoyMDI1MTIwMi4wIKXMDSoASAFQAw%3D%3D,174000,cbm,https://www.igu.org/igu-reports/2025-world-lng-report,membrane,https://www.igu.org/igu-reports/2025-world-lng-report,conventional,https://www.igu.org/igu-reports/2025-world-lng-report,X-DF,https://www.igu.org/igu-reports/2025-world-lng-report,2021,https://www.igu.org/igu-reports/2025-world-lng-report,IGU,,,,,,,
810,9872901,https://www.igu.org/igu-reports/2025-world-lng-report,LNGships Manhattan,https://www.igu.org/igu-reports/2025-world-lng-report,,,,,,active,GEM,12/31/2024,https://www.igu.org/igu-reports/2025-world-lng-report,TMS Cardiff Gas,https://www.igu.org/igu-reports/2025-world-lng-report,Greece,https://system.new-vessels.com/orderer-45411-TMS_Cardiff_Gas_Ltd.html,HD Hyundai Heavy Industries,https://www.igu.org/igu-reports/2025-world-lng-report,South Korea,https://www.hd.com/en/main,35.51613,129.4383,GC8Q+M6 Ulsan,exact,https://www.google.com/maps/place/HD+Hyundai+Heavy+Industries+Ulsan+Shipyard/data=!3m1!1e3!4m10!1m2!2m1!1sHD+Hyundai!3m6!1s0x3567ce56ebbfb645:0xd94a696f9fca5d90!8m2!3d35.5167468!4d129.4380269!15sCgpIRCBIeXVuZGFpkgEIc2hpcHlhcmTgAQA!16s%2Fg%2F1tfhd8y1?entry=ttu&g_ep=EgoyMDI1MTIwMi4wIKXMDSoASAFQAw%3D%3D,174000,cbm,https://www.igu.org/igu-reports/2025-world-lng-report,membrane,https://www.igu.org/igu-reports/2025-world-lng-report,conventional,https://www.igu.org/igu-reports/2025-world-lng-report,X-DF,https://www.igu.org/igu-reports/2025-world-lng-report,2021,https://www.igu.org/igu-reports/2025-world-lng-report,IGU,,,,,,,
816,9904182,https://www.igu.org/igu-reports/2025-world-lng-report,Malaga Knutsen,https://www.igu.org/igu-reports/2025-world-lng-report,,,,,,active,GEM,12/31/2024,https://www.igu.org/igu-reports/2025-world-lng-report,Knutsen OAS,https://www.igu.org/igu-reports/2025-world-lng-report,Norway,https://www.imarinenews.com/35664.html,HD Hyundai Heavy Industries,https://www.igu.org/igu-reports/2025-world-lng-report,South Korea,https://www.hd.com/en/main,35.51613,129.4383,GC8Q+M6 Ulsan,exact,https://www.google.com/maps/place/HD+Hyundai+Heavy+Industries+Ulsan+Shipyard/data=!3m1!1e3!4m10!1m2!2m1!1sHD+Hyundai!3m6!1s0x3567ce56ebbfb645:0xd94a696f9fca5d90!8m2!3d35.5167468!4d129.4380269!15sCgpIRCBIeXVuZGFpkgEIc2hpcHlhcmTgAQA!16s%2Fg%2F1tfhd8y1?entry=ttu&g_ep=EgoyMDI1MTIwMi4wIKXMDSoASAFQAw%3D%3D,174000,cbm,https://www.igu.org/igu-reports/2025-world-lng-report,membrane,https://www.igu.org/igu-reports/2025-world-lng-report,conventional,https://www.igu.org/igu-reports/2025-world-lng-report,X-DF,https://www.igu.org/igu-reports/2025-world-lng-report,2022,https://www.igu.org/igu-reports/2025-world-lng-report,IGU,,,,,,,
849,9975507,https://www.igu.org/igu-reports/2025-world-lng-report,Mareekh,https://www.igu.org/igu-reports/2025-world-lng-report,,,,,,active,GEM,12/11/2025,https://www.marinetraffic.com/en/ais/details/ships/shipid:9550751/mmsi:228463600/imo:9975507/vessel:MRAIKH,Knutsen OAS,https://www.igu.org/igu-reports/2025-world-lng-report,Norway,https://www.imarinenews.com/35664.html,HD Hyundai Heavy Industries,https://www.igu.org/igu-reports/2025-world-lng-report,South Korea,https://www.hd.com/en/main,35.51613,129.4383,GC8Q+M6 Ulsan,exact,https://www.google.com/maps/place/HD+Hyundai+Heavy+Industries+Ulsan+Shipyard/data=!3m1!1e3!4m10!1m2!2m1!1sHD+Hyundai!3m6!1s0x3567ce56ebbfb645:0xd94a696f9fca5d90!8m2!3d35.5167468!4d129.4380269!15sCgpIRCBIeXVuZGFpkgEIc2hpcHlhcmTgAQA!16s%2Fg%2F1tfhd8y1?entry=ttu&g_ep=EgoyMDI1MTIwMi4wIKXMDSoASAFQAw%3D%3D,174000,cbm,https://www.igu.org/igu-reports/2025-world-lng-report,,,,,X-DF,https://www.igu.org/igu-reports/2025-world-lng-report,2025,https://www.igu.org/igu-reports/2025-world-lng-report,IGU,,,,,,,
852,9770438,https://www.igu.org/igu-reports/2025-world-lng-report,Marvel Crane,https://www.igu.org/igu-reports/2025-world-lng-report,,,,,,active,GEM,12/31/2024,https://www.igu.org/igu-reports/2025-world-lng-report,NYK Line,https://www.igu.org/igu-reports/2025-world-lng-report,Japan,"https://www.nyk.com/english/profile/profile/, https://en.wikipedia.org/wiki/Nippon_Yusen",Mitsubishi Heavy Industries,https://www.igu.org/igu-reports/2025-world-lng-report,Japan,https://www.mhi.com/,35.412837,139.668503,"CM8G+QG Yokohama, Kanagawa, Japan",exact,"https://www.google.com/maps/place/Mitsubishi+Heavy+Industries+Yokohama+Dockyard+%26+Machinery+Works/@35.5677012,139.4295502,45835m/data=!3m1!1e3!4m10!1m2!2m1!1sMitsubishi+Heavy+Industries!3m6!1s0x601842bd2acc85ff:0x1c719ae9bbc013df!8m2!3d35.4169184!4d139.6762959!15sChtNaXRzdWJpc2hpIEhlYXZ5IEluZHVzdHJpZXMiA4gBAZIBCHNoaXB5YXJk4AEA!16s%2Fg%2F11btvwmdj6?entry=ttu&g_ep=EgoyMDI1MTIwMi4wIKXMDSoASAFQAw%3D%3D",177000,cbm,https://www.igu.org/igu-reports/2025-world-lng-report,spherical,https://www.igu.org/igu-reports/2025-world-lng-report,conventional,https://www.igu.org/igu-reports/2025-world-lng-report,STaGE,https://www.igu.org/igu-reports/2025-world-lng-report,2019,https://www.igu.org/igu-reports/2025-world-lng-report,IGU,,,,,,,
859,9962419,https://www.igu.org/igu-reports/2025-world-lng-report,Marvel Phoenix,https://www.igu.org/igu-reports/2025-world-lng-report,,,,,,active,GEM,12/31/2024,https://www.igu.org/igu-reports/2025-world-lng-report,GasLog,https://www.igu.org/igu-reports/2025-world-lng-report,Greece,"https://www.gaslogltd.com/contact-us/, https://www.gaslogltd.com/content/uploads/GasLog-Ltd-2022-annual-report-form-20-F.pdf",Hanwha Ocean,https://www.igu.org/igu-reports/2025-world-lng-report,South Korea,https://www.hanwha.com/companies/hanwha-ocean.do,34.87385,128.6966,"VMCW+V7 Geoje-si, Gyeongsangnam-do",exact,https://www.google.com/maps/place/Hanwha+Ocean/data=!3m1!1e3!4m10!1m2!2m1!1sHanwha+Ocean!3m6!1s0x356ecd1d7a72f7db:0x3bfe90e7d8bf93f0!8m2!3d34.8721913!4d128.6956963!15sCgxIYW53aGEgT2NlYW5aDiIMaGFud2hhIG9jZWFukgEfc2hpcGJ1aWxkaW5nX2FuZF9yZXBhaXJfY29tcGFueZoBI0NoWkRTVWhOTUc5blMwVkpRMEZuVFVSUmRYVkVTMWhuRUFF4AEA-gEECAAQLA!16s%2Fg%2F11swmd6_76?entry=ttu&g_ep=EgoyMDI1MTIwMi4wIKXMDSoASAFQAw%3D%3D,174000,cbm,https://www.igu.org/igu-reports/2025-world-lng-report,membrane,https://www.igu.org/igu-reports/2025-world-lng-report,conventional,https://www.igu.org/igu-reports/2025-world-lng-report,ME-GI,https://www.igu.org/igu-reports/2025-world-lng-report,2024,https://www.igu.org/igu-reports/2025-world-lng-report,IGU,,,,,,,
864,9975519,https://www.igu.org/igu-reports/2025-world-lng-report,Mesaieed,https://www.igu.org/igu-reports/2025-world-lng-report,,,,,,active,GEM,12/11/2025,https://www.vesselfinder.com/vessels/details/9975519,Knutsen OAS,https://www.igu.org/igu-reports/2025-world-lng-report,Norway,https://www.imarinenews.com/35664.html,HD Hyundai Heavy Industries,https://www.igu.org/igu-reports/2025-world-lng-report,South Korea,https://www.hd.com/en/main,35.51613,129.4383,GC8Q+M6 Ulsan,exact,https://www.google.com/maps/place/HD+Hyundai+Heavy+Industries+Ulsan+Shipyard/data=!3m1!1e3!4m10!1m2!2m1!1sHD+Hyundai!3m6!1s0x3567ce56ebbfb645:0xd94a696f9fca5d90!8m2!3d35.5167468!4d129.4380269!15sCgpIRCBIeXVuZGFpkgEIc2hpcHlhcmTgAQA!16s%2Fg%2F1tfhd8y1?entry=ttu&g_ep=EgoyMDI1MTIwMi4wIKXMDSoASAFQAw%3D%3D,174000,cbm,https://www.igu.org/igu-reports/2025-world-lng-report,,,,,X-DF,https://www.igu.org/igu-reports/2025-world-lng-report,2025,https://www.igu.org/igu-reports/2025-world-lng-report,IGU,,,,,,,
867,9321768,https://www.igu.org/igu-reports/2025-world-lng-report,Methane Alison Victoria,https://www.igu.org/igu-reports/2025-world-lng-report,,,,,,active,GEM,12/31/2024,https://www.igu.org/igu-reports/2025-world-lng-report,GasLog,https://www.igu.org/igu-reports/2025-world-lng-report,Greece,"https://www.gaslogltd.com/contact-us/, https://www.gaslogltd.com/content/uploads/GasLog-Ltd-2022-annual-report-form-20-F.pdf",Samsung Heavy Industries,https://www.igu.org/igu-reports/2025-world-lng-report,South Korea,https://www.samsungshi.com/En/Default.aspx,34.89804,128.6045,"VJW3+QV Geoje-si, Gyeongsangnam-do",exact,https://www.google.com/maps/place/Samsung+Heavy+industries/data=!3m1!1e3!4m10!1m2!2m1!1ssamsung+heavy+industries!3m6!1s0x356ecd83691a8fb5:0xd4204e9a1bb0ef10!8m2!3d34.8969682!4d128.6046376!15sChhzYW1zdW5nIGhlYXZ5IGluZHVzdHJpZXOSAQhzaGlweWFyZOABAA!16s%2Fg%2F1tgcpry6?entry=ttu&g_ep=EgoyMDI1MTIwMi4wIKXMDSoASAFQAw%3D%3D,145000,cbm,https://www.igu.org/igu-reports/2025-world-lng-report,membrane,https://www.igu.org/igu-reports/2025-world-lng-report,FSU,https://www.igu.org/igu-reports/2025-world-lng-report,steam,https://www.igu.org/igu-reports/2025-world-lng-report,2007,https://www.igu.org/igu-reports/2025-world-lng-report,IGU,,,,,,,
868,9516129,https://www.igu.org/igu-reports/2025-world-lng-report,Methane Becki Anne,https://www.igu.org/igu-reports/2025-world-lng-report,,,,,,active,GEM,12/31/2024,https://www.igu.org/igu-reports/2025-world-lng-report,GasLog,https://www.igu.org/igu-reports/2025-world-lng-report,Greece,"https://www.gaslogltd.com/contact-us/, https://www.gaslogltd.com/content/uploads/GasLog-Ltd-2022-annual-report-form-20-F.pdf",Samsung Heavy Industries,https://www.igu.org/igu-reports/2025-world-lng-report,South Korea,https://www.samsungshi.com/En/Default.aspx,34.89804,128.6045,"VJW3+QV Geoje-si, Gyeongsangnam-do",exact,https://www.google.com/maps/place/Samsung+Heavy+industries/data=!3m1!1e3!4m10!1m2!2m1!1ssamsung+heavy+industries!3m6!1s0x356ecd83691a8fb5:0xd4204e9a1bb0ef10!8m2!3d34.8969682!4d128.6046376!15sChhzYW1zdW5nIGhlYXZ5IGluZHVzdHJpZXOSAQhzaGlweWFyZOABAA!16s%2Fg%2F1tgcpry6?entry=ttu&g_ep=EgoyMDI1MTIwMi4wIKXMDSoASAFQAw%3D%3D,170000,cbm,https://www.igu.org/igu-reports/2025-world-lng-report,membrane,https://www.igu.org/igu-reports/2025-world-lng-report,conventional,https://www.igu.org/igu-reports/2025-world-lng-report,DFDE,https://www.igu.org/igu-reports/2025-world-lng-report,2010,https://www.igu.org/igu-reports/2025-world-lng-report,IGU,,,,,,,
870,9307190,https://www.igu.org/igu-reports/2025-world-lng-report,Methane Jane Elizabeth,https://www.igu.org/igu-reports/2025-world-lng-report,,,,,,active,GEM,12/31/2024,https://www.igu.org/igu-reports/2025-world-lng-report,GasLog,https://www.igu.org/igu-reports/2025-world-lng-report,Greece,"https://www.gaslogltd.com/contact-us/, https://www.gaslogltd.com/content/uploads/GasLog-Ltd-2022-annual-report-form-20-F.pdf",Samsung Heavy Industries,https://www.igu.org/igu-reports/2025-world-lng-report,South Korea,https://www.samsungshi.com/En/Default.aspx,34.89804,128.6045,"VJW3+QV Geoje-si, Gyeongsangnam-do",exact,https://www.google.com/maps/place/Samsung+Heavy+industries/data=!3m1!1e3!4m10!1m2!2m1!1ssamsung+heavy+industries!3m6!1s0x356ecd83691a8fb5:0xd4204e9a1bb0ef10!8m2!3d34.8969682!4d128.6046376!15sChhzYW1zdW5nIGhlYXZ5IGluZHVzdHJpZXOSAQhzaGlweWFyZOABAA!16s%2Fg%2F1tgcpry6?entry=ttu&g_ep=EgoyMDI1MTIwMi4wIKXMDSoASAFQAw%3D%3D,145000,cbm,https://www.igu.org/igu-reports/2025-world-lng-report,membrane,https://www.igu.org/igu-reports/2025-world-lng-report,conventional,https://www.igu.org/igu-reports/2025-world-lng-report,steam,https://www.igu.org/igu-reports/2025-world-lng-report,2006,https://www.igu.org/igu-reports/2025-world-lng-report,IGU,,,,,,,
942,9621077,https://www.igu.org/igu-reports/2025-world-lng-report,Pacific Arcadia,https://www.igu.org/igu-reports/2025-world-lng-report,,,,,,active,GEM,12/31/2024,https://www.igu.org/igu-reports/2025-world-lng-report,NYK Line,https://www.igu.org/igu-reports/2025-world-lng-report,Japan,"https://www.nyk.com/english/profile/profile/, https://en.wikipedia.org/wiki/Nippon_Yusen",Mitsubishi Heavy Industries,https://www.igu.org/igu-reports/2025-world-lng-report,Japan,https://www.mhi.com/,35.412837,139.668503,"CM8G+QG Yokohama, Kanagawa, Japan",exact,"https://www.google.com/maps/place/Mitsubishi+Heavy+Industries+Yokohama+Dockyard+%26+Machinery+Works/@35.5677012,139.4295502,45835m/data=!3m1!1e3!4m10!1m2!2m1!1sMitsubishi+Heavy+Industries!3m6!1s0x601842bd2acc85ff:0x1c719ae9bbc013df!8m2!3d35.4169184!4d139.6762959!15sChtNaXRzdWJpc2hpIEhlYXZ5IEluZHVzdHJpZXMiA4gBAZIBCHNoaXB5YXJk4AEA!16s%2Fg%2F11btvwmdj6?entry=ttu&g_ep=EgoyMDI1MTIwMi4wIKXMDSoASAFQAw%3D%3D",145400,cbm,https://www.igu.org/igu-reports/2025-world-lng-report,spherical,https://www.igu.org/igu-reports/2025-world-lng-report,conventional,https://www.igu.org/igu-reports/2025-world-lng-report,steam,https://www.igu.org/igu-reports/2025-world-lng-report,2014,https://www.igu.org/igu-reports/2025-world-lng-report,IGU,,,,,,,
944,9351971,https://www.igu.org/igu-reports/2025-world-lng-report,Pacific Enlighten,https://www.igu.org/igu-reports/2025-world-lng-report,,,,,,active,GEM,12/31/2024,https://www.igu.org/igu-reports/2025-world-lng-report,"Kyushu Electric, TEPCO, Mitsubishi, Mitsui, NYK Line, MOL",https://www.igu.org/igu-reports/2025-world-lng-report,Japan,"https://www.nyk.com/english/profile/profile/, https://en.wikipedia.org/wiki/Nippon_Yusen",Mitsubishi Heavy Industries,https://www.igu.org/igu-reports/2025-world-lng-report,Japan,https://www.mhi.com/,35.412837,139.668503,"CM8G+QG Yokohama, Kanagawa, Japan",exact,"https://www.google.com/maps/place/Mitsubishi+Heavy+Industries+Yokohama+Dockyard+%26+Machinery+Works/@35.5677012,139.4295502,45835m/data=!3m1!1e3!4m10!1m2!2m1!1sMitsubishi+Heavy+Industries!3m6!1s0x601842bd2acc85ff:0x1c719ae9bbc013df!8m2!3d35.4169184!4d139.6762959!15sChtNaXRzdWJpc2hpIEhlYXZ5IEluZHVzdHJpZXMiA4gBAZIBCHNoaXB5YXJk4AEA!16s%2Fg%2F11btvwmdj6?entry=ttu&g_ep=EgoyMDI1MTIwMi4wIKXMDSoASAFQAw%3D%3D",145000,cbm,https://www.igu.org/igu-reports/2025-world-lng-report,spherical,https://www.igu.org/igu-reports/2025-world-lng-report,conventional,https://www.igu.org/igu-reports/2025-world-lng-report,steam,https://www.igu.org/igu-reports/2025-world-lng-report,2009,https://www.igu.org/igu-reports/2025-world-lng-report,IGU,,,,,,,
945,9743875,https://www.igu.org/igu-reports/2025-world-lng-report,Pacific Mimosa,https://www.igu.org/igu-reports/2025-world-lng-report,,,,,,active,GEM,12/31/2024,https://www.igu.org/igu-reports/2025-world-lng-report,NYK Line,https://www.igu.org/igu-reports/2025-world-lng-report,Japan,"https://www.nyk.com/english/profile/profile/, https://en.wikipedia.org/wiki/Nippon_Yusen",Mitsubishi Heavy Industries,https://www.igu.org/igu-reports/2025-world-lng-report,Japan,https://www.mhi.com/,35.412837,139.668503,"CM8G+QG Yokohama, Kanagawa, Japan",exact,"https://www.google.com/maps/place/Mitsubishi+Heavy+Industries+Yokohama+Dockyard+%26+Machinery+Works/@35.5677012,139.4295502,45835m/data=!3m1!1e3!4m10!1m2!2m1!1sMitsubishi+Heavy+Industries!3m6!1s0x601842bd2acc85ff:0x1c719ae9bbc013df!8m2!3d35.4169184!4d139.6762959!15sChtNaXRzdWJpc2hpIEhlYXZ5IEluZHVzdHJpZXMiA4gBAZIBCHNoaXB5YXJk4AEA!16s%2Fg%2F11btvwmdj6?entry=ttu&g_ep=EgoyMDI1MTIwMi4wIKXMDSoASAFQAw%3D%3D",155300,cbm,https://www.igu.org/igu-reports/2025-world-lng-report,membrane,https://www.igu.org/igu-reports/2025-world-lng-report,conventional,https://www.igu.org/igu-reports/2025-world-lng-report,steam reheat,https://www.igu.org/igu-reports/2025-world-lng-report,2018,https://www.igu.org/igu-reports/2025-world-lng-report,IGU,,,,,,,
946,9247962,https://www.igu.org/igu-reports/2025-world-lng-report,Pacific Notus,https://www.igu.org/igu-reports/2025-world-lng-report,,,,,,active,GEM,12/31/2024,https://www.igu.org/igu-reports/2025-world-lng-report,"TEPCO, NYK Line, Mitsubishi",https://www.igu.org/igu-reports/2025-world-lng-report,Japan,"https://www.nyk.com/english/profile/profile/, https://en.wikipedia.org/wiki/Nippon_Yusen",Mitsubishi Heavy Industries,https://www.igu.org/igu-reports/2025-world-lng-report,Japan,https://www.mhi.com/,35.412837,139.668503,"CM8G+QG Yokohama, Kanagawa, Japan",exact,"https://www.google.com/maps/place/Mitsubishi+Heavy+Industries+Yokohama+Dockyard+%26+Machinery+Works/@35.5677012,139.4295502,45835m/data=!3m1!1e3!4m10!1m2!2m1!1sMitsubishi+Heavy+Industries!3m6!1s0x601842bd2acc85ff:0x1c719ae9bbc013df!8m2!3d35.4169184!4d139.6762959!15sChtNaXRzdWJpc2hpIEhlYXZ5IEluZHVzdHJpZXMiA4gBAZIBCHNoaXB5YXJk4AEA!16s%2Fg%2F11btvwmdj6?entry=ttu&g_ep=EgoyMDI1MTIwMi4wIKXMDSoASAFQAw%3D%3D",137000,cbm,https://www.igu.org/igu-reports/2025-world-lng-report,spherical,https://www.igu.org/igu-reports/2025-world-lng-report,conventional,https://www.igu.org/igu-reports/2025-world-lng-report,steam,https://www.igu.org/igu-reports/2025-world-lng-report,2003,https://www.igu.org/igu-reports/2025-world-lng-report,IGU,,,,,,,
947,9636735,https://www.igu.org/igu-reports/2025-world-lng-report,Palu LNG,https://www.igu.org/igu-reports/2025-world-lng-report,,,,,,active,GEM,12/31/2024,https://www.igu.org/igu-reports/2025-world-lng-report,TMS Cardiff Gas,https://www.igu.org/igu-reports/2025-world-lng-report,Greece,https://system.new-vessels.com/orderer-45411-TMS_Cardiff_Gas_Ltd.html,Hanwha Ocean,https://www.igu.org/igu-reports/2025-world-lng-report,South Korea,https://www.hanwha.com/companies/hanwha-ocean.do,34.87385,128.6966,"VMCW+V7 Geoje-si, Gyeongsangnam-do",exact,https://www.google.com/maps/place/Hanwha+Ocean/data=!3m1!1e3!4m10!1m2!2m1!1sHanwha+Ocean!3m6!1s0x356ecd1d7a72f7db:0x3bfe90e7d8bf93f0!8m2!3d34.8721913!4d128.6956963!15sCgxIYW53aGEgT2NlYW5aDiIMaGFud2hhIG9jZWFukgEfc2hpcGJ1aWxkaW5nX2FuZF9yZXBhaXJfY29tcGFueZoBI0NoWkRTVWhOTUc5blMwVkpRMEZuVFVSUmRYVkVTMWhuRUFF4AEA-gEECAAQLA!16s%2Fg%2F11swmd6_76?entry=ttu&g_ep=EgoyMDI1MTIwMi4wIKXMDSoASAFQAw%3D%3D,160000,cbm,https://www.igu.org/igu-reports/2025-world-lng-report,membrane,https://www.igu.org/igu-reports/2025-world-lng-report,conventional,https://www.igu.org/igu-reports/2025-world-lng-report,DFDE,https://www.igu.org/igu-reports/2025-world-lng-report,2014,https://www.igu.org/igu-reports/2025-world-lng-report,IGU,,,,,,,
953,9946350,https://www.igu.org/igu-reports/2025-world-lng-report,Paris Knutsen,https://www.igu.org/igu-reports/2025-world-lng-report,,,,,,active,GEM,12/31/2024,https://www.igu.org/igu-reports/2025-world-lng-report,Knutsen OAS,https://www.igu.org/igu-reports/2025-world-lng-report,Norway,https://www.imarinenews.com/35664.html,HD Hyundai Heavy Industries,https://www.igu.org/igu-reports/2025-world-lng-report,South Korea,https://www.hd.com/en/main,35.51613,129.4383,GC8Q+M6 Ulsan,exact,https://www.google.com/maps/place/HD+Hyundai+Heavy+Industries+Ulsan+Shipyard/data=!3m1!1e3!4m10!1m2!2m1!1sHD+Hyundai!3m6!1s0x3567ce56ebbfb645:0xd94a696f9fca5d90!8m2!3d35.5167468!4d129.4380269!15sCgpIRCBIeXVuZGFpkgEIc2hpcHlhcmTgAQA!16s%2Fg%2F1tfhd8y1?entry=ttu&g_ep=EgoyMDI1MTIwMi4wIKXMDSoASAFQAw%3D%3D,174000,cbm,https://www.igu.org/igu-reports/2025-world-lng-report,membrane,https://www.igu.org/igu-reports/2025-world-lng-report,conventional,https://www.igu.org/igu-reports/2025-world-lng-report,X-DF,https://www.igu.org/igu-reports/2025-world-lng-report,2023,https://www.igu.org/igu-reports/2025-world-lng-report,IGU,,,,,,,
955,9862346,https://www.igu.org/igu-reports/2025-world-lng-report,Pearl LNG,https://www.igu.org/igu-reports/2025-world-lng-report,,,,,,active,GEM,12/31/2024,https://www.igu.org/igu-reports/2025-world-lng-report,TMS Cardiff Gas,https://www.igu.org/igu-reports/2025-world-lng-report,Greece,https://system.new-vessels.com/orderer-45411-TMS_Cardiff_Gas_Ltd.html,Samsung Heavy Industries,https://www.igu.org/igu-reports/2025-world-lng-report,South Korea,https://www.samsungshi.com/En/Default.aspx,34.89804,128.6045,"VJW3+QV Geoje-si, Gyeongsangnam-do",exact,https://www.google.com/maps/place/Samsung+Heavy+industries/data=!3m1!1e3!4m10!1m2!2m1!1ssamsung+heavy+industries!3m6!1s0x356ecd83691a8fb5:0xd4204e9a1bb0ef10!8m2!3d34.8969682!4d128.6046376!15sChhzYW1zdW5nIGhlYXZ5IGluZHVzdHJpZXOSAQhzaGlweWFyZOABAA!16s%2Fg%2F1tgcpry6?entry=ttu&g_ep=EgoyMDI1MTIwMi4wIKXMDSoASAFQAw%3D%3D,174000,cbm,https://www.igu.org/igu-reports/2025-world-lng-report,membrane,https://www.igu.org/igu-reports/2025-world-lng-report,conventional,https://www.igu.org/igu-reports/2025-world-lng-report,X-DF,https://www.igu.org/igu-reports/2025-world-lng-report,2020,https://www.igu.org/igu-reports/2025-world-lng-report,IGU,,,,,,,
964,9810549,https://www.igu.org/igu-reports/2025-world-lng-report,Prism Agility,https://www.igu.org/igu-reports/2025-world-lng-report,,,,,,active,GEM,12/31/2024,https://www.igu.org/igu-reports/2025-world-lng-report,SK Shipping,https://www.igu.org/igu-reports/2025-world-lng-report,South Korea,,HD Hyundai Heavy Industries,https://www.igu.org/igu-reports/2025-world-lng-report,South Korea,https://www.hd.com/en/main,35.51613,129.4383,GC8Q+M6 Ulsan,exact,https://www.google.com/maps/place/HD+Hyundai+Heavy+Industries+Ulsan+Shipyard/data=!3m1!1e3!4m10!1m2!2m1!1sHD+Hyundai!3m6!1s0x3567ce56ebbfb645:0xd94a696f9fca5d90!8m2!3d35.5167468!4d129.4380269!15sCgpIRCBIeXVuZGFpkgEIc2hpcHlhcmTgAQA!16s%2Fg%2F1tfhd8y1?entry=ttu&g_ep=EgoyMDI1MTIwMi4wIKXMDSoASAFQAw%3D%3D,180000,cbm,https://www.igu.org/igu-reports/2025-world-lng-report,membrane,https://www.igu.org/igu-reports/2025-world-lng-report,conventional,https://www.igu.org/igu-reports/2025-world-lng-report,X-DF,https://www.igu.org/igu-reports/2025-world-lng-report,2019,https://www.igu.org/igu-reports/2025-world-lng-report,IGU,,,,,,,
965,9810551,https://www.igu.org/igu-reports/2025-world-lng-report,Prism Brilliance,https://www.igu.org/igu-reports/2025-world-lng-report,,,,,,active,GEM,12/31/2024,https://www.igu.org/igu-reports/2025-world-lng-report,SK Shipping,https://www.igu.org/igu-reports/2025-world-lng-report,South Korea,,HD Hyundai Heavy Industries,https://www.igu.org/igu-reports/2025-world-lng-report,South Korea,https://www.hd.com/en/main,35.51613,129.4383,GC8Q+M6 Ulsan,exact,https://www.google.com/maps/place/HD+Hyundai+Heavy+Industries+Ulsan+Shipyard/data=!3m1!1e3!4m10!1m2!2m1!1sHD+Hyundai!3m6!1s0x3567ce56ebbfb645:0xd94a696f9fca5d90!8m2!3d35.5167468!4d129.4380269!15sCgpIRCBIeXVuZGFpkgEIc2hpcHlhcmTgAQA!16s%2Fg%2F1tfhd8y1?entry=ttu&g_ep=EgoyMDI1MTIwMi4wIKXMDSoASAFQAw%3D%3D,180000,cbm,https://www.igu.org/igu-reports/2025-world-lng-report,membrane,https://www.igu.org/igu-reports/2025-world-lng-report,conventional,https://www.igu.org/igu-reports/2025-world-lng-report,X-DF,https://www.igu.org/igu-reports/2025-world-lng-report,2019,https://www.igu.org/igu-reports/2025-world-lng-report,IGU,,,,,,,
966,9888481,https://www.igu.org/igu-reports/2025-world-lng-report,Prism Courage,https://www.igu.org/igu-reports/2025-world-lng-report,,,,,,active,GEM,12/31/2024,https://www.igu.org/igu-reports/2025-world-lng-report,SK Shipping,https://www.igu.org/igu-reports/2025-world-lng-report,South Korea,,HD Hyundai Heavy Industries,https://www.igu.org/igu-reports/2025-world-lng-report,South Korea,https://www.hd.com/en/main,35.51613,129.4383,GC8Q+M6 Ulsan,exact,https://www.google.com/maps/place/HD+Hyundai+Heavy+Industries+Ulsan+Shipyard/data=!3m1!1e3!4m10!1m2!2m1!1sHD+Hyundai!3m6!1s0x3567ce56ebbfb645:0xd94a696f9fca5d90!8m2!3d35.5167468!4d129.4380269!15sCgpIRCBIeXVuZGFpkgEIc2hpcHlhcmTgAQA!16s%2Fg%2F1tfhd8y1?entry=ttu&g_ep=EgoyMDI1MTIwMi4wIKXMDSoASAFQAw%3D%3D,174000,cbm,https://www.igu.org/igu-reports/2025-world-lng-report,membrane,https://www.igu.org/igu-reports/2025-world-lng-report,conventional,https://www.igu.org/igu-reports/2025-world-lng-report,X-DF,https://www.igu.org/igu-reports/2025-world-lng-report,2021,https://www.igu.org/igu-reports/2025-world-lng-report,IGU,,,,,,,
967,9904651,https://www.igu.org/igu-reports/2025-world-lng-report,Prism Diversity,https://www.igu.org/igu-reports/2025-world-lng-report,,,,,,active,GEM,12/31/2024,https://www.igu.org/igu-reports/2025-world-lng-report,SK Shipping,https://www.igu.org/igu-reports/2025-world-lng-report,South Korea,,HD Hyundai Heavy Industries,https://www.igu.org/igu-reports/2025-world-lng-report,South Korea,https://www.hd.com/en/main,35.51613,129.4383,GC8Q+M6 Ulsan,exact,https://www.google.com/maps/place/HD+Hyundai+Heavy+Industries+Ulsan+Shipyard/data=!3m1!1e3!4m10!1m2!2m1!1sHD+Hyundai!3m6!1s0x3567ce56ebbfb645:0xd94a696f9fca5d90!8m2!3d35.5167468!4d129.4380269!15sCgpIRCBIeXVuZGFpkgEIc2hpcHlhcmTgAQA!16s%2Fg%2F1tfhd8y1?entry=ttu&g_ep=EgoyMDI1MTIwMi4wIKXMDSoASAFQAw%3D%3D,180000,cbm,https://www.igu.org/igu-reports/2025-world-lng-report,membrane,https://www.igu.org/igu-reports/2025-world-lng-report,conventional,https://www.igu.org/igu-reports/2025-world-lng-report,X-DF,https://www.igu.org/igu-reports/2025-world-lng-report,2022,https://www.igu.org/igu-reports/2025-world-lng-report,IGU,,,,,,,
968,9030814,https://www.igu.org/igu-reports/2025-world-lng-report,Puteri Delima,https://www.igu.org/igu-reports/2025-world-lng-report,,,,,,active,GEM,12/31/2024,https://www.igu.org/igu-reports/2025-world-lng-report,MISC,https://www.igu.org/igu-reports/2025-world-lng-report,Malaysia,"https://www.shipvault.com/ships/113754, https://shipvaultapi-gjb8c.ondigitalocean.app/api/units/113754",Chantiers de l'Atlantique,https://www.igu.org/igu-reports/2025-world-lng-report,France,https://chantiers-atlantique.com/en/,47.284334,-2.182615,"7RM8+PW Saint-Nazaire, France",exact,https://maps.app.goo.gl/aXheTTWUa76FHyui7,130000,cbm,https://www.igu.org/igu-reports/2025-world-lng-report,membrane,https://www.igu.org/igu-reports/2025-world-lng-report,conventional,https://www.igu.org/igu-reports/2025-world-lng-report,steam,https://www.igu.org/igu-reports/2025-world-lng-report,1995,https://www.igu.org/igu-reports/2025-world-lng-report,IGU,,,,,,,
970,9248502,https://www.igu.org/igu-reports/2025-world-lng-report,Puteri Firus Satu,https://www.igu.org/igu-reports/2025-world-lng-report,,,,,,active,GEM,12/31/2024,https://www.igu.org/igu-reports/2025-world-lng-report,MISC,https://www.igu.org/igu-reports/2025-world-lng-report,Malaysia,"https://www.shipvault.com/ships/113754, https://shipvaultapi-gjb8c.ondigitalocean.app/api/units/113754",Mitsubishi Heavy Industries,https://www.igu.org/igu-reports/2025-world-lng-report,Japan,https://www.mhi.com/,35.412837,139.668503,"CM8G+QG Yokohama, Kanagawa, Japan",exact,"https://www.google.com/maps/place/Mitsubishi+Heavy+Industries+Yokohama+Dockyard+%26+Machinery+Works/@35.5677012,139.4295502,45835m/data=!3m1!1e3!4m10!1m2!2m1!1sMitsubishi+Heavy+Industries!3m6!1s0x601842bd2acc85ff:0x1c719ae9bbc013df!8m2!3d35.4169184!4d139.6762959!15sChtNaXRzdWJpc2hpIEhlYXZ5IEluZHVzdHJpZXMiA4gBAZIBCHNoaXB5YXJk4AEA!16s%2Fg%2F11btvwmdj6?entry=ttu&g_ep=EgoyMDI1MTIwMi4wIKXMDSoASAFQAw%3D%3D",137500,cbm,https://www.igu.org/igu-reports/2025-world-lng-report,membrane,https://www.igu.org/igu-reports/2025-world-lng-report,conventional,https://www.igu.org/igu-reports/2025-world-lng-report,steam,https://www.igu.org/igu-reports/2025-world-lng-report,2004,https://www.igu.org/igu-reports/2025-world-lng-report,IGU,,,,,,,
971,9030802,https://www.igu.org/igu-reports/2025-world-lng-report,Puteri Intan,https://www.igu.org/igu-reports/2025-world-lng-report,,,,,,active,GEM,12/31/2024,https://www.igu.org/igu-reports/2025-world-lng-report,MISC,https://www.igu.org/igu-reports/2025-world-lng-report,Malaysia,"https://www.shipvault.com/ships/113754, https://shipvaultapi-gjb8c.ondigitalocean.app/api/units/113754",Chantiers de l'Atlantique,https://www.igu.org/igu-reports/2025-world-lng-report,France,https://chantiers-atlantique.com/en/,47.284334,-2.182615,"7RM8+PW Saint-Nazaire, France",exact,https://maps.app.goo.gl/aXheTTWUa76FHyui7,130000,cbm,https://www.igu.org/igu-reports/2025-world-lng-report,membrane,https://www.igu.org/igu-reports/2025-world-lng-report,conventional,https://www.igu.org/igu-reports/2025-world-lng-report,steam,https://www.igu.org/igu-reports/2025-world-lng-report,1994,https://www.igu.org/igu-reports/2025-world-lng-report,IGU,,,,,,,
972,9947615,https://www.igu.org/igu-reports/2025-world-lng-report,Puteri Mayang,https://www.igu.org/igu-reports/2025-world-lng-report,,,,,,active,GEM,12/11/2025,https://www.marinetraffic.com/en/ais/details/ships/shipid:9181800/mmsi:538010571/imo:9947615/vessel:PUTERI%20MAYANG,Hyundai LNG Shipping,https://www.igu.org/igu-reports/2025-world-lng-report,South Korea,https://www.emis.com/php/company-profile/KR/Hyundai_Lng_Shipping_CoLtd_en_4269939.html,HD Hyundai Samho,https://www.igu.org/igu-reports/2025-world-lng-report,South Korea,https://www.hshi.co.kr/eng/,34.75031,126.3875,"Q92P+7M Yeongam-gun, Jeollanam-do",exact,https://www.google.com/maps/place/Hyundai+Samho+Heavy+Industries+Entrance/data=!3m1!1e3!4m10!1m2!2m1!1sHyundai+Samho+Heavy+Industries!3m6!1s0x3573a4568dfe21d7:0x865a025eb9b373b5!8m2!3d34.75066!4d126.386691!15sCh5IeXVuZGFpIFNhbWhvIEhlYXZ5IEluZHVzdHJpZXOSAQhidXNfc3RvcOABAA!16s%2Fg%2F11b77sqk26?entry=ttu&g_ep=EgoyMDI1MTIwMi4wIKXMDSoASAFQAw%3D%3D,174000,cbm,https://www.igu.org/igu-reports/2025-world-lng-report,,,,,ME-GA,https://www.igu.org/igu-reports/2025-world-lng-report,2025,https://www.igu.org/igu-reports/2025-world-lng-report,IGU,,,,,,,
973,9261205,https://www.igu.org/igu-reports/2025-world-lng-report,Puteri Mutiara Satu,https://www.igu.org/igu-reports/2025-world-lng-report,,,,,,active,GEM,12/31/2024,https://www.igu.org/igu-reports/2025-world-lng-report,MISC,https://www.igu.org/igu-reports/2025-world-lng-report,Malaysia,"https://www.shipvault.com/ships/113754, https://shipvaultapi-gjb8c.ondigitalocean.app/api/units/113754",Mitsui E&S Shipbuilding,https://www.igu.org/igu-reports/2025-world-lng-report,Japan,https://www.mes.co.jp/en/,35.54789,140.0945,"H32V+CC Ichihara, Chiba, Japan",exact,"https://www.google.com/maps/place/(%E6%A0%AA)%E4%B8%89%E4%BA%95%EF%BC%A5%EF%BC%86%EF%BC%B3+%E5%8D%83%E8%91%89%E4%BA%8B%E6%A5%AD%E5%A0%B4/@35.5961305,139.9368296,22877m/data=!3m1!1e3!4m10!1m2!2m1!1sMitsui+SB+(Chiba)!3m6!1s0x60229c7a5bd91a11:0xdae29ebde28b0943!8m2!3d35.5510419!4d140.0935883!15sChFNaXRzdWkgU0IgKENoaWJhKZIBEGNvcnBvcmF0ZV9vZmZpY2XgAQA!16s%2Fg%2F11btrr1q6f?entry=ttu&g_ep=EgoyMDI1MTIwMi4wIKXMDSoASAFQAw%3D%3D",137000,cbm,https://www.igu.org/igu-reports/2025-world-lng-report,membrane,https://www.igu.org/igu-reports/2025-world-lng-report,conventional,https://www.igu.org/igu-reports/2025-world-lng-report,steam,https://www.igu.org/igu-reports/2025-world-lng-report,2005,https://www.igu.org/igu-reports/2025-world-lng-report,IGU,,,,,,,
974,9030826,https://www.igu.org/igu-reports/2025-world-lng-report,Puteri Nilam,https://www.igu.org/igu-reports/2025-world-lng-report,,,,,,active,GEM,12/31/2024,https://www.igu.org/igu-reports/2025-world-lng-report,MISC,https://www.igu.org/igu-reports/2025-world-lng-report,Malaysia,"https://www.shipvault.com/ships/113754, https://shipvaultapi-gjb8c.ondigitalocean.app/api/units/113754",Chantiers de l'Atlantique,https://www.igu.org/igu-reports/2025-world-lng-report,France,https://chantiers-atlantique.com/en/,47.284334,-2.182615,"7RM8+PW Saint-Nazaire, France",exact,https://maps.app.goo.gl/aXheTTWUa76FHyui7,130000,cbm,https://www.igu.org/igu-reports/2025-world-lng-report,membrane,https://www.igu.org/igu-reports/2025-world-lng-report,conventional,https://www.igu.org/igu-reports/2025-world-lng-report,steam,https://www.igu.org/igu-reports/2025-world-lng-report,1995,https://www.igu.org/igu-reports/2025-world-lng-report,IGU,,,,,,,
975,9229647,https://www.igu.org/igu-reports/2025-world-lng-report,Puteri Nilam Satu,https://www.igu.org/igu-reports/2025-world-lng-report,,,,,,active,GEM,12/31/2024,https://www.igu.org/igu-reports/2025-world-lng-report,MISC,https://www.igu.org/igu-reports/2025-world-lng-report,Malaysia,"https://www.shipvault.com/ships/113754, https://shipvaultapi-gjb8c.ondigitalocean.app/api/units/113754",Mitsubishi Heavy Industries,https://www.igu.org/igu-reports/2025-world-lng-report,Japan,https://www.mhi.com/,35.412837,139.668503,"CM8G+QG Yokohama, Kanagawa, Japan",exact,"https://www.google.com/maps/place/Mitsubishi+Heavy+Industries+Yokohama+Dockyard+%26+Machinery+Works/@35.5677012,139.4295502,45835m/data=!3m1!1e3!4m10!1m2!2m1!1sMitsubishi+Heavy+Industries!3m6!1s0x601842bd2acc85ff:0x1c719ae9bbc013df!8m2!3d35.4169184!4d139.6762959!15sChtNaXRzdWJpc2hpIEhlYXZ5IEluZHVzdHJpZXMiA4gBAZIBCHNoaXB5YXJk4AEA!16s%2Fg%2F11btvwmdj6?entry=ttu&g_ep=EgoyMDI1MTIwMi4wIKXMDSoASAFQAw%3D%3D",134833,cbm,https://www.igu.org/igu-reports/2025-world-lng-report,membrane,https://www.igu.org/igu-reports/2025-world-lng-report,conventional,https://www.igu.org/igu-reports/2025-world-lng-report,steam,https://www.igu.org/igu-reports/2025-world-lng-report,2003,https://www.igu.org/igu-reports/2025-world-lng-report,IGU,,,,,,,
976,9974151,https://www.igu.org/igu-reports/2025-world-lng-report,Puteri Perak,https://www.igu.org/igu-reports/2025-world-lng-report,,,,Hull 2632 (HSHI),"https://www.shipvault.com/ships/456918, https://shipvaultapi-gjb8c.ondigitalocean.app/api/units/456918",on order,GEM,12/31/2024,https://www.igu.org/igu-reports/2025-world-lng-report,H-Line Shipping,https://www.igu.org/igu-reports/2025-world-lng-report,,,HD Hyundai Samho,https://www.igu.org/igu-reports/2025-world-lng-report,South Korea,https://www.hshi.co.kr/eng/,34.75031,126.3875,"Q92P+7M Yeongam-gun, Jeollanam-do",exact,https://www.google.com/maps/place/Hyundai+Samho+Heavy+Industries+Entrance/data=!3m1!1e3!4m10!1m2!2m1!1sHyundai+Samho+Heavy+Industries!3m6!1s0x3573a4568dfe21d7:0x865a025eb9b373b5!8m2!3d34.75066!4d126.386691!15sCh5IeXVuZGFpIFNhbWhvIEhlYXZ5IEluZHVzdHJpZXOSAQhidXNfc3RvcOABAA!16s%2Fg%2F11b77sqk26?entry=ttu&g_ep=EgoyMDI1MTIwMi4wIKXMDSoASAFQAw%3D%3D,174000,cbm,https://www.igu.org/igu-reports/2025-world-lng-report,,,,,X-DF,https://www.igu.org/igu-reports/2025-world-lng-report,2026,https://www.igu.org/igu-reports/2025-world-lng-report,IGU,,,,,,,
977,9937945,https://www.igu.org/igu-reports/2025-world-lng-report,Puteri Saadong,https://www.igu.org/igu-reports/2025-world-lng-report,,,,,,active,GEM,12/31/2024,https://www.igu.org/igu-reports/2025-world-lng-report,Hyundai LNG Shipping,https://www.igu.org/igu-reports/2025-world-lng-report,South Korea,https://www.emis.com/php/company-profile/KR/Hyundai_Lng_Shipping_CoLtd_en_4269939.html,HD Hyundai Heavy Industries,https://www.igu.org/igu-reports/2025-world-lng-report,South Korea,https://www.hd.com/en/main,35.51613,129.4383,GC8Q+M6 Ulsan,exact,https://www.google.com/maps/place/HD+Hyundai+Heavy+Industries+Ulsan+Shipyard/data=!3m1!1e3!4m10!1m2!2m1!1sHD+Hyundai!3m6!1s0x3567ce56ebbfb645:0xd94a696f9fca5d90!8m2!3d35.5167468!4d129.4380269!15sCgpIRCBIeXVuZGFpkgEIc2hpcHlhcmTgAQA!16s%2Fg%2F1tfhd8y1?entry=ttu&g_ep=EgoyMDI1MTIwMi4wIKXMDSoASAFQAw%3D%3D,174000,cbm,https://www.igu.org/igu-reports/2025-world-lng-report,membrane,https://www.igu.org/igu-reports/2025-world-lng-report,conventional,https://www.igu.org/igu-reports/2025-world-lng-report,X-DF,https://www.igu.org/igu-reports/2025-world-lng-report,2024,https://www.igu.org/igu-reports/2025-world-lng-report,IGU,,,,,,,
978,9974163,https://www.igu.org/igu-reports/2025-world-lng-report,Puteri Sarawak,https://www.igu.org/igu-reports/2025-world-lng-report,,,,Hull 2633 (SHI),"https://www.shipvault.com/ships/456919, https://shipvaultapi-gjb8c.ondigitalocean.app/api/units/456919",on order,GEM,12/31/2024,https://www.igu.org/igu-reports/2025-world-lng-report,H-Line Shipping,https://www.igu.org/igu-reports/2025-world-lng-report,,,Samsung Heavy Industries,https://www.igu.org/igu-reports/2025-world-lng-report,South Korea,https://www.samsungshi.com/En/Default.aspx,34.89804,128.6045,"VJW3+QV Geoje-si, Gyeongsangnam-do",exact,https://www.google.com/maps/place/Samsung+Heavy+industries/data=!3m1!1e3!4m10!1m2!2m1!1ssamsung+heavy+industries!3m6!1s0x356ecd83691a8fb5:0xd4204e9a1bb0ef10!8m2!3d34.8969682!4d128.6046376!15sChhzYW1zdW5nIGhlYXZ5IGluZHVzdHJpZXOSAQhzaGlweWFyZOABAA!16s%2Fg%2F1tgcpry6?entry=ttu&g_ep=EgoyMDI1MTIwMi4wIKXMDSoASAFQAw%3D%3D,174000,cbm,https://www.igu.org/igu-reports/2025-world-lng-report,,,,,X-DF,https://www.igu.org/igu-reports/2025-world-lng-report,2026,https://www.igu.org/igu-reports/2025-world-lng-report,IGU,,,,,,,
979,9030838,https://www.igu.org/igu-reports/2025-world-lng-report,Puteri Zamrud,https://www.igu.org/igu-reports/2025-world-lng-report,,,,,,active,GEM,12/31/2024,https://www.igu.org/igu-reports/2025-world-lng-report,MISC,https://www.igu.org/igu-reports/2025-world-lng-report,Malaysia,"https://www.shipvault.com/ships/113754, https://shipvaultapi-gjb8c.ondigitalocean.app/api/units/113754",Chantiers de l'Atlantique,https://www.igu.org/igu-reports/2025-world-lng-report,France,https://chantiers-atlantique.com/en/,47.284334,-2.182615,"7RM8+PW Saint-Nazaire, France",exact,https://maps.app.goo.gl/aXheTTWUa76FHyui7,130000,cbm,https://www.igu.org/igu-reports/2025-world-lng-report,membrane,https://www.igu.org/igu-reports/2025-world-lng-report,conventional,https://www.igu.org/igu-reports/2025-world-lng-report,steam,https://www.igu.org/igu-reports/2025-world-lng-report,1996,https://www.igu.org/igu-reports/2025-world-lng-report,IGU,,,,,,,
980,9245031,https://www.igu.org/igu-reports/2025-world-lng-report,Puteri Zamrud Satu,https://www.igu.org/igu-reports/2025-world-lng-report,,,,,,active,GEM,12/31/2024,https://www.igu.org/igu-reports/2025-world-lng-report,MISC,https://www.igu.org/igu-reports/2025-world-lng-report,Malaysia,"https://www.shipvault.com/ships/113754, https://shipvaultapi-gjb8c.ondigitalocean.app/api/units/113754",Mitsui E&S Shipbuilding,https://www.igu.org/igu-reports/2025-world-lng-report,Japan,https://www.mes.co.jp/en/,35.54789,140.0945,"H32V+CC Ichihara, Chiba, Japan",exact,"https://www.google.com/maps/place/(%E6%A0%AA)%E4%B8%89%E4%BA%95%EF%BC%A5%EF%BC%86%EF%BC%B3+%E5%8D%83%E8%91%89%E4%BA%8B%E6%A5%AD%E5%A0%B4/@35.5961305,139.9368296,22877m/data=!3m1!1e3!4m10!1m2!2m1!1sMitsui+SB+(Chiba)!3m6!1s0x60229c7a5bd91a11:0xdae29ebde28b0943!8m2!3d35.5510419!4d140.0935883!15sChFNaXRzdWkgU0IgKENoaWJhKZIBEGNvcnBvcmF0ZV9vZmZpY2XgAQA!16s%2Fg%2F11btrr1q6f?entry=ttu&g_ep=EgoyMDI1MTIwMi4wIKXMDSoASAFQAw%3D%3D",137500,cbm,https://www.igu.org/igu-reports/2025-world-lng-report,membrane,https://www.igu.org/igu-reports/2025-world-lng-report,conventional,https://www.igu.org/igu-reports/2025-world-lng-report,steam,https://www.igu.org/igu-reports/2025-world-lng-report,2004,https://www.igu.org/igu-reports/2025-world-lng-report,IGU,,,,,,,
982,9851787,https://www.igu.org/igu-reports/2025-world-lng-report,Qogir,https://www.igu.org/igu-reports/2025-world-lng-report,,,,,,active,GEM,12/31/2024,https://www.igu.org/igu-reports/2025-world-lng-report,TMS Cardiff Gas,https://www.igu.org/igu-reports/2025-world-lng-report,Greece,https://system.new-vessels.com/orderer-45411-TMS_Cardiff_Gas_Ltd.html,Samsung Heavy Industries,https://www.igu.org/igu-reports/2025-world-lng-report,South Korea,https://www.samsungshi.com/En/Default.aspx,34.89804,128.6045,"VJW3+QV Geoje-si, Gyeongsangnam-do",exact,https://www.google.com/maps/place/Samsung+Heavy+industries/data=!3m1!1e3!4m10!1m2!2m1!1ssamsung+heavy+industries!3m6!1s0x356ecd83691a8fb5:0xd4204e9a1bb0ef10!8m2!3d34.8969682!4d128.6046376!15sChhzYW1zdW5nIGhlYXZ5IGluZHVzdHJpZXOSAQhzaGlweWFyZOABAA!16s%2Fg%2F1tgcpry6?entry=ttu&g_ep=EgoyMDI1MTIwMi4wIKXMDSoASAFQAw%3D%3D,174000,cbm,https://www.igu.org/igu-reports/2025-world-lng-report,membrane,https://www.igu.org/igu-reports/2025-world-lng-report,conventional,https://www.igu.org/igu-reports/2025-world-lng-report,X-DF,https://www.igu.org/igu-reports/2025-world-lng-report,2020,https://www.igu.org/igu-reports/2025-world-lng-report,IGU,,,,,,,
985,9874040,https://www.igu.org/igu-reports/2025-world-lng-report,Ravenna Knutsen,https://www.igu.org/igu-reports/2025-world-lng-report,,,,,,active,GEM,12/31/2024,https://www.igu.org/igu-reports/2025-world-lng-report,Knutsen OAS,https://www.igu.org/igu-reports/2025-world-lng-report,Norway,https://www.imarinenews.com/35664.html,HD Hyundai Heavy Industries,https://www.igu.org/igu-reports/2025-world-lng-report,South Korea,https://www.hd.com/en/main,35.51613,129.4383,GC8Q+M6 Ulsan,exact,https://www.google.com/maps/place/HD+Hyundai+Heavy+Industries+Ulsan+Shipyard/data=!3m1!1e3!4m10!1m2!2m1!1sHD+Hyundai!3m6!1s0x3567ce56ebbfb645:0xd94a696f9fca5d90!8m2!3d35.5167468!4d129.4380269!15sCgpIRCBIeXVuZGFpkgEIc2hpcHlhcmTgAQA!16s%2Fg%2F1tfhd8y1?entry=ttu&g_ep=EgoyMDI1MTIwMi4wIKXMDSoASAFQAw%3D%3D,30000,cbm,https://www.igu.org/igu-reports/2025-world-lng-report,type C,https://www.igu.org/igu-reports/2025-world-lng-report,small-scale,https://www.igu.org/igu-reports/2025-world-lng-report,X-DF,https://www.igu.org/igu-reports/2025-world-lng-report,2021,https://www.igu.org/igu-reports/2025-world-lng-report,IGU,,,,,,,
986,9825568,https://www.igu.org/igu-reports/2025-world-lng-report,Rias Baixas Knutsen,https://www.igu.org/igu-reports/2025-world-lng-report,,,,,,active,GEM,12/31/2024,https://www.igu.org/igu-reports/2025-world-lng-report,Knutsen OAS,https://www.igu.org/igu-reports/2025-world-lng-report,Norway,https://www.imarinenews.com/35664.html,HD Hyundai Heavy Industries,https://www.igu.org/igu-reports/2025-world-lng-report,South Korea,https://www.hd.com/en/main,35.51613,129.4383,GC8Q+M6 Ulsan,exact,https://www.google.com/maps/place/HD+Hyundai+Heavy+Industries+Ulsan+Shipyard/data=!3m1!1e3!4m10!1m2!2m1!1sHD+Hyundai!3m6!1s0x3567ce56ebbfb645:0xd94a696f9fca5d90!8m2!3d35.5167468!4d129.4380269!15sCgpIRCBIeXVuZGFpkgEIc2hpcHlhcmTgAQA!16s%2Fg%2F1tfhd8y1?entry=ttu&g_ep=EgoyMDI1MTIwMi4wIKXMDSoASAFQAw%3D%3D,180000,cbm,https://www.igu.org/igu-reports/2025-world-lng-report,membrane,https://www.igu.org/igu-reports/2025-world-lng-report,conventional,https://www.igu.org/igu-reports/2025-world-lng-report,ME-GI,https://www.igu.org/igu-reports/2025-world-lng-report,2019,https://www.igu.org/igu-reports/2025-world-lng-report,IGU,,,,,,,
987,9477593,https://www.igu.org/igu-reports/2025-world-lng-report,Ribera Duero Knutsen,https://www.igu.org/igu-reports/2025-world-lng-report,,,,,,active,GEM,12/31/2024,https://www.igu.org/igu-reports/2025-world-lng-report,Knutsen OAS,https://www.igu.org/igu-reports/2025-world-lng-report,Norway,https://www.imarinenews.com/35664.html,Hanwha Ocean,https://www.igu.org/igu-reports/2025-world-lng-report,South Korea,https://www.hanwha.com/companies/hanwha-ocean.do,34.87385,128.6966,"VMCW+V7 Geoje-si, Gyeongsangnam-do",exact,https://www.google.com/maps/place/Hanwha+Ocean/data=!3m1!1e3!4m10!1m2!2m1!1sHanwha+Ocean!3m6!1s0x356ecd1d7a72f7db:0x3bfe90e7d8bf93f0!8m2!3d34.8721913!4d128.6956963!15sCgxIYW53aGEgT2NlYW5aDiIMaGFud2hhIG9jZWFukgEfc2hpcGJ1aWxkaW5nX2FuZF9yZXBhaXJfY29tcGFueZoBI0NoWkRTVWhOTUc5blMwVkpRMEZuVFVSUmRYVkVTMWhuRUFF4AEA-gEECAAQLA!16s%2Fg%2F11swmd6_76?entry=ttu&g_ep=EgoyMDI1MTIwMi4wIKXMDSoASAFQAw%3D%3D,173400,cbm,https://www.igu.org/igu-reports/2025-world-lng-report,membrane,https://www.igu.org/igu-reports/2025-world-lng-report,conventional,https://www.igu.org/igu-reports/2025-world-lng-report,DFDE,https://www.igu.org/igu-reports/2025-world-lng-report,2010,https://www.igu.org/igu-reports/2025-world-lng-report,IGU,,,,,,,
988,9721736,https://www.igu.org/igu-reports/2025-world-lng-report,Rioja Knutsen,https://www.igu.org/igu-reports/2025-world-lng-report,,,,,,active,GEM,12/31/2024,https://www.igu.org/igu-reports/2025-world-lng-report,Knutsen OAS,https://www.igu.org/igu-reports/2025-world-lng-report,Norway,https://www.imarinenews.com/35664.html,HD Hyundai Heavy Industries,https://www.igu.org/igu-reports/2025-world-lng-report,South Korea,https://www.hd.com/en/main,35.51613,129.4383,GC8Q+M6 Ulsan,exact,https://www.google.com/maps/place/HD+Hyundai+Heavy+Industries+Ulsan+Shipyard/data=!3m1!1e3!4m10!1m2!2m1!1sHD+Hyundai!3m6!1s0x3567ce56ebbfb645:0xd94a696f9fca5d90!8m2!3d35.5167468!4d129.4380269!15sCgpIRCBIeXVuZGFpkgEIc2hpcHlhcmTgAQA!16s%2Fg%2F1tfhd8y1?entry=ttu&g_ep=EgoyMDI1MTIwMi4wIKXMDSoASAFQAw%3D%3D,176000,cbm,https://www.igu.org/igu-reports/2025-world-lng-report,membrane,https://www.igu.org/igu-reports/2025-world-lng-report,conventional,https://www.igu.org/igu-reports/2025-world-lng-report,ME-GI,https://www.igu.org/igu-reports/2025-world-lng-report,2016,https://www.igu.org/igu-reports/2025-world-lng-report,IGU,,,,,,,
990,9946386,https://www.igu.org/igu-reports/2025-world-lng-report,Saint Barbara,https://www.igu.org/igu-reports/2025-world-lng-report,,,,,,active,GEM,12/31/2024,https://www.igu.org/igu-reports/2025-world-lng-report,Knutsen OAS,https://www.igu.org/igu-reports/2025-world-lng-report,Norway,https://www.imarinenews.com/35664.html,HD Hyundai Heavy Industries,https://www.igu.org/igu-reports/2025-world-lng-report,South Korea,https://www.hd.com/en/main,35.51613,129.4383,GC8Q+M6 Ulsan,exact,https://www.google.com/maps/place/HD+Hyundai+Heavy+Industries+Ulsan+Shipyard/data=!3m1!1e3!4m10!1m2!2m1!1sHD+Hyundai!3m6!1s0x3567ce56ebbfb645:0xd94a696f9fca5d90!8m2!3d35.5167468!4d129.4380269!15sCgpIRCBIeXVuZGFpkgEIc2hpcHlhcmTgAQA!16s%2Fg%2F1tfhd8y1?entry=ttu&g_ep=EgoyMDI1MTIwMi4wIKXMDSoASAFQAw%3D%3D,174000,cbm,https://www.igu.org/igu-reports/2025-world-lng-report,membrane,https://www.igu.org/igu-reports/2025-world-lng-report,conventional,https://www.igu.org/igu-reports/2025-world-lng-report,X-DF,https://www.igu.org/igu-reports/2025-world-lng-report,2023,https://www.igu.org/igu-reports/2025-world-lng-report,IGU,,,,,,,
992,9904170,https://www.igu.org/igu-reports/2025-world-lng-report,Santander Knutsen,https://www.igu.org/igu-reports/2025-world-lng-report,,,,,,active,GEM,12/31/2024,https://www.igu.org/igu-reports/2025-world-lng-report,Knutsen OAS,https://www.igu.org/igu-reports/2025-world-lng-report,Norway,https://www.imarinenews.com/35664.html,HD Hyundai Heavy Industries,https://www.igu.org/igu-reports/2025-world-lng-report,South Korea,https://www.hd.com/en/main,35.51613,129.4383,GC8Q+M6 Ulsan,exact,https://www.google.com/maps/place/HD+Hyundai+Heavy+Industries+Ulsan+Shipyard/data=!3m1!1e3!4m10!1m2!2m1!1sHD+Hyundai!3m6!1s0x3567ce56ebbfb645:0xd94a696f9fca5d90!8m2!3d35.5167468!4d129.4380269!15sCgpIRCBIeXVuZGFpkgEIc2hpcHlhcmTgAQA!16s%2Fg%2F1tfhd8y1?entry=ttu&g_ep=EgoyMDI1MTIwMi4wIKXMDSoASAFQAw%3D%3D,174000,cbm,https://www.igu.org/igu-reports/2025-world-lng-report,membrane,https://www.igu.org/igu-reports/2025-world-lng-report,conventional,https://www.igu.org/igu-reports/2025-world-lng-report,X-DF,https://www.igu.org/igu-reports/2025-world-lng-report,2022,https://www.igu.org/igu-reports/2025-world-lng-report,IGU,,,,,,,
1013,9666558,https://www.igu.org/igu-reports/2025-world-lng-report,Seishu Maru,https://www.igu.org/igu-reports/2025-world-lng-report,,,,,,active,GEM,12/31/2024,https://www.igu.org/igu-reports/2025-world-lng-report,"Mitsubishi, NYK Line, Chubu Electric",https://www.igu.org/igu-reports/2025-world-lng-report,Japan,"https://www.nyk.com/english/profile/profile/, https://en.wikipedia.org/wiki/Nippon_Yusen",Mitsubishi Heavy Industries,https://www.igu.org/igu-reports/2025-world-lng-report,Japan,https://www.mhi.com/,35.412837,139.668503,"CM8G+QG Yokohama, Kanagawa, Japan",exact,"https://www.google.com/maps/place/Mitsubishi+Heavy+Industries+Yokohama+Dockyard+%26+Machinery+Works/@35.5677012,139.4295502,45835m/data=!3m1!1e3!4m10!1m2!2m1!1sMitsubishi+Heavy+Industries!3m6!1s0x601842bd2acc85ff:0x1c719ae9bbc013df!8m2!3d35.4169184!4d139.6762959!15sChtNaXRzdWJpc2hpIEhlYXZ5IEluZHVzdHJpZXMiA4gBAZIBCHNoaXB5YXJk4AEA!16s%2Fg%2F11btvwmdj6?entry=ttu&g_ep=EgoyMDI1MTIwMi4wIKXMDSoASAFQAw%3D%3D",153000,cbm,https://www.igu.org/igu-reports/2025-world-lng-report,membrane,https://www.igu.org/igu-reports/2025-world-lng-report,conventional,https://www.igu.org/igu-reports/2025-world-lng-report,steam,https://www.igu.org/igu-reports/2025-world-lng-report,2014,https://www.igu.org/igu-reports/2025-world-lng-report,IGU,,,,,,,
1014,9293832,https://www.igu.org/igu-reports/2025-world-lng-report,Seri Alam,https://www.igu.org/igu-reports/2025-world-lng-report,,,,,,active,GEM,12/31/2024,https://www.igu.org/igu-reports/2025-world-lng-report,MISC,https://www.igu.org/igu-reports/2025-world-lng-report,Malaysia,"https://www.shipvault.com/ships/113754, https://shipvaultapi-gjb8c.ondigitalocean.app/api/units/113754",Samsung Heavy Industries,https://www.igu.org/igu-reports/2025-world-lng-report,South Korea,https://www.samsungshi.com/En/Default.aspx,34.89804,128.6045,"VJW3+QV Geoje-si, Gyeongsangnam-do",exact,https://www.google.com/maps/place/Samsung+Heavy+industries/data=!3m1!1e3!4m10!1m2!2m1!1ssamsung+heavy+industries!3m6!1s0x356ecd83691a8fb5:0xd4204e9a1bb0ef10!8m2!3d34.8969682!4d128.6046376!15sChhzYW1zdW5nIGhlYXZ5IGluZHVzdHJpZXOSAQhzaGlweWFyZOABAA!16s%2Fg%2F1tgcpry6?entry=ttu&g_ep=EgoyMDI1MTIwMi4wIKXMDSoASAFQAw%3D%3D,145700,cbm,https://www.igu.org/igu-reports/2025-world-lng-report,membrane,https://www.igu.org/igu-reports/2025-world-lng-report,conventional,https://www.igu.org/igu-reports/2025-world-lng-report,steam,https://www.igu.org/igu-reports/2025-world-lng-report,2005,https://www.igu.org/igu-reports/2025-world-lng-report,IGU,,,,,,,
1015,9293844,https://www.igu.org/igu-reports/2025-world-lng-report,Seri Amanah,https://www.igu.org/igu-reports/2025-world-lng-report,,,,,,active,GEM,12/31/2024,https://www.igu.org/igu-reports/2025-world-lng-report,MISC,https://www.igu.org/igu-reports/2025-world-lng-report,Malaysia,"https://www.shipvault.com/ships/113754, https://shipvaultapi-gjb8c.ondigitalocean.app/api/units/113754",Samsung Heavy Industries,https://www.igu.org/igu-reports/2025-world-lng-report,South Korea,https://www.samsungshi.com/En/Default.aspx,34.89804,128.6045,"VJW3+QV Geoje-si, Gyeongsangnam-do",exact,https://www.google.com/maps/place/Samsung+Heavy+industries/data=!3m1!1e3!4m10!1m2!2m1!1ssamsung+heavy+industries!3m6!1s0x356ecd83691a8fb5:0xd4204e9a1bb0ef10!8m2!3d34.8969682!4d128.6046376!15sChhzYW1zdW5nIGhlYXZ5IGluZHVzdHJpZXOSAQhzaGlweWFyZOABAA!16s%2Fg%2F1tgcpry6?entry=ttu&g_ep=EgoyMDI1MTIwMi4wIKXMDSoASAFQAw%3D%3D,145700,cbm,https://www.igu.org/igu-reports/2025-world-lng-report,membrane,https://www.igu.org/igu-reports/2025-world-lng-report,conventional,https://www.igu.org/igu-reports/2025-world-lng-report,steam,https://www.igu.org/igu-reports/2025-world-lng-report,2006,https://www.igu.org/igu-reports/2025-world-lng-report,IGU,,,,,,,
1016,9321653,https://www.igu.org/igu-reports/2025-world-lng-report,Seri Anggun,https://www.igu.org/igu-reports/2025-world-lng-report,,,,,,active,GEM,12/31/2024,https://www.igu.org/igu-reports/2025-world-lng-report,MISC,https://www.igu.org/igu-reports/2025-world-lng-report,Malaysia,"https://www.shipvault.com/ships/113754, https://shipvaultapi-gjb8c.ondigitalocean.app/api/units/113754",Samsung Heavy Industries,https://www.igu.org/igu-reports/2025-world-lng-report,South Korea,https://www.samsungshi.com/En/Default.aspx,34.89804,128.6045,"VJW3+QV Geoje-si, Gyeongsangnam-do",exact,https://www.google.com/maps/place/Samsung+Heavy+industries/data=!3m1!1e3!4m10!1m2!2m1!1ssamsung+heavy+industries!3m6!1s0x356ecd83691a8fb5:0xd4204e9a1bb0ef10!8m2!3d34.8969682!4d128.6046376!15sChhzYW1zdW5nIGhlYXZ5IGluZHVzdHJpZXOSAQhzaGlweWFyZOABAA!16s%2Fg%2F1tgcpry6?entry=ttu&g_ep=EgoyMDI1MTIwMi4wIKXMDSoASAFQAw%3D%3D,145700,cbm,https://www.igu.org/igu-reports/2025-world-lng-report,membrane,https://www.igu.org/igu-reports/2025-world-lng-report,conventional,https://www.igu.org/igu-reports/2025-world-lng-report,steam,https://www.igu.org/igu-reports/2025-world-lng-report,2006,https://www.igu.org/igu-reports/2025-world-lng-report,IGU,,,,,,,
1017,9321665,https://www.igu.org/igu-reports/2025-world-lng-report,Seri Angkasa,https://www.igu.org/igu-reports/2025-world-lng-report,,,,,,active,GEM,12/31/2024,https://www.igu.org/igu-reports/2025-world-lng-report,MISC,https://www.igu.org/igu-reports/2025-world-lng-report,Malaysia,"https://www.shipvault.com/ships/113754, https://shipvaultapi-gjb8c.ondigitalocean.app/api/units/113754",Samsung Heavy Industries,https://www.igu.org/igu-reports/2025-world-lng-report,South Korea,https://www.samsungshi.com/En/Default.aspx,34.89804,128.6045,"VJW3+QV Geoje-si, Gyeongsangnam-do",exact,https://www.google.com/maps/place/Samsung+Heavy+industries/data=!3m1!1e3!4m10!1m2!2m1!1ssamsung+heavy+industries!3m6!1s0x356ecd83691a8fb5:0xd4204e9a1bb0ef10!8m2!3d34.8969682!4d128.6046376!15sChhzYW1zdW5nIGhlYXZ5IGluZHVzdHJpZXOSAQhzaGlweWFyZOABAA!16s%2Fg%2F1tgcpry6?entry=ttu&g_ep=EgoyMDI1MTIwMi4wIKXMDSoASAFQAw%3D%3D,145700,cbm,https://www.igu.org/igu-reports/2025-world-lng-report,membrane,https://www.igu.org/igu-reports/2025-world-lng-report,conventional,https://www.igu.org/igu-reports/2025-world-lng-report,steam,https://www.igu.org/igu-reports/2025-world-lng-report,2006,https://www.igu.org/igu-reports/2025-world-lng-report,IGU,,,,,,,
1018,9329679,https://www.igu.org/igu-reports/2025-world-lng-report,Seri Ayu,https://www.igu.org/igu-reports/2025-world-lng-report,,,,,,active,GEM,12/31/2024,https://www.igu.org/igu-reports/2025-world-lng-report,MISC,https://www.igu.org/igu-reports/2025-world-lng-report,Malaysia,"https://www.shipvault.com/ships/113754, https://shipvaultapi-gjb8c.ondigitalocean.app/api/units/113754",Samsung Heavy Industries,https://www.igu.org/igu-reports/2025-world-lng-report,South Korea,https://www.samsungshi.com/En/Default.aspx,34.89804,128.6045,"VJW3+QV Geoje-si, Gyeongsangnam-do",exact,https://www.google.com/maps/place/Samsung+Heavy+industries/data=!3m1!1e3!4m10!1m2!2m1!1ssamsung+heavy+industries!3m6!1s0x356ecd83691a8fb5:0xd4204e9a1bb0ef10!8m2!3d34.8969682!4d128.6046376!15sChhzYW1zdW5nIGhlYXZ5IGluZHVzdHJpZXOSAQhzaGlweWFyZOABAA!16s%2Fg%2F1tgcpry6?entry=ttu&g_ep=EgoyMDI1MTIwMi4wIKXMDSoASAFQAw%3D%3D,145700,cbm,https://www.igu.org/igu-reports/2025-world-lng-report,membrane,https://www.igu.org/igu-reports/2025-world-lng-report,conventional,https://www.igu.org/igu-reports/2025-world-lng-report,steam,https://www.igu.org/igu-reports/2025-world-lng-report,2007,https://www.igu.org/igu-reports/2025-world-lng-report,IGU,,,,,,,
1019,9331634,https://www.igu.org/igu-reports/2025-world-lng-report,Seri Bakti,https://www.igu.org/igu-reports/2025-world-lng-report,,,,,,active,GEM,12/31/2024,https://www.igu.org/igu-reports/2025-world-lng-report,MISC,https://www.igu.org/igu-reports/2025-world-lng-report,Malaysia,"https://www.shipvault.com/ships/113754, https://shipvaultapi-gjb8c.ondigitalocean.app/api/units/113754",Mitsubishi Heavy Industries,https://www.igu.org/igu-reports/2025-world-lng-report,Japan,https://www.mhi.com/,35.412837,139.668503,"CM8G+QG Yokohama, Kanagawa, Japan",exact,"https://www.google.com/maps/place/Mitsubishi+Heavy+Industries+Yokohama+Dockyard+%26+Machinery+Works/@35.5677012,139.4295502,45835m/data=!3m1!1e3!4m10!1m2!2m1!1sMitsubishi+Heavy+Industries!3m6!1s0x601842bd2acc85ff:0x1c719ae9bbc013df!8m2!3d35.4169184!4d139.6762959!15sChtNaXRzdWJpc2hpIEhlYXZ5IEluZHVzdHJpZXMiA4gBAZIBCHNoaXB5YXJk4AEA!16s%2Fg%2F11btvwmdj6?entry=ttu&g_ep=EgoyMDI1MTIwMi4wIKXMDSoASAFQAw%3D%3D",152300,cbm,https://www.igu.org/igu-reports/2025-world-lng-report,membrane,https://www.igu.org/igu-reports/2025-world-lng-report,conventional,https://www.igu.org/igu-reports/2025-world-lng-report,steam,https://www.igu.org/igu-reports/2025-world-lng-report,2007,https://www.igu.org/igu-reports/2025-world-lng-report,IGU,,,,,,,
1020,9331660,https://www.igu.org/igu-reports/2025-world-lng-report,Seri Balhaf,https://www.igu.org/igu-reports/2025-world-lng-report,,,,,,active,GEM,12/31/2024,https://www.igu.org/igu-reports/2025-world-lng-report,MISC,https://www.igu.org/igu-reports/2025-world-lng-report,Malaysia,"https://www.shipvault.com/ships/113754, https://shipvaultapi-gjb8c.ondigitalocean.app/api/units/113754",Mitsubishi Heavy Industries,https://www.igu.org/igu-reports/2025-world-lng-report,Japan,https://www.mhi.com/,35.412837,139.668503,"CM8G+QG Yokohama, Kanagawa, Japan",exact,"https://www.google.com/maps/place/Mitsubishi+Heavy+Industries+Yokohama+Dockyard+%26+Machinery+Works/@35.5677012,139.4295502,45835m/data=!3m1!1e3!4m10!1m2!2m1!1sMitsubishi+Heavy+Industries!3m6!1s0x601842bd2acc85ff:0x1c719ae9bbc013df!8m2!3d35.4169184!4d139.6762959!15sChtNaXRzdWJpc2hpIEhlYXZ5IEluZHVzdHJpZXMiA4gBAZIBCHNoaXB5YXJk4AEA!16s%2Fg%2F11btvwmdj6?entry=ttu&g_ep=EgoyMDI1MTIwMi4wIKXMDSoASAFQAw%3D%3D",157000,cbm,https://www.igu.org/igu-reports/2025-world-lng-report,membrane,https://www.igu.org/igu-reports/2025-world-lng-report,conventional,https://www.igu.org/igu-reports/2025-world-lng-report,DFDE,https://www.igu.org/igu-reports/2025-world-lng-report,2009,https://www.igu.org/igu-reports/2025-world-lng-report,IGU,,,,,,,
1021,9331672,https://www.igu.org/igu-reports/2025-world-lng-report,Seri Balqis,https://www.igu.org/igu-reports/2025-world-lng-report,,,,,,active,GEM,12/31/2024,https://www.igu.org/igu-reports/2025-world-lng-report,MISC,https://www.igu.org/igu-reports/2025-world-lng-report,Malaysia,"https://www.shipvault.com/ships/113754, https://shipvaultapi-gjb8c.ondigitalocean.app/api/units/113754",Mitsubishi Heavy Industries,https://www.igu.org/igu-reports/2025-world-lng-report,Japan,https://www.mhi.com/,35.412837,139.668503,"CM8G+QG Yokohama, Kanagawa, Japan",exact,"https://www.google.com/maps/place/Mitsubishi+Heavy+Industries+Yokohama+Dockyard+%26+Machinery+Works/@35.5677012,139.4295502,45835m/data=!3m1!1e3!4m10!1m2!2m1!1sMitsubishi+Heavy+Industries!3m6!1s0x601842bd2acc85ff:0x1c719ae9bbc013df!8m2!3d35.4169184!4d139.6762959!15sChtNaXRzdWJpc2hpIEhlYXZ5IEluZHVzdHJpZXMiA4gBAZIBCHNoaXB5YXJk4AEA!16s%2Fg%2F11btvwmdj6?entry=ttu&g_ep=EgoyMDI1MTIwMi4wIKXMDSoASAFQAw%3D%3D",152000,cbm,https://www.igu.org/igu-reports/2025-world-lng-report,membrane,https://www.igu.org/igu-reports/2025-world-lng-report,conventional,https://www.igu.org/igu-reports/2025-world-lng-report,DFDE,https://www.igu.org/igu-reports/2025-world-lng-report,2009,https://www.igu.org/igu-reports/2025-world-lng-report,IGU,,,,,,,
1022,9331646,https://www.igu.org/igu-reports/2025-world-lng-report,Seri Begawan,https://www.igu.org/igu-reports/2025-world-lng-report,,,,,,active,GEM,12/31/2024,https://www.igu.org/igu-reports/2025-world-lng-report,MISC,https://www.igu.org/igu-reports/2025-world-lng-report,Malaysia,"https://www.shipvault.com/ships/113754, https://shipvaultapi-gjb8c.ondigitalocean.app/api/units/113754",Mitsubishi Heavy Industries,https://www.igu.org/igu-reports/2025-world-lng-report,Japan,https://www.mhi.com/,35.412837,139.668503,"CM8G+QG Yokohama, Kanagawa, Japan",exact,"https://www.google.com/maps/place/Mitsubishi+Heavy+Industries+Yokohama+Dockyard+%26+Machinery+Works/@35.5677012,139.4295502,45835m/data=!3m1!1e3!4m10!1m2!2m1!1sMitsubishi+Heavy+Industries!3m6!1s0x601842bd2acc85ff:0x1c719ae9bbc013df!8m2!3d35.4169184!4d139.6762959!15sChtNaXRzdWJpc2hpIEhlYXZ5IEluZHVzdHJpZXMiA4gBAZIBCHNoaXB5YXJk4AEA!16s%2Fg%2F11btvwmdj6?entry=ttu&g_ep=EgoyMDI1MTIwMi4wIKXMDSoASAFQAw%3D%3D",152300,cbm,https://www.igu.org/igu-reports/2025-world-lng-report,membrane,https://www.igu.org/igu-reports/2025-world-lng-report,conventional,https://www.igu.org/igu-reports/2025-world-lng-report,steam,https://www.igu.org/igu-reports/2025-world-lng-report,2007,https://www.igu.org/igu-reports/2025-world-lng-report,IGU,,,,,,,
1023,9331658,https://www.igu.org/igu-reports/2025-world-lng-report,Seri Bijaksana,https://www.igu.org/igu-reports/2025-world-lng-report,,,,,,active,GEM,12/31/2024,https://www.igu.org/igu-reports/2025-world-lng-report,MISC,https://www.igu.org/igu-reports/2025-world-lng-report,Malaysia,"https://www.shipvault.com/ships/113754, https://shipvaultapi-gjb8c.ondigitalocean.app/api/units/113754",Mitsubishi Heavy Industries,https://www.igu.org/igu-reports/2025-world-lng-report,Japan,https://www.mhi.com/,35.412837,139.668503,"CM8G+QG Yokohama, Kanagawa, Japan",exact,"https://www.google.com/maps/place/Mitsubishi+Heavy+Industries+Yokohama+Dockyard+%26+Machinery+Works/@35.5677012,139.4295502,45835m/data=!3m1!1e3!4m10!1m2!2m1!1sMitsubishi+Heavy+Industries!3m6!1s0x601842bd2acc85ff:0x1c719ae9bbc013df!8m2!3d35.4169184!4d139.6762959!15sChtNaXRzdWJpc2hpIEhlYXZ5IEluZHVzdHJpZXMiA4gBAZIBCHNoaXB5YXJk4AEA!16s%2Fg%2F11btvwmdj6?entry=ttu&g_ep=EgoyMDI1MTIwMi4wIKXMDSoASAFQAw%3D%3D",152300,cbm,https://www.igu.org/igu-reports/2025-world-lng-report,membrane,https://www.igu.org/igu-reports/2025-world-lng-report,conventional,https://www.igu.org/igu-reports/2025-world-lng-report,steam,https://www.igu.org/igu-reports/2025-world-lng-report,2008,https://www.igu.org/igu-reports/2025-world-lng-report,IGU,,,,,,,
1029,9896440,https://www.igu.org/igu-reports/2025-world-lng-report,Seri Damai,https://www.igu.org/igu-reports/2025-world-lng-report,,,,,,active,GEM,12/31/2024,https://www.igu.org/igu-reports/2025-world-lng-report,MISC,https://www.igu.org/igu-reports/2025-world-lng-report,Malaysia,"https://www.shipvault.com/ships/113754, https://shipvaultapi-gjb8c.ondigitalocean.app/api/units/113754",Samsung Heavy Industries,https://www.igu.org/igu-reports/2025-world-lng-report,South Korea,https://www.samsungshi.com/En/Default.aspx,34.89804,128.6045,"VJW3+QV Geoje-si, Gyeongsangnam-do",exact,https://www.google.com/maps/place/Samsung+Heavy+industries/data=!3m1!1e3!4m10!1m2!2m1!1ssamsung+heavy+industries!3m6!1s0x356ecd83691a8fb5:0xd4204e9a1bb0ef10!8m2!3d34.8969682!4d128.6046376!15sChhzYW1zdW5nIGhlYXZ5IGluZHVzdHJpZXOSAQhzaGlweWFyZOABAA!16s%2Fg%2F1tgcpry6?entry=ttu&g_ep=EgoyMDI1MTIwMi4wIKXMDSoASAFQAw%3D%3D,174000,cbm,https://www.igu.org/igu-reports/2025-world-lng-report,membrane,https://www.igu.org/igu-reports/2025-world-lng-report,conventional,https://www.igu.org/igu-reports/2025-world-lng-report,X-DF,https://www.igu.org/igu-reports/2025-world-lng-report,2023,https://www.igu.org/igu-reports/2025-world-lng-report,IGU,,,,,,,
1030,9896452,https://www.igu.org/igu-reports/2025-world-lng-report,Seri Daya,https://www.igu.org/igu-reports/2025-world-lng-report,,,,,,active,GEM,12/31/2024,https://www.igu.org/igu-reports/2025-world-lng-report,MISC,https://www.igu.org/igu-reports/2025-world-lng-report,Malaysia,"https://www.shipvault.com/ships/113754, https://shipvaultapi-gjb8c.ondigitalocean.app/api/units/113754",Samsung Heavy Industries,https://www.igu.org/igu-reports/2025-world-lng-report,South Korea,https://www.samsungshi.com/En/Default.aspx,34.89804,128.6045,"VJW3+QV Geoje-si, Gyeongsangnam-do",exact,https://www.google.com/maps/place/Samsung+Heavy+industries/data=!3m1!1e3!4m10!1m2!2m1!1ssamsung+heavy+industries!3m6!1s0x356ecd83691a8fb5:0xd4204e9a1bb0ef10!8m2!3d34.8969682!4d128.6046376!15sChhzYW1zdW5nIGhlYXZ5IGluZHVzdHJpZXOSAQhzaGlweWFyZOABAA!16s%2Fg%2F1tgcpry6?entry=ttu&g_ep=EgoyMDI1MTIwMi4wIKXMDSoASAFQAw%3D%3D,174000,cbm,https://www.igu.org/igu-reports/2025-world-lng-report,membrane,https://www.igu.org/igu-reports/2025-world-lng-report,conventional,https://www.igu.org/igu-reports/2025-world-lng-report,X-DF,https://www.igu.org/igu-reports/2025-world-lng-report,2023,https://www.igu.org/igu-reports/2025-world-lng-report,IGU,,,,,,,
1031,9338797,https://www.igu.org/igu-reports/2025-world-lng-report,Sestao Knutsen,https://www.igu.org/igu-reports/2025-world-lng-report,,,,,,active,GEM,12/31/2024,https://www.igu.org/igu-reports/2025-world-lng-report,Knutsen OAS,https://www.igu.org/igu-reports/2025-world-lng-report,Norway,https://www.imarinenews.com/35664.html,IZAR,https://www.igu.org/igu-reports/2025-world-lng-report,Spain,https://www.globalsecurity.org/military/world/europe/es-izar.htm,41.579516,2.562883,"HHH7+R4 Arenys de Mar, Spain",exact,"https://www.google.com/maps/place/ARESA+SHIPYARD/@41.5798212,2.5599317,809m/data=!3m1!1e3!4m6!3m5!1s0x12bb3623a661b4a5:0xcf2c76d98efea980!8m2!3d41.579563!4d2.56282!16s%2Fg%2F11bzzgkk40?entry=ttu&g_ep=EgoyMDI1MTIwMi4wIKXMDSoASAFQAw%3D%3D",138000,cbm,https://www.igu.org/igu-reports/2025-world-lng-report,membrane,https://www.igu.org/igu-reports/2025-world-lng-report,conventional,https://www.igu.org/igu-reports/2025-world-lng-report,steam,https://www.igu.org/igu-reports/2025-world-lng-report,2007,https://www.igu.org/igu-reports/2025-world-lng-report,IGU,,,,,,,
1032,9414632,https://www.igu.org/igu-reports/2025-world-lng-report,Sevilla Knutsen,https://www.igu.org/igu-reports/2025-world-lng-report,,,,,,active,GEM,12/31/2024,https://www.igu.org/igu-reports/2025-world-lng-report,Knutsen OAS,https://www.igu.org/igu-reports/2025-world-lng-report,Norway,https://www.imarinenews.com/35664.html,Hanwha Ocean,https://www.igu.org/igu-reports/2025-world-lng-report,South Korea,https://www.hanwha.com/companies/hanwha-ocean.do,34.87385,128.6966,"VMCW+V7 Geoje-si, Gyeongsangnam-do",exact,https://www.google.com/maps/place/Hanwha+Ocean/data=!3m1!1e3!4m10!1m2!2m1!1sHanwha+Ocean!3m6!1s0x356ecd1d7a72f7db:0x3bfe90e7d8bf93f0!8m2!3d34.8721913!4d128.6956963!15sCgxIYW53aGEgT2NlYW5aDiIMaGFud2hhIG9jZWFukgEfc2hpcGJ1aWxkaW5nX2FuZF9yZXBhaXJfY29tcGFueZoBI0NoWkRTVWhOTUc5blMwVkpRMEZuVFVSUmRYVkVTMWhuRUFF4AEA-gEECAAQLA!16s%2Fg%2F11swmd6_76?entry=ttu&g_ep=EgoyMDI1MTIwMi4wIKXMDSoASAFQAw%3D%3D,173400,cbm,https://www.igu.org/igu-reports/2025-world-lng-report,membrane,https://www.igu.org/igu-reports/2025-world-lng-report,conventional,https://www.igu.org/igu-reports/2025-world-lng-report,DFDE,https://www.igu.org/igu-reports/2025-world-lng-report,2010,https://www.igu.org/igu-reports/2025-world-lng-report,IGU,,,,,,,
1036,9915894,https://www.igu.org/igu-reports/2025-world-lng-report,Shaolin,https://www.igu.org/igu-reports/2025-world-lng-report,,,,,,active,GEM,12/31/2024,https://www.igu.org/igu-reports/2025-world-lng-report,COSCO,https://www.igu.org/igu-reports/2025-world-lng-report,China,https://en.wikipedia.org/wiki/COSCO_Shipping,Hudong-Zhonghua Shipbuilding,https://www.igu.org/igu-reports/2025-world-lng-report,China,https://www.shipyards.gr/shipyards/new-buildings-shipyards/newbuilding-farest-pacific-ocean/newbuilding-far-east-china-sea/china-south/hudong-zhonghua-shipbuilding-group-coltd,31.271988,121.575478,"7HCG+R4 Pudong, Shanghai, China",exact,"https://www.google.com/maps/place/Hudong-Zhonghua+Shipbuilding/@31.2720706,121.5727207,753m/data=!3m2!1e3!4b1!4m6!3m5!1s0x35b2742eceeb203d:0x37fddc7176d2cc24!8m2!3d31.2720706!4d121.5752956!16s%2Fg%2F1td0qx6d?entry=ttu&g_ep=EgoyMDI1MTIwMi4wIKXMDSoASAFQAw%3D%3D",174000,cbm,https://www.igu.org/igu-reports/2025-world-lng-report,membrane,https://www.igu.org/igu-reports/2025-world-lng-report,conventional,https://www.igu.org/igu-reports/2025-world-lng-report,X-DF,https://www.igu.org/igu-reports/2025-world-lng-report,2022,https://www.igu.org/igu-reports/2025-world-lng-report,IGU,,,,,,,
1041,,,Singapore FSRU,https://www.igu.org/igu-reports/2025-world-lng-report,,,,,,on order,GEM,12/31/2024,https://www.igu.org/igu-reports/2025-world-lng-report,MOL,https://www.igu.org/igu-reports/2025-world-lng-report,,,Hanwha Ocean,https://www.igu.org/igu-reports/2025-world-lng-report,South Korea,https://www.hanwha.com/companies/hanwha-ocean.do,34.87385,128.6966,"VMCW+V7 Geoje-si, Gyeongsangnam-do",exact,https://www.google.com/maps/place/Hanwha+Ocean/data=!3m1!1e3!4m10!1m2!2m1!1sHanwha+Ocean!3m6!1s0x356ecd1d7a72f7db:0x3bfe90e7d8bf93f0!8m2!3d34.8721913!4d128.6956963!15sCgxIYW53aGEgT2NlYW5aDiIMaGFud2hhIG9jZWFukgEfc2hpcGJ1aWxkaW5nX2FuZF9yZXBhaXJfY29tcGFueZoBI0NoWkRTVWhOTUc5blMwVkpRMEZuVFVSUmRYVkVTMWhuRUFF4AEA-gEECAAQLA!16s%2Fg%2F11swmd6_76?entry=ttu&g_ep=EgoyMDI1MTIwMi4wIKXMDSoASAFQAw%3D%3D,204000,cbm,https://www.igu.org/igu-reports/2025-world-lng-report,,,,,DFDE,https://www.igu.org/igu-reports/2025-world-lng-report,2028,https://www.igu.org/igu-reports/2025-world-lng-report,IGU,,,,,413000000,USD,"https://lngprime.com/asia/hanwha-ocean-to-build-fsru-for-413-million/127579/, https://splash247.com/mol-confirms-order-for-singapore-frsu/"
1046,9247194,https://www.igu.org/igu-reports/2025-world-lng-report,SK Sunrise,https://www.igu.org/igu-reports/2025-world-lng-report,,,,,,active,GEM,12/31/2024,https://www.igu.org/igu-reports/2025-world-lng-report,SK Shipping,https://www.igu.org/igu-reports/2025-world-lng-report,South Korea,,Samsung Heavy Industries,https://www.igu.org/igu-reports/2025-world-lng-report,South Korea,https://www.samsungshi.com/En/Default.aspx,34.89804,128.6045,"VJW3+QV Geoje-si, Gyeongsangnam-do",exact,https://www.google.com/maps/place/Samsung+Heavy+industries/data=!3m1!1e3!4m10!1m2!2m1!1ssamsung+heavy+industries!3m6!1s0x356ecd83691a8fb5:0xd4204e9a1bb0ef10!8m2!3d34.8969682!4d128.6046376!15sChhzYW1zdW5nIGhlYXZ5IGluZHVzdHJpZXOSAQhzaGlweWFyZOABAA!16s%2Fg%2F1tgcpry6?entry=ttu&g_ep=EgoyMDI1MTIwMi4wIKXMDSoASAFQAw%3D%3D,138200,cbm,https://www.igu.org/igu-reports/2025-world-lng-report,membrane,https://www.igu.org/igu-reports/2025-world-lng-report,conventional,https://www.igu.org/igu-reports/2025-world-lng-report,steam,https://www.igu.org/igu-reports/2025-world-lng-report,2003,https://www.igu.org/igu-reports/2025-world-lng-report,IGU,,,,,,,
1055,9634098,https://www.igu.org/igu-reports/2025-world-lng-report,Solaris,https://www.igu.org/igu-reports/2025-world-lng-report,,,,,,active,GEM,12/31/2024,https://www.igu.org/igu-reports/2025-world-lng-report,GasLog,https://www.igu.org/igu-reports/2025-world-lng-report,Greece,"https://www.gaslogltd.com/contact-us/, https://www.gaslogltd.com/content/uploads/GasLog-Ltd-2022-annual-report-form-20-F.pdf",Samsung Heavy Industries,https://www.igu.org/igu-reports/2025-world-lng-report,South Korea,https://www.samsungshi.com/En/Default.aspx,34.89804,128.6045,"VJW3+QV Geoje-si, Gyeongsangnam-do",exact,https://www.google.com/maps/place/Samsung+Heavy+industries/data=!3m1!1e3!4m10!1m2!2m1!1ssamsung+heavy+industries!3m6!1s0x356ecd83691a8fb5:0xd4204e9a1bb0ef10!8m2!3d34.8969682!4d128.6046376!15sChhzYW1zdW5nIGhlYXZ5IGluZHVzdHJpZXOSAQhzaGlweWFyZOABAA!16s%2Fg%2F1tgcpry6?entry=ttu&g_ep=EgoyMDI1MTIwMi4wIKXMDSoASAFQAw%3D%3D,155000,cbm,https://www.igu.org/igu-reports/2025-world-lng-report,membrane,https://www.igu.org/igu-reports/2025-world-lng-report,conventional,https://www.igu.org/igu-reports/2025-world-lng-report,DFDE,https://www.igu.org/igu-reports/2025-world-lng-report,2014,https://www.igu.org/igu-reports/2025-world-lng-report,IGU,,,,,,,
1065,9403669,https://www.igu.org/igu-reports/2025-world-lng-report,Taitar No. 1,https://www.igu.org/igu-reports/2025-world-lng-report,,,,,,active,GEM,12/31/2024,https://www.igu.org/igu-reports/2025-world-lng-report,"CPC, Mitsui, NYK Line",https://www.igu.org/igu-reports/2025-world-lng-report,Japan,"https://www.nyk.com/english/profile/profile/, https://en.wikipedia.org/wiki/Nippon_Yusen",Mitsubishi Heavy Industries,https://www.igu.org/igu-reports/2025-world-lng-report,Japan,https://www.mhi.com/,35.412837,139.668503,"CM8G+QG Yokohama, Kanagawa, Japan",exact,"https://www.google.com/maps/place/Mitsubishi+Heavy+Industries+Yokohama+Dockyard+%26+Machinery+Works/@35.5677012,139.4295502,45835m/data=!3m1!1e3!4m10!1m2!2m1!1sMitsubishi+Heavy+Industries!3m6!1s0x601842bd2acc85ff:0x1c719ae9bbc013df!8m2!3d35.4169184!4d139.6762959!15sChtNaXRzdWJpc2hpIEhlYXZ5IEluZHVzdHJpZXMiA4gBAZIBCHNoaXB5YXJk4AEA!16s%2Fg%2F11btvwmdj6?entry=ttu&g_ep=EgoyMDI1MTIwMi4wIKXMDSoASAFQAw%3D%3D",145300,cbm,https://www.igu.org/igu-reports/2025-world-lng-report,spherical,https://www.igu.org/igu-reports/2025-world-lng-report,conventional,https://www.igu.org/igu-reports/2025-world-lng-report,steam,https://www.igu.org/igu-reports/2025-world-lng-report,2009,https://www.igu.org/igu-reports/2025-world-lng-report,IGU,,,,,,,
1066,9403645,https://www.igu.org/igu-reports/2025-world-lng-report,Taitar No. 2,https://www.igu.org/igu-reports/2025-world-lng-report,,,,,,active,GEM,12/31/2024,https://www.igu.org/igu-reports/2025-world-lng-report,"MOL, NYK Line",https://www.igu.org/igu-reports/2025-world-lng-report,Japan,"https://www.nyk.com/english/profile/profile/, https://en.wikipedia.org/wiki/Nippon_Yusen",Kawasaki Heavy Industries,https://www.igu.org/igu-reports/2025-world-lng-report,Japan,https://www.khi.co.jp/corporate/network/sakaide.html,34.327891,133.832534,"8RHM+63 Sakaide, Kagawa, Japan",exact,"https://www.google.com/maps/place/Kawasaki+Heavy+Industries+Sakaide+Works/@34.3281037,133.8301629,727m/data=!3m2!1e3!4b1!4m6!3m5!1s0x3553defcdee0be77:0x45602ea060d2d040!8m2!3d34.3281037!4d133.8327378!16s%2Fg%2F11btww0875?entry=ttu&g_ep=EgoyMDI1MTIwMi4wIKXMDSoASAFQAw%3D%3D",145300,cbm,https://www.igu.org/igu-reports/2025-world-lng-report,spherical,https://www.igu.org/igu-reports/2025-world-lng-report,conventional,https://www.igu.org/igu-reports/2025-world-lng-report,steam,https://www.igu.org/igu-reports/2025-world-lng-report,2009,https://www.igu.org/igu-reports/2025-world-lng-report,IGU,,,,,,,
1067,9403671,https://www.igu.org/igu-reports/2025-world-lng-report,Taitar No. 3,https://www.igu.org/igu-reports/2025-world-lng-report,,,,,,active,GEM,12/31/2024,https://www.igu.org/igu-reports/2025-world-lng-report,"MOL, NYK Line",https://www.igu.org/igu-reports/2025-world-lng-report,Japan,"https://www.nyk.com/english/profile/profile/, https://en.wikipedia.org/wiki/Nippon_Yusen",Mitsubishi Heavy Industries,https://www.igu.org/igu-reports/2025-world-lng-report,Japan,https://www.mhi.com/,35.412837,139.668503,"CM8G+QG Yokohama, Kanagawa, Japan",exact,"https://www.google.com/maps/place/Mitsubishi+Heavy+Industries+Yokohama+Dockyard+%26+Machinery+Works/@35.5677012,139.4295502,45835m/data=!3m1!1e3!4m10!1m2!2m1!1sMitsubishi+Heavy+Industries!3m6!1s0x601842bd2acc85ff:0x1c719ae9bbc013df!8m2!3d35.4169184!4d139.6762959!15sChtNaXRzdWJpc2hpIEhlYXZ5IEluZHVzdHJpZXMiA4gBAZIBCHNoaXB5YXJk4AEA!16s%2Fg%2F11btvwmdj6?entry=ttu&g_ep=EgoyMDI1MTIwMi4wIKXMDSoASAFQAw%3D%3D",145300,cbm,https://www.igu.org/igu-reports/2025-world-lng-report,spherical,https://www.igu.org/igu-reports/2025-world-lng-report,conventional,https://www.igu.org/igu-reports/2025-world-lng-report,steam,https://www.igu.org/igu-reports/2025-world-lng-report,2010,https://www.igu.org/igu-reports/2025-world-lng-report,IGU,,,,,,,
1068,9403657,https://www.igu.org/igu-reports/2025-world-lng-report,Taitar No. 4,https://www.igu.org/igu-reports/2025-world-lng-report,,,,,,active,GEM,12/31/2024,https://www.igu.org/igu-reports/2025-world-lng-report,"CPC, Mitsui, NYK Line",https://www.igu.org/igu-reports/2025-world-lng-report,Japan,"https://www.nyk.com/english/profile/profile/, https://en.wikipedia.org/wiki/Nippon_Yusen",Kawasaki Heavy Industries,https://www.igu.org/igu-reports/2025-world-lng-report,Japan,https://www.khi.co.jp/corporate/network/sakaide.html,34.327891,133.832534,"8RHM+63 Sakaide, Kagawa, Japan",exact,"https://www.google.com/maps/place/Kawasaki+Heavy+Industries+Sakaide+Works/@34.3281037,133.8301629,727m/data=!3m2!1e3!4b1!4m6!3m5!1s0x3553defcdee0be77:0x45602ea060d2d040!8m2!3d34.3281037!4d133.8327378!16s%2Fg%2F11btww0875?entry=ttu&g_ep=EgoyMDI1MTIwMi4wIKXMDSoASAFQAw%3D%3D",145300,cbm,https://www.igu.org/igu-reports/2025-world-lng-report,spherical,https://www.igu.org/igu-reports/2025-world-lng-report,conventional,https://www.igu.org/igu-reports/2025-world-lng-report,steam,https://www.igu.org/igu-reports/2025-world-lng-report,2010,https://www.igu.org/igu-reports/2025-world-lng-report,IGU,,,,,,,
1069,9334284,https://www.igu.org/igu-reports/2025-world-lng-report,Tangguh Batur,https://www.igu.org/igu-reports/2025-world-lng-report,,,,,,active,GEM,12/31/2024,https://www.igu.org/igu-reports/2025-world-lng-report,"NYK Line, Sovcomflot",https://www.igu.org/igu-reports/2025-world-lng-report,Japan,"https://www.nyk.com/english/profile/profile/, https://en.wikipedia.org/wiki/Nippon_Yusen",Hanwha Ocean,https://www.igu.org/igu-reports/2025-world-lng-report,South Korea,https://www.hanwha.com/companies/hanwha-ocean.do,34.87385,128.6966,"VMCW+V7 Geoje-si, Gyeongsangnam-do",exact,https://www.google.com/maps/place/Hanwha+Ocean/data=!3m1!1e3!4m10!1m2!2m1!1sHanwha+Ocean!3m6!1s0x356ecd1d7a72f7db:0x3bfe90e7d8bf93f0!8m2!3d34.8721913!4d128.6956963!15sCgxIYW53aGEgT2NlYW5aDiIMaGFud2hhIG9jZWFukgEfc2hpcGJ1aWxkaW5nX2FuZF9yZXBhaXJfY29tcGFueZoBI0NoWkRTVWhOTUc5blMwVkpRMEZuVFVSUmRYVkVTMWhuRUFF4AEA-gEECAAQLA!16s%2Fg%2F11swmd6_76?entry=ttu&g_ep=EgoyMDI1MTIwMi4wIKXMDSoASAFQAw%3D%3D,145700,cbm,https://www.igu.org/igu-reports/2025-world-lng-report,membrane,https://www.igu.org/igu-reports/2025-world-lng-report,conventional,https://www.igu.org/igu-reports/2025-world-lng-report,steam,https://www.igu.org/igu-reports/2025-world-lng-report,2008,https://www.igu.org/igu-reports/2025-world-lng-report,IGU,,,,,,,
1075,9325893,https://www.igu.org/igu-reports/2025-world-lng-report,Tangguh Towuti,https://www.igu.org/igu-reports/2025-world-lng-report,,,,,,active,GEM,12/31/2024,https://www.igu.org/igu-reports/2025-world-lng-report,"NYK Line, PT Samudera, Sovcomflot",https://www.igu.org/igu-reports/2025-world-lng-report,Japan,"https://www.nyk.com/english/profile/profile/, https://en.wikipedia.org/wiki/Nippon_Yusen",Hanwha Ocean,https://www.igu.org/igu-reports/2025-world-lng-report,South Korea,https://www.hanwha.com/companies/hanwha-ocean.do,34.87385,128.6966,"VMCW+V7 Geoje-si, Gyeongsangnam-do",exact,https://www.google.com/maps/place/Hanwha+Ocean/data=!3m1!1e3!4m10!1m2!2m1!1sHanwha+Ocean!3m6!1s0x356ecd1d7a72f7db:0x3bfe90e7d8bf93f0!8m2!3d34.8721913!4d128.6956963!15sCgxIYW53aGEgT2NlYW5aDiIMaGFud2hhIG9jZWFukgEfc2hpcGJ1aWxkaW5nX2FuZF9yZXBhaXJfY29tcGFueZoBI0NoWkRTVWhOTUc5blMwVkpRMEZuVFVSUmRYVkVTMWhuRUFF4AEA-gEECAAQLA!16s%2Fg%2F11swmd6_76?entry=ttu&g_ep=EgoyMDI1MTIwMi4wIKXMDSoASAFQAw%3D%3D,145700,cbm,https://www.igu.org/igu-reports/2025-world-lng-report,membrane,https://www.igu.org/igu-reports/2025-world-lng-report,conventional,https://www.igu.org/igu-reports/2025-world-lng-report,steam,https://www.igu.org/igu-reports/2025-world-lng-report,2008,https://www.igu.org/igu-reports/2025-world-lng-report,IGU,,,,,,,
1077,7428433,https://www.igu.org/igu-reports/2025-world-lng-report,Tenaga Empat,https://www.igu.org/igu-reports/2025-world-lng-report,,,,,,active,GEM,12/31/2024,https://www.igu.org/igu-reports/2025-world-lng-report,MISC,https://www.igu.org/igu-reports/2025-world-lng-report,Malaysia,"https://www.shipvault.com/ships/113754, https://shipvaultapi-gjb8c.ondigitalocean.app/api/units/113754",CNIM (Constructions Industrielles de la Méditerranée),https://www.igu.org/igu-reports/2025-world-lng-report,France,https://fr.wikipedia.org/wiki/CNIM,43.107849,5.879613,"4V5H+5Q La Seyne-sur-Mer, France",exact,https://cnim-systemes-industriels.com/en/contact-us,130000,cbm,https://www.igu.org/igu-reports/2025-world-lng-report,membrane,https://www.igu.org/igu-reports/2025-world-lng-report,FSU,https://www.igu.org/igu-reports/2025-world-lng-report,steam,https://www.igu.org/igu-reports/2025-world-lng-report,1981,https://www.igu.org/igu-reports/2025-world-lng-report,IGU,,,,,,,
1078,7428457,https://www.igu.org/igu-reports/2025-world-lng-report,Tenaga Satu,https://www.igu.org/igu-reports/2025-world-lng-report,,,,,,active,GEM,12/31/2024,https://www.igu.org/igu-reports/2025-world-lng-report,MISC,https://www.igu.org/igu-reports/2025-world-lng-report,Malaysia,"https://www.shipvault.com/ships/113754, https://shipvaultapi-gjb8c.ondigitalocean.app/api/units/113754","Dunkerque Shipyard (Ateliers et Chantiers de France, ACF)",https://www.igu.org/igu-reports/2025-world-lng-report,France,https://en.wikipedia.org/wiki/Ateliers_et_Chantiers_de_France,51.047762,2.375219,,approximate,https://en.wikipedia.org/wiki/Ateliers_et_Chantiers_de_France,130000,cbm,https://www.igu.org/igu-reports/2025-world-lng-report,membrane,https://www.igu.org/igu-reports/2025-world-lng-report,FSU,https://www.igu.org/igu-reports/2025-world-lng-report,steam,https://www.igu.org/igu-reports/2025-world-lng-report,1982,https://www.igu.org/igu-reports/2025-world-lng-report,IGU,,,,,,,
1081,9006681,https://www.igu.org/igu-reports/2025-world-lng-report,Torman II,https://www.igu.org/igu-reports/2025-world-lng-report,,LNG Flora,https://www.igu.org/igu-reports/2025-world-lng-report,,,active,GEM,12/31/2024,https://www.igu.org/igu-reports/2025-world-lng-report,NYK Line,https://www.igu.org/igu-reports/2025-world-lng-report,Japan,"https://www.nyk.com/english/profile/profile/, https://en.wikipedia.org/wiki/Nippon_Yusen",Kawasaki Heavy Industries,https://www.igu.org/igu-reports/2025-world-lng-report,Japan,https://www.khi.co.jp/corporate/network/sakaide.html,34.327891,133.832534,"8RHM+63 Sakaide, Kagawa, Japan",exact,"https://www.google.com/maps/place/Kawasaki+Heavy+Industries+Sakaide+Works/@34.3281037,133.8301629,727m/data=!3m2!1e3!4b1!4m6!3m5!1s0x3553defcdee0be77:0x45602ea060d2d040!8m2!3d34.3281037!4d133.8327378!16s%2Fg%2F11btww0875?entry=ttu&g_ep=EgoyMDI1MTIwMi4wIKXMDSoASAFQAw%3D%3D",127700,cbm,https://www.igu.org/igu-reports/2025-world-lng-report,spherical,https://www.igu.org/igu-reports/2025-world-lng-report,FSU,https://www.igu.org/igu-reports/2025-world-lng-report,steam,https://www.igu.org/igu-reports/2025-world-lng-report,1993,https://www.igu.org/igu-reports/2025-world-lng-report,IGU,,,,,,,
1082,9238038,https://www.igu.org/igu-reports/2025-world-lng-report,Trader II,https://www.igu.org/igu-reports/2025-world-lng-report,,,,,,active,GEM,12/31/2024,https://www.igu.org/igu-reports/2025-world-lng-report,Capital Gas,https://www.igu.org/igu-reports/2025-world-lng-report,Greece,,Samsung Heavy Industries,https://www.igu.org/igu-reports/2025-world-lng-report,South Korea,https://www.samsungshi.com/En/Default.aspx,34.89804,128.6045,"VJW3+QV Geoje-si, Gyeongsangnam-do",exact,https://www.google.com/maps/place/Samsung+Heavy+industries/data=!3m1!1e3!4m10!1m2!2m1!1ssamsung+heavy+industries!3m6!1s0x356ecd83691a8fb5:0xd4204e9a1bb0ef10!8m2!3d34.8969682!4d128.6046376!15sChhzYW1zdW5nIGhlYXZ5IGluZHVzdHJpZXOSAQhzaGlweWFyZOABAA!16s%2Fg%2F1tgcpry6?entry=ttu&g_ep=EgoyMDI1MTIwMi4wIKXMDSoASAFQAw%3D%3D,138000,cbm,https://www.igu.org/igu-reports/2025-world-lng-report,membrane,https://www.igu.org/igu-reports/2025-world-lng-report,conventional,https://www.igu.org/igu-reports/2025-world-lng-report,steam,https://www.igu.org/igu-reports/2025-world-lng-report,2002,https://www.igu.org/igu-reports/2025-world-lng-report,IGU,,,,,,,
1083,9213416,https://www.igu.org/igu-reports/2025-world-lng-report,Trader III,https://www.igu.org/igu-reports/2025-world-lng-report,,,,,,active,GEM,12/31/2024,https://www.igu.org/igu-reports/2025-world-lng-report,Capital Gas,https://www.igu.org/igu-reports/2025-world-lng-report,Greece,,Mitsubishi Heavy Industries,https://www.igu.org/igu-reports/2025-world-lng-report,Japan,https://www.mhi.com/,35.412837,139.668503,"CM8G+QG Yokohama, Kanagawa, Japan",exact,"https://www.google.com/maps/place/Mitsubishi+Heavy+Industries+Yokohama+Dockyard+%26+Machinery+Works/@35.5677012,139.4295502,45835m/data=!3m1!1e3!4m10!1m2!2m1!1sMitsubishi+Heavy+Industries!3m6!1s0x601842bd2acc85ff:0x1c719ae9bbc013df!8m2!3d35.4169184!4d139.6762959!15sChtNaXRzdWJpc2hpIEhlYXZ5IEluZHVzdHJpZXMiA4gBAZIBCHNoaXB5YXJk4AEA!16s%2Fg%2F11btvwmdj6?entry=ttu&g_ep=EgoyMDI1MTIwMi4wIKXMDSoASAFQAw%3D%3D",137500,cbm,https://www.igu.org/igu-reports/2025-world-lng-report,membrane,https://www.igu.org/igu-reports/2025-world-lng-report,conventional,https://www.igu.org/igu-reports/2025-world-lng-report,steam,https://www.igu.org/igu-reports/2025-world-lng-report,2002,https://www.igu.org/igu-reports/2025-world-lng-report,IGU,,,,,,,
1084,9854765,https://www.igu.org/igu-reports/2025-world-lng-report,Traiano Knutsen,https://www.igu.org/igu-reports/2025-world-lng-report,,,,,,active,GEM,12/31/2024,https://www.igu.org/igu-reports/2025-world-lng-report,Knutsen OAS,https://www.igu.org/igu-reports/2025-world-lng-report,Norway,https://www.imarinenews.com/35664.html,HD Hyundai Heavy Industries,https://www.igu.org/igu-reports/2025-world-lng-report,South Korea,https://www.hd.com/en/main,35.51613,129.4383,GC8Q+M6 Ulsan,exact,https://www.google.com/maps/place/HD+Hyundai+Heavy+Industries+Ulsan+Shipyard/data=!3m1!1e3!4m10!1m2!2m1!1sHD+Hyundai!3m6!1s0x3567ce56ebbfb645:0xd94a696f9fca5d90!8m2!3d35.5167468!4d129.4380269!15sCgpIRCBIeXVuZGFpkgEIc2hpcHlhcmTgAQA!16s%2Fg%2F1tfhd8y1?entry=ttu&g_ep=EgoyMDI1MTIwMi4wIKXMDSoASAFQAw%3D%3D,180000,cbm,https://www.igu.org/igu-reports/2025-world-lng-report,membrane,https://www.igu.org/igu-reports/2025-world-lng-report,conventional,https://www.igu.org/igu-reports/2025-world-lng-report,ME-GI,https://www.igu.org/igu-reports/2025-world-lng-report,2020,https://www.igu.org/igu-reports/2025-world-lng-report,IGU,,,,,,,
1092,,,"Hudong-Zhonghua (CNOOC, CMES, NYK 3)","https://www.igu.org/igu-reports/2025-world-lng-report, https://system.new-vessels.com/Ship-14288396-.html",,"""unknown"" (in IGU 2025)",https://www.igu.org/igu-reports/2025-world-lng-report,,,on order,GEM,12/31/2024,https://www.igu.org/igu-reports/2025-world-lng-report,"CNOOC, CMES, NYK JV",https://www.igu.org/igu-reports/2025-world-lng-report,Japan,"https://www.nyk.com/english/profile/profile/, https://en.wikipedia.org/wiki/Nippon_Yusen",Hudong-Zhonghua Shipbuilding,https://www.igu.org/igu-reports/2025-world-lng-report,China,https://www.shipyards.gr/shipyards/new-buildings-shipyards/newbuilding-farest-pacific-ocean/newbuilding-far-east-china-sea/china-south/hudong-zhonghua-shipbuilding-group-coltd,31.271988,121.575478,"7HCG+R4 Pudong, Shanghai, China",exact,"https://www.google.com/maps/place/Hudong-Zhonghua+Shipbuilding/@31.2720706,121.5727207,753m/data=!3m2!1e3!4b1!4m6!3m5!1s0x35b2742eceeb203d:0x37fddc7176d2cc24!8m2!3d31.2720706!4d121.5752956!16s%2Fg%2F1td0qx6d?entry=ttu&g_ep=EgoyMDI1MTIwMi4wIKXMDSoASAFQAw%3D%3D",174000,cbm,https://www.igu.org/igu-reports/2025-world-lng-report,,,,,X-DF,https://www.igu.org/igu-reports/2025-world-lng-report,2026,https://www.igu.org/igu-reports/2025-world-lng-report,IGU,,,,,210000000,USD,
1093,9434266,https://www.igu.org/igu-reports/2025-world-lng-report,Valencia Knutsen,https://www.igu.org/igu-reports/2025-world-lng-report,,,,,,active,GEM,12/31/2024,https://www.igu.org/igu-reports/2025-world-lng-report,Knutsen OAS,https://www.igu.org/igu-reports/2025-world-lng-report,Norway,https://www.imarinenews.com/35664.html,Hanwha Ocean,https://www.igu.org/igu-reports/2025-world-lng-report,South Korea,https://www.hanwha.com/companies/hanwha-ocean.do,34.87385,128.6966,"VMCW+V7 Geoje-si, Gyeongsangnam-do",exact,https://www.google.com/maps/place/Hanwha+Ocean/data=!3m1!1e3!4m10!1m2!2m1!1sHanwha+Ocean!3m6!1s0x356ecd1d7a72f7db:0x3bfe90e7d8bf93f0!8m2!3d34.8721913!4d128.6956963!15sCgxIYW53aGEgT2NlYW5aDiIMaGFud2hhIG9jZWFukgEfc2hpcGJ1aWxkaW5nX2FuZF9yZXBhaXJfY29tcGFueZoBI0NoWkRTVWhOTUc5blMwVkpRMEZuVFVSUmRYVkVTMWhuRUFF4AEA-gEECAAQLA!16s%2Fg%2F11swmd6_76?entry=ttu&g_ep=EgoyMDI1MTIwMi4wIKXMDSoASAFQAw%3D%3D,173400,cbm,https://www.igu.org/igu-reports/2025-world-lng-report,membrane,https://www.igu.org/igu-reports/2025-world-lng-report,conventional,https://www.igu.org/igu-reports/2025-world-lng-report,DFDE,https://www.igu.org/igu-reports/2025-world-lng-report,2010,https://www.igu.org/igu-reports/2025-world-lng-report,IGU,,,,,,,
1102,9864667,https://www.igu.org/igu-reports/2025-world-lng-report,Vivit Americas LNG,https://www.igu.org/igu-reports/2025-world-lng-report,,,,,,active,GEM,12/31/2024,https://www.igu.org/igu-reports/2025-world-lng-report,TMS Cardiff Gas,https://www.igu.org/igu-reports/2025-world-lng-report,Greece,https://system.new-vessels.com/orderer-45411-TMS_Cardiff_Gas_Ltd.html,HD Hyundai Heavy Industries,https://www.igu.org/igu-reports/2025-world-lng-report,South Korea,https://www.hd.com/en/main,35.51613,129.4383,GC8Q+M6 Ulsan,exact,https://www.google.com/maps/place/HD+Hyundai+Heavy+Industries+Ulsan+Shipyard/data=!3m1!1e3!4m10!1m2!2m1!1sHD+Hyundai!3m6!1s0x3567ce56ebbfb645:0xd94a696f9fca5d90!8m2!3d35.5167468!4d129.4380269!15sCgpIRCBIeXVuZGFpkgEIc2hpcHlhcmTgAQA!16s%2Fg%2F1tfhd8y1?entry=ttu&g_ep=EgoyMDI1MTIwMi4wIKXMDSoASAFQAw%3D%3D,170520,cbm,https://www.igu.org/igu-reports/2025-world-lng-report,membrane,https://www.igu.org/igu-reports/2025-world-lng-report,conventional,https://www.igu.org/igu-reports/2025-world-lng-report,X-DF,https://www.igu.org/igu-reports/2025-world-lng-report,2020,https://www.igu.org/igu-reports/2025-world-lng-report,IGU,,,,,,,
1107,9981374,https://www.igu.org/igu-reports/2025-world-lng-report,Wadi Al Syl,https://www.igu.org/igu-reports/2025-world-lng-report,,,,,,active,GEM,12/11/2025,https://www.vesselfinder.com/vessels/details/9981374,Knutsen OAS,https://www.igu.org/igu-reports/2025-world-lng-report,Norway,https://www.imarinenews.com/35664.html,HD Hyundai Heavy Industries,https://www.igu.org/igu-reports/2025-world-lng-report,South Korea,https://www.hd.com/en/main,35.51613,129.4383,GC8Q+M6 Ulsan,exact,https://www.google.com/maps/place/HD+Hyundai+Heavy+Industries+Ulsan+Shipyard/data=!3m1!1e3!4m10!1m2!2m1!1sHD+Hyundai!3m6!1s0x3567ce56ebbfb645:0xd94a696f9fca5d90!8m2!3d35.5167468!4d129.4380269!15sCgpIRCBIeXVuZGFpkgEIc2hpcHlhcmTgAQA!16s%2Fg%2F1tfhd8y1?entry=ttu&g_ep=EgoyMDI1MTIwMi4wIKXMDSoASAFQAw%3D%3D,174000,cbm,https://www.igu.org/igu-reports/2025-world-lng-report,,,,,X-DF,https://www.igu.org/igu-reports/2025-world-lng-report,2025,https://www.igu.org/igu-reports/2025-world-lng-report,IGU,,,,,,,
1111,9962433,https://www.igu.org/igu-reports/2025-world-lng-report,Woodside Barrumbara,https://www.igu.org/igu-reports/2025-world-lng-report,,,,,,active,GEM,12/11/2025,https://www.vesselfinder.com/vessels/details/9962433,GasLog,https://www.igu.org/igu-reports/2025-world-lng-report,Greece,"https://www.gaslogltd.com/contact-us/, https://www.gaslogltd.com/content/uploads/GasLog-Ltd-2022-annual-report-form-20-F.pdf",Hanwha Ocean,https://www.igu.org/igu-reports/2025-world-lng-report,South Korea,https://www.hanwha.com/companies/hanwha-ocean.do,34.87385,128.6966,"VMCW+V7 Geoje-si, Gyeongsangnam-do",exact,https://www.google.com/maps/place/Hanwha+Ocean/data=!3m1!1e3!4m10!1m2!2m1!1sHanwha+Ocean!3m6!1s0x356ecd1d7a72f7db:0x3bfe90e7d8bf93f0!8m2!3d34.8721913!4d128.6956963!15sCgxIYW53aGEgT2NlYW5aDiIMaGFud2hhIG9jZWFukgEfc2hpcGJ1aWxkaW5nX2FuZF9yZXBhaXJfY29tcGFueZoBI0NoWkRTVWhOTUc5blMwVkpRMEZuVFVSUmRYVkVTMWhuRUFF4AEA-gEECAAQLA!16s%2Fg%2F11swmd6_76?entry=ttu&g_ep=EgoyMDI1MTIwMi4wIKXMDSoASAFQAw%3D%3D,174000,cbm,https://www.igu.org/igu-reports/2025-world-lng-report,,,,,ME-GI,https://www.igu.org/igu-reports/2025-world-lng-report,2025,https://www.igu.org/igu-reports/2025-world-lng-report,IGU,,,,,,,
1132,9962421,https://www.igu.org/igu-reports/2025-world-lng-report,Woodside Jirrubakura,https://www.igu.org/igu-reports/2025-world-lng-report,,,,,,active,GEM,12/11/2025,https://www.marinetraffic.com/en/ais/details/ships/shipid:9718712/mmsi:310852000/imo:9962421/vessel:WOODSIDE_JIRRUBAKURA,GasLog,https://www.igu.org/igu-reports/2025-world-lng-report,Greece,"https://www.gaslogltd.com/contact-us/, https://www.gaslogltd.com/content/uploads/GasLog-Ltd-2022-annual-report-form-20-F.pdf",Hanwha Ocean,https://www.igu.org/igu-reports/2025-world-lng-report,South Korea,https://www.hanwha.com/companies/hanwha-ocean.do,34.87385,128.6966,"VMCW+V7 Geoje-si, Gyeongsangnam-do",exact,https://www.google.com/maps/place/Hanwha+Ocean/data=!3m1!1e3!4m10!1m2!2m1!1sHanwha+Ocean!3m6!1s0x356ecd1d7a72f7db:0x3bfe90e7d8bf93f0!8m2!3d34.8721913!4d128.6956963!15sCgxIYW53aGEgT2NlYW5aDiIMaGFud2hhIG9jZWFukgEfc2hpcGJ1aWxkaW5nX2FuZF9yZXBhaXJfY29tcGFueZoBI0NoWkRTVWhOTUc5blMwVkpRMEZuVFVSUmRYVkVTMWhuRUFF4AEA-gEECAAQLA!16s%2Fg%2F11swmd6_76?entry=ttu&g_ep=EgoyMDI1MTIwMi4wIKXMDSoASAFQAw%3D%3D,174000,cbm,https://www.igu.org/igu-reports/2025-world-lng-report,,,,,ME-GI,https://www.igu.org/igu-reports/2025-world-lng-report,2025,https://www.igu.org/igu-reports/2025-world-lng-report,IGU,,,,,,,
1138,9636747,https://www.igu.org/igu-reports/2025-world-lng-report,Yari LNG,https://www.igu.org/igu-reports/2025-world-lng-report,,,,,,active,GEM,12/31/2024,https://www.igu.org/igu-reports/2025-world-lng-report,TMS Cardiff Gas,https://www.igu.org/igu-reports/2025-world-lng-report,Greece,https://system.new-vessels.com/orderer-45411-TMS_Cardiff_Gas_Ltd.html,Hanwha Ocean,https://www.igu.org/igu-reports/2025-world-lng-report,South Korea,https://www.hanwha.com/companies/hanwha-ocean.do,34.87385,128.6966,"VMCW+V7 Geoje-si, Gyeongsangnam-do",exact,https://www.google.com/maps/place/Hanwha+Ocean/data=!3m1!1e3!4m10!1m2!2m1!1sHanwha+Ocean!3m6!1s0x356ecd1d7a72f7db:0x3bfe90e7d8bf93f0!8m2!3d34.8721913!4d128.6956963!15sCgxIYW53aGEgT2NlYW5aDiIMaGFud2hhIG9jZWFukgEfc2hpcGJ1aWxkaW5nX2FuZF9yZXBhaXJfY29tcGFueZoBI0NoWkRTVWhOTUc5blMwVkpRMEZuVFVSUmRYVkVTMWhuRUFF4AEA-gEECAAQLA!16s%2Fg%2F11swmd6_76?entry=ttu&g_ep=EgoyMDI1MTIwMi4wIKXMDSoASAFQAw%3D%3D,160000,cbm,https://www.igu.org/igu-reports/2025-world-lng-report,membrane,https://www.igu.org/igu-reports/2025-world-lng-report,conventional,https://www.igu.org/igu-reports/2025-world-lng-report,DFDE,https://www.igu.org/igu-reports/2025-world-lng-report,2014,https://www.igu.org/igu-reports/2025-world-lng-report,IGU,,,,,,,
1144,1140780,https://www.marinetraffic.org/ship-owner-manager-ism-data/HANWHA-OCEAN-2608/1140780/1,Hanwha Philly SY Philadelphia 2608,http://www.chinashipbuild.com/company.aspx?pklujyukkpp4CcFCB,candidate additions from chatgpt/claude,,,Hull 2608,http://www.chinashipbuild.com/company.aspx?pklujyukkpp4CcFCB,on order,GEM,5/18/2026,http://www.chinashipbuild.com/company.aspx?pklujyukkpp4CcFCB,Hanwha Shipping,http://www.chinashipbuild.com/company.aspx?pklujyukkpp4CcFCB,United States,https://system.new-vessels.com/groupowner-27274671-Hanwha_Shipping_LLC.html,Hanwha Philly SY,http://www.chinashipbuild.com/company.aspx?pklujyukkpp4CcFCB,United States,https://hanwhaphillyshipyard.com/,39.890604,-75.188622,"VRR6+98 Philadelphia, Pennsylvania, USA",exact,"https://www.google.com/maps/place/Hanwha+Philly+Shipyard/@39.8908776,-75.1917701,676m/data=!3m2!1e3!4b1!4m6!3m5!1s0x89c6c59067c94fb3:0x89af0a808bc63b5d!8m2!3d39.8908776!4d-75.1891952!16s%2Fg%2F1tc_0gnr?entry=ttu&g_ep=EgoyMDI1MTIwMi4wIKXMDSoASAFQAw%3D%3D",174000,cbm,http://www.chinashipbuild.com/company.aspx?pklujyukkpp4CcFCB,,,,,,,2028,http://www.chinashipbuild.com/ship.aspx?pklujyukkpp4cJSbganmkhTk8Pl4EN,SFOC/Clarkson - May 2026,,,21-Jul-2025,http://www.chinashipbuild.com/ship.aspx?pklujyukkpp4cJSbganmkhTk8Pl4EN,,,
1145,1140792,https://www.marinetraffic.org/vessels/HANWHA-OCEAN-2609/1140792/1/current-position,Hanwha Philly SY Philadelphia 2609,http://www.chinashipbuild.com/company.aspx?pklujyukkpp4CcFCB,candidate additions from chatgpt/claude,,,Hull 2609,http://www.chinashipbuild.com/company.aspx?pklujyukkpp4CcFCB,on order,GEM,5/18/2026,http://www.chinashipbuild.com/company.aspx?pklujyukkpp4CcFCB,Hanwha Shipping,http://www.chinashipbuild.com/company.aspx?pklujyukkpp4CcFCB,United States,https://system.new-vessels.com/groupowner-27274671-Hanwha_Shipping_LLC.html,Hanwha Philly SY,http://www.chinashipbuild.com/company.aspx?pklujyukkpp4CcFCB,United States,https://hanwhaphillyshipyard.com/,39.890604,-75.188622,"VRR6+98 Philadelphia, Pennsylvania, USA",exact,"https://www.google.com/maps/place/Hanwha+Philly+Shipyard/@39.8908776,-75.1917701,676m/data=!3m2!1e3!4b1!4m6!3m5!1s0x89c6c59067c94fb3:0x89af0a808bc63b5d!8m2!3d39.8908776!4d-75.1891952!16s%2Fg%2F1tc_0gnr?entry=ttu&g_ep=EgoyMDI1MTIwMi4wIKXMDSoASAFQAw%3D%3D",174000,cbm,http://www.chinashipbuild.com/company.aspx?pklujyukkpp4CcFCB,,,,,,,2028,http://www.chinashipbuild.com/ship.aspx?pklujyukkpp4cJXJbanmkhTk8Pl4EN,SFOC/Clarkson - May 2026,,,26-Aug-2025,http://www.chinashipbuild.com/ship.aspx?pklujyukkpp4cJXJbanmkhTk8Pl4EN,,,
1146,1148287,https://www.marinetraffic.org/ship-owner-manager-ism-data/HANWHA-OCEAN-2614/1148287/1,Hanwha Ocean Geoje 2614,http://www.chinashipbuild.com/shipyard.aspx?pklujyukkpp4BbcJXanmkhTk8Pl4EN,candidate additions from chatgpt/claude,,,Hull 2614,http://www.chinashipbuild.com/shipyard.aspx?pklujyukkpp4BbcJXanmkhTk8Pl4EN,on order,GEM,5/18/2026,http://www.chinashipbuild.com/shipyard.aspx?pklujyukkpp4BbcJXanmkhTk8Pl4EN,GasLog,http://www.chinashipbuild.com/shipyard.aspx?pklujyukkpp4BbcJXanmkhTk8Pl4EN,Greece,"https://www.gaslogltd.com/contact-us/, https://www.gaslogltd.com/content/uploads/GasLog-Ltd-2022-annual-report-form-20-F.pdf",Hanwha Ocean,http://www.chinashipbuild.com/shipyard.aspx?pklujyukkpp4BbcJXanmkhTk8Pl4EN,South Korea,https://www.hanwha.com/companies/hanwha-ocean.do,34.87385,128.6966,"VMCW+V7 Geoje-si, Gyeongsangnam-do",exact,https://www.google.com/maps/place/Hanwha+Ocean/data=!3m1!1e3!4m10!1m2!2m1!1sHanwha+Ocean!3m6!1s0x356ecd1d7a72f7db:0x3bfe90e7d8bf93f0!8m2!3d34.8721913!4d128.6956963!15sCgxIYW53aGEgT2NlYW5aDiIMaGFud2hhIG9jZWFukgEfc2hpcGJ1aWxkaW5nX2FuZF9yZXBhaXJfY29tcGFueZoBI0NoWkRTVWhOTUc5blMwVkpRMEZuVFVSUmRYVkVTMWhuRUFF4AEA-gEECAAQLA!16s%2Fg%2F11swmd6_76?entry=ttu&g_ep=EgoyMDI1MTIwMi4wIKXMDSoASAFQAw%3D%3D,174000,cbm,http://www.chinashipbuild.com/shipyard.aspx?pklujyukkpp4BbcJXanmkhTk8Pl4EN,,,,,,,2028,http://www.chinashipbuild.com/shipyard.aspx?pklujyukkpp4BbcJXanmkhTk8Pl4EN,SFOC/Clarkson - May 2026,,,04-Sep-2025,http://www.chinashipbuild.com/shipyard.aspx?pklujyukkpp4BbcJXanmkhTk8Pl4EN,,,
1147,1148299,https://www.marinetraffic.org/ship-owner-manager-ism-data/HANWHA-OCEAN-2615/1148299/1,Hanwha Ocean Geoje 2615,http://www.chinashipbuild.com/shipyard.aspx?pklujyukkpp4BbcJXanmkhTk8Pl4EN,candidate additions from chatgpt/claude,,,Hull 2615,http://www.chinashipbuild.com/shipyard.aspx?pklujyukkpp4BbcJXanmkhTk8Pl4EN,on order,GEM,5/18/2026,http://www.chinashipbuild.com/shipyard.aspx?pklujyukkpp4BbcJXanmkhTk8Pl4EN,GasLog,http://www.chinashipbuild.com/shipyard.aspx?pklujyukkpp4BbcJXanmkhTk8Pl4EN,Greece,"https://www.gaslogltd.com/contact-us/, https://www.gaslogltd.com/content/uploads/GasLog-Ltd-2022-annual-report-form-20-F.pdf",Hanwha Ocean,http://www.chinashipbuild.com/shipyard.aspx?pklujyukkpp4BbcJXanmkhTk8Pl4EN,South Korea,https://www.hanwha.com/companies/hanwha-ocean.do,34.87385,128.6966,"VMCW+V7 Geoje-si, Gyeongsangnam-do",exact,https://www.google.com/maps/place/Hanwha+Ocean/data=!3m1!1e3!4m10!1m2!2m1!1sHanwha+Ocean!3m6!1s0x356ecd1d7a72f7db:0x3bfe90e7d8bf93f0!8m2!3d34.8721913!4d128.6956963!15sCgxIYW53aGEgT2NlYW5aDiIMaGFud2hhIG9jZWFukgEfc2hpcGJ1aWxkaW5nX2FuZF9yZXBhaXJfY29tcGFueZoBI0NoWkRTVWhOTUc5blMwVkpRMEZuVFVSUmRYVkVTMWhuRUFF4AEA-gEECAAQLA!16s%2Fg%2F11swmd6_76?entry=ttu&g_ep=EgoyMDI1MTIwMi4wIKXMDSoASAFQAw%3D%3D,174000,cbm,http://www.chinashipbuild.com/shipyard.aspx?pklujyukkpp4BbcJXanmkhTk8Pl4EN,,,,,,,2028,http://www.chinashipbuild.com/shipyard.aspx?pklujyukkpp4BbcJXanmkhTk8Pl4EN,SFOC/Clarkson - May 2026,,,30-Sep-2025,http://www.chinashipbuild.com/shipyard.aspx?pklujyukkpp4BbcJXanmkhTk8Pl4EN,,,
1152,1159195,https://www.marinetraffic.org/ship-owner-manager-ism-data/HD-HYUNDAI-ULSAN-3635/1159195/1,HD Hyundai HI (HHI) Ulsan 3635,http://www.chinashipbuild.com/shipyard.aspx?pklujyukkpp4BbccbanmkhTk8Pl4EN,candidate additions from chatgpt/claude,,,Hull 3635,http://www.chinashipbuild.com/shipyard.aspx?pklujyukkpp4BbccbanmkhTk8Pl4EN,on order,GEM,5/18/2026,"http://www.chinashipbuild.com/shipyard.aspx?pklujyukkpp4BbccbanmkhTk8Pl4EN, https://splash247.com/nyk-and-ocean-yield-team-up-on-lng-carrier-quartet/, https://lngprime.com/contracts-and-tenders/nyk-ocean-yield-seal-lng-carrier-charter-deals-with-cheniere/176824/","NYK Line, Ocean Yield","http://www.chinashipbuild.com/shipyard.aspx?pklujyukkpp4BbccbanmkhTk8Pl4EN, https://splash247.com/nyk-and-ocean-yield-team-up-on-lng-carrier-quartet/, https://lngprime.com/contracts-and-tenders/nyk-ocean-yield-seal-lng-carrier-charter-deals-with-cheniere/176824/",Japan,"https://www.nyk.com/english/profile/profile/, https://en.wikipedia.org/wiki/Nippon_Yusen",HD Hyundai Heavy Industries,"http://www.chinashipbuild.com/shipyard.aspx?pklujyukkpp4BbccbanmkhTk8Pl4EN, https://splash247.com/nyk-and-ocean-yield-team-up-on-lng-carrier-quartet/, https://lngprime.com/contracts-and-tenders/nyk-ocean-yield-seal-lng-carrier-charter-deals-with-cheniere/176824/",South Korea,https://www.hd.com/en/main,35.51613,129.4383,GC8Q+M6 Ulsan,exact,https://www.google.com/maps/place/HD+Hyundai+Heavy+Industries+Ulsan+Shipyard/data=!3m1!1e3!4m10!1m2!2m1!1sHD+Hyundai!3m6!1s0x3567ce56ebbfb645:0xd94a696f9fca5d90!8m2!3d35.5167468!4d129.4380269!15sCgpIRCBIeXVuZGFpkgEIc2hpcHlhcmTgAQA!16s%2Fg%2F1tfhd8y1?entry=ttu&g_ep=EgoyMDI1MTIwMi4wIKXMDSoASAFQAw%3D%3D,200000,cbm,"http://www.chinashipbuild.com/shipyard.aspx?pklujyukkpp4BbccbanmkhTk8Pl4EN, https://splash247.com/nyk-and-ocean-yield-team-up-on-lng-carrier-quartet/, https://lngprime.com/contracts-and-tenders/nyk-ocean-yield-seal-lng-carrier-charter-deals-with-cheniere/176824/",,,,,,,2028,"http://www.chinashipbuild.com/shipyard.aspx?pklujyukkpp4BbccbanmkhTk8Pl4EN, https://splash247.com/nyk-and-ocean-yield-team-up-on-lng-carrier-quartet/, https://lngprime.com/contracts-and-tenders/nyk-ocean-yield-seal-lng-carrier-charter-deals-with-cheniere/176824/",SFOC/Clarkson - May 2026,Cheniere,"https://lngprime.com/contracts-and-tenders/nyk-ocean-yield-seal-lng-carrier-charter-deals-with-cheniere/176824/, https://splash247.com/nyk-and-ocean-yield-team-up-on-lng-carrier-quartet/",05-Jan-2026,"http://www.chinashipbuild.com/shipyard.aspx?pklujyukkpp4BbccbanmkhTk8Pl4EN, https://splash247.com/nyk-and-ocean-yield-team-up-on-lng-carrier-quartet/, https://lngprime.com/contracts-and-tenders/nyk-ocean-yield-seal-lng-carrier-charter-deals-with-cheniere/176824/",260000000,USD,
1153,1159200,https://www.marinetraffic.org/ship-owner-manager-ism-data/HD-HYUNDAI-ULSAN-3636/1159200/1,HD Hyundai HI (HHI) Ulsan 3636,http://www.chinashipbuild.com/shipyard.aspx?pklujyukkpp4BbccbanmkhTk8Pl4EN,candidate additions from chatgpt/claude,,,Hull 3636,http://www.chinashipbuild.com/shipyard.aspx?pklujyukkpp4BbccbanmkhTk8Pl4EN,on order,GEM,5/18/2026,"http://www.chinashipbuild.com/shipyard.aspx?pklujyukkpp4BbccbanmkhTk8Pl4EN, https://splash247.com/nyk-and-ocean-yield-team-up-on-lng-carrier-quartet/, https://lngprime.com/contracts-and-tenders/nyk-ocean-yield-seal-lng-carrier-charter-deals-with-cheniere/176824/","NYK Line, Ocean Yield","http://www.chinashipbuild.com/shipyard.aspx?pklujyukkpp4BbccbanmkhTk8Pl4EN, https://splash247.com/nyk-and-ocean-yield-team-up-on-lng-carrier-quartet/, https://lngprime.com/contracts-and-tenders/nyk-ocean-yield-seal-lng-carrier-charter-deals-with-cheniere/176824/",Japan,"https://www.nyk.com/english/profile/profile/, https://en.wikipedia.org/wiki/Nippon_Yusen",HD Hyundai Heavy Industries,"http://www.chinashipbuild.com/shipyard.aspx?pklujyukkpp4BbccbanmkhTk8Pl4EN, https://splash247.com/nyk-and-ocean-yield-team-up-on-lng-carrier-quartet/, https://lngprime.com/contracts-and-tenders/nyk-ocean-yield-seal-lng-carrier-charter-deals-with-cheniere/176824/",South Korea,https://www.hd.com/en/main,35.51613,129.4383,GC8Q+M6 Ulsan,exact,https://www.google.com/maps/place/HD+Hyundai+Heavy+Industries+Ulsan+Shipyard/data=!3m1!1e3!4m10!1m2!2m1!1sHD+Hyundai!3m6!1s0x3567ce56ebbfb645:0xd94a696f9fca5d90!8m2!3d35.5167468!4d129.4380269!15sCgpIRCBIeXVuZGFpkgEIc2hpcHlhcmTgAQA!16s%2Fg%2F1tfhd8y1?entry=ttu&g_ep=EgoyMDI1MTIwMi4wIKXMDSoASAFQAw%3D%3D,200000,cbm,"http://www.chinashipbuild.com/shipyard.aspx?pklujyukkpp4BbccbanmkhTk8Pl4EN, https://splash247.com/nyk-and-ocean-yield-team-up-on-lng-carrier-quartet/, https://lngprime.com/contracts-and-tenders/nyk-ocean-yield-seal-lng-carrier-charter-deals-with-cheniere/176824/",,,,,,,2028,"http://www.chinashipbuild.com/shipyard.aspx?pklujyukkpp4BbccbanmkhTk8Pl4EN, https://splash247.com/nyk-and-ocean-yield-team-up-on-lng-carrier-quartet/, https://lngprime.com/contracts-and-tenders/nyk-ocean-yield-seal-lng-carrier-charter-deals-with-cheniere/176824/",SFOC/Clarkson - May 2026,Cheniere,"https://lngprime.com/contracts-and-tenders/nyk-ocean-yield-seal-lng-carrier-charter-deals-with-cheniere/176824/, https://splash247.com/nyk-and-ocean-yield-team-up-on-lng-carrier-quartet/",05-Jan-2026,"http://www.chinashipbuild.com/shipyard.aspx?pklujyukkpp4BbccbanmkhTk8Pl4EN, https://splash247.com/nyk-and-ocean-yield-team-up-on-lng-carrier-quartet/, https://lngprime.com/contracts-and-tenders/nyk-ocean-yield-seal-lng-carrier-charter-deals-with-cheniere/176824/",260000000,USD,
1154,1159212,https://www.marinetraffic.org/ship-owner-manager-ism-data/HD-HYUNDAI-ULSAN-3637/1159212/1,HD Hyundai HI (HHI) Ulsan 3637,http://www.chinashipbuild.com/shipyard.aspx?pklujyukkpp4BbccbanmkhTk8Pl4EN,candidate additions from chatgpt/claude,,,Hull 3637,http://www.chinashipbuild.com/shipyard.aspx?pklujyukkpp4BbccbanmkhTk8Pl4EN,on order,GEM,5/18/2026,"http://www.chinashipbuild.com/shipyard.aspx?pklujyukkpp4BbccbanmkhTk8Pl4EN, https://splash247.com/nyk-and-ocean-yield-team-up-on-lng-carrier-quartet/, https://lngprime.com/contracts-and-tenders/nyk-ocean-yield-seal-lng-carrier-charter-deals-with-cheniere/176824/","NYK Line, Ocean Yield","http://www.chinashipbuild.com/shipyard.aspx?pklujyukkpp4BbccbanmkhTk8Pl4EN, https://splash247.com/nyk-and-ocean-yield-team-up-on-lng-carrier-quartet/, https://lngprime.com/contracts-and-tenders/nyk-ocean-yield-seal-lng-carrier-charter-deals-with-cheniere/176824/",Japan,"https://www.nyk.com/english/profile/profile/, https://en.wikipedia.org/wiki/Nippon_Yusen",HD Hyundai Heavy Industries,"http://www.chinashipbuild.com/shipyard.aspx?pklujyukkpp4BbccbanmkhTk8Pl4EN, https://splash247.com/nyk-and-ocean-yield-team-up-on-lng-carrier-quartet/, https://lngprime.com/contracts-and-tenders/nyk-ocean-yield-seal-lng-carrier-charter-deals-with-cheniere/176824/",South Korea,https://www.hd.com/en/main,35.51613,129.4383,GC8Q+M6 Ulsan,exact,https://www.google.com/maps/place/HD+Hyundai+Heavy+Industries+Ulsan+Shipyard/data=!3m1!1e3!4m10!1m2!2m1!1sHD+Hyundai!3m6!1s0x3567ce56ebbfb645:0xd94a696f9fca5d90!8m2!3d35.5167468!4d129.4380269!15sCgpIRCBIeXVuZGFpkgEIc2hpcHlhcmTgAQA!16s%2Fg%2F1tfhd8y1?entry=ttu&g_ep=EgoyMDI1MTIwMi4wIKXMDSoASAFQAw%3D%3D,200000,cbm,"http://www.chinashipbuild.com/shipyard.aspx?pklujyukkpp4BbccbanmkhTk8Pl4EN, https://splash247.com/nyk-and-ocean-yield-team-up-on-lng-carrier-quartet/, https://lngprime.com/contracts-and-tenders/nyk-ocean-yield-seal-lng-carrier-charter-deals-with-cheniere/176824/",,,,,,,2029,"http://www.chinashipbuild.com/shipyard.aspx?pklujyukkpp4BbccbanmkhTk8Pl4EN, https://splash247.com/nyk-and-ocean-yield-team-up-on-lng-carrier-quartet/, https://lngprime.com/contracts-and-tenders/nyk-ocean-yield-seal-lng-carrier-charter-deals-with-cheniere/176824/",SFOC/Clarkson - May 2026,Cheniere,"https://lngprime.com/contracts-and-tenders/nyk-ocean-yield-seal-lng-carrier-charter-deals-with-cheniere/176824/, https://splash247.com/nyk-and-ocean-yield-team-up-on-lng-carrier-quartet/",05-Jan-2026,"http://www.chinashipbuild.com/shipyard.aspx?pklujyukkpp4BbccbanmkhTk8Pl4EN, https://splash247.com/nyk-and-ocean-yield-team-up-on-lng-carrier-quartet/, https://lngprime.com/contracts-and-tenders/nyk-ocean-yield-seal-lng-carrier-charter-deals-with-cheniere/176824/",260000000,USD,
1155,1159224,https://www.marinetraffic.org/ship-owner-manager-ism-data/HD-HYUNDAI-ULSAN-3638/1159224/1,HD Hyundai HI (HHI) Ulsan 3638,http://www.chinashipbuild.com/shipyard.aspx?pklujyukkpp4BbccbanmkhTk8Pl4EN,candidate additions from chatgpt/claude,,,Hull 3638,http://www.chinashipbuild.com/shipyard.aspx?pklujyukkpp4BbccbanmkhTk8Pl4EN,on order,GEM,5/18/2026,"http://www.chinashipbuild.com/shipyard.aspx?pklujyukkpp4BbccbanmkhTk8Pl4EN, https://splash247.com/nyk-and-ocean-yield-team-up-on-lng-carrier-quartet/, https://lngprime.com/contracts-and-tenders/nyk-ocean-yield-seal-lng-carrier-charter-deals-with-cheniere/176824/","NYK Line, Ocean Yield","http://www.chinashipbuild.com/shipyard.aspx?pklujyukkpp4BbccbanmkhTk8Pl4EN, https://splash247.com/nyk-and-ocean-yield-team-up-on-lng-carrier-quartet/, https://lngprime.com/contracts-and-tenders/nyk-ocean-yield-seal-lng-carrier-charter-deals-with-cheniere/176824/",Japan,"https://www.nyk.com/english/profile/profile/, https://en.wikipedia.org/wiki/Nippon_Yusen",HD Hyundai Heavy Industries,"http://www.chinashipbuild.com/shipyard.aspx?pklujyukkpp4BbccbanmkhTk8Pl4EN, https://splash247.com/nyk-and-ocean-yield-team-up-on-lng-carrier-quartet/, https://lngprime.com/contracts-and-tenders/nyk-ocean-yield-seal-lng-carrier-charter-deals-with-cheniere/176824/",South Korea,https://www.hd.com/en/main,35.51613,129.4383,GC8Q+M6 Ulsan,exact,https://www.google.com/maps/place/HD+Hyundai+Heavy+Industries+Ulsan+Shipyard/data=!3m1!1e3!4m10!1m2!2m1!1sHD+Hyundai!3m6!1s0x3567ce56ebbfb645:0xd94a696f9fca5d90!8m2!3d35.5167468!4d129.4380269!15sCgpIRCBIeXVuZGFpkgEIc2hpcHlhcmTgAQA!16s%2Fg%2F1tfhd8y1?entry=ttu&g_ep=EgoyMDI1MTIwMi4wIKXMDSoASAFQAw%3D%3D,200000,cbm,"http://www.chinashipbuild.com/shipyard.aspx?pklujyukkpp4BbccbanmkhTk8Pl4EN, https://splash247.com/nyk-and-ocean-yield-team-up-on-lng-carrier-quartet/, https://lngprime.com/contracts-and-tenders/nyk-ocean-yield-seal-lng-carrier-charter-deals-with-cheniere/176824/",,,,,,,2029,"http://www.chinashipbuild.com/shipyard.aspx?pklujyukkpp4BbccbanmkhTk8Pl4EN, https://splash247.com/nyk-and-ocean-yield-team-up-on-lng-carrier-quartet/, https://lngprime.com/contracts-and-tenders/nyk-ocean-yield-seal-lng-carrier-charter-deals-with-cheniere/176824/",SFOC/Clarkson - May 2026,Cheniere,"https://lngprime.com/contracts-and-tenders/nyk-ocean-yield-seal-lng-carrier-charter-deals-with-cheniere/176824/, https://splash247.com/nyk-and-ocean-yield-team-up-on-lng-carrier-quartet/",05-Jan-2026,"http://www.chinashipbuild.com/shipyard.aspx?pklujyukkpp4BbccbanmkhTk8Pl4EN, https://splash247.com/nyk-and-ocean-yield-team-up-on-lng-carrier-quartet/, https://lngprime.com/contracts-and-tenders/nyk-ocean-yield-seal-lng-carrier-charter-deals-with-cheniere/176824/",260000000,USD,
1156,1162398,https://www.marinetraffic.org/ship-owner-manager-ism-data/SAMSUNG-2773/1162398/1,Samsung HI 2773,http://www.chinashipbuild.com/shipyard.aspx?pklujyukkpp4BbcbganmkhTk8Pl4EN,candidate additions from chatgpt/claude,,,Hull 2773,http://www.chinashipbuild.com/shipyard.aspx?pklujyukkpp4BbcbganmkhTk8Pl4EN,on order,GEM,5/18/2026,"http://www.chinashipbuild.com/shipyard.aspx?pklujyukkpp4BbcbganmkhTk8Pl4EN, https://splash247.com/purus-adds-samsung-lng-newbuilds-to-expanding-gas-fleet/, https://www.rivieramm.com/news-content-hub/news-content-hub/purus-linked-to-two-lng-carrier-order-at-samsung-heavy-industries-87266",Purus Marine,"http://www.chinashipbuild.com/shipyard.aspx?pklujyukkpp4BbcbganmkhTk8Pl4EN, https://splash247.com/purus-adds-samsung-lng-newbuilds-to-expanding-gas-fleet/, https://www.rivieramm.com/news-content-hub/news-content-hub/purus-linked-to-two-lng-carrier-order-at-samsung-heavy-industries-87266",United Kingdom,https://www.purus.com/our-services/gas,Samsung Heavy Industries,"http://www.chinashipbuild.com/shipyard.aspx?pklujyukkpp4BbcbganmkhTk8Pl4EN, https://splash247.com/purus-adds-samsung-lng-newbuilds-to-expanding-gas-fleet/, https://www.rivieramm.com/news-content-hub/news-content-hub/purus-linked-to-two-lng-carrier-order-at-samsung-heavy-industries-87266",South Korea,https://www.samsungshi.com/En/Default.aspx,34.89804,128.6045,"VJW3+QV Geoje-si, Gyeongsangnam-do",exact,https://www.google.com/maps/place/Samsung+Heavy+industries/data=!3m1!1e3!4m10!1m2!2m1!1ssamsung+heavy+industries!3m6!1s0x356ecd83691a8fb5:0xd4204e9a1bb0ef10!8m2!3d34.8969682!4d128.6046376!15sChhzYW1zdW5nIGhlYXZ5IGluZHVzdHJpZXOSAQhzaGlweWFyZOABAA!16s%2Fg%2F1tgcpry6?entry=ttu&g_ep=EgoyMDI1MTIwMi4wIKXMDSoASAFQAw%3D%3D,174000,cbm,"http://www.chinashipbuild.com/shipyard.aspx?pklujyukkpp4BbcbganmkhTk8Pl4EN, https://splash247.com/purus-adds-samsung-lng-newbuilds-to-expanding-gas-fleet/, https://www.rivieramm.com/news-content-hub/news-content-hub/purus-linked-to-two-lng-carrier-order-at-samsung-heavy-industries-87266",membrane,"https://splash247.com/purus-adds-samsung-lng-newbuilds-to-expanding-gas-fleet/, https://globalflowcontrol.com/newsroom/purus-lng-carrier-newbuilding-samsung-heavy-industries/",,,,,2028,"http://www.chinashipbuild.com/shipyard.aspx?pklujyukkpp4BbcbganmkhTk8Pl4EN, https://splash247.com/purus-adds-samsung-lng-newbuilds-to-expanding-gas-fleet/, https://www.rivieramm.com/news-content-hub/news-content-hub/purus-linked-to-two-lng-carrier-order-at-samsung-heavy-industries-87266",SFOC/Clarkson - May 2026,,,22-Dec-2025,"http://www.chinashipbuild.com/shipyard.aspx?pklujyukkpp4BbcbganmkhTk8Pl4EN, https://splash247.com/purus-adds-samsung-lng-newbuilds-to-expanding-gas-fleet/, https://www.rivieramm.com/news-content-hub/news-content-hub/purus-linked-to-two-lng-carrier-order-at-samsung-heavy-industries-87266",251500000,USD,
1157,1162403,https://www.marinetraffic.org/ship-owner-manager-ism-data/SAMSUNG-2774/1162403/1,Samsung HI 2774,http://www.chinashipbuild.com/shipyard.aspx?pklujyukkpp4BbcbganmkhTk8Pl4EN,candidate additions from chatgpt/claude,,,Hull 2774,http://www.chinashipbuild.com/shipyard.aspx?pklujyukkpp4BbcbganmkhTk8Pl4EN,on order,GEM,5/18/2026,"http://www.chinashipbuild.com/shipyard.aspx?pklujyukkpp4BbcbganmkhTk8Pl4EN, https://splash247.com/purus-adds-samsung-lng-newbuilds-to-expanding-gas-fleet/, https://www.rivieramm.com/news-content-hub/news-content-hub/purus-linked-to-two-lng-carrier-order-at-samsung-heavy-industries-87266",Purus Marine,"http://www.chinashipbuild.com/shipyard.aspx?pklujyukkpp4BbcbganmkhTk8Pl4EN, https://splash247.com/purus-adds-samsung-lng-newbuilds-to-expanding-gas-fleet/, https://www.rivieramm.com/news-content-hub/news-content-hub/purus-linked-to-two-lng-carrier-order-at-samsung-heavy-industries-87266",United Kingdom,https://www.purus.com/our-services/gas,Samsung Heavy Industries,"http://www.chinashipbuild.com/shipyard.aspx?pklujyukkpp4BbcbganmkhTk8Pl4EN, https://splash247.com/purus-adds-samsung-lng-newbuilds-to-expanding-gas-fleet/, https://www.rivieramm.com/news-content-hub/news-content-hub/purus-linked-to-two-lng-carrier-order-at-samsung-heavy-industries-87266",South Korea,https://www.samsungshi.com/En/Default.aspx,34.89804,128.6045,"VJW3+QV Geoje-si, Gyeongsangnam-do",exact,https://www.google.com/maps/place/Samsung+Heavy+industries/data=!3m1!1e3!4m10!1m2!2m1!1ssamsung+heavy+industries!3m6!1s0x356ecd83691a8fb5:0xd4204e9a1bb0ef10!8m2!3d34.8969682!4d128.6046376!15sChhzYW1zdW5nIGhlYXZ5IGluZHVzdHJpZXOSAQhzaGlweWFyZOABAA!16s%2Fg%2F1tgcpry6?entry=ttu&g_ep=EgoyMDI1MTIwMi4wIKXMDSoASAFQAw%3D%3D,174000,cbm,"http://www.chinashipbuild.com/shipyard.aspx?pklujyukkpp4BbcbganmkhTk8Pl4EN, https://splash247.com/purus-adds-samsung-lng-newbuilds-to-expanding-gas-fleet/, https://www.rivieramm.com/news-content-hub/news-content-hub/purus-linked-to-two-lng-carrier-order-at-samsung-heavy-industries-87266",membrane,"https://splash247.com/purus-adds-samsung-lng-newbuilds-to-expanding-gas-fleet/, https://globalflowcontrol.com/newsroom/purus-lng-carrier-newbuilding-samsung-heavy-industries/",,,,,2029,"http://www.chinashipbuild.com/shipyard.aspx?pklujyukkpp4BbcbganmkhTk8Pl4EN, https://splash247.com/purus-adds-samsung-lng-newbuilds-to-expanding-gas-fleet/, https://www.rivieramm.com/news-content-hub/news-content-hub/purus-linked-to-two-lng-carrier-order-at-samsung-heavy-industries-87266",SFOC/Clarkson - May 2026,,,22-Dec-2025,"http://www.chinashipbuild.com/shipyard.aspx?pklujyukkpp4BbcbganmkhTk8Pl4EN, https://splash247.com/purus-adds-samsung-lng-newbuilds-to-expanding-gas-fleet/, https://www.rivieramm.com/news-content-hub/news-content-hub/purus-linked-to-two-lng-carrier-order-at-samsung-heavy-industries-87266",251500000,USD,
1166,1167441,https://www.marinetraffic.org/ship-owner-manager-ism-data/SAMSUNG-2777/1167441/1,Samsung HI 2777,http://www.chinashipbuild.com/shipyard.aspx?pklujyukkpp4BbcbganmkhTk8Pl4EN,candidate additions from chatgpt/claude,,,Hull 2777,http://www.chinashipbuild.com/shipyard.aspx?pklujyukkpp4BbcbganmkhTk8Pl4EN,on order,GEM,5/18/2026,"http://www.chinashipbuild.com/shipyard.aspx?pklujyukkpp4BbcbganmkhTk8Pl4EN, https://splash247.com/celsius-seals-samsung-heavy-lng-carrier-order-2/, https://lngprime.com/asia/samsung-heavy-scores-new-lng-carrier-order/178081/",Celsius Tankers,"http://www.chinashipbuild.com/shipyard.aspx?pklujyukkpp4BbcbganmkhTk8Pl4EN, https://splash247.com/celsius-seals-samsung-heavy-lng-carrier-order-2/, https://lngprime.com/asia/samsung-heavy-scores-new-lng-carrier-order/178081/",Denmark,,Samsung Heavy Industries,"http://www.chinashipbuild.com/shipyard.aspx?pklujyukkpp4BbcbganmkhTk8Pl4EN, https://splash247.com/celsius-seals-samsung-heavy-lng-carrier-order-2/, https://lngprime.com/asia/samsung-heavy-scores-new-lng-carrier-order/178081/",South Korea,https://www.samsungshi.com/En/Default.aspx,34.89804,128.6045,"VJW3+QV Geoje-si, Gyeongsangnam-do",exact,https://www.google.com/maps/place/Samsung+Heavy+industries/data=!3m1!1e3!4m10!1m2!2m1!1ssamsung+heavy+industries!3m6!1s0x356ecd83691a8fb5:0xd4204e9a1bb0ef10!8m2!3d34.8969682!4d128.6046376!15sChhzYW1zdW5nIGhlYXZ5IGluZHVzdHJpZXOSAQhzaGlweWFyZOABAA!16s%2Fg%2F1tgcpry6?entry=ttu&g_ep=EgoyMDI1MTIwMi4wIKXMDSoASAFQAw%3D%3D,180000,cbm,"http://www.chinashipbuild.com/shipyard.aspx?pklujyukkpp4BbcbganmkhTk8Pl4EN, https://splash247.com/celsius-seals-samsung-heavy-lng-carrier-order-2/, https://lngprime.com/asia/samsung-heavy-scores-new-lng-carrier-order/178081/",,,,,,,2028,"http://www.chinashipbuild.com/shipyard.aspx?pklujyukkpp4BbcbganmkhTk8Pl4EN, https://splash247.com/celsius-seals-samsung-heavy-lng-carrier-order-2/, https://lngprime.com/asia/samsung-heavy-scores-new-lng-carrier-order/178081/",SFOC/Clarkson - May 2026,,,19-Feb-2026,"http://www.chinashipbuild.com/shipyard.aspx?pklujyukkpp4BbcbganmkhTk8Pl4EN, https://splash247.com/celsius-seals-samsung-heavy-lng-carrier-order-2/, https://lngprime.com/asia/samsung-heavy-scores-new-lng-carrier-order/178081/",,,
1170,1172886,https://www.marinetraffic.org/ship-owner-manager-ism-data/SAMSUNG-2783/1172886/1,Samsung HI 2783,https://www.marinevesseltraffic.com/vessels/SAMSUNG-2783/CURRENT-POSITION/1172886/1,candidate additions from chatgpt/claude,,,Hull 2783,https://www.marinevesseltraffic.com/vessels/SAMSUNG-2783/CURRENT-POSITION/1172886/1,on order,GEM,5/14/2026,https://splash247.com/celsius-linked-to-fresh-lng-carrier-order-at-samsung-heavy/,Celsius Tankers,https://splash247.com/celsius-linked-to-fresh-lng-carrier-order-at-samsung-heavy/,Denmark,,Samsung Heavy Industries,https://splash247.com/celsius-linked-to-fresh-lng-carrier-order-at-samsung-heavy/,South Korea,https://www.samsungshi.com/En/Default.aspx,34.89804,128.6045,"VJW3+QV Geoje-si, Gyeongsangnam-do",exact,https://www.google.com/maps/place/Samsung+Heavy+industries/data=!3m1!1e3!4m10!1m2!2m1!1ssamsung+heavy+industries!3m6!1s0x356ecd83691a8fb5:0xd4204e9a1bb0ef10!8m2!3d34.8969682!4d128.6046376!15sChhzYW1zdW5nIGhlYXZ5IGluZHVzdHJpZXOSAQhzaGlweWFyZOABAA!16s%2Fg%2F1tgcpry6?entry=ttu&g_ep=EgoyMDI1MTIwMi4wIKXMDSoASAFQAw%3D%3D,180000,cbm,https://splash247.com/celsius-linked-to-fresh-lng-carrier-order-at-samsung-heavy/,,,,,,,2028,https://splash247.com/celsius-linked-to-fresh-lng-carrier-order-at-samsung-heavy/,SFOC/Clarkson - May 2026,,,20-Mar-2026,"https://splash247.com/celsius-linked-to-fresh-lng-carrier-order-at-samsung-heavy/, https://lngprime.com/asia/south-koreas-samsung-heavy-secures-order-for-lng-carrier-duo/181059/",257000000,USD,
1171,1172898,https://www.marinetraffic.org/ship-owner-manager-ism-data/SAMSUNG-2791/1172898/1,Samsung HI 2791,https://www.marinetraffic.org/vessels/SAMSUNG-2791/1172898/1/current-position,candidate additions from chatgpt/claude,,,Hull 2791,https://www.marinetraffic.org/vessels/SAMSUNG-2791/1172898/1/current-position,on order,GEM,5/14/2026,https://splash247.com/celsius-linked-to-fresh-lng-carrier-order-at-samsung-heavy/,Celsius Tankers,https://splash247.com/celsius-linked-to-fresh-lng-carrier-order-at-samsung-heavy/,Denmark,,Samsung Heavy Industries,https://splash247.com/celsius-linked-to-fresh-lng-carrier-order-at-samsung-heavy/,South Korea,https://www.samsungshi.com/En/Default.aspx,34.89804,128.6045,"VJW3+QV Geoje-si, Gyeongsangnam-do",exact,https://www.google.com/maps/place/Samsung+Heavy+industries/data=!3m1!1e3!4m10!1m2!2m1!1ssamsung+heavy+industries!3m6!1s0x356ecd83691a8fb5:0xd4204e9a1bb0ef10!8m2!3d34.8969682!4d128.6046376!15sChhzYW1zdW5nIGhlYXZ5IGluZHVzdHJpZXOSAQhzaGlweWFyZOABAA!16s%2Fg%2F1tgcpry6?entry=ttu&g_ep=EgoyMDI1MTIwMi4wIKXMDSoASAFQAw%3D%3D,180000,cbm,https://splash247.com/celsius-linked-to-fresh-lng-carrier-order-at-samsung-heavy/,,,,,,,2028,https://splash247.com/celsius-linked-to-fresh-lng-carrier-order-at-samsung-heavy/,SFOC/Clarkson - May 2026,,,20-Mar-2026,"https://splash247.com/celsius-linked-to-fresh-lng-carrier-order-at-samsung-heavy/, https://lngprime.com/asia/south-koreas-samsung-heavy-secures-order-for-lng-carrier-duo/181059/",257000000,USD,
1174,1175204,https://www.marinetraffic.org/ship-owner-manager-ism-data/SAMSUNG-2794/1175204/1,Samsung HI 2794,https://www.marinetraffic.org/ship-owner-manager-ism-data/SAMSUNG-2794/1175204/1,candidate additions from chatgpt/claude,,,Hull 2794,https://www.marinetraffic.org/ship-owner-manager-ism-data/SAMSUNG-2794/1175204/1,on order,GEM,5/14/2026,"https://www.rivieramm.com/news-content-hub/news-content-hub/purus-said-to-expand-gas-platform-with-single-lng-carrier-order-at-shi-88206, https://globalflowcontrol.com/newsroom/purus-lng-carrier-newbuilding-samsung-heavy-industries/",Purus Marine,"https://www.rivieramm.com/news-content-hub/news-content-hub/purus-said-to-expand-gas-platform-with-single-lng-carrier-order-at-shi-88206, https://globalflowcontrol.com/newsroom/purus-lng-carrier-newbuilding-samsung-heavy-industries/",United Kingdom,https://www.purus.com/our-services/gas,Samsung Heavy Industries,https://www.marinetraffic.org/ship-owner-manager-ism-data/SAMSUNG-2794/1175204/1,South Korea,https://www.samsungshi.com/En/Default.aspx,34.89804,128.6045,"VJW3+QV Geoje-si, Gyeongsangnam-do",exact,https://www.google.com/maps/place/Samsung+Heavy+industries/data=!3m1!1e3!4m10!1m2!2m1!1ssamsung+heavy+industries!3m6!1s0x356ecd83691a8fb5:0xd4204e9a1bb0ef10!8m2!3d34.8969682!4d128.6046376!15sChhzYW1zdW5nIGhlYXZ5IGluZHVzdHJpZXOSAQhzaGlweWFyZOABAA!16s%2Fg%2F1tgcpry6?entry=ttu&g_ep=EgoyMDI1MTIwMi4wIKXMDSoASAFQAw%3D%3D,174000,cbm,"https://www.rivieramm.com/news-content-hub/news-content-hub/purus-said-to-expand-gas-platform-with-single-lng-carrier-order-at-shi-88206, https://globalflowcontrol.com/newsroom/purus-lng-carrier-newbuilding-samsung-heavy-industries/",,,,,,,2029,"https://www.rivieramm.com/news-content-hub/news-content-hub/purus-said-to-expand-gas-platform-with-single-lng-carrier-order-at-shi-88206, https://globalflowcontrol.com/newsroom/purus-lng-carrier-newbuilding-samsung-heavy-industries/",SFOC/Clarkson - May 2026,,,20-Mar-2026,"https://www.rivieramm.com/news-content-hub/news-content-hub/purus-said-to-expand-gas-platform-with-single-lng-carrier-order-at-shi-88206, https://globalflowcontrol.com/newsroom/purus-lng-carrier-newbuilding-samsung-heavy-industries/",,,
1175,1175527,https://www.marinetraffic.org/ship-owner-manager-ism-data/HANWHA-OCEAN-2616/1175527/1,Hanwha Ocean Geoje 2616,https://www.marinetraffic.org/ship-owner-manager-ism-data/HANWHA-OCEAN-2616/1175527/1,candidate additions from chatgpt/claude,Equinor 1 (Knutsen has chartered Equinor for 3 ships),"https://lngprime.com/contracts-and-tenders/knutsen-inks-lng-carrier-charter-deals-with-equinor-eni-and-sefe/172620/, https://splash247.com/knutsen-stacks-lng-orderbook-higher-with-hanwha-ocean-deal/",Hull 2616,https://www.marinetraffic.org/ship-owner-manager-ism-data/HANWHA-OCEAN-2616/1175527/1,on order,GEM,5/14/2026,"https://lngprime.com/contracts-and-tenders/knutsen-inks-lng-carrier-charter-deals-with-equinor-eni-and-sefe/172620/, https://splash247.com/knutsen-stacks-lng-orderbook-higher-with-hanwha-ocean-deal/, https://www.imarinenews.com/35017.html, https://www.imarinenews.com/31040.html, https://lngprime.com/europe/knutsen-continues-lng-fleet-expansion/185339/",Knutsen OAS,"https://lngprime.com/contracts-and-tenders/knutsen-inks-lng-carrier-charter-deals-with-equinor-eni-and-sefe/172620/, https://splash247.com/knutsen-stacks-lng-orderbook-higher-with-hanwha-ocean-deal/, https://www.imarinenews.com/35017.html, https://www.imarinenews.com/31040.html, https://lngprime.com/europe/knutsen-continues-lng-fleet-expansion/185339/",Norway,https://www.imarinenews.com/35664.html,Hanwha Ocean,https://www.marinetraffic.org/ship-owner-manager-ism-data/HANWHA-OCEAN-2616/1175527/1,South Korea,https://www.hanwha.com/companies/hanwha-ocean.do,34.87385,128.6966,"VMCW+V7 Geoje-si, Gyeongsangnam-do",exact,https://www.google.com/maps/place/Hanwha+Ocean/data=!3m1!1e3!4m10!1m2!2m1!1sHanwha+Ocean!3m6!1s0x356ecd1d7a72f7db:0x3bfe90e7d8bf93f0!8m2!3d34.8721913!4d128.6956963!15sCgxIYW53aGEgT2NlYW5aDiIMaGFud2hhIG9jZWFukgEfc2hpcGJ1aWxkaW5nX2FuZF9yZXBhaXJfY29tcGFueZoBI0NoWkRTVWhOTUc5blMwVkpRMEZuVFVSUmRYVkVTMWhuRUFF4AEA-gEECAAQLA!16s%2Fg%2F11swmd6_76?entry=ttu&g_ep=EgoyMDI1MTIwMi4wIKXMDSoASAFQAw%3D%3D,174000,cbm,"https://lngprime.com/contracts-and-tenders/knutsen-inks-lng-carrier-charter-deals-with-equinor-eni-and-sefe/172620/, https://splash247.com/knutsen-stacks-lng-orderbook-higher-with-hanwha-ocean-deal/, https://www.imarinenews.com/35017.html, https://www.imarinenews.com/31040.html, https://lngprime.com/europe/knutsen-continues-lng-fleet-expansion/185339/",,,,,,,2028,"https://lngprime.com/contracts-and-tenders/knutsen-inks-lng-carrier-charter-deals-with-equinor-eni-and-sefe/172620/, https://splash247.com/knutsen-stacks-lng-orderbook-higher-with-hanwha-ocean-deal/, https://www.imarinenews.com/35017.html, https://www.imarinenews.com/31040.html, https://lngprime.com/europe/knutsen-continues-lng-fleet-expansion/185339/",SFOC/Clarkson - May 2026,Equinor,https://www.tradewindsnews.com/gas/shipowners-shortlist-emerges-for-equinor-lng-newbuilding-tender/2-1-1902176,18-Dec-2025,"http://www.chinashipbuild.com/shipyard.aspx?pklujyukkpp4BbcJXanmkhTk8Pl4EN, https://lngprime.com/contracts-and-tenders/knutsen-inks-lng-carrier-charter-deals-with-equinor-eni-and-sefe/172620/",,,
1176,1175539,https://www.marinetraffic.org/ship-owner-manager-ism-data/HANWHA-OCEAN-2617/1175539/1,Hanwha Ocean Geoje 2617,https://www.marinetraffic.org/ship-owner-manager-ism-data/HANWHA-OCEAN-2617/1175539/1,candidate additions from chatgpt/claude,Equinor 2 (Knutsen has chartered Equinor for 3 ships),"https://lngprime.com/contracts-and-tenders/knutsen-inks-lng-carrier-charter-deals-with-equinor-eni-and-sefe/172620/, https://splash247.com/knutsen-stacks-lng-orderbook-higher-with-hanwha-ocean-deal/",Hull 2617,https://www.marinetraffic.org/ship-owner-manager-ism-data/HANWHA-OCEAN-2617/1175539/1,on order,GEM,5/14/2026,"https://lngprime.com/contracts-and-tenders/knutsen-inks-lng-carrier-charter-deals-with-equinor-eni-and-sefe/172620/, https://splash247.com/knutsen-stacks-lng-orderbook-higher-with-hanwha-ocean-deal/, https://www.imarinenews.com/35017.html, https://www.imarinenews.com/31040.html, https://lngprime.com/europe/knutsen-continues-lng-fleet-expansion/185339/",Knutsen OAS,"https://lngprime.com/contracts-and-tenders/knutsen-inks-lng-carrier-charter-deals-with-equinor-eni-and-sefe/172620/, https://splash247.com/knutsen-stacks-lng-orderbook-higher-with-hanwha-ocean-deal/, https://www.imarinenews.com/35017.html, https://www.imarinenews.com/31040.html, https://lngprime.com/europe/knutsen-continues-lng-fleet-expansion/185339/",Norway,https://www.imarinenews.com/35664.html,Hanwha Ocean,https://www.marinetraffic.org/ship-owner-manager-ism-data/HANWHA-OCEAN-2616/1175527/1,South Korea,https://www.hanwha.com/companies/hanwha-ocean.do,34.87385,128.6966,"VMCW+V7 Geoje-si, Gyeongsangnam-do",exact,https://www.google.com/maps/place/Hanwha+Ocean/data=!3m1!1e3!4m10!1m2!2m1!1sHanwha+Ocean!3m6!1s0x356ecd1d7a72f7db:0x3bfe90e7d8bf93f0!8m2!3d34.8721913!4d128.6956963!15sCgxIYW53aGEgT2NlYW5aDiIMaGFud2hhIG9jZWFukgEfc2hpcGJ1aWxkaW5nX2FuZF9yZXBhaXJfY29tcGFueZoBI0NoWkRTVWhOTUc5blMwVkpRMEZuVFVSUmRYVkVTMWhuRUFF4AEA-gEECAAQLA!16s%2Fg%2F11swmd6_76?entry=ttu&g_ep=EgoyMDI1MTIwMi4wIKXMDSoASAFQAw%3D%3D,174000,cbm,"https://lngprime.com/contracts-and-tenders/knutsen-inks-lng-carrier-charter-deals-with-equinor-eni-and-sefe/172620/, https://splash247.com/knutsen-stacks-lng-orderbook-higher-with-hanwha-ocean-deal/, https://www.imarinenews.com/35017.html, https://www.imarinenews.com/31040.html, https://lngprime.com/europe/knutsen-continues-lng-fleet-expansion/185339/",,,,,,,2028,"https://lngprime.com/contracts-and-tenders/knutsen-inks-lng-carrier-charter-deals-with-equinor-eni-and-sefe/172620/, https://splash247.com/knutsen-stacks-lng-orderbook-higher-with-hanwha-ocean-deal/, https://www.imarinenews.com/35017.html, https://www.imarinenews.com/31040.html, https://lngprime.com/europe/knutsen-continues-lng-fleet-expansion/185339/",SFOC/Clarkson - May 2026,Equinor,https://www.tradewindsnews.com/gas/shipowners-shortlist-emerges-for-equinor-lng-newbuilding-tender/2-1-1902176,18-Dec-2025,"http://www.chinashipbuild.com/shipyard.aspx?pklujyukkpp4BbcJXanmkhTk8Pl4EN, https://lngprime.com/contracts-and-tenders/knutsen-inks-lng-carrier-charter-deals-with-equinor-eni-and-sefe/172620/",,,
1177,1175541,https://www.marinetraffic.org/ship-owner-manager-ism-data/HANWHA-OCEAN-2618/1175541/1,Hanwha Ocean Geoje 2618,https://www.marinetraffic.org/ship-owner-manager-ism-data/HANWHA-OCEAN-2618/1175541/1,candidate additions from chatgpt/claude,Equinor 3 (Knutsen has chartered Equinor for 3 ships),"https://lngprime.com/contracts-and-tenders/knutsen-inks-lng-carrier-charter-deals-with-equinor-eni-and-sefe/172620/, https://splash247.com/knutsen-stacks-lng-orderbook-higher-with-hanwha-ocean-deal/",Hull 2618,https://www.marinetraffic.org/ship-owner-manager-ism-data/HANWHA-OCEAN-2618/1175541/1,on order,GEM,5/14/2026,"https://lngprime.com/contracts-and-tenders/knutsen-inks-lng-carrier-charter-deals-with-equinor-eni-and-sefe/172620/, https://splash247.com/knutsen-stacks-lng-orderbook-higher-with-hanwha-ocean-deal/, https://www.imarinenews.com/35017.html, https://www.imarinenews.com/31040.html, https://lngprime.com/europe/knutsen-continues-lng-fleet-expansion/185339/",Knutsen OAS,"https://lngprime.com/contracts-and-tenders/knutsen-inks-lng-carrier-charter-deals-with-equinor-eni-and-sefe/172620/, https://splash247.com/knutsen-stacks-lng-orderbook-higher-with-hanwha-ocean-deal/, https://www.imarinenews.com/35017.html, https://www.imarinenews.com/31040.html, https://lngprime.com/europe/knutsen-continues-lng-fleet-expansion/185339/",Norway,https://www.imarinenews.com/35664.html,Hanwha Ocean,https://www.marinetraffic.org/ship-owner-manager-ism-data/HANWHA-OCEAN-2616/1175527/1,South Korea,https://www.hanwha.com/companies/hanwha-ocean.do,34.87385,128.6966,"VMCW+V7 Geoje-si, Gyeongsangnam-do",exact,https://www.google.com/maps/place/Hanwha+Ocean/data=!3m1!1e3!4m10!1m2!2m1!1sHanwha+Ocean!3m6!1s0x356ecd1d7a72f7db:0x3bfe90e7d8bf93f0!8m2!3d34.8721913!4d128.6956963!15sCgxIYW53aGEgT2NlYW5aDiIMaGFud2hhIG9jZWFukgEfc2hpcGJ1aWxkaW5nX2FuZF9yZXBhaXJfY29tcGFueZoBI0NoWkRTVWhOTUc5blMwVkpRMEZuVFVSUmRYVkVTMWhuRUFF4AEA-gEECAAQLA!16s%2Fg%2F11swmd6_76?entry=ttu&g_ep=EgoyMDI1MTIwMi4wIKXMDSoASAFQAw%3D%3D,174000,cbm,"https://lngprime.com/contracts-and-tenders/knutsen-inks-lng-carrier-charter-deals-with-equinor-eni-and-sefe/172620/, https://splash247.com/knutsen-stacks-lng-orderbook-higher-with-hanwha-ocean-deal/, https://www.imarinenews.com/35017.html, https://www.imarinenews.com/31040.html, https://lngprime.com/europe/knutsen-continues-lng-fleet-expansion/185339/",,,,,,,2028,"https://lngprime.com/contracts-and-tenders/knutsen-inks-lng-carrier-charter-deals-with-equinor-eni-and-sefe/172620/, https://splash247.com/knutsen-stacks-lng-orderbook-higher-with-hanwha-ocean-deal/, https://www.imarinenews.com/35017.html, https://www.imarinenews.com/31040.html, https://lngprime.com/europe/knutsen-continues-lng-fleet-expansion/185339/",SFOC/Clarkson - May 2026,Equinor,https://www.tradewindsnews.com/gas/shipowners-shortlist-emerges-for-equinor-lng-newbuilding-tender/2-1-1902176,18-Dec-2025,"http://www.chinashipbuild.com/shipyard.aspx?pklujyukkpp4BbcJXanmkhTk8Pl4EN, https://lngprime.com/contracts-and-tenders/knutsen-inks-lng-carrier-charter-deals-with-equinor-eni-and-sefe/172620/",,,
1178,1175553,https://www.marinetraffic.org/ship-owner-manager-ism-data/HANWHA-OCEAN-2619/1175553/1,Hanwha Ocean Geoje 2619,https://www.marinetraffic.org/ship-owner-manager-ism-data/HANWHA-OCEAN-2619/1175553/1,candidate additions from chatgpt/claude,Eni (Knutsen has chartered Eni for 1 ship),"https://lngprime.com/contracts-and-tenders/knutsen-inks-lng-carrier-charter-deals-with-equinor-eni-and-sefe/172620/, https://lngprime.com/europe/knutsen-seals-lng-carrier-charter-deal-with-edison/171469/, https://www.seatrade-maritime.com/lng/edison-signs-long-term-charter-for-knutsen-newbuild-lng-carrier, https://knutsenoas.com/news/knutsen-expands-its-ship-fleet-with-edison-contract-signed-with-edison-for-a-new-lng-carrier/",Hull 2619,https://www.marinetraffic.org/ship-owner-manager-ism-data/HANWHA-OCEAN-2619/1175553/1,on order,GEM,5/14/2026,"https://lngprime.com/contracts-and-tenders/knutsen-inks-lng-carrier-charter-deals-with-equinor-eni-and-sefe/172620/, https://splash247.com/knutsen-stacks-lng-orderbook-higher-with-hanwha-ocean-deal/, https://www.imarinenews.com/35017.html, https://www.imarinenews.com/31040.html, https://lngprime.com/europe/knutsen-continues-lng-fleet-expansion/185339/",Knutsen OAS,"https://lngprime.com/contracts-and-tenders/knutsen-inks-lng-carrier-charter-deals-with-equinor-eni-and-sefe/172620/, https://splash247.com/knutsen-stacks-lng-orderbook-higher-with-hanwha-ocean-deal/, https://www.imarinenews.com/35017.html, https://www.imarinenews.com/31040.html, https://lngprime.com/europe/knutsen-continues-lng-fleet-expansion/185339/",Norway,https://www.imarinenews.com/35664.html,Hanwha Ocean,https://www.marinetraffic.org/ship-owner-manager-ism-data/HANWHA-OCEAN-2616/1175527/1,South Korea,https://www.hanwha.com/companies/hanwha-ocean.do,34.87385,128.6966,"VMCW+V7 Geoje-si, Gyeongsangnam-do",exact,https://www.google.com/maps/place/Hanwha+Ocean/data=!3m1!1e3!4m10!1m2!2m1!1sHanwha+Ocean!3m6!1s0x356ecd1d7a72f7db:0x3bfe90e7d8bf93f0!8m2!3d34.8721913!4d128.6956963!15sCgxIYW53aGEgT2NlYW5aDiIMaGFud2hhIG9jZWFukgEfc2hpcGJ1aWxkaW5nX2FuZF9yZXBhaXJfY29tcGFueZoBI0NoWkRTVWhOTUc5blMwVkpRMEZuVFVSUmRYVkVTMWhuRUFF4AEA-gEECAAQLA!16s%2Fg%2F11swmd6_76?entry=ttu&g_ep=EgoyMDI1MTIwMi4wIKXMDSoASAFQAw%3D%3D,174000,cbm,"https://lngprime.com/contracts-and-tenders/knutsen-inks-lng-carrier-charter-deals-with-equinor-eni-and-sefe/172620/, https://splash247.com/knutsen-stacks-lng-orderbook-higher-with-hanwha-ocean-deal/, https://www.imarinenews.com/35017.html, https://www.imarinenews.com/31040.html, https://lngprime.com/europe/knutsen-continues-lng-fleet-expansion/185339/",,,,,,,2028,"https://lngprime.com/contracts-and-tenders/knutsen-inks-lng-carrier-charter-deals-with-equinor-eni-and-sefe/172620/, https://splash247.com/knutsen-stacks-lng-orderbook-higher-with-hanwha-ocean-deal/, https://www.imarinenews.com/35017.html, https://www.imarinenews.com/31040.html, https://lngprime.com/europe/knutsen-continues-lng-fleet-expansion/185339/",SFOC/Clarkson - May 2026,,,18-Dec-2025,"http://www.chinashipbuild.com/shipyard.aspx?pklujyukkpp4BbcJXanmkhTk8Pl4EN, https://lngprime.com/contracts-and-tenders/knutsen-inks-lng-carrier-charter-deals-with-equinor-eni-and-sefe/172620/",,,
1179,1175565,https://www.marinetraffic.org/ship-owner-manager-ism-data/HANWHA-OCEAN-2620/1175565/1,Hanwha Ocean Geoje 2620,https://www.marinetraffic.org/ship-owner-manager-ism-data/HANWHA-OCEAN-2620/1175565/1,candidate additions from chatgpt/claude,SEFE (Knutsen has chartered SEFE for 1 ship),"https://lngprime.com/contracts-and-tenders/knutsen-inks-lng-carrier-charter-deals-with-equinor-eni-and-sefe/172620/, https://lngprime.com/europe/knutsen-seals-lng-carrier-charter-deal-with-edison/171469/, https://www.seatrade-maritime.com/lng/edison-signs-long-term-charter-for-knutsen-newbuild-lng-carrier, https://knutsenoas.com/news/knutsen-expands-its-ship-fleet-with-edison-contract-signed-with-edison-for-a-new-lng-carrier/",Hull 2620,https://www.marinetraffic.org/ship-owner-manager-ism-data/HANWHA-OCEAN-2620/1175565/1,on order,GEM,5/14/2026,"https://lngprime.com/contracts-and-tenders/knutsen-inks-lng-carrier-charter-deals-with-equinor-eni-and-sefe/172620/, https://splash247.com/knutsen-stacks-lng-orderbook-higher-with-hanwha-ocean-deal/, https://www.imarinenews.com/35017.html, https://www.imarinenews.com/31040.html, https://lngprime.com/europe/knutsen-continues-lng-fleet-expansion/185339/",Knutsen OAS,"https://lngprime.com/contracts-and-tenders/knutsen-inks-lng-carrier-charter-deals-with-equinor-eni-and-sefe/172620/, https://splash247.com/knutsen-stacks-lng-orderbook-higher-with-hanwha-ocean-deal/, https://www.imarinenews.com/35017.html, https://www.imarinenews.com/31040.html, https://lngprime.com/europe/knutsen-continues-lng-fleet-expansion/185339/",Norway,https://www.imarinenews.com/35664.html,Hanwha Ocean,https://www.marinetraffic.org/ship-owner-manager-ism-data/HANWHA-OCEAN-2616/1175527/1,South Korea,https://www.hanwha.com/companies/hanwha-ocean.do,34.87385,128.6966,"VMCW+V7 Geoje-si, Gyeongsangnam-do",exact,https://www.google.com/maps/place/Hanwha+Ocean/data=!3m1!1e3!4m10!1m2!2m1!1sHanwha+Ocean!3m6!1s0x356ecd1d7a72f7db:0x3bfe90e7d8bf93f0!8m2!3d34.8721913!4d128.6956963!15sCgxIYW53aGEgT2NlYW5aDiIMaGFud2hhIG9jZWFukgEfc2hpcGJ1aWxkaW5nX2FuZF9yZXBhaXJfY29tcGFueZoBI0NoWkRTVWhOTUc5blMwVkpRMEZuVFVSUmRYVkVTMWhuRUFF4AEA-gEECAAQLA!16s%2Fg%2F11swmd6_76?entry=ttu&g_ep=EgoyMDI1MTIwMi4wIKXMDSoASAFQAw%3D%3D,174000,cbm,"https://lngprime.com/contracts-and-tenders/knutsen-inks-lng-carrier-charter-deals-with-equinor-eni-and-sefe/172620/, https://splash247.com/knutsen-stacks-lng-orderbook-higher-with-hanwha-ocean-deal/, https://www.imarinenews.com/35017.html, https://www.imarinenews.com/31040.html, https://lngprime.com/europe/knutsen-continues-lng-fleet-expansion/185339/",,,,,,,2029,"https://lngprime.com/contracts-and-tenders/knutsen-inks-lng-carrier-charter-deals-with-equinor-eni-and-sefe/172620/, https://splash247.com/knutsen-stacks-lng-orderbook-higher-with-hanwha-ocean-deal/, https://www.imarinenews.com/35017.html, https://www.imarinenews.com/31040.html, https://lngprime.com/europe/knutsen-continues-lng-fleet-expansion/185339/",SFOC/Clarkson - May 2026,,,18-Dec-2025,"http://www.chinashipbuild.com/shipyard.aspx?pklujyukkpp4BbcJXanmkhTk8Pl4EN, https://lngprime.com/contracts-and-tenders/knutsen-inks-lng-carrier-charter-deals-with-equinor-eni-and-sefe/172620/",,,
1180,1175577,https://www.marinetraffic.org/ship-owner-manager-ism-data/HANWHA-OCEAN-2621/1175577/1,Hanwha Ocean Geoje 2621,https://www.marinetraffic.org/ship-owner-manager-ism-data/HANWHA-OCEAN-2621/1175577/1,candidate additions from chatgpt/claude,Edison (Knutsen has chartered Equinor for 1 ship),"https://lngprime.com/contracts-and-tenders/knutsen-inks-lng-carrier-charter-deals-with-equinor-eni-and-sefe/172620/, https://lngprime.com/europe/knutsen-seals-lng-carrier-charter-deal-with-edison/171469/, https://www.seatrade-maritime.com/lng/edison-signs-long-term-charter-for-knutsen-newbuild-lng-carrier, https://knutsenoas.com/news/knutsen-expands-its-ship-fleet-with-edison-contract-signed-with-edison-for-a-new-lng-carrier/",Hull 2621,https://www.marinetraffic.org/ship-owner-manager-ism-data/HANWHA-OCEAN-2621/1175577/1,on order,GEM,5/14/2026,"https://lngprime.com/contracts-and-tenders/knutsen-inks-lng-carrier-charter-deals-with-equinor-eni-and-sefe/172620/, https://splash247.com/knutsen-stacks-lng-orderbook-higher-with-hanwha-ocean-deal/, https://www.imarinenews.com/35017.html, https://www.imarinenews.com/31040.html, https://lngprime.com/europe/knutsen-continues-lng-fleet-expansion/185339/",Knutsen OAS,"https://lngprime.com/contracts-and-tenders/knutsen-inks-lng-carrier-charter-deals-with-equinor-eni-and-sefe/172620/, https://splash247.com/knutsen-stacks-lng-orderbook-higher-with-hanwha-ocean-deal/, https://www.imarinenews.com/35017.html, https://www.imarinenews.com/31040.html, https://lngprime.com/europe/knutsen-continues-lng-fleet-expansion/185339/",Norway,https://www.imarinenews.com/35664.html,Hanwha Ocean,https://www.marinetraffic.org/ship-owner-manager-ism-data/HANWHA-OCEAN-2616/1175527/1,South Korea,https://www.hanwha.com/companies/hanwha-ocean.do,34.87385,128.6966,"VMCW+V7 Geoje-si, Gyeongsangnam-do",exact,https://www.google.com/maps/place/Hanwha+Ocean/data=!3m1!1e3!4m10!1m2!2m1!1sHanwha+Ocean!3m6!1s0x356ecd1d7a72f7db:0x3bfe90e7d8bf93f0!8m2!3d34.8721913!4d128.6956963!15sCgxIYW53aGEgT2NlYW5aDiIMaGFud2hhIG9jZWFukgEfc2hpcGJ1aWxkaW5nX2FuZF9yZXBhaXJfY29tcGFueZoBI0NoWkRTVWhOTUc5blMwVkpRMEZuVFVSUmRYVkVTMWhuRUFF4AEA-gEECAAQLA!16s%2Fg%2F11swmd6_76?entry=ttu&g_ep=EgoyMDI1MTIwMi4wIKXMDSoASAFQAw%3D%3D,174000,cbm,"https://lngprime.com/contracts-and-tenders/knutsen-inks-lng-carrier-charter-deals-with-equinor-eni-and-sefe/172620/, https://splash247.com/knutsen-stacks-lng-orderbook-higher-with-hanwha-ocean-deal/, https://www.imarinenews.com/35017.html, https://www.imarinenews.com/31040.html, https://lngprime.com/europe/knutsen-continues-lng-fleet-expansion/185339/",,,,,,,2029,"https://lngprime.com/contracts-and-tenders/knutsen-inks-lng-carrier-charter-deals-with-equinor-eni-and-sefe/172620/, https://splash247.com/knutsen-stacks-lng-orderbook-higher-with-hanwha-ocean-deal/, https://www.imarinenews.com/35017.html, https://www.imarinenews.com/31040.html, https://lngprime.com/europe/knutsen-continues-lng-fleet-expansion/185339/",SFOC/Clarkson - May 2026,,,18-Dec-2025,"http://www.chinashipbuild.com/shipyard.aspx?pklujyukkpp4BbcJXanmkhTk8Pl4EN, https://lngprime.com/contracts-and-tenders/knutsen-inks-lng-carrier-charter-deals-with-equinor-eni-and-sefe/172620/",,,
1181,1175589,https://www.marinetraffic.org/ship-owner-manager-ism-data/HANWHA-OCEAN-2622/1175589/1,Hanwha Ocean Geoje 2622,https://www.marinetraffic.org/ship-owner-manager-ism-data/HANWHA-OCEAN-2622/1175589/1,candidate additions from chatgpt/claude,Charterer unknown,"https://lngprime.com/contracts-and-tenders/knutsen-inks-lng-carrier-charter-deals-with-equinor-eni-and-sefe/172620/, https://lngprime.com/europe/knutsen-seals-lng-carrier-charter-deal-with-edison/171469/, https://www.seatrade-maritime.com/lng/edison-signs-long-term-charter-for-knutsen-newbuild-lng-carrier, https://knutsenoas.com/news/knutsen-expands-its-ship-fleet-with-edison-contract-signed-with-edison-for-a-new-lng-carrier/",Hull 2622,https://www.marinetraffic.org/ship-owner-manager-ism-data/HANWHA-OCEAN-2622/1175589/1,on order,GEM,5/14/2026,"https://lngprime.com/contracts-and-tenders/knutsen-inks-lng-carrier-charter-deals-with-equinor-eni-and-sefe/172620/, https://splash247.com/knutsen-stacks-lng-orderbook-higher-with-hanwha-ocean-deal/, https://www.imarinenews.com/35017.html, https://www.imarinenews.com/31040.html, https://lngprime.com/europe/knutsen-continues-lng-fleet-expansion/185339/",Knutsen OAS,"https://lngprime.com/contracts-and-tenders/knutsen-inks-lng-carrier-charter-deals-with-equinor-eni-and-sefe/172620/, https://splash247.com/knutsen-stacks-lng-orderbook-higher-with-hanwha-ocean-deal/, https://www.imarinenews.com/35017.html, https://www.imarinenews.com/31040.html, https://lngprime.com/europe/knutsen-continues-lng-fleet-expansion/185339/",Norway,https://www.imarinenews.com/35664.html,Hanwha Ocean,https://www.marinetraffic.org/ship-owner-manager-ism-data/HANWHA-OCEAN-2616/1175527/1,South Korea,https://www.hanwha.com/companies/hanwha-ocean.do,34.87385,128.6966,"VMCW+V7 Geoje-si, Gyeongsangnam-do",exact,https://www.google.com/maps/place/Hanwha+Ocean/data=!3m1!1e3!4m10!1m2!2m1!1sHanwha+Ocean!3m6!1s0x356ecd1d7a72f7db:0x3bfe90e7d8bf93f0!8m2!3d34.8721913!4d128.6956963!15sCgxIYW53aGEgT2NlYW5aDiIMaGFud2hhIG9jZWFukgEfc2hpcGJ1aWxkaW5nX2FuZF9yZXBhaXJfY29tcGFueZoBI0NoWkRTVWhOTUc5blMwVkpRMEZuVFVSUmRYVkVTMWhuRUFF4AEA-gEECAAQLA!16s%2Fg%2F11swmd6_76?entry=ttu&g_ep=EgoyMDI1MTIwMi4wIKXMDSoASAFQAw%3D%3D,174000,cbm,"https://lngprime.com/contracts-and-tenders/knutsen-inks-lng-carrier-charter-deals-with-equinor-eni-and-sefe/172620/, https://splash247.com/knutsen-stacks-lng-orderbook-higher-with-hanwha-ocean-deal/, https://www.imarinenews.com/35017.html, https://www.imarinenews.com/31040.html, https://lngprime.com/europe/knutsen-continues-lng-fleet-expansion/185339/",,,,,,,2029,"https://lngprime.com/contracts-and-tenders/knutsen-inks-lng-carrier-charter-deals-with-equinor-eni-and-sefe/172620/, https://splash247.com/knutsen-stacks-lng-orderbook-higher-with-hanwha-ocean-deal/, https://www.imarinenews.com/35017.html, https://www.imarinenews.com/31040.html, https://lngprime.com/europe/knutsen-continues-lng-fleet-expansion/185339/",SFOC/Clarkson - May 2026,,,18-Dec-2025,"http://www.chinashipbuild.com/shipyard.aspx?pklujyukkpp4BbcJXanmkhTk8Pl4EN, https://lngprime.com/contracts-and-tenders/knutsen-inks-lng-carrier-charter-deals-with-equinor-eni-and-sefe/172620/",,,
1182,1176313,https://www.marinetraffic.org/ship-owner-manager-ism-data/HUDONG-ZHONGHUA/1176313/1,Hudong-Zhonghua (TMS Cardiff Gas 1),https://www.marinetraffic.org/ship-owner-manager-ism-data/HUDONG-ZHONGHUA/1176313/1,candidate additions from chatgpt/claude,,,,,on order,GEM,5/14/2026,https://splash247.com/tms-cardiff-gas-and-celsius-tied-to-1-5bn-samsung-lng-orders/,TMS Cardiff Gas,https://splash247.com/tms-cardiff-gas-and-celsius-tied-to-1-5bn-samsung-lng-orders/,Greece,https://system.new-vessels.com/orderer-45411-TMS_Cardiff_Gas_Ltd.html,Hudong-Zhonghua Shipbuilding,https://www.marinetraffic.org/ship-owner-manager-ism-data/HUDONG-ZHONGHUA/1176313/1,China,https://www.shipyards.gr/shipyards/new-buildings-shipyards/newbuilding-farest-pacific-ocean/newbuilding-far-east-china-sea/china-south/hudong-zhonghua-shipbuilding-group-coltd,31.271988,121.575478,"7HCG+R4 Pudong, Shanghai, China",exact,"https://www.google.com/maps/place/Hudong-Zhonghua+Shipbuilding/@31.2720706,121.5727207,753m/data=!3m2!1e3!4b1!4m6!3m5!1s0x35b2742eceeb203d:0x37fddc7176d2cc24!8m2!3d31.2720706!4d121.5752956!16s%2Fg%2F1td0qx6d?entry=ttu&g_ep=EgoyMDI1MTIwMi4wIKXMDSoASAFQAw%3D%3D",174000,cbm,https://splash247.com/tms-cardiff-gas-and-celsius-tied-to-1-5bn-samsung-lng-orders/,,,,,,,2028,https://lngprime.com/asia/tms-orders-lng-carrier-quartet-in-china/175493/,SFOC/Clarkson - May 2026,,,21-Jan-2026,"https://www.rivieramm.com/news-content-hub/news-content-hub/economous-tms-turns-to-china-for-up-to-six-lng-carrier-newbuildings-87538, https://www.imarinenews.com/31984.html",,,
1183,1176325,https://www.marinetraffic.org/ship-owner-manager-ism-data/HUDONG-ZHONGHUA/1176325/1,Hudong-Zhonghua (TMS Cardiff Gas 2),https://www.marinetraffic.org/ship-owner-manager-ism-data/HUDONG-ZHONGHUA/1176325/1,candidate additions from chatgpt/claude,,,,,on order,GEM,5/14/2026,https://splash247.com/tms-cardiff-gas-and-celsius-tied-to-1-5bn-samsung-lng-orders/,TMS Cardiff Gas,https://splash247.com/tms-cardiff-gas-and-celsius-tied-to-1-5bn-samsung-lng-orders/,Greece,https://system.new-vessels.com/orderer-45411-TMS_Cardiff_Gas_Ltd.html,Hudong-Zhonghua Shipbuilding,https://www.marinetraffic.org/ship-owner-manager-ism-data/HUDONG-ZHONGHUA/1176325/1,China,https://www.shipyards.gr/shipyards/new-buildings-shipyards/newbuilding-farest-pacific-ocean/newbuilding-far-east-china-sea/china-south/hudong-zhonghua-shipbuilding-group-coltd,31.271988,121.575478,"7HCG+R4 Pudong, Shanghai, China",exact,"https://www.google.com/maps/place/Hudong-Zhonghua+Shipbuilding/@31.2720706,121.5727207,753m/data=!3m2!1e3!4b1!4m6!3m5!1s0x35b2742eceeb203d:0x37fddc7176d2cc24!8m2!3d31.2720706!4d121.5752956!16s%2Fg%2F1td0qx6d?entry=ttu&g_ep=EgoyMDI1MTIwMi4wIKXMDSoASAFQAw%3D%3D",174000,cbm,https://splash247.com/tms-cardiff-gas-and-celsius-tied-to-1-5bn-samsung-lng-orders/,,,,,,,2028,https://lngprime.com/asia/tms-orders-lng-carrier-quartet-in-china/175493/,SFOC/Clarkson - May 2026,,,21-Jan-2026,"https://www.rivieramm.com/news-content-hub/news-content-hub/economous-tms-turns-to-china-for-up-to-six-lng-carrier-newbuildings-87538, https://www.imarinenews.com/31984.html",,,
1184,1176337,https://www.marinetraffic.org/ship-owner-manager-ism-data/HUDONG-ZHONGHUA/1176337/1,Hudong-Zhonghua (TMS Cardiff Gas 3),https://www.marinetraffic.org/ship-owner-manager-ism-data/HUDONG-ZHONGHUA/1176337/1,candidate additions from chatgpt/claude,,,,,on order,GEM,5/14/2026,https://splash247.com/tms-cardiff-gas-and-celsius-tied-to-1-5bn-samsung-lng-orders/,TMS Cardiff Gas,https://splash247.com/tms-cardiff-gas-and-celsius-tied-to-1-5bn-samsung-lng-orders/,Greece,https://system.new-vessels.com/orderer-45411-TMS_Cardiff_Gas_Ltd.html,Hudong-Zhonghua Shipbuilding,https://www.marinetraffic.org/ship-owner-manager-ism-data/HUDONG-ZHONGHUA/1176337/1,China,https://www.shipyards.gr/shipyards/new-buildings-shipyards/newbuilding-farest-pacific-ocean/newbuilding-far-east-china-sea/china-south/hudong-zhonghua-shipbuilding-group-coltd,31.271988,121.575478,"7HCG+R4 Pudong, Shanghai, China",exact,"https://www.google.com/maps/place/Hudong-Zhonghua+Shipbuilding/@31.2720706,121.5727207,753m/data=!3m2!1e3!4b1!4m6!3m5!1s0x35b2742eceeb203d:0x37fddc7176d2cc24!8m2!3d31.2720706!4d121.5752956!16s%2Fg%2F1td0qx6d?entry=ttu&g_ep=EgoyMDI1MTIwMi4wIKXMDSoASAFQAw%3D%3D",174000,cbm,https://splash247.com/tms-cardiff-gas-and-celsius-tied-to-1-5bn-samsung-lng-orders/,,,,,,,2028,https://lngprime.com/asia/tms-orders-lng-carrier-quartet-in-china/175493/,SFOC/Clarkson - May 2026,,,21-Jan-2026,"https://www.rivieramm.com/news-content-hub/news-content-hub/economous-tms-turns-to-china-for-up-to-six-lng-carrier-newbuildings-87538, https://www.imarinenews.com/31984.html",,,
1185,1176349,https://www.marinetraffic.org/ship-owner-manager-ism-data/HUDONG-ZHONGHUA/1176349/1,Hudong-Zhonghua (TMS Cardiff Gas 4),https://www.marinetraffic.org/ship-owner-manager-ism-data/HUDONG-ZHONGHUA/1176349/1,candidate additions from chatgpt/claude,,,,,on order,GEM,5/14/2026,https://splash247.com/tms-cardiff-gas-and-celsius-tied-to-1-5bn-samsung-lng-orders/,TMS Cardiff Gas,https://splash247.com/tms-cardiff-gas-and-celsius-tied-to-1-5bn-samsung-lng-orders/,Greece,https://system.new-vessels.com/orderer-45411-TMS_Cardiff_Gas_Ltd.html,Hudong-Zhonghua Shipbuilding,https://www.marinetraffic.org/ship-owner-manager-ism-data/HUDONG-ZHONGHUA/1176349/1,China,https://www.shipyards.gr/shipyards/new-buildings-shipyards/newbuilding-farest-pacific-ocean/newbuilding-far-east-china-sea/china-south/hudong-zhonghua-shipbuilding-group-coltd,31.271988,121.575478,"7HCG+R4 Pudong, Shanghai, China",exact,"https://www.google.com/maps/place/Hudong-Zhonghua+Shipbuilding/@31.2720706,121.5727207,753m/data=!3m2!1e3!4b1!4m6!3m5!1s0x35b2742eceeb203d:0x37fddc7176d2cc24!8m2!3d31.2720706!4d121.5752956!16s%2Fg%2F1td0qx6d?entry=ttu&g_ep=EgoyMDI1MTIwMi4wIKXMDSoASAFQAw%3D%3D",174000,cbm,https://splash247.com/tms-cardiff-gas-and-celsius-tied-to-1-5bn-samsung-lng-orders/,,,,,,,2028,https://lngprime.com/asia/tms-orders-lng-carrier-quartet-in-china/175493/,SFOC/Clarkson - May 2026,,,21-Jan-2026,"https://www.rivieramm.com/news-content-hub/news-content-hub/economous-tms-turns-to-china-for-up-to-six-lng-carrier-newbuildings-87538, https://www.imarinenews.com/31984.html",,,
1190,,,Hudong-Zhonghua (Bonny Gas Transport 1),https://www.seatrade-maritime.com/lng/nigeria-lng-orders-newbuilds-at-hudong-zhonghua-shipbuilding,,,,,,on order,GEM,5/14/2026,https://www.seatrade-maritime.com/lng/nigeria-lng-orders-newbuilds-at-hudong-zhonghua-shipbuilding,Bonny Gas Transport,https://www.seatrade-maritime.com/lng/nigeria-lng-orders-newbuilds-at-hudong-zhonghua-shipbuilding,,,Hudong-Zhonghua Shipbuilding,"https://lngprime.com/asia/nlng-picks-hudong-zhonghua-to-build-lng-carriers/169110/, https://splash247.com/nigeria-lng-shipping-unit-picks-hudong-zhonghua-for-new-lng-carrier-batch/, https://www.bairdmaritime.com/shipping/tankers/gas/nigeria-lng-taps-chinese-yard-for-three-vlgc-newbuildings, https://en.portnews.ru/news/386141/",China,https://www.shipyards.gr/shipyards/new-buildings-shipyards/newbuilding-farest-pacific-ocean/newbuilding-far-east-china-sea/china-south/hudong-zhonghua-shipbuilding-group-coltd,31.271988,121.575478,"7HCG+R4 Pudong, Shanghai, China",exact,"https://www.google.com/maps/place/Hudong-Zhonghua+Shipbuilding/@31.2720706,121.5727207,753m/data=!3m2!1e3!4b1!4m6!3m5!1s0x35b2742eceeb203d:0x37fddc7176d2cc24!8m2!3d31.2720706!4d121.5752956!16s%2Fg%2F1td0qx6d?entry=ttu&g_ep=EgoyMDI1MTIwMi4wIKXMDSoASAFQAw%3D%3D",174000,cbm,"https://lngprime.com/asia/nlng-picks-hudong-zhonghua-to-build-lng-carriers/169110/, https://splash247.com/nigeria-lng-shipping-unit-picks-hudong-zhonghua-for-new-lng-carrier-batch/, https://www.bairdmaritime.com/shipping/tankers/gas/nigeria-lng-taps-chinese-yard-for-three-vlgc-newbuildings, https://en.portnews.ru/news/386141/",,,,,X-DF,"https://www.thisdaylive.com/2026/06/02/nlng-subsidiary-awards-contracts-for-three-newbuild-lng-vessels/, https://businessday.ng/news/article/nlng-affiliate-contracts-chinese-shipbuilders-for-3-lng-vessels/",2029,"https://lngprime.com/asia/nlng-picks-hudong-zhonghua-to-build-lng-carriers/169110/, https://www.bairdmaritime.com/shipping/tankers/gas/nigeria-lng-taps-chinese-yard-for-three-vlgc-newbuildings",SFOC/Clarkson - May 2026,Nigeria LNG,"https://www.thisdaylive.com/2026/06/02/nlng-subsidiary-awards-contracts-for-three-newbuild-lng-vessels/, https://businessday.ng/news/article/nlng-affiliate-contracts-chinese-shipbuilders-for-3-lng-vessels/",16-Dec-2025,https://lngprime.com/asia/nigeria-lngs-bgt-orders-lng-carrier-trio-at-hudong-zhonghua/172707/,,,
1191,,,Hudong-Zhonghua (Bonny Gas Transport 2),https://lngprime.com/asia/petronas-misc-seal-20-year-charter-deal-for-lng-carrier-quintet/186162/,,,,,,on order,GEM,5/14/2026,https://lngprime.com/asia/petronas-misc-seal-20-year-charter-deal-for-lng-carrier-quintet/186162/,Bonny Gas Transport,https://lngprime.com/asia/petronas-misc-seal-20-year-charter-deal-for-lng-carrier-quintet/186162/,,,Hudong-Zhonghua Shipbuilding,"https://lngprime.com/asia/nlng-picks-hudong-zhonghua-to-build-lng-carriers/169110/, https://splash247.com/nigeria-lng-shipping-unit-picks-hudong-zhonghua-for-new-lng-carrier-batch/, https://www.bairdmaritime.com/shipping/tankers/gas/nigeria-lng-taps-chinese-yard-for-three-vlgc-newbuildings, https://en.portnews.ru/news/386141/",China,https://www.shipyards.gr/shipyards/new-buildings-shipyards/newbuilding-farest-pacific-ocean/newbuilding-far-east-china-sea/china-south/hudong-zhonghua-shipbuilding-group-coltd,31.271988,121.575478,"7HCG+R4 Pudong, Shanghai, China",exact,"https://www.google.com/maps/place/Hudong-Zhonghua+Shipbuilding/@31.2720706,121.5727207,753m/data=!3m2!1e3!4b1!4m6!3m5!1s0x35b2742eceeb203d:0x37fddc7176d2cc24!8m2!3d31.2720706!4d121.5752956!16s%2Fg%2F1td0qx6d?entry=ttu&g_ep=EgoyMDI1MTIwMi4wIKXMDSoASAFQAw%3D%3D",174000,cbm,"https://lngprime.com/asia/nlng-picks-hudong-zhonghua-to-build-lng-carriers/169110/, https://splash247.com/nigeria-lng-shipping-unit-picks-hudong-zhonghua-for-new-lng-carrier-batch/, https://www.bairdmaritime.com/shipping/tankers/gas/nigeria-lng-taps-chinese-yard-for-three-vlgc-newbuildings, https://en.portnews.ru/news/386141/",,,,,X-DF,"https://www.thisdaylive.com/2026/06/02/nlng-subsidiary-awards-contracts-for-three-newbuild-lng-vessels/, https://businessday.ng/news/article/nlng-affiliate-contracts-chinese-shipbuilders-for-3-lng-vessels/",2029,"https://lngprime.com/asia/nlng-picks-hudong-zhonghua-to-build-lng-carriers/169110/, https://www.bairdmaritime.com/shipping/tankers/gas/nigeria-lng-taps-chinese-yard-for-three-vlgc-newbuildings",SFOC/Clarkson - May 2026,Nigeria LNG,"https://www.thisdaylive.com/2026/06/02/nlng-subsidiary-awards-contracts-for-three-newbuild-lng-vessels/, https://businessday.ng/news/article/nlng-affiliate-contracts-chinese-shipbuilders-for-3-lng-vessels/",16-Dec-2025,https://lngprime.com/asia/nigeria-lngs-bgt-orders-lng-carrier-trio-at-hudong-zhonghua/172707/,,,
1192,,,Hudong-Zhonghua (Bonny Gas Transport 3),https://lngprime.com/asia/petronas-misc-seal-20-year-charter-deal-for-lng-carrier-quintet/186162/,,,,,,on order,GEM,5/14/2026,https://lngprime.com/asia/petronas-misc-seal-20-year-charter-deal-for-lng-carrier-quintet/186162/,Bonny Gas Transport,https://lngprime.com/asia/petronas-misc-seal-20-year-charter-deal-for-lng-carrier-quintet/186162/,,,Hudong-Zhonghua Shipbuilding,"https://lngprime.com/asia/nlng-picks-hudong-zhonghua-to-build-lng-carriers/169110/, https://splash247.com/nigeria-lng-shipping-unit-picks-hudong-zhonghua-for-new-lng-carrier-batch/, https://www.bairdmaritime.com/shipping/tankers/gas/nigeria-lng-taps-chinese-yard-for-three-vlgc-newbuildings, https://en.portnews.ru/news/386141/",China,https://www.shipyards.gr/shipyards/new-buildings-shipyards/newbuilding-farest-pacific-ocean/newbuilding-far-east-china-sea/china-south/hudong-zhonghua-shipbuilding-group-coltd,31.271988,121.575478,"7HCG+R4 Pudong, Shanghai, China",exact,"https://www.google.com/maps/place/Hudong-Zhonghua+Shipbuilding/@31.2720706,121.5727207,753m/data=!3m2!1e3!4b1!4m6!3m5!1s0x35b2742eceeb203d:0x37fddc7176d2cc24!8m2!3d31.2720706!4d121.5752956!16s%2Fg%2F1td0qx6d?entry=ttu&g_ep=EgoyMDI1MTIwMi4wIKXMDSoASAFQAw%3D%3D",174000,cbm,"https://lngprime.com/asia/nlng-picks-hudong-zhonghua-to-build-lng-carriers/169110/, https://splash247.com/nigeria-lng-shipping-unit-picks-hudong-zhonghua-for-new-lng-carrier-batch/, https://www.bairdmaritime.com/shipping/tankers/gas/nigeria-lng-taps-chinese-yard-for-three-vlgc-newbuildings, https://en.portnews.ru/news/386141/",,,,,X-DF,"https://www.thisdaylive.com/2026/06/02/nlng-subsidiary-awards-contracts-for-three-newbuild-lng-vessels/, https://businessday.ng/news/article/nlng-affiliate-contracts-chinese-shipbuilders-for-3-lng-vessels/",2029,"https://lngprime.com/asia/nlng-picks-hudong-zhonghua-to-build-lng-carriers/169110/, https://www.bairdmaritime.com/shipping/tankers/gas/nigeria-lng-taps-chinese-yard-for-three-vlgc-newbuildings",SFOC/Clarkson - May 2026,Nigeria LNG,"https://www.thisdaylive.com/2026/06/02/nlng-subsidiary-awards-contracts-for-three-newbuild-lng-vessels/, https://businessday.ng/news/article/nlng-affiliate-contracts-chinese-shipbuilders-for-3-lng-vessels/",16-Dec-2025,https://lngprime.com/asia/nigeria-lngs-bgt-orders-lng-carrier-trio-at-hudong-zhonghua/172707/,,,
1193,,,HD Hyundai Samho (Capital Clean ECC 1),https://www.marinelink.com/news/maritime/lng-carrier,,,,,,on order,GEM,5/14/2026,https://www.marinelink.com/news/maritime/lng-carrier,Capital Clean ECC,https://www.marinelink.com/news/maritime/lng-carrier,Greece,,HD Hyundai Samho,https://www.marinelink.com/news/maritime/lng-carrier,South Korea,https://www.hshi.co.kr/eng/,34.75031,126.3875,"Q92P+7M Yeongam-gun, Jeollanam-do",exact,https://www.google.com/maps/place/Hyundai+Samho+Heavy+Industries+Entrance/data=!3m1!1e3!4m10!1m2!2m1!1sHyundai+Samho+Heavy+Industries!3m6!1s0x3573a4568dfe21d7:0x865a025eb9b373b5!8m2!3d34.75066!4d126.386691!15sCh5IeXVuZGFpIFNhbWhvIEhlYXZ5IEluZHVzdHJpZXOSAQhidXNfc3RvcOABAA!16s%2Fg%2F11b77sqk26?entry=ttu&g_ep=EgoyMDI1MTIwMi4wIKXMDSoASAFQAw%3D%3D,174000,cbm,https://www.marinelink.com/news/maritime/lng-carrier,,,,,,,2028,https://www.marinelink.com/news/maritime/lng-carrier,SFOC/Clarkson - May 2026,,,29-Dec-2025,https://www.marinelink.com/news/maritime/lng-carrier,,,
1194,,,HD Hyundai Samho (Capital Clean ECC 2),https://www.marinelink.com/news/maritime/lng-carrier,,,,,,on order,GEM,5/14/2026,https://www.marinelink.com/news/maritime/lng-carrier,Capital Clean ECC,https://www.marinelink.com/news/maritime/lng-carrier,Greece,,HD Hyundai Samho,https://www.marinelink.com/news/maritime/lng-carrier,South Korea,https://www.hshi.co.kr/eng/,34.75031,126.3875,"Q92P+7M Yeongam-gun, Jeollanam-do",exact,https://www.google.com/maps/place/Hyundai+Samho+Heavy+Industries+Entrance/data=!3m1!1e3!4m10!1m2!2m1!1sHyundai+Samho+Heavy+Industries!3m6!1s0x3573a4568dfe21d7:0x865a025eb9b373b5!8m2!3d34.75066!4d126.386691!15sCh5IeXVuZGFpIFNhbWhvIEhlYXZ5IEluZHVzdHJpZXOSAQhidXNfc3RvcOABAA!16s%2Fg%2F11b77sqk26?entry=ttu&g_ep=EgoyMDI1MTIwMi4wIKXMDSoASAFQAw%3D%3D,174000,cbm,https://www.marinelink.com/news/maritime/lng-carrier,,,,,,,2029,https://www.marinelink.com/news/maritime/lng-carrier,SFOC/Clarkson - May 2026,,,29-Dec-2025,https://www.marinelink.com/news/maritime/lng-carrier,,,
1195,,,HD Hyundai Samho (Capital Clean ECC 3),https://www.marinelink.com/news/maritime/lng-carrier,,,,,,on order,GEM,5/14/2026,https://www.marinelink.com/news/maritime/lng-carrier,Capital Clean ECC,https://www.marinelink.com/news/maritime/lng-carrier,Greece,,HD Hyundai Samho,https://www.marinelink.com/news/maritime/lng-carrier,South Korea,https://www.hshi.co.kr/eng/,34.75031,126.3875,"Q92P+7M Yeongam-gun, Jeollanam-do",exact,https://www.google.com/maps/place/Hyundai+Samho+Heavy+Industries+Entrance/data=!3m1!1e3!4m10!1m2!2m1!1sHyundai+Samho+Heavy+Industries!3m6!1s0x3573a4568dfe21d7:0x865a025eb9b373b5!8m2!3d34.75066!4d126.386691!15sCh5IeXVuZGFpIFNhbWhvIEhlYXZ5IEluZHVzdHJpZXOSAQhidXNfc3RvcOABAA!16s%2Fg%2F11b77sqk26?entry=ttu&g_ep=EgoyMDI1MTIwMi4wIKXMDSoASAFQAw%3D%3D,174000,cbm,https://www.marinelink.com/news/maritime/lng-carrier,,,,,,,2029,https://www.marinelink.com/news/maritime/lng-carrier,SFOC/Clarkson - May 2026,,,29-Dec-2025,https://www.marinelink.com/news/maritime/lng-carrier,,,
1196,,,Hudong-Zhonghua (MISC 1),"https://lngprime.com/asia/petronas-misc-seal-20-year-charter-deal-for-lng-carrier-quintet/186162/, https://splash247.com/petronas-charters-five-newbuild-lng-carriers-from-misc/, https://splash247.com/misc-lifts-hudong-zhonghua-lng-series/, https://www.bairdmaritime.com/shipping/tankers/gas/petronas-lng-signs-20-year-charter-agreement-with-misc-for-five-new-ships, https://cyprusshippingnews.com/2026/05/18/pll-signs-a-20-year-time-charter-party-with-misc-for-five-newbuild-lng-carriers/, https://theedgemalaysia.com/node/794631","Clarkson name: Hudong-Zhonghua Shanghai H2014A (BL couldn't find hull online anywhere, so removing it from name)",,,,,on order,GEM,5/14/2026,"https://lngprime.com/asia/petronas-misc-seal-20-year-charter-deal-for-lng-carrier-quintet/186162/, https://splash247.com/petronas-charters-five-newbuild-lng-carriers-from-misc/, https://splash247.com/misc-lifts-hudong-zhonghua-lng-series/, https://www.bairdmaritime.com/shipping/tankers/gas/petronas-lng-signs-20-year-charter-agreement-with-misc-for-five-new-ships, https://cyprusshippingnews.com/2026/05/18/pll-signs-a-20-year-time-charter-party-with-misc-for-five-newbuild-lng-carriers/, https://theedgemalaysia.com/node/794631",MISC,"https://lngprime.com/asia/petronas-misc-seal-20-year-charter-deal-for-lng-carrier-quintet/186162/, https://splash247.com/petronas-charters-five-newbuild-lng-carriers-from-misc/, https://splash247.com/misc-lifts-hudong-zhonghua-lng-series/, https://www.bairdmaritime.com/shipping/tankers/gas/petronas-lng-signs-20-year-charter-agreement-with-misc-for-five-new-ships, https://cyprusshippingnews.com/2026/05/18/pll-signs-a-20-year-time-charter-party-with-misc-for-five-newbuild-lng-carriers/, https://theedgemalaysia.com/node/794631",Malaysia,"https://www.shipvault.com/ships/113754, https://shipvaultapi-gjb8c.ondigitalocean.app/api/units/113754",Hudong-Zhonghua Shipbuilding,"https://lngprime.com/asia/petronas-misc-seal-20-year-charter-deal-for-lng-carrier-quintet/186162/, https://splash247.com/petronas-charters-five-newbuild-lng-carriers-from-misc/, https://splash247.com/misc-lifts-hudong-zhonghua-lng-series/, https://www.bairdmaritime.com/shipping/tankers/gas/petronas-lng-signs-20-year-charter-agreement-with-misc-for-five-new-ships, https://cyprusshippingnews.com/2026/05/18/pll-signs-a-20-year-time-charter-party-with-misc-for-five-newbuild-lng-carriers/, https://theedgemalaysia.com/node/794631",China,https://www.shipyards.gr/shipyards/new-buildings-shipyards/newbuilding-farest-pacific-ocean/newbuilding-far-east-china-sea/china-south/hudong-zhonghua-shipbuilding-group-coltd,31.271988,121.575478,"7HCG+R4 Pudong, Shanghai, China",exact,"https://www.google.com/maps/place/Hudong-Zhonghua+Shipbuilding/@31.2720706,121.5727207,753m/data=!3m2!1e3!4b1!4m6!3m5!1s0x35b2742eceeb203d:0x37fddc7176d2cc24!8m2!3d31.2720706!4d121.5752956!16s%2Fg%2F1td0qx6d?entry=ttu&g_ep=EgoyMDI1MTIwMi4wIKXMDSoASAFQAw%3D%3D",174000,cbm,"https://lngprime.com/asia/petronas-misc-seal-20-year-charter-deal-for-lng-carrier-quintet/186162/, https://splash247.com/petronas-charters-five-newbuild-lng-carriers-from-misc/, https://splash247.com/misc-lifts-hudong-zhonghua-lng-series/, https://www.bairdmaritime.com/shipping/tankers/gas/petronas-lng-signs-20-year-charter-agreement-with-misc-for-five-new-ships, https://cyprusshippingnews.com/2026/05/18/pll-signs-a-20-year-time-charter-party-with-misc-for-five-newbuild-lng-carriers/, https://theedgemalaysia.com/node/794631",,,,,,,2029,"https://lngprime.com/asia/petronas-misc-seal-20-year-charter-deal-for-lng-carrier-quintet/186162/, https://splash247.com/misc-lifts-hudong-zhonghua-lng-series/, https://cyprusshippingnews.com/2026/05/18/pll-signs-a-20-year-time-charter-party-with-misc-for-five-newbuild-lng-carriers/",SFOC/Clarkson - May 2026,PETRONAS,"https://www.thestar.com.my/business/business-news/2026/05/12/petronas-misc-sign-20-year-charter-deal-for-five-newbuild-lng-carriers, https://splash247.com/petronas-charters-five-newbuild-lng-carriers-from-misc/, https://www.businesstoday.com.my/2026/05/12/misc-secures-long-term-charter-deal-for-five-lng-carriers-from-petronas/",30-Jan-2026,https://www.imarinenews.com/31984.html,,,
1197,,,Hudong-Zhonghua (MISC 2),"https://lngprime.com/asia/petronas-misc-seal-20-year-charter-deal-for-lng-carrier-quintet/186162/, https://splash247.com/petronas-charters-five-newbuild-lng-carriers-from-misc/, https://splash247.com/misc-lifts-hudong-zhonghua-lng-series/, https://www.bairdmaritime.com/shipping/tankers/gas/petronas-lng-signs-20-year-charter-agreement-with-misc-for-five-new-ships, https://cyprusshippingnews.com/2026/05/18/pll-signs-a-20-year-time-charter-party-with-misc-for-five-newbuild-lng-carriers/, https://theedgemalaysia.com/node/794631","Clarkson name: Hudong-Zhonghua Shanghai H2015A (BL couldn't find hull online anywhere, so removing it from name)",,,,,on order,GEM,5/14/2026,"https://lngprime.com/asia/petronas-misc-seal-20-year-charter-deal-for-lng-carrier-quintet/186162/, https://splash247.com/petronas-charters-five-newbuild-lng-carriers-from-misc/, https://splash247.com/misc-lifts-hudong-zhonghua-lng-series/, https://www.bairdmaritime.com/shipping/tankers/gas/petronas-lng-signs-20-year-charter-agreement-with-misc-for-five-new-ships, https://cyprusshippingnews.com/2026/05/18/pll-signs-a-20-year-time-charter-party-with-misc-for-five-newbuild-lng-carriers/, https://theedgemalaysia.com/node/794631",MISC,"https://lngprime.com/asia/petronas-misc-seal-20-year-charter-deal-for-lng-carrier-quintet/186162/, https://splash247.com/petronas-charters-five-newbuild-lng-carriers-from-misc/, https://splash247.com/misc-lifts-hudong-zhonghua-lng-series/, https://www.bairdmaritime.com/shipping/tankers/gas/petronas-lng-signs-20-year-charter-agreement-with-misc-for-five-new-ships, https://cyprusshippingnews.com/2026/05/18/pll-signs-a-20-year-time-charter-party-with-misc-for-five-newbuild-lng-carriers/, https://theedgemalaysia.com/node/794631",Malaysia,"https://www.shipvault.com/ships/113754, https://shipvaultapi-gjb8c.ondigitalocean.app/api/units/113754",Hudong-Zhonghua Shipbuilding,"https://lngprime.com/asia/petronas-misc-seal-20-year-charter-deal-for-lng-carrier-quintet/186162/, https://splash247.com/petronas-charters-five-newbuild-lng-carriers-from-misc/, https://splash247.com/misc-lifts-hudong-zhonghua-lng-series/, https://www.bairdmaritime.com/shipping/tankers/gas/petronas-lng-signs-20-year-charter-agreement-with-misc-for-five-new-ships, https://cyprusshippingnews.com/2026/05/18/pll-signs-a-20-year-time-charter-party-with-misc-for-five-newbuild-lng-carriers/, https://theedgemalaysia.com/node/794631",China,https://www.shipyards.gr/shipyards/new-buildings-shipyards/newbuilding-farest-pacific-ocean/newbuilding-far-east-china-sea/china-south/hudong-zhonghua-shipbuilding-group-coltd,31.271988,121.575478,"7HCG+R4 Pudong, Shanghai, China",exact,"https://www.google.com/maps/place/Hudong-Zhonghua+Shipbuilding/@31.2720706,121.5727207,753m/data=!3m2!1e3!4b1!4m6!3m5!1s0x35b2742eceeb203d:0x37fddc7176d2cc24!8m2!3d31.2720706!4d121.5752956!16s%2Fg%2F1td0qx6d?entry=ttu&g_ep=EgoyMDI1MTIwMi4wIKXMDSoASAFQAw%3D%3D",174000,cbm,"https://lngprime.com/asia/petronas-misc-seal-20-year-charter-deal-for-lng-carrier-quintet/186162/, https://splash247.com/petronas-charters-five-newbuild-lng-carriers-from-misc/, https://splash247.com/misc-lifts-hudong-zhonghua-lng-series/, https://www.bairdmaritime.com/shipping/tankers/gas/petronas-lng-signs-20-year-charter-agreement-with-misc-for-five-new-ships, https://cyprusshippingnews.com/2026/05/18/pll-signs-a-20-year-time-charter-party-with-misc-for-five-newbuild-lng-carriers/, https://theedgemalaysia.com/node/794631",,,,,,,2029,"https://lngprime.com/asia/petronas-misc-seal-20-year-charter-deal-for-lng-carrier-quintet/186162/, https://splash247.com/misc-lifts-hudong-zhonghua-lng-series/, https://cyprusshippingnews.com/2026/05/18/pll-signs-a-20-year-time-charter-party-with-misc-for-five-newbuild-lng-carriers/",SFOC/Clarkson - May 2026,PETRONAS,"https://www.thestar.com.my/business/business-news/2026/05/12/petronas-misc-sign-20-year-charter-deal-for-five-newbuild-lng-carriers, https://splash247.com/petronas-charters-five-newbuild-lng-carriers-from-misc/, https://www.businesstoday.com.my/2026/05/12/misc-secures-long-term-charter-deal-for-five-lng-carriers-from-petronas/",30-Jan-2026,https://www.imarinenews.com/31984.html,,,
1198,,,Hudong-Zhonghua (MISC 3),"https://lngprime.com/asia/petronas-misc-seal-20-year-charter-deal-for-lng-carrier-quintet/186162/, https://splash247.com/petronas-charters-five-newbuild-lng-carriers-from-misc/, https://splash247.com/misc-lifts-hudong-zhonghua-lng-series/, https://www.bairdmaritime.com/shipping/tankers/gas/petronas-lng-signs-20-year-charter-agreement-with-misc-for-five-new-ships, https://cyprusshippingnews.com/2026/05/18/pll-signs-a-20-year-time-charter-party-with-misc-for-five-newbuild-lng-carriers/, https://theedgemalaysia.com/node/794631","Clarkson name: Hudong-Zhonghua Shanghai H2016A (BL couldn't find hull online anywhere, so removing it from name)",,,,,on order,GEM,5/14/2026,"https://lngprime.com/asia/petronas-misc-seal-20-year-charter-deal-for-lng-carrier-quintet/186162/, https://splash247.com/petronas-charters-five-newbuild-lng-carriers-from-misc/, https://splash247.com/misc-lifts-hudong-zhonghua-lng-series/, https://www.bairdmaritime.com/shipping/tankers/gas/petronas-lng-signs-20-year-charter-agreement-with-misc-for-five-new-ships, https://cyprusshippingnews.com/2026/05/18/pll-signs-a-20-year-time-charter-party-with-misc-for-five-newbuild-lng-carriers/, https://theedgemalaysia.com/node/794631",MISC,"https://lngprime.com/asia/petronas-misc-seal-20-year-charter-deal-for-lng-carrier-quintet/186162/, https://splash247.com/petronas-charters-five-newbuild-lng-carriers-from-misc/, https://splash247.com/misc-lifts-hudong-zhonghua-lng-series/, https://www.bairdmaritime.com/shipping/tankers/gas/petronas-lng-signs-20-year-charter-agreement-with-misc-for-five-new-ships, https://cyprusshippingnews.com/2026/05/18/pll-signs-a-20-year-time-charter-party-with-misc-for-five-newbuild-lng-carriers/, https://theedgemalaysia.com/node/794631",Malaysia,"https://www.shipvault.com/ships/113754, https://shipvaultapi-gjb8c.ondigitalocean.app/api/units/113754",Hudong-Zhonghua Shipbuilding,"https://lngprime.com/asia/petronas-misc-seal-20-year-charter-deal-for-lng-carrier-quintet/186162/, https://splash247.com/petronas-charters-five-newbuild-lng-carriers-from-misc/, https://splash247.com/misc-lifts-hudong-zhonghua-lng-series/, https://www.bairdmaritime.com/shipping/tankers/gas/petronas-lng-signs-20-year-charter-agreement-with-misc-for-five-new-ships, https://cyprusshippingnews.com/2026/05/18/pll-signs-a-20-year-time-charter-party-with-misc-for-five-newbuild-lng-carriers/, https://theedgemalaysia.com/node/794631",China,https://www.shipyards.gr/shipyards/new-buildings-shipyards/newbuilding-farest-pacific-ocean/newbuilding-far-east-china-sea/china-south/hudong-zhonghua-shipbuilding-group-coltd,31.271988,121.575478,"7HCG+R4 Pudong, Shanghai, China",exact,"https://www.google.com/maps/place/Hudong-Zhonghua+Shipbuilding/@31.2720706,121.5727207,753m/data=!3m2!1e3!4b1!4m6!3m5!1s0x35b2742eceeb203d:0x37fddc7176d2cc24!8m2!3d31.2720706!4d121.5752956!16s%2Fg%2F1td0qx6d?entry=ttu&g_ep=EgoyMDI1MTIwMi4wIKXMDSoASAFQAw%3D%3D",174000,cbm,"https://lngprime.com/asia/petronas-misc-seal-20-year-charter-deal-for-lng-carrier-quintet/186162/, https://splash247.com/petronas-charters-five-newbuild-lng-carriers-from-misc/, https://splash247.com/misc-lifts-hudong-zhonghua-lng-series/, https://www.bairdmaritime.com/shipping/tankers/gas/petronas-lng-signs-20-year-charter-agreement-with-misc-for-five-new-ships, https://cyprusshippingnews.com/2026/05/18/pll-signs-a-20-year-time-charter-party-with-misc-for-five-newbuild-lng-carriers/, https://theedgemalaysia.com/node/794631",,,,,,,2030,"https://lngprime.com/asia/petronas-misc-seal-20-year-charter-deal-for-lng-carrier-quintet/186162/, https://splash247.com/misc-lifts-hudong-zhonghua-lng-series/, https://cyprusshippingnews.com/2026/05/18/pll-signs-a-20-year-time-charter-party-with-misc-for-five-newbuild-lng-carriers/",SFOC/Clarkson - May 2026,PETRONAS,"https://www.thestar.com.my/business/business-news/2026/05/12/petronas-misc-sign-20-year-charter-deal-for-five-newbuild-lng-carriers, https://splash247.com/petronas-charters-five-newbuild-lng-carriers-from-misc/, https://www.businesstoday.com.my/2026/05/12/misc-secures-long-term-charter-deal-for-five-lng-carriers-from-petronas/",30-Jan-2026,https://www.imarinenews.com/31984.html,,,
1199,,,Hudong-Zhonghua (MISC 4),"https://lngprime.com/asia/petronas-misc-seal-20-year-charter-deal-for-lng-carrier-quintet/186162/, https://splash247.com/petronas-charters-five-newbuild-lng-carriers-from-misc/, https://splash247.com/misc-lifts-hudong-zhonghua-lng-series/, https://www.bairdmaritime.com/shipping/tankers/gas/petronas-lng-signs-20-year-charter-agreement-with-misc-for-five-new-ships, https://cyprusshippingnews.com/2026/05/18/pll-signs-a-20-year-time-charter-party-with-misc-for-five-newbuild-lng-carriers/, https://theedgemalaysia.com/node/794631","Clarkson name: Hudong-Zhonghua Shanghai H2017A (BL couldn't find hull online anywhere, so removing it from name)",,,,,on order,GEM,5/14/2026,"https://lngprime.com/asia/petronas-misc-seal-20-year-charter-deal-for-lng-carrier-quintet/186162/, https://splash247.com/petronas-charters-five-newbuild-lng-carriers-from-misc/, https://splash247.com/misc-lifts-hudong-zhonghua-lng-series/, https://www.bairdmaritime.com/shipping/tankers/gas/petronas-lng-signs-20-year-charter-agreement-with-misc-for-five-new-ships, https://cyprusshippingnews.com/2026/05/18/pll-signs-a-20-year-time-charter-party-with-misc-for-five-newbuild-lng-carriers/, https://theedgemalaysia.com/node/794631",MISC,"https://lngprime.com/asia/petronas-misc-seal-20-year-charter-deal-for-lng-carrier-quintet/186162/, https://splash247.com/petronas-charters-five-newbuild-lng-carriers-from-misc/, https://splash247.com/misc-lifts-hudong-zhonghua-lng-series/, https://www.bairdmaritime.com/shipping/tankers/gas/petronas-lng-signs-20-year-charter-agreement-with-misc-for-five-new-ships, https://cyprusshippingnews.com/2026/05/18/pll-signs-a-20-year-time-charter-party-with-misc-for-five-newbuild-lng-carriers/, https://theedgemalaysia.com/node/794631",Malaysia,"https://www.shipvault.com/ships/113754, https://shipvaultapi-gjb8c.ondigitalocean.app/api/units/113754",Hudong-Zhonghua Shipbuilding,"https://lngprime.com/asia/petronas-misc-seal-20-year-charter-deal-for-lng-carrier-quintet/186162/, https://splash247.com/petronas-charters-five-newbuild-lng-carriers-from-misc/, https://splash247.com/misc-lifts-hudong-zhonghua-lng-series/, https://www.bairdmaritime.com/shipping/tankers/gas/petronas-lng-signs-20-year-charter-agreement-with-misc-for-five-new-ships, https://cyprusshippingnews.com/2026/05/18/pll-signs-a-20-year-time-charter-party-with-misc-for-five-newbuild-lng-carriers/, https://theedgemalaysia.com/node/794631",China,https://www.shipyards.gr/shipyards/new-buildings-shipyards/newbuilding-farest-pacific-ocean/newbuilding-far-east-china-sea/china-south/hudong-zhonghua-shipbuilding-group-coltd,31.271988,121.575478,"7HCG+R4 Pudong, Shanghai, China",exact,"https://www.google.com/maps/place/Hudong-Zhonghua+Shipbuilding/@31.2720706,121.5727207,753m/data=!3m2!1e3!4b1!4m6!3m5!1s0x35b2742eceeb203d:0x37fddc7176d2cc24!8m2!3d31.2720706!4d121.5752956!16s%2Fg%2F1td0qx6d?entry=ttu&g_ep=EgoyMDI1MTIwMi4wIKXMDSoASAFQAw%3D%3D",174000,cbm,"https://lngprime.com/asia/petronas-misc-seal-20-year-charter-deal-for-lng-carrier-quintet/186162/, https://splash247.com/petronas-charters-five-newbuild-lng-carriers-from-misc/, https://splash247.com/misc-lifts-hudong-zhonghua-lng-series/, https://www.bairdmaritime.com/shipping/tankers/gas/petronas-lng-signs-20-year-charter-agreement-with-misc-for-five-new-ships, https://cyprusshippingnews.com/2026/05/18/pll-signs-a-20-year-time-charter-party-with-misc-for-five-newbuild-lng-carriers/, https://theedgemalaysia.com/node/794631",,,,,,,2029,"https://lngprime.com/asia/petronas-misc-seal-20-year-charter-deal-for-lng-carrier-quintet/186162/, https://splash247.com/misc-lifts-hudong-zhonghua-lng-series/, https://cyprusshippingnews.com/2026/05/18/pll-signs-a-20-year-time-charter-party-with-misc-for-five-newbuild-lng-carriers/",SFOC/Clarkson - May 2026,PETRONAS,"https://www.thestar.com.my/business/business-news/2026/05/12/petronas-misc-sign-20-year-charter-deal-for-five-newbuild-lng-carriers, https://splash247.com/petronas-charters-five-newbuild-lng-carriers-from-misc/, https://www.businesstoday.com.my/2026/05/12/misc-secures-long-term-charter-deal-for-five-lng-carriers-from-petronas/",27-Feb-2026,"https://cyprusshippingnews.com/2026/05/18/pll-signs-a-20-year-time-charter-party-with-misc-for-five-newbuild-lng-carriers/, https://www.bairdmaritime.com/shipping/tankers/gas/petronas-lng-signs-20-year-charter-agreement-with-misc-for-five-new-ships",,,
1200,,,Hudong-Zhonghua (MISC 5),"https://lngprime.com/asia/petronas-misc-seal-20-year-charter-deal-for-lng-carrier-quintet/186162/, https://splash247.com/petronas-charters-five-newbuild-lng-carriers-from-misc/, https://splash247.com/misc-lifts-hudong-zhonghua-lng-series/, https://www.bairdmaritime.com/shipping/tankers/gas/petronas-lng-signs-20-year-charter-agreement-with-misc-for-five-new-ships, https://cyprusshippingnews.com/2026/05/18/pll-signs-a-20-year-time-charter-party-with-misc-for-five-newbuild-lng-carriers/, https://theedgemalaysia.com/node/794631","Clarkson name: Hudong-Zhonghua Shanghai H2018A (BL couldn't find hull online anywhere, so removing it from name)",,,,,on order,GEM,5/14/2026,"https://lngprime.com/asia/petronas-misc-seal-20-year-charter-deal-for-lng-carrier-quintet/186162/, https://splash247.com/petronas-charters-five-newbuild-lng-carriers-from-misc/, https://splash247.com/misc-lifts-hudong-zhonghua-lng-series/, https://www.bairdmaritime.com/shipping/tankers/gas/petronas-lng-signs-20-year-charter-agreement-with-misc-for-five-new-ships, https://cyprusshippingnews.com/2026/05/18/pll-signs-a-20-year-time-charter-party-with-misc-for-five-newbuild-lng-carriers/, https://theedgemalaysia.com/node/794631",MISC,"https://lngprime.com/asia/petronas-misc-seal-20-year-charter-deal-for-lng-carrier-quintet/186162/, https://splash247.com/petronas-charters-five-newbuild-lng-carriers-from-misc/, https://splash247.com/misc-lifts-hudong-zhonghua-lng-series/, https://www.bairdmaritime.com/shipping/tankers/gas/petronas-lng-signs-20-year-charter-agreement-with-misc-for-five-new-ships, https://cyprusshippingnews.com/2026/05/18/pll-signs-a-20-year-time-charter-party-with-misc-for-five-newbuild-lng-carriers/, https://theedgemalaysia.com/node/794631",Malaysia,"https://www.shipvault.com/ships/113754, https://shipvaultapi-gjb8c.ondigitalocean.app/api/units/113754",Hudong-Zhonghua Shipbuilding,"https://lngprime.com/asia/petronas-misc-seal-20-year-charter-deal-for-lng-carrier-quintet/186162/, https://splash247.com/petronas-charters-five-newbuild-lng-carriers-from-misc/, https://splash247.com/misc-lifts-hudong-zhonghua-lng-series/, https://www.bairdmaritime.com/shipping/tankers/gas/petronas-lng-signs-20-year-charter-agreement-with-misc-for-five-new-ships, https://cyprusshippingnews.com/2026/05/18/pll-signs-a-20-year-time-charter-party-with-misc-for-five-newbuild-lng-carriers/, https://theedgemalaysia.com/node/794631",China,https://www.shipyards.gr/shipyards/new-buildings-shipyards/newbuilding-farest-pacific-ocean/newbuilding-far-east-china-sea/china-south/hudong-zhonghua-shipbuilding-group-coltd,31.271988,121.575478,"7HCG+R4 Pudong, Shanghai, China",exact,"https://www.google.com/maps/place/Hudong-Zhonghua+Shipbuilding/@31.2720706,121.5727207,753m/data=!3m2!1e3!4b1!4m6!3m5!1s0x35b2742eceeb203d:0x37fddc7176d2cc24!8m2!3d31.2720706!4d121.5752956!16s%2Fg%2F1td0qx6d?entry=ttu&g_ep=EgoyMDI1MTIwMi4wIKXMDSoASAFQAw%3D%3D",174000,cbm,"https://lngprime.com/asia/petronas-misc-seal-20-year-charter-deal-for-lng-carrier-quintet/186162/, https://splash247.com/petronas-charters-five-newbuild-lng-carriers-from-misc/, https://splash247.com/misc-lifts-hudong-zhonghua-lng-series/, https://www.bairdmaritime.com/shipping/tankers/gas/petronas-lng-signs-20-year-charter-agreement-with-misc-for-five-new-ships, https://cyprusshippingnews.com/2026/05/18/pll-signs-a-20-year-time-charter-party-with-misc-for-five-newbuild-lng-carriers/, https://theedgemalaysia.com/node/794631",,,,,,,2030,"https://lngprime.com/asia/petronas-misc-seal-20-year-charter-deal-for-lng-carrier-quintet/186162/, https://splash247.com/misc-lifts-hudong-zhonghua-lng-series/, https://cyprusshippingnews.com/2026/05/18/pll-signs-a-20-year-time-charter-party-with-misc-for-five-newbuild-lng-carriers/",SFOC/Clarkson - May 2026,PETRONAS,"https://www.thestar.com.my/business/business-news/2026/05/12/petronas-misc-sign-20-year-charter-deal-for-five-newbuild-lng-carriers, https://splash247.com/petronas-charters-five-newbuild-lng-carriers-from-misc/, https://www.businesstoday.com.my/2026/05/12/misc-secures-long-term-charter-deal-for-five-lng-carriers-from-petronas/",27-Feb-2026,"https://cyprusshippingnews.com/2026/05/18/pll-signs-a-20-year-time-charter-party-with-misc-for-five-newbuild-lng-carriers/, https://www.bairdmaritime.com/shipping/tankers/gas/petronas-lng-signs-20-year-charter-agreement-with-misc-for-five-new-ships",,,
1201,,,"HD Hyundai HI (HHI) Ulsan (NYK, Ocean Yield 1)","https://lngprime.com/asia/hd-hyundai-heavy-clinches-1-billion-lng-carrier-order/179423/, https://lngprime.com/contracts-and-tenders/nyk-ocean-yield-seal-lng-carrier-charter-deals-with-cheniere/176824/, https://lngprime.com/vessels/hd-hyundai-heavy-scores-order-for-lng-carrier-quartet/173462/, https://splash247.com/nyk-and-ocean-yield-expand-lng-carrier-series-to-eight-ships/, https://dart.fss.or.kr/dsaf001/main.do?rcpNo=20260106800134","Clarkson name: HD Hyundai HI (HHI) Ulsan 3639 (BL couldn't find hull online anywhere, so removing it from name)",,,,,on order,GEM,5/14/2026,"https://lngprime.com/asia/hd-hyundai-heavy-clinches-1-billion-lng-carrier-order/179423/, https://lngprime.com/contracts-and-tenders/nyk-ocean-yield-seal-lng-carrier-charter-deals-with-cheniere/176824/, https://lngprime.com/vessels/hd-hyundai-heavy-scores-order-for-lng-carrier-quartet/173462/, https://splash247.com/nyk-and-ocean-yield-expand-lng-carrier-series-to-eight-ships/, https://dart.fss.or.kr/dsaf001/main.do?rcpNo=20260106800134","NYK Line, Ocean Yield","https://lngprime.com/asia/hd-hyundai-heavy-clinches-1-billion-lng-carrier-order/179423/, https://lngprime.com/contracts-and-tenders/nyk-ocean-yield-seal-lng-carrier-charter-deals-with-cheniere/176824/, https://lngprime.com/vessels/hd-hyundai-heavy-scores-order-for-lng-carrier-quartet/173462/, https://splash247.com/nyk-and-ocean-yield-expand-lng-carrier-series-to-eight-ships/, https://dart.fss.or.kr/dsaf001/main.do?rcpNo=20260106800134",Japan,"https://www.nyk.com/english/profile/profile/, https://en.wikipedia.org/wiki/Nippon_Yusen",HD Hyundai Heavy Industries,"http://www.chinashipbuild.com/shipyard.aspx?pklujyukkpp4BbccbanmkhTk8Pl4EN, https://splash247.com/nyk-and-ocean-yield-team-up-on-lng-carrier-quartet/, https://lngprime.com/contracts-and-tenders/nyk-ocean-yield-seal-lng-carrier-charter-deals-with-cheniere/176824/",South Korea,https://www.hd.com/en/main,35.51613,129.4383,GC8Q+M6 Ulsan,exact,https://www.google.com/maps/place/HD+Hyundai+Heavy+Industries+Ulsan+Shipyard/data=!3m1!1e3!4m10!1m2!2m1!1sHD+Hyundai!3m6!1s0x3567ce56ebbfb645:0xd94a696f9fca5d90!8m2!3d35.5167468!4d129.4380269!15sCgpIRCBIeXVuZGFpkgEIc2hpcHlhcmTgAQA!16s%2Fg%2F1tfhd8y1?entry=ttu&g_ep=EgoyMDI1MTIwMi4wIKXMDSoASAFQAw%3D%3D,200000,cbm,"https://lngprime.com/asia/hd-hyundai-heavy-clinches-1-billion-lng-carrier-order/179423/, https://lngprime.com/contracts-and-tenders/nyk-ocean-yield-seal-lng-carrier-charter-deals-with-cheniere/176824/, https://lngprime.com/vessels/hd-hyundai-heavy-scores-order-for-lng-carrier-quartet/173462/, https://splash247.com/nyk-and-ocean-yield-expand-lng-carrier-series-to-eight-ships/, https://dart.fss.or.kr/dsaf001/main.do?rcpNo=20260106800134",,,,,,,2029,https://lngprime.com/asia/hd-hyundai-heavy-clinches-1-billion-lng-carrier-order/179423/,SFOC/Clarkson - May 2026,Cheniere,"https://lngprime.com/asia/hd-hyundai-heavy-clinches-1-billion-lng-carrier-order/179423/, https://splash247.com/nyk-and-ocean-yield-expand-lng-carrier-series-to-eight-ships/",04-Mar-2026,"https://splash247.com/nyk-and-ocean-yield-expand-lng-carrier-series-to-eight-ships/, https://lngprime.com/asia/hd-hyundai-heavy-clinches-1-billion-lng-carrier-order/179423/",255000000,USD,
1202,,,"HD Hyundai HI (HHI) Ulsan (NYK, Ocean Yield 2)","https://lngprime.com/asia/hd-hyundai-heavy-clinches-1-billion-lng-carrier-order/179423/, https://lngprime.com/contracts-and-tenders/nyk-ocean-yield-seal-lng-carrier-charter-deals-with-cheniere/176824/, https://lngprime.com/vessels/hd-hyundai-heavy-scores-order-for-lng-carrier-quartet/173462/, https://splash247.com/nyk-and-ocean-yield-expand-lng-carrier-series-to-eight-ships/, https://dart.fss.or.kr/dsaf001/main.do?rcpNo=20260106800134","Clarkson name: HD Hyundai HI (HHI) Ulsan 3640 (BL couldn't find hull online anywhere, so removing it from name)",,,,,on order,GEM,5/14/2026,"https://lngprime.com/asia/hd-hyundai-heavy-clinches-1-billion-lng-carrier-order/179423/, https://lngprime.com/contracts-and-tenders/nyk-ocean-yield-seal-lng-carrier-charter-deals-with-cheniere/176824/, https://lngprime.com/vessels/hd-hyundai-heavy-scores-order-for-lng-carrier-quartet/173462/, https://splash247.com/nyk-and-ocean-yield-expand-lng-carrier-series-to-eight-ships/, https://dart.fss.or.kr/dsaf001/main.do?rcpNo=20260106800134","NYK Line, Ocean Yield","https://lngprime.com/asia/hd-hyundai-heavy-clinches-1-billion-lng-carrier-order/179423/, https://lngprime.com/contracts-and-tenders/nyk-ocean-yield-seal-lng-carrier-charter-deals-with-cheniere/176824/, https://lngprime.com/vessels/hd-hyundai-heavy-scores-order-for-lng-carrier-quartet/173462/, https://splash247.com/nyk-and-ocean-yield-expand-lng-carrier-series-to-eight-ships/, https://dart.fss.or.kr/dsaf001/main.do?rcpNo=20260106800134",Japan,"https://www.nyk.com/english/profile/profile/, https://en.wikipedia.org/wiki/Nippon_Yusen",HD Hyundai Heavy Industries,"http://www.chinashipbuild.com/shipyard.aspx?pklujyukkpp4BbccbanmkhTk8Pl4EN, https://splash247.com/nyk-and-ocean-yield-team-up-on-lng-carrier-quartet/, https://lngprime.com/contracts-and-tenders/nyk-ocean-yield-seal-lng-carrier-charter-deals-with-cheniere/176824/",South Korea,https://www.hd.com/en/main,35.51613,129.4383,GC8Q+M6 Ulsan,exact,https://www.google.com/maps/place/HD+Hyundai+Heavy+Industries+Ulsan+Shipyard/data=!3m1!1e3!4m10!1m2!2m1!1sHD+Hyundai!3m6!1s0x3567ce56ebbfb645:0xd94a696f9fca5d90!8m2!3d35.5167468!4d129.4380269!15sCgpIRCBIeXVuZGFpkgEIc2hpcHlhcmTgAQA!16s%2Fg%2F1tfhd8y1?entry=ttu&g_ep=EgoyMDI1MTIwMi4wIKXMDSoASAFQAw%3D%3D,200000,cbm,"https://lngprime.com/asia/hd-hyundai-heavy-clinches-1-billion-lng-carrier-order/179423/, https://lngprime.com/contracts-and-tenders/nyk-ocean-yield-seal-lng-carrier-charter-deals-with-cheniere/176824/, https://lngprime.com/vessels/hd-hyundai-heavy-scores-order-for-lng-carrier-quartet/173462/, https://splash247.com/nyk-and-ocean-yield-expand-lng-carrier-series-to-eight-ships/, https://dart.fss.or.kr/dsaf001/main.do?rcpNo=20260106800134",,,,,,,2029,https://lngprime.com/asia/hd-hyundai-heavy-clinches-1-billion-lng-carrier-order/179423/,SFOC/Clarkson - May 2026,Cheniere,"https://lngprime.com/asia/hd-hyundai-heavy-clinches-1-billion-lng-carrier-order/179423/, https://splash247.com/nyk-and-ocean-yield-expand-lng-carrier-series-to-eight-ships/",04-Mar-2026,"https://splash247.com/nyk-and-ocean-yield-expand-lng-carrier-series-to-eight-ships/, https://lngprime.com/asia/hd-hyundai-heavy-clinches-1-billion-lng-carrier-order/179423/",255000000,USD,
1203,,,"HD Hyundai HI (HHI) Ulsan (NYK, Ocean Yield 3)","https://lngprime.com/asia/hd-hyundai-heavy-clinches-1-billion-lng-carrier-order/179423/, https://lngprime.com/contracts-and-tenders/nyk-ocean-yield-seal-lng-carrier-charter-deals-with-cheniere/176824/, https://lngprime.com/vessels/hd-hyundai-heavy-scores-order-for-lng-carrier-quartet/173462/, https://splash247.com/nyk-and-ocean-yield-expand-lng-carrier-series-to-eight-ships/, https://dart.fss.or.kr/dsaf001/main.do?rcpNo=20260106800134","Clarkson name: HD Hyundai HI (HHI) Ulsan 3641 (BL couldn't find hull online anywhere, so removing it from name)",,,,,on order,GEM,5/14/2026,"https://lngprime.com/asia/hd-hyundai-heavy-clinches-1-billion-lng-carrier-order/179423/, https://lngprime.com/contracts-and-tenders/nyk-ocean-yield-seal-lng-carrier-charter-deals-with-cheniere/176824/, https://lngprime.com/vessels/hd-hyundai-heavy-scores-order-for-lng-carrier-quartet/173462/, https://splash247.com/nyk-and-ocean-yield-expand-lng-carrier-series-to-eight-ships/, https://dart.fss.or.kr/dsaf001/main.do?rcpNo=20260106800134","NYK Line, Ocean Yield","https://lngprime.com/asia/hd-hyundai-heavy-clinches-1-billion-lng-carrier-order/179423/, https://lngprime.com/contracts-and-tenders/nyk-ocean-yield-seal-lng-carrier-charter-deals-with-cheniere/176824/, https://lngprime.com/vessels/hd-hyundai-heavy-scores-order-for-lng-carrier-quartet/173462/, https://splash247.com/nyk-and-ocean-yield-expand-lng-carrier-series-to-eight-ships/, https://dart.fss.or.kr/dsaf001/main.do?rcpNo=20260106800134",Japan,"https://www.nyk.com/english/profile/profile/, https://en.wikipedia.org/wiki/Nippon_Yusen",HD Hyundai Heavy Industries,"http://www.chinashipbuild.com/shipyard.aspx?pklujyukkpp4BbccbanmkhTk8Pl4EN, https://splash247.com/nyk-and-ocean-yield-team-up-on-lng-carrier-quartet/, https://lngprime.com/contracts-and-tenders/nyk-ocean-yield-seal-lng-carrier-charter-deals-with-cheniere/176824/",South Korea,https://www.hd.com/en/main,35.51613,129.4383,GC8Q+M6 Ulsan,exact,https://www.google.com/maps/place/HD+Hyundai+Heavy+Industries+Ulsan+Shipyard/data=!3m1!1e3!4m10!1m2!2m1!1sHD+Hyundai!3m6!1s0x3567ce56ebbfb645:0xd94a696f9fca5d90!8m2!3d35.5167468!4d129.4380269!15sCgpIRCBIeXVuZGFpkgEIc2hpcHlhcmTgAQA!16s%2Fg%2F1tfhd8y1?entry=ttu&g_ep=EgoyMDI1MTIwMi4wIKXMDSoASAFQAw%3D%3D,200000,cbm,"https://lngprime.com/asia/hd-hyundai-heavy-clinches-1-billion-lng-carrier-order/179423/, https://lngprime.com/contracts-and-tenders/nyk-ocean-yield-seal-lng-carrier-charter-deals-with-cheniere/176824/, https://lngprime.com/vessels/hd-hyundai-heavy-scores-order-for-lng-carrier-quartet/173462/, https://splash247.com/nyk-and-ocean-yield-expand-lng-carrier-series-to-eight-ships/, https://dart.fss.or.kr/dsaf001/main.do?rcpNo=20260106800134",,,,,,,2029,https://lngprime.com/asia/hd-hyundai-heavy-clinches-1-billion-lng-carrier-order/179423/,SFOC/Clarkson - May 2026,Cheniere,"https://lngprime.com/asia/hd-hyundai-heavy-clinches-1-billion-lng-carrier-order/179423/, https://splash247.com/nyk-and-ocean-yield-expand-lng-carrier-series-to-eight-ships/",04-Mar-2026,"https://splash247.com/nyk-and-ocean-yield-expand-lng-carrier-series-to-eight-ships/, https://lngprime.com/asia/hd-hyundai-heavy-clinches-1-billion-lng-carrier-order/179423/",255000000,USD,
1204,,,"HD Hyundai HI (HHI) Ulsan (NYK, Ocean Yield 4)","https://lngprime.com/asia/hd-hyundai-heavy-clinches-1-billion-lng-carrier-order/179423/, https://lngprime.com/contracts-and-tenders/nyk-ocean-yield-seal-lng-carrier-charter-deals-with-cheniere/176824/, https://lngprime.com/vessels/hd-hyundai-heavy-scores-order-for-lng-carrier-quartet/173462/, https://splash247.com/nyk-and-ocean-yield-expand-lng-carrier-series-to-eight-ships/, https://dart.fss.or.kr/dsaf001/main.do?rcpNo=20260106800134","Clarkson name: HD Hyundai HI (HHI) Ulsan 3642 (BL couldn't find hull online anywhere, so removing it from name)",,,,,on order,GEM,5/14/2026,"https://lngprime.com/asia/hd-hyundai-heavy-clinches-1-billion-lng-carrier-order/179423/, https://lngprime.com/contracts-and-tenders/nyk-ocean-yield-seal-lng-carrier-charter-deals-with-cheniere/176824/, https://lngprime.com/vessels/hd-hyundai-heavy-scores-order-for-lng-carrier-quartet/173462/, https://splash247.com/nyk-and-ocean-yield-expand-lng-carrier-series-to-eight-ships/, https://dart.fss.or.kr/dsaf001/main.do?rcpNo=20260106800134","NYK Line, Ocean Yield","https://lngprime.com/asia/hd-hyundai-heavy-clinches-1-billion-lng-carrier-order/179423/, https://lngprime.com/contracts-and-tenders/nyk-ocean-yield-seal-lng-carrier-charter-deals-with-cheniere/176824/, https://lngprime.com/vessels/hd-hyundai-heavy-scores-order-for-lng-carrier-quartet/173462/, https://splash247.com/nyk-and-ocean-yield-expand-lng-carrier-series-to-eight-ships/, https://dart.fss.or.kr/dsaf001/main.do?rcpNo=20260106800134",Japan,"https://www.nyk.com/english/profile/profile/, https://en.wikipedia.org/wiki/Nippon_Yusen",HD Hyundai Heavy Industries,"http://www.chinashipbuild.com/shipyard.aspx?pklujyukkpp4BbccbanmkhTk8Pl4EN, https://splash247.com/nyk-and-ocean-yield-team-up-on-lng-carrier-quartet/, https://lngprime.com/contracts-and-tenders/nyk-ocean-yield-seal-lng-carrier-charter-deals-with-cheniere/176824/",South Korea,https://www.hd.com/en/main,35.51613,129.4383,GC8Q+M6 Ulsan,exact,https://www.google.com/maps/place/HD+Hyundai+Heavy+Industries+Ulsan+Shipyard/data=!3m1!1e3!4m10!1m2!2m1!1sHD+Hyundai!3m6!1s0x3567ce56ebbfb645:0xd94a696f9fca5d90!8m2!3d35.5167468!4d129.4380269!15sCgpIRCBIeXVuZGFpkgEIc2hpcHlhcmTgAQA!16s%2Fg%2F1tfhd8y1?entry=ttu&g_ep=EgoyMDI1MTIwMi4wIKXMDSoASAFQAw%3D%3D,200000,cbm,"https://lngprime.com/asia/hd-hyundai-heavy-clinches-1-billion-lng-carrier-order/179423/, https://lngprime.com/contracts-and-tenders/nyk-ocean-yield-seal-lng-carrier-charter-deals-with-cheniere/176824/, https://lngprime.com/vessels/hd-hyundai-heavy-scores-order-for-lng-carrier-quartet/173462/, https://splash247.com/nyk-and-ocean-yield-expand-lng-carrier-series-to-eight-ships/, https://dart.fss.or.kr/dsaf001/main.do?rcpNo=20260106800134",,,,,,,2029,https://lngprime.com/asia/hd-hyundai-heavy-clinches-1-billion-lng-carrier-order/179423/,SFOC/Clarkson - May 2026,Cheniere,"https://lngprime.com/asia/hd-hyundai-heavy-clinches-1-billion-lng-carrier-order/179423/, https://splash247.com/nyk-and-ocean-yield-expand-lng-carrier-series-to-eight-ships/",04-Mar-2026,"https://splash247.com/nyk-and-ocean-yield-expand-lng-carrier-series-to-eight-ships/, https://lngprime.com/asia/hd-hyundai-heavy-clinches-1-billion-lng-carrier-order/179423/",255000000,USD,
1205,,,Hanwha Ocean (Knutsen OAS 1),https://lngprime.com/asia/knutsen-orders-lng-carrier-at-hanwha-ocean/186075/,,,,,,on order,GEM,5/14/2026,https://lngprime.com/asia/knutsen-orders-lng-carrier-at-hanwha-ocean/186075/,Knutsen OAS,https://lngprime.com/asia/knutsen-orders-lng-carrier-at-hanwha-ocean/186075/,Norway,https://www.imarinenews.com/35664.html,Hanwha Ocean,https://lngprime.com/vessels/knutsen-orders-lng-carrier-at-hanwha-ocean/186075/,South Korea,https://www.hanwha.com/companies/hanwha-ocean.do,34.87385,128.6966,"VMCW+V7 Geoje-si, Gyeongsangnam-do",exact,https://www.google.com/maps/place/Hanwha+Ocean/data=!3m1!1e3!4m10!1m2!2m1!1sHanwha+Ocean!3m6!1s0x356ecd1d7a72f7db:0x3bfe90e7d8bf93f0!8m2!3d34.8721913!4d128.6956963!15sCgxIYW53aGEgT2NlYW5aDiIMaGFud2hhIG9jZWFukgEfc2hpcGJ1aWxkaW5nX2FuZF9yZXBhaXJfY29tcGFueZoBI0NoWkRTVWhOTUc5blMwVkpRMEZuVFVSUmRYVkVTMWhuRUFF4AEA-gEECAAQLA!16s%2Fg%2F11swmd6_76?entry=ttu&g_ep=EgoyMDI1MTIwMi4wIKXMDSoASAFQAw%3D%3D,174000,cbm,"https://www.rivieramm.com/news-content-hub/news-content-hub/knutsen-linked-to-us250m-lng-carrier-order-at-hanwha-ocean-88721, https://splash247.com/knutsen-stacks-lng-orderbook-higher-with-hanwha-ocean-deal/",,,,,,,2029,"https://lngprime.com/asia/knutsen-orders-lng-carrier-at-hanwha-ocean/186075/, https://www.rivieramm.com/news-content-hub/news-content-hub/knutsen-linked-to-us250m-lng-carrier-order-at-hanwha-ocean-88721",SFOC/Clarkson - May 2026,,,08-May-2026,https://www.rivieramm.com/news-content-hub/news-content-hub/knutsen-linked-to-us250m-lng-carrier-order-at-hanwha-ocean-88721,,,
1207,,,Samsung HI (TMS Cardiff Gas 1),"https://en.sedaily.com/finance/2026/05/14/samsung-heavy-wins-545-million-order-for-two-lng-carriers, https://lngprime.com/asia/south-koreas-samsung-heavy-bags-new-order-for-lng-carrier-duo/186477/, https://www.indexbox.io/blog/tms-cardiff-gas-orders-two-lng-carriers-at-samsung-heavy-industries-for-5056m/, https://www.rivieramm.com/news-content-hub/news-content-hub/tms-cardiff-gas-linked-to-pair-of-vlgc-newbuildings-at-hd-hyundai-88710","Samsung HI disclosed contract on 14-May-2026 for 2 LNG carriers worth KRW 750.5bn ($505.6M, ~$253M each), Oceania-region buyer in DART filing. Shipbroking sources (Splash247, IndexBox) identify the buyer as Greek George-Economou-led TMS Cardiff Gas. Delivery by end of June 2029. Backend already has 4 TMS Cardiff/Samsung hulls 2754-2757 (Aug 2025); these 2 are additional. Hull numbers TBD (likely 2758, 2759 or similar in Samsung sequence).",,,,,on order,GEM,5/19/2026,"https://en.sedaily.com/finance/2026/05/14/samsung-heavy-wins-545-million-order-for-two-lng-carriers, https://lngprime.com/asia/south-koreas-samsung-heavy-bags-new-order-for-lng-carrier-duo/186477/, https://www.indexbox.io/blog/tms-cardiff-gas-orders-two-lng-carriers-at-samsung-heavy-industries-for-5056m/",TMS Cardiff Gas,"https://en.sedaily.com/finance/2026/05/14/samsung-heavy-wins-545-million-order-for-two-lng-carriers, https://lngprime.com/asia/south-koreas-samsung-heavy-bags-new-order-for-lng-carrier-duo/186477/, https://www.indexbox.io/blog/tms-cardiff-gas-orders-two-lng-carriers-at-samsung-heavy-industries-for-5056m/, https://www.rivieramm.com/news-content-hub/news-content-hub/tms-cardiff-gas-linked-to-pair-of-vlgc-newbuildings-at-hd-hyundai-88710",Greece,https://system.new-vessels.com/orderer-45411-TMS_Cardiff_Gas_Ltd.html,Samsung Heavy Industries,"https://en.sedaily.com/finance/2026/05/14/samsung-heavy-wins-545-million-order-for-two-lng-carriers, https://lngprime.com/asia/south-koreas-samsung-heavy-bags-new-order-for-lng-carrier-duo/186477/, https://www.indexbox.io/blog/tms-cardiff-gas-orders-two-lng-carriers-at-samsung-heavy-industries-for-5056m/, https://www.rivieramm.com/news-content-hub/news-content-hub/tms-cardiff-gas-linked-to-pair-of-vlgc-newbuildings-at-hd-hyundai-88710",South Korea,https://www.samsungshi.com/En/Default.aspx,34.89804,128.6045,"VJW3+QV Geoje-si, Gyeongsangnam-do",exact,https://www.google.com/maps/place/Samsung+Heavy+industries/data=!3m1!1e3!4m10!1m2!2m1!1ssamsung+heavy+industries!3m6!1s0x356ecd83691a8fb5:0xd4204e9a1bb0ef10!8m2!3d34.8969682!4d128.6046376!15sChhzYW1zdW5nIGhlYXZ5IGluZHVzdHJpZXOSAQhzaGlweWFyZOABAA!16s%2Fg%2F1tgcpry6?entry=ttu&g_ep=EgoyMDI1MTIwMi4wIKXMDSoASAFQAw%3D%3D,174000,cbm,"https://en.sedaily.com/finance/2026/05/14/samsung-heavy-wins-545-million-order-for-two-lng-carriers, https://lngprime.com/asia/south-koreas-samsung-heavy-bags-new-order-for-lng-carrier-duo/186477/, https://www.indexbox.io/blog/tms-cardiff-gas-orders-two-lng-carriers-at-samsung-heavy-industries-for-5056m/",,,,,,,2029,"https://en.sedaily.com/finance/2026/05/14/samsung-heavy-wins-545-million-order-for-two-lng-carriers, https://lngprime.com/asia/south-koreas-samsung-heavy-bags-new-order-for-lng-carrier-duo/186477/, https://www.indexbox.io/blog/tms-cardiff-gas-orders-two-lng-carriers-at-samsung-heavy-industries-for-5056m/",Claude - agentic workflow new discovery - May 2026,TMS Cardiff Gas,"https://en.sedaily.com/finance/2026/05/14/samsung-heavy-wins-545-million-order-for-two-lng-carriers, https://lngprime.com/asia/south-koreas-samsung-heavy-bags-new-order-for-lng-carrier-duo/186477/, https://www.indexbox.io/blog/tms-cardiff-gas-orders-two-lng-carriers-at-samsung-heavy-industries-for-5056m/",14-May-2026,"https://en.sedaily.com/finance/2026/05/14/samsung-heavy-wins-545-million-order-for-two-lng-carriers, https://lngprime.com/asia/south-koreas-samsung-heavy-bags-new-order-for-lng-carrier-duo/186477/, https://www.indexbox.io/blog/tms-cardiff-gas-orders-two-lng-carriers-at-samsung-heavy-industries-for-5056m/",2.53E+08,USD,"https://en.sedaily.com/finance/2026/05/14/samsung-heavy-wins-545-million-order-for-two-lng-carriers, https://lngprime.com/asia/south-koreas-samsung-heavy-bags-new-order-for-lng-carrier-duo/186477/, https://www.indexbox.io/blog/tms-cardiff-gas-orders-two-lng-carriers-at-samsung-heavy-industries-for-5056m/"
1208,,,Samsung HI (TMS Cardiff Gas 2),"https://en.sedaily.com/finance/2026/05/14/samsung-heavy-wins-545-million-order-for-two-lng-carriers, https://lngprime.com/asia/south-koreas-samsung-heavy-bags-new-order-for-lng-carrier-duo/186477/, https://www.indexbox.io/blog/tms-cardiff-gas-orders-two-lng-carriers-at-samsung-heavy-industries-for-5056m/, https://www.rivieramm.com/news-content-hub/news-content-hub/tms-cardiff-gas-linked-to-pair-of-vlgc-newbuildings-at-hd-hyundai-88710","(Sister hull to C2-a, same cluster, same source set, same data.)",,,,,on order,GEM,5/19/2026,"https://en.sedaily.com/finance/2026/05/14/samsung-heavy-wins-545-million-order-for-two-lng-carriers, https://lngprime.com/asia/south-koreas-samsung-heavy-bags-new-order-for-lng-carrier-duo/186477/, https://www.indexbox.io/blog/tms-cardiff-gas-orders-two-lng-carriers-at-samsung-heavy-industries-for-5056m/",TMS Cardiff Gas,"https://en.sedaily.com/finance/2026/05/14/samsung-heavy-wins-545-million-order-for-two-lng-carriers, https://lngprime.com/asia/south-koreas-samsung-heavy-bags-new-order-for-lng-carrier-duo/186477/, https://www.indexbox.io/blog/tms-cardiff-gas-orders-two-lng-carriers-at-samsung-heavy-industries-for-5056m/, https://www.rivieramm.com/news-content-hub/news-content-hub/tms-cardiff-gas-linked-to-pair-of-vlgc-newbuildings-at-hd-hyundai-88710",Greece,https://system.new-vessels.com/orderer-45411-TMS_Cardiff_Gas_Ltd.html,Samsung Heavy Industries,"https://en.sedaily.com/finance/2026/05/14/samsung-heavy-wins-545-million-order-for-two-lng-carriers, https://lngprime.com/asia/south-koreas-samsung-heavy-bags-new-order-for-lng-carrier-duo/186477/, https://www.indexbox.io/blog/tms-cardiff-gas-orders-two-lng-carriers-at-samsung-heavy-industries-for-5056m/, https://www.rivieramm.com/news-content-hub/news-content-hub/tms-cardiff-gas-linked-to-pair-of-vlgc-newbuildings-at-hd-hyundai-88710",South Korea,https://www.samsungshi.com/En/Default.aspx,34.89804,128.6045,"VJW3+QV Geoje-si, Gyeongsangnam-do",exact,https://www.google.com/maps/place/Samsung+Heavy+industries/data=!3m1!1e3!4m10!1m2!2m1!1ssamsung+heavy+industries!3m6!1s0x356ecd83691a8fb5:0xd4204e9a1bb0ef10!8m2!3d34.8969682!4d128.6046376!15sChhzYW1zdW5nIGhlYXZ5IGluZHVzdHJpZXOSAQhzaGlweWFyZOABAA!16s%2Fg%2F1tgcpry6?entry=ttu&g_ep=EgoyMDI1MTIwMi4wIKXMDSoASAFQAw%3D%3D,174000,cbm,"https://en.sedaily.com/finance/2026/05/14/samsung-heavy-wins-545-million-order-for-two-lng-carriers, https://lngprime.com/asia/south-koreas-samsung-heavy-bags-new-order-for-lng-carrier-duo/186477/, https://www.indexbox.io/blog/tms-cardiff-gas-orders-two-lng-carriers-at-samsung-heavy-industries-for-5056m/",,,,,,,2029,"https://en.sedaily.com/finance/2026/05/14/samsung-heavy-wins-545-million-order-for-two-lng-carriers, https://lngprime.com/asia/south-koreas-samsung-heavy-bags-new-order-for-lng-carrier-duo/186477/, https://www.indexbox.io/blog/tms-cardiff-gas-orders-two-lng-carriers-at-samsung-heavy-industries-for-5056m/",Claude - agentic workflow new discovery - May 2026,TMS Cardiff Gas,"https://en.sedaily.com/finance/2026/05/14/samsung-heavy-wins-545-million-order-for-two-lng-carriers, https://lngprime.com/asia/south-koreas-samsung-heavy-bags-new-order-for-lng-carrier-duo/186477/, https://www.indexbox.io/blog/tms-cardiff-gas-orders-two-lng-carriers-at-samsung-heavy-industries-for-5056m/",14-May-2026,"https://en.sedaily.com/finance/2026/05/14/samsung-heavy-wins-545-million-order-for-two-lng-carriers, https://lngprime.com/asia/south-koreas-samsung-heavy-bags-new-order-for-lng-carrier-duo/186477/, https://www.indexbox.io/blog/tms-cardiff-gas-orders-two-lng-carriers-at-samsung-heavy-industries-for-5056m/",2.53E+08,USD,"https://en.sedaily.com/finance/2026/05/14/samsung-heavy-wins-545-million-order-for-two-lng-carriers, https://lngprime.com/asia/south-koreas-samsung-heavy-bags-new-order-for-lng-carrier-duo/186477/, https://www.indexbox.io/blog/tms-cardiff-gas-orders-two-lng-carriers-at-samsung-heavy-industries-for-5056m/"
1216,,,Hull CMHI-282-07,http://www.chinashipbuild.com/shipyard.aspx?pklujyukkpp4BbcgXanmkhTk8Pl4EN,,,,Hull CMHI-282-07,http://www.chinashipbuild.com/shipyard.aspx?pklujyukkpp4BbcgXanmkhTk8Pl4EN,on order,GEM,5/26/2026,http://www.chinashipbuild.com/shipyard.aspx?pklujyukkpp4BbcgXanmkhTk8Pl4EN,Celsius Shipping,"http://www.chinashipbuild.com/shipyard.aspx?pklujyukkpp4BbcgXanmkhTk8Pl4EN, https://splash247.com/celsius-boosts-lng-carrier-orderbook-at-china-merchants/",Denmark,https://lngprime.com/vessels/denmarks-celsius-orders-four-lng-carriers-in-china/69940/,China Merchants Heavy Industries,http://www.chinashipbuild.com/shipyard.aspx?pklujyukkpp4BbcgXanmkhTk8Pl4EN,China,http://www.chinashipbuild.com/shipyard.aspx?pklujyukkpp4BbcgXanmkhTk8Pl4EN,22.33849,114.092895,"83QV+H7 Sai Tso Wan, Hong Kong",exact,"https://www.google.com/maps/place/China+Merchants+Industry+Co+Ltd/@22.338976,114.0905771,814m/data=!3m2!1e3!4b1!4m6!3m5!1s0x3403fed4344ce4b1:0x32fadf093b2cb212!8m2!3d22.338976!4d114.093152!16s%2Fg%2F12hmyy568?entry=ttu&g_ep=EgoyMDI1MTIwMi4wIKXMDSoASAFQAw%3D%3D",180000,cbm,"https://lngprime.com/vessels/denmarks-celsius-orders-four-lng-carriers-in-china/69940/, https://www.offshore-energy.biz/celsius-orders-lng-carrier-quartet-at-cmhi/, https://deltamarin.com/references/lng-carrier/celsius-lngcs-cmhi/",membrane,"https://deltamarin.com/references/lng-carrier/celsius-lngcs-cmhi/, https://www.imarinenews.com/4851.html",conventional,http://www.chinashipbuild.com/shipyard.aspx?pklujyukkpp4BbcgXanmkhTk8Pl4EN,ME-GA,"https://www.offshore-energy.biz/celsius-orders-lng-carrier-quartet-at-cmhi/, https://lngprime.com/vessels/denmarks-celsius-orders-four-lng-carriers-in-china/69940/",2028,http://www.chinashipbuild.com/shipyard.aspx?pklujyukkpp4BbcgXanmkhTk8Pl4EN,Claude - agentic workflow new discovery - May 2026,Clearlake Shipping,"https://splash247.com/celsius-confirms-order-for-four-lng-carriers-at-china-merchants/, https://lngprime.com/vessels/denmarks-celsius-orders-four-lng-carriers-in-china/69940/, https://www.offshore-energy.biz/celsius-orders-lng-carrier-quartet-at-cmhi/",01-May-2024,http://www.chinashipbuild.com/shipyard.aspx?pklujyukkpp4BbcgXanmkhTk8Pl4EN,,,
1217,,,Hull CMHI-282-08,http://www.chinashipbuild.com/shipyard.aspx?pklujyukkpp4BbcgXanmkhTk8Pl4EN,,,,Hull CMHI-282-08,http://www.chinashipbuild.com/shipyard.aspx?pklujyukkpp4BbcgXanmkhTk8Pl4EN,on order,GEM,5/26/2026,http://www.chinashipbuild.com/shipyard.aspx?pklujyukkpp4BbcgXanmkhTk8Pl4EN,Celsius Shipping,"http://www.chinashipbuild.com/shipyard.aspx?pklujyukkpp4BbcgXanmkhTk8Pl4EN, https://splash247.com/celsius-boosts-lng-carrier-orderbook-at-china-merchants/",Denmark,https://lngprime.com/vessels/denmarks-celsius-orders-four-lng-carriers-in-china/69940/,China Merchants Heavy Industries,http://www.chinashipbuild.com/shipyard.aspx?pklujyukkpp4BbcgXanmkhTk8Pl4EN,China,http://www.chinashipbuild.com/shipyard.aspx?pklujyukkpp4BbcgXanmkhTk8Pl4EN,22.33849,114.092895,"83QV+H7 Sai Tso Wan, Hong Kong",exact,"https://www.google.com/maps/place/China+Merchants+Industry+Co+Ltd/@22.338976,114.0905771,814m/data=!3m2!1e3!4b1!4m6!3m5!1s0x3403fed4344ce4b1:0x32fadf093b2cb212!8m2!3d22.338976!4d114.093152!16s%2Fg%2F12hmyy568?entry=ttu&g_ep=EgoyMDI1MTIwMi4wIKXMDSoASAFQAw%3D%3D",180000,cbm,"https://lngprime.com/vessels/denmarks-celsius-orders-four-lng-carriers-in-china/69940/, https://www.offshore-energy.biz/celsius-orders-lng-carrier-quartet-at-cmhi/, https://deltamarin.com/references/lng-carrier/celsius-lngcs-cmhi/",membrane,"https://deltamarin.com/references/lng-carrier/celsius-lngcs-cmhi/, https://www.imarinenews.com/4851.html",conventional,http://www.chinashipbuild.com/shipyard.aspx?pklujyukkpp4BbcgXanmkhTk8Pl4EN,ME-GA,"https://www.offshore-energy.biz/celsius-orders-lng-carrier-quartet-at-cmhi/, https://lngprime.com/vessels/denmarks-celsius-orders-four-lng-carriers-in-china/69940/",2028,http://www.chinashipbuild.com/shipyard.aspx?pklujyukkpp4BbcgXanmkhTk8Pl4EN,Claude - agentic workflow new discovery - May 2026,Clearlake Shipping,"https://splash247.com/celsius-confirms-order-for-four-lng-carriers-at-china-merchants/, https://lngprime.com/vessels/denmarks-celsius-orders-four-lng-carriers-in-china/69940/, https://www.offshore-energy.biz/celsius-orders-lng-carrier-quartet-at-cmhi/",01-May-2024,http://www.chinashipbuild.com/shipyard.aspx?pklujyukkpp4BbcgXanmkhTk8Pl4EN,,,
1219,1185144,"https://www.shipvault.com/ships/500549, https://shipvaultapi-gjb8c.ondigitalocean.app/api/units/500549",Hanwha Ocean (Knutsen),https://www.imarinenews.com/35664.html,,,,Hull 2628 (Hanwha),"https://www.shipvault.com/ships/500549, https://shipvaultapi-gjb8c.ondigitalocean.app/api/units/500549",on order,GEM,6/3/2026,https://www.imarinenews.com/35664.html,Knutsen OAS,https://www.imarinenews.com/35664.html,Norway,https://www.imarinenews.com/35664.html,Hanwha Ocean,https://www.imarinenews.com/35664.html,South Korea,https://www.hanwha.com/companies/hanwha-ocean.do,34.87385,128.6966,"VMCW+V7 Geoje-si, Gyeongsangnam-do",exact,https://www.google.com/maps/place/Hanwha+Ocean/data=!3m1!1e3!4m10!1m2!2m1!1sHanwha+Ocean!3m6!1s0x356ecd1d7a72f7db:0x3bfe90e7d8bf93f0!8m2!3d34.8721913!4d128.6956963!15sCgxIYW53aGEgT2NlYW5aDiIMaGFud2hhIG9jZWFukgEfc2hpcGJ1aWxkaW5nX2FuZF9yZXBhaXJfY29tcGFueZoBI0NoWkRTVWhOTUc5blMwVkpRMEZuVFVSUmRYVkVTMWhuRUFF4AEA-gEECAAQLA!16s%2Fg%2F11swmd6_76?entry=ttu&g_ep=EgoyMDI1MTIwMi4wIKXMDSoASAFQAw%3D%3D,174000,cbm,https://www.imarinenews.com/35664.html,,,conventional,,,,2029,https://www.imarinenews.com/35664.html,,,,29-May-2026,https://www.imarinenews.com/35664.html,250000000,USD,https://www.imarinenews.com/35664.html
1224,,,"Hudong-Zhonghua (CNOOC, CMES, NYK 4)","https://www.nyk.com/english/news/2022/20220502_01.html, https://gcaptain.com/nyk-orders-six-lng-carriers-for-long-term-charter-to-cnooc/","One of the six 174,000 cbm LNG carriers in the CNOOC + CMES + NYK tri-party JV ordered at Hudong-Zhonghua (shipbuilding/charter contracts signed 2 May 2022; chartered to CNOOC Gas & Power Singapore; managed by OPearl LNG Ship Management). The program is firmly six vessels (NYK PR, Offshore Energy, gCaptain, Maritime Executive). Two of the six are already in the backend with hull/IMO (Hull H1889A / IMO 9994319 and Hull H1890A / IMO 9994321), and one anonymous placeholder is already present (current sheet row 1087, [Original source] IGU). This candidate is the 4th of the program's slots — i.e. the 2nd of the four not-yet-hull-identified ships (1087 being the 1st). Name / Hull number / IMO stay blank: not publicly assigned/indexed yet (Equasis 'OPearl' fleet list or a CCS/class newbuild register is the way to resolve them). Delivery year left blank deliberately: the program delivers 2026-2027 and the two identified sisters are 2026, but the unidentified hulls' individual years are not separately sourced (do not assume 2026).",,,,,on order,GEM,6/5/2026,"https://www.nyk.com/english/news/2022/20220502_01.html, https://gcaptain.com/nyk-orders-six-lng-carriers-for-long-term-charter-to-cnooc/","CNOOC, CMES, NYK JV","https://gcaptain.com/nyk-orders-six-lng-carriers-for-long-term-charter-to-cnooc/, https://www.offshore-energy.biz/cnooc-nyk-and-cmes-agree-to-set-up-lng-carrier-joint-venture/, https://www.nyk.com/english/news/2022/20220502_01.html",Japan,"https://www.nyk.com/english/profile/profile/, https://en.wikipedia.org/wiki/Nippon_Yusen",Hudong-Zhonghua Shipbuilding,"https://www.nyk.com/english/news/2022/20220502_01.html, https://gcaptain.com/nyk-orders-six-lng-carriers-for-long-term-charter-to-cnooc/",China,https://www.shipyards.gr/shipyards/new-buildings-shipyards/newbuilding-farest-pacific-ocean/newbuilding-far-east-china-sea/china-south/hudong-zhonghua-shipbuilding-group-coltd,31.271988,121.575478,"7HCG+R4 Pudong, Shanghai, China",exact,"https://www.google.com/maps/place/Hudong-Zhonghua+Shipbuilding/@31.2720706,121.5727207,753m/data=!3m2!1e3!4b1!4m6!3m5!1s0x35b2742eceeb203d:0x37fddc7176d2cc24!8m2!3d31.2720706!4d121.5752956!16s%2Fg%2F1td0qx6d?entry=ttu&g_ep=EgoyMDI1MTIwMi4wIKXMDSoASAFQAw%3D%3D",174000,cbm,https://gcaptain.com/nyk-orders-six-lng-carriers-for-long-term-charter-to-cnooc/,,,,,X-DF,https://gcaptain.com/nyk-orders-six-lng-carriers-for-long-term-charter-to-cnooc/,,,,,,,,210000000,USD,
1225,,,"Hudong-Zhonghua (CNOOC, CMES, NYK 5)","https://www.nyk.com/english/news/2022/20220502_01.html, https://gcaptain.com/nyk-orders-six-lng-carriers-for-long-term-charter-to-cnooc/","Sister of Hudong-Zhonghua (CNOOC, CMES, NYK 4) — the 5th of the program's six slots (3rd of the four not-yet-hull-identified ships). Same firm CNOOC + CMES + NYK JV order at Hudong-Zhonghua, 174,000 cbm, X-DF, on order. Name / Hull / IMO blank (not yet publicly assigned). Delivery year blank (2026-2027 program; individual year unsourced). See C1 notes for the full six-ship accounting.",,,,,on order,GEM,6/5/2026,"https://www.nyk.com/english/news/2022/20220502_01.html, https://gcaptain.com/nyk-orders-six-lng-carriers-for-long-term-charter-to-cnooc/","CNOOC, CMES, NYK JV","https://gcaptain.com/nyk-orders-six-lng-carriers-for-long-term-charter-to-cnooc/, https://www.offshore-energy.biz/cnooc-nyk-and-cmes-agree-to-set-up-lng-carrier-joint-venture/, https://www.nyk.com/english/news/2022/20220502_01.html",Japan,"https://www.nyk.com/english/profile/profile/, https://en.wikipedia.org/wiki/Nippon_Yusen",Hudong-Zhonghua Shipbuilding,"https://www.nyk.com/english/news/2022/20220502_01.html, https://gcaptain.com/nyk-orders-six-lng-carriers-for-long-term-charter-to-cnooc/",China,https://www.shipyards.gr/shipyards/new-buildings-shipyards/newbuilding-farest-pacific-ocean/newbuilding-far-east-china-sea/china-south/hudong-zhonghua-shipbuilding-group-coltd,31.271988,121.575478,"7HCG+R4 Pudong, Shanghai, China",exact,"https://www.google.com/maps/place/Hudong-Zhonghua+Shipbuilding/@31.2720706,121.5727207,753m/data=!3m2!1e3!4b1!4m6!3m5!1s0x35b2742eceeb203d:0x37fddc7176d2cc24!8m2!3d31.2720706!4d121.5752956!16s%2Fg%2F1td0qx6d?entry=ttu&g_ep=EgoyMDI1MTIwMi4wIKXMDSoASAFQAw%3D%3D",174000,cbm,https://gcaptain.com/nyk-orders-six-lng-carriers-for-long-term-charter-to-cnooc/,,,,,X-DF,https://gcaptain.com/nyk-orders-six-lng-carriers-for-long-term-charter-to-cnooc/,,,,,,,,210000000,USD,
1226,,,"Hudong-Zhonghua (CNOOC, CMES, NYK 6)","https://www.nyk.com/english/news/2022/20220502_01.html, https://gcaptain.com/nyk-orders-six-lng-carriers-for-long-term-charter-to-cnooc/","Sister of Hudong-Zhonghua (CNOOC, CMES, NYK 4) — the 6th and last of the program's six slots (4th of the four not-yet-hull-identified ships). Same firm CNOOC + CMES + NYK JV order at Hudong-Zhonghua, 174,000 cbm, X-DF, on order. Name / Hull / IMO blank (not yet publicly assigned). Delivery year blank (2026-2027 program; individual year unsourced). With this row the backend holds all six: H1889A + H1890A (identified) + sheet-row-1087 placeholder + C1 + C2 + C3. See C1 notes.",,,,,on order,GEM,6/5/2026,"https://www.nyk.com/english/news/2022/20220502_01.html, https://gcaptain.com/nyk-orders-six-lng-carriers-for-long-term-charter-to-cnooc/","CNOOC, CMES, NYK JV","https://gcaptain.com/nyk-orders-six-lng-carriers-for-long-term-charter-to-cnooc/, https://www.offshore-energy.biz/cnooc-nyk-and-cmes-agree-to-set-up-lng-carrier-joint-venture/, https://www.nyk.com/english/news/2022/20220502_01.html",Japan,"https://www.nyk.com/english/profile/profile/, https://en.wikipedia.org/wiki/Nippon_Yusen",Hudong-Zhonghua Shipbuilding,"https://www.nyk.com/english/news/2022/20220502_01.html, https://gcaptain.com/nyk-orders-six-lng-carriers-for-long-term-charter-to-cnooc/",China,https://www.shipyards.gr/shipyards/new-buildings-shipyards/newbuilding-farest-pacific-ocean/newbuilding-far-east-china-sea/china-south/hudong-zhonghua-shipbuilding-group-coltd,31.271988,121.575478,"7HCG+R4 Pudong, Shanghai, China",exact,"https://www.google.com/maps/place/Hudong-Zhonghua+Shipbuilding/@31.2720706,121.5727207,753m/data=!3m2!1e3!4b1!4m6!3m5!1s0x35b2742eceeb203d:0x37fddc7176d2cc24!8m2!3d31.2720706!4d121.5752956!16s%2Fg%2F1td0qx6d?entry=ttu&g_ep=EgoyMDI1MTIwMi4wIKXMDSoASAFQAw%3D%3D",174000,cbm,https://gcaptain.com/nyk-orders-six-lng-carriers-for-long-term-charter-to-cnooc/,,,,,X-DF,https://gcaptain.com/nyk-orders-six-lng-carriers-for-long-term-charter-to-cnooc/,,,,,,,,210000000,USD,
1227,,,Samsung HI (unknown shipowner 2),"https://www.asiae.co.kr/en/article/IT/2026060809373146202, https://lngprime.com/asia/south-koreas-samsung-heavy-clinches-another-lng-carrier-order/188654/",,,,,,on order,GEM,6/22/2026,"https://www.asiae.co.kr/en/article/IT/2026060809373146202, https://lngprime.com/asia/south-koreas-samsung-heavy-clinches-another-lng-carrier-order/188654/",unknown,,Bermuda,https://cyprusshippingnews.com/2026/06/02/samsung-heavy-wins-five-vessel-order/,Samsung Heavy Industries,"https://www.asiae.co.kr/en/article/IT/2026060809373146202, https://lngprime.com/asia/south-koreas-samsung-heavy-clinches-another-lng-carrier-order/188654/",South Korea,https://www.samsungshi.com/En/Default.aspx,34.89804,128.6045,"VJW3+QV Geoje-si, Gyeongsangnam-do",exact,https://www.google.com/maps/place/Samsung+Heavy+industries/data=!3m1!1e3!4m10!1m2!2m1!1ssamsung+heavy+industries!3m6!1s0x356ecd83691a8fb5:0xd4204e9a1bb0ef10!8m2!3d34.8969682!4d128.6046376!15sChhzYW1zdW5nIGhlYXZ5IGluZHVzdHJpZXOSAQhzaGlweWFyZOABAA!16s%2Fg%2F1tgcpry6?entry=ttu&g_ep=EgoyMDI1MTIwMi4wIKXMDSoASAFQAw%3D%3D,,,,,,,,,,2029,https://lngprime.com/asia/south-koreas-samsung-heavy-clinches-another-lng-carrier-order/188654/,,,,08-June-2026,"https://www.asiae.co.kr/en/article/IT/2026060809373146202, https://lngprime.com/asia/south-koreas-samsung-heavy-clinches-another-lng-carrier-order/188654/",252000000,USD,https://lngprime.com/asia/south-koreas-samsung-heavy-clinches-another-lng-carrier-order/188654/
