op,key,column,value
set,a03b43ee-43e2-43be-8ce0-45f0dde27ac3,Shipowner country/area,Malaysia
set,a03b43ee-43e2-43be-8ce0-45f0dde27ac3,Shipowner country/area [ref],"https://www.misc.com.my/contact-us/, https://www.miscgroup.com/awcontent/Web/Documents/IntegratedAnnualReport/Integrated-Annual-Report-2025.pdf, https://en.wikipedia.org/wiki/MISC_Berhad"
set,c8a5200e-9864-45a2-a696-559e7493d085,Shipowner country/area,Malaysia
set,c8a5200e-9864-45a2-a696-559e7493d085,Shipowner country/area [ref],"https://www.misc.com.my/contact-us/, https://www.miscgroup.com/awcontent/Web/Documents/IntegratedAnnualReport/Integrated-Annual-Report-2025.pdf, https://en.wikipedia.org/wiki/MISC_Berhad"
set,e69b4bd6-77bb-4b64-a4a9-4ba48fe2c941,Shipowner country/area,Japan
set,e69b4bd6-77bb-4b64-a4a9-4ba48fe2c941,Shipowner country/area [ref],"https://www.nyk.com/english/profile/profile/, https://en.wikipedia.org/wiki/Nippon_Yusen"
set,ac1296ea-9c6d-437b-92a3-5edf4de85a7a,Shipowner country/area,Japan
set,ac1296ea-9c6d-437b-92a3-5edf4de85a7a,Shipowner country/area [ref],"https://www.nyk.com/english/profile/profile/, https://en.wikipedia.org/wiki/Nippon_Yusen"
set,3bbd5743-3ba0-413e-98c4-b6dd7bc2b4ed,Shipowner country/area,South Korea
set,3bbd5743-3ba0-413e-98c4-b6dd7bc2b4ed,Shipowner country/area [ref],https://www.emis.com/php/company-profile/KR/Hyundai_Lng_Shipping_CoLtd_en_4269939.html
set,0c32829c-b9ce-4501-9e7b-d6cff33404a8,Shipowner country/area,Malaysia
set,0c32829c-b9ce-4501-9e7b-d6cff33404a8,Shipowner country/area [ref],"https://www.misc.com.my/contact-us/, https://www.miscgroup.com/awcontent/Web/Documents/IntegratedAnnualReport/Integrated-Annual-Report-2025.pdf, https://en.wikipedia.org/wiki/MISC_Berhad"
set,d5801252-b994-471d-a832-c74a38a7d949,Shipowner country/area,Malaysia
set,d5801252-b994-471d-a832-c74a38a7d949,Shipowner country/area [ref],"https://www.misc.com.my/contact-us/, https://www.miscgroup.com/awcontent/Web/Documents/IntegratedAnnualReport/Integrated-Annual-Report-2025.pdf, https://en.wikipedia.org/wiki/MISC_Berhad"
set,c0ac6f78-c1ad-4b5a-a39f-3e10568db864,Shipowner country/area,Malaysia
set,c0ac6f78-c1ad-4b5a-a39f-3e10568db864,Shipowner country/area [ref],"https://www.misc.com.my/contact-us/, https://www.miscgroup.com/awcontent/Web/Documents/IntegratedAnnualReport/Integrated-Annual-Report-2025.pdf, https://en.wikipedia.org/wiki/MISC_Berhad"
set,e5dffc7e-7259-40f3-9e2e-604e3383d9f6,Shipowner country/area,Malaysia
set,e5dffc7e-7259-40f3-9e2e-604e3383d9f6,Shipowner country/area [ref],"https://www.misc.com.my/contact-us/, https://www.miscgroup.com/awcontent/Web/Documents/IntegratedAnnualReport/Integrated-Annual-Report-2025.pdf, https://en.wikipedia.org/wiki/MISC_Berhad"
set,be3f528d-e1cb-4d2b-b76e-314b1afb2451,Shipowner country/area,Malaysia
set,be3f528d-e1cb-4d2b-b76e-314b1afb2451,Shipowner country/area [ref],"https://www.misc.com.my/contact-us/, https://www.miscgroup.com/awcontent/Web/Documents/IntegratedAnnualReport/Integrated-Annual-Report-2025.pdf, https://en.wikipedia.org/wiki/MISC_Berhad"
set,f976925d-fd85-4e53-91ff-5bb44b5ac8dc,Shipowner country/area,Malaysia
set,f976925d-fd85-4e53-91ff-5bb44b5ac8dc,Shipowner country/area [ref],"https://www.misc.com.my/contact-us/, https://www.miscgroup.com/awcontent/Web/Documents/IntegratedAnnualReport/Integrated-Annual-Report-2025.pdf, https://en.wikipedia.org/wiki/MISC_Berhad"
set,0b98f1c7-ea21-4bf8-b3cf-c840b7e7ca86,Shipowner country/area,South Korea
set,0b98f1c7-ea21-4bf8-b3cf-c840b7e7ca86,Shipowner country/area [ref],https://www.emis.com/php/company-profile/KR/Hyundai_Lng_Shipping_CoLtd_en_4269939.html
set,ffc06f8d-7b6e-4d07-8513-abe41e352241,Shipowner country/area,South Korea
set,ffc06f8d-7b6e-4d07-8513-abe41e352241,Shipowner country/area [ref],https://www.emis.com/php/company-profile/KR/Hyundai_Lng_Shipping_CoLtd_en_4269939.html
set,59a2bcde-efe7-4b76-9159-44ba1be03e72,Shipowner country/area,South Korea
set,59a2bcde-efe7-4b76-9159-44ba1be03e72,Shipowner country/area [ref],https://www.emis.com/php/company-profile/KR/Hyundai_Lng_Shipping_CoLtd_en_4269939.html
set,b626c867-dabf-4c0a-9ba5-ebaef32aebe0,Shipowner country/area,South Korea
set,b626c867-dabf-4c0a-9ba5-ebaef32aebe0,Shipowner country/area [ref],https://www.emis.com/php/company-profile/KR/Hyundai_Lng_Shipping_CoLtd_en_4269939.html
set,0c9980c2-76ca-48f6-b226-b5c00a91e57c,Shipowner country/area,Japan
set,0c9980c2-76ca-48f6-b226-b5c00a91e57c,Shipowner country/area [ref],"https://www.nyk.com/english/profile/profile/, https://en.wikipedia.org/wiki/Nippon_Yusen"
set,bc2b7e02-78cd-49dd-8b36-b4bda01548fe,Shipowner country/area,Greece
set,bc2b7e02-78cd-49dd-8b36-b4bda01548fe,Shipowner country/area [ref],"https://magicport.ai/owners-managers/greece/capital-gas-ship-management, https://stockanalysis.com/stocks/ccec/company/, https://www.rivieramm.com/news-content-hub/capital-gas-enhances-fleet-reliability-amid-greek-lng-expansion-82819"
set,16d85cc7-dc5e-4af5-968a-dd46fc515241,Shipowner country/area,Greece
set,16d85cc7-dc5e-4af5-968a-dd46fc515241,Shipowner country/area [ref],"https://magicport.ai/owners-managers/greece/capital-gas-ship-management, https://stockanalysis.com/stocks/ccec/company/, https://www.rivieramm.com/news-content-hub/capital-gas-enhances-fleet-reliability-amid-greek-lng-expansion-82819"
set,1c4e1984-a426-4d13-8b47-b897813b8af8,Shipowner country/area,Japan
set,1c4e1984-a426-4d13-8b47-b897813b8af8,Shipowner country/area [ref],"https://www.nyk.com/english/profile/profile/, https://en.wikipedia.org/wiki/Nippon_Yusen"
set,739d82c0-b2b5-4669-ad45-e7c9bfb7e341,Shipowner country/area,Malaysia
set,739d82c0-b2b5-4669-ad45-e7c9bfb7e341,Shipowner country/area [ref],"https://www.misc.com.my/contact-us/, https://www.miscgroup.com/awcontent/Web/Documents/IntegratedAnnualReport/Integrated-Annual-Report-2025.pdf, https://en.wikipedia.org/wiki/MISC_Berhad"
set,a563ae89-10d9-4326-ad33-ba56615f4b20,Shipowner country/area,South Korea
set,a563ae89-10d9-4326-ad33-ba56615f4b20,Shipowner country/area [ref],"https://en.wikipedia.org/wiki/SK_Shipping, https://splash247.com/sk-shipping-takes-aim-at-asia-lng-top-spot-in-h-line-tanker-swap/"
set,2c37ff0e-35c4-4966-b7c5-0cd946d88960,Shipowner country/area,Norway
set,2c37ff0e-35c4-4966-b7c5-0cd946d88960,Shipowner country/area [ref],https://www.imarinenews.com/35664.html
set,089ee2d1-0497-4456-b6c4-df36b39d7284,Shipowner country/area,Norway
set,089ee2d1-0497-4456-b6c4-df36b39d7284,Shipowner country/area [ref],https://www.imarinenews.com/35664.html
set,03f5d735-d4d8-492c-8ae1-d80407195718,Shipowner country/area,Malaysia
set,03f5d735-d4d8-492c-8ae1-d80407195718,Shipowner country/area [ref],"https://www.misc.com.my/contact-us/, https://www.miscgroup.com/awcontent/Web/Documents/IntegratedAnnualReport/Integrated-Annual-Report-2025.pdf, https://en.wikipedia.org/wiki/MISC_Berhad"
set,cb1ac1f4-f521-4fbe-9909-b20c662bc7cc,Shipowner country/area,Malaysia
set,cb1ac1f4-f521-4fbe-9909-b20c662bc7cc,Shipowner country/area [ref],"https://www.misc.com.my/contact-us/, https://www.miscgroup.com/awcontent/Web/Documents/IntegratedAnnualReport/Integrated-Annual-Report-2025.pdf, https://en.wikipedia.org/wiki/MISC_Berhad"
set,af0b1093-e75b-4761-b311-b0bb1c35c2ba,Shipowner country/area,Japan
set,af0b1093-e75b-4761-b311-b0bb1c35c2ba,Shipowner country/area [ref],"https://www.nyk.com/english/profile/profile/, https://en.wikipedia.org/wiki/Nippon_Yusen"
set,6ac3d550-3979-44ff-baa9-901a38621974,Shipowner country/area,Malaysia
set,6ac3d550-3979-44ff-baa9-901a38621974,Shipowner country/area [ref],"https://www.misc.com.my/contact-us/, https://www.miscgroup.com/awcontent/Web/Documents/IntegratedAnnualReport/Integrated-Annual-Report-2025.pdf, https://en.wikipedia.org/wiki/MISC_Berhad"
set,e020b9a5-2be6-4b46-beeb-bf34024c14cd,Shipowner country/area,Malaysia
set,e020b9a5-2be6-4b46-beeb-bf34024c14cd,Shipowner country/area [ref],"https://www.misc.com.my/contact-us/, https://www.miscgroup.com/awcontent/Web/Documents/IntegratedAnnualReport/Integrated-Annual-Report-2025.pdf, https://en.wikipedia.org/wiki/MISC_Berhad"
set,ce81e2b4-cb6e-4668-9975-78e80afe3883,Shipowner country/area,Norway
set,ce81e2b4-cb6e-4668-9975-78e80afe3883,Shipowner country/area [ref],https://www.imarinenews.com/35664.html
set,0d2dcc88-c549-4d40-8b1e-a0bbd0f8bbb0,Shipowner country/area,Japan
set,0d2dcc88-c549-4d40-8b1e-a0bbd0f8bbb0,Shipowner country/area [ref],"https://www.nyk.com/english/profile/profile/, https://en.wikipedia.org/wiki/Nippon_Yusen"
set,d77ed022-1463-4ea4-8a02-37b0a3b67055,Shipowner country/area,Greece
set,d77ed022-1463-4ea4-8a02-37b0a3b67055,Shipowner country/area [ref],"https://www.gaslogltd.com/contact-us/, https://www.gaslogltd.com/content/uploads/GasLog-Ltd-2022-annual-report-form-20-F.pdf"
set,d8df4468-920a-4cf2-85f1-90c2cadb8d3c,Shipowner country/area,Malaysia
set,d8df4468-920a-4cf2-85f1-90c2cadb8d3c,Shipowner country/area [ref],"https://www.misc.com.my/contact-us/, https://www.miscgroup.com/awcontent/Web/Documents/IntegratedAnnualReport/Integrated-Annual-Report-2025.pdf, https://en.wikipedia.org/wiki/MISC_Berhad"
set,21c29e0e-4697-4856-95f7-ac145c56c2cf,Shipowner country/area,Malaysia
set,21c29e0e-4697-4856-95f7-ac145c56c2cf,Shipowner country/area [ref],"https://www.misc.com.my/contact-us/, https://www.miscgroup.com/awcontent/Web/Documents/IntegratedAnnualReport/Integrated-Annual-Report-2025.pdf, https://en.wikipedia.org/wiki/MISC_Berhad"
set,56c4eb0b-d36a-47e4-a85e-44158edef638,Shipowner country/area,Malaysia
set,56c4eb0b-d36a-47e4-a85e-44158edef638,Shipowner country/area [ref],"https://www.misc.com.my/contact-us/, https://www.miscgroup.com/awcontent/Web/Documents/IntegratedAnnualReport/Integrated-Annual-Report-2025.pdf, https://en.wikipedia.org/wiki/MISC_Berhad"
set,7b869216-8d87-45e9-b66b-8d566855167e,Shipowner country/area,Japan
set,7b869216-8d87-45e9-b66b-8d566855167e,Shipowner country/area [ref],"https://www.nyk.com/english/profile/profile/, https://en.wikipedia.org/wiki/Nippon_Yusen"
set,d10abc2f-ebf5-46ab-a1a1-ceaa6d506aab,Shipowner country/area,Japan
set,d10abc2f-ebf5-46ab-a1a1-ceaa6d506aab,Shipowner country/area [ref],"https://www.nyk.com/english/profile/profile/, https://en.wikipedia.org/wiki/Nippon_Yusen"
set,db16c24d-464a-4495-a476-0c6bc4dff68c,Shipowner country/area,Japan
set,db16c24d-464a-4495-a476-0c6bc4dff68c,Shipowner country/area [ref],"https://www.nyk.com/english/profile/profile/, https://en.wikipedia.org/wiki/Nippon_Yusen"
set,fe1d44a6-da16-4356-b551-a25408ecd5c6,Shipowner country/area,Japan
set,fe1d44a6-da16-4356-b551-a25408ecd5c6,Shipowner country/area [ref],"https://www.nyk.com/english/profile/profile/, https://en.wikipedia.org/wiki/Nippon_Yusen"
set,9c8388a0-0e30-44dc-88c1-09368534d987,Shipowner country/area,Japan
set,9c8388a0-0e30-44dc-88c1-09368534d987,Shipowner country/area [ref],"https://www.nyk.com/english/profile/profile/, https://en.wikipedia.org/wiki/Nippon_Yusen"
set,f4900cde-dc76-43b7-a080-34044467c421,Shipowner country/area,Greece
set,f4900cde-dc76-43b7-a080-34044467c421,Shipowner country/area [ref],"https://www.gaslogltd.com/contact-us/, https://www.gaslogltd.com/content/uploads/GasLog-Ltd-2022-annual-report-form-20-F.pdf"
set,41650ea6-f734-445e-b862-eec2baf2098a,Shipowner country/area,Malaysia
set,41650ea6-f734-445e-b862-eec2baf2098a,Shipowner country/area [ref],"https://www.misc.com.my/contact-us/, https://www.miscgroup.com/awcontent/Web/Documents/IntegratedAnnualReport/Integrated-Annual-Report-2025.pdf, https://en.wikipedia.org/wiki/MISC_Berhad"
set,0afb1ce9-a119-42c0-84ed-26d230f953a0,Shipowner country/area,Malaysia
set,0afb1ce9-a119-42c0-84ed-26d230f953a0,Shipowner country/area [ref],"https://www.misc.com.my/contact-us/, https://www.miscgroup.com/awcontent/Web/Documents/IntegratedAnnualReport/Integrated-Annual-Report-2025.pdf, https://en.wikipedia.org/wiki/MISC_Berhad"
set,e2afb9b3-5649-4525-a139-4fe43bf382df,Shipowner country/area,Malaysia
set,e2afb9b3-5649-4525-a139-4fe43bf382df,Shipowner country/area [ref],"https://www.misc.com.my/contact-us/, https://www.miscgroup.com/awcontent/Web/Documents/IntegratedAnnualReport/Integrated-Annual-Report-2025.pdf, https://en.wikipedia.org/wiki/MISC_Berhad"
set,14e0f35a-6e2b-437f-8315-b8b09febe296,Shipowner country/area,Norway
set,14e0f35a-6e2b-437f-8315-b8b09febe296,Shipowner country/area [ref],https://www.imarinenews.com/35664.html
set,ff714f8d-4622-4332-b264-a1163423016c,Shipowner country/area,Japan
set,ff714f8d-4622-4332-b264-a1163423016c,Shipowner country/area [ref],"https://www.nyk.com/english/profile/profile/, https://en.wikipedia.org/wiki/Nippon_Yusen"
set,49b380de-313e-4650-8945-a434cfe13f97,Shipowner country/area,South Korea
set,49b380de-313e-4650-8945-a434cfe13f97,Shipowner country/area [ref],https://www.emis.com/php/company-profile/KR/Hyundai_Lng_Shipping_CoLtd_en_4269939.html
set,933c3018-2d10-48b8-8db4-d79764c43854,Shipowner country/area,Japan
set,933c3018-2d10-48b8-8db4-d79764c43854,Shipowner country/area [ref],"https://www.nyk.com/english/profile/profile/, https://en.wikipedia.org/wiki/Nippon_Yusen"
set,6300c4dc-7f6e-4f4b-9c6a-58de7c12994b,Shipowner country/area,Malaysia
set,6300c4dc-7f6e-4f4b-9c6a-58de7c12994b,Shipowner country/area [ref],"https://www.misc.com.my/contact-us/, https://www.miscgroup.com/awcontent/Web/Documents/IntegratedAnnualReport/Integrated-Annual-Report-2025.pdf, https://en.wikipedia.org/wiki/MISC_Berhad"
set,f2deacd5-d4aa-4c2c-b568-fd2fe913a01a,Shipowner country/area,Japan
set,f2deacd5-d4aa-4c2c-b568-fd2fe913a01a,Shipowner country/area [ref],"https://www.nyk.com/english/profile/profile/, https://en.wikipedia.org/wiki/Nippon_Yusen"
set,68aeeab5-f1c1-4443-8f0c-cf1158d35bf1,Shipowner country/area,Japan
set,68aeeab5-f1c1-4443-8f0c-cf1158d35bf1,Shipowner country/area [ref],"https://www.nyk.com/english/profile/profile/, https://en.wikipedia.org/wiki/Nippon_Yusen"
set,2a6a489e-061f-47b5-bde0-ecc7b08a114d,Shipowner country/area,Norway
set,2a6a489e-061f-47b5-bde0-ecc7b08a114d,Shipowner country/area [ref],https://www.imarinenews.com/35664.html
set,73974faf-8a14-4d07-b9cd-296c51a2a5be,Shipowner country/area,Japan
set,73974faf-8a14-4d07-b9cd-296c51a2a5be,Shipowner country/area [ref],"https://www.nyk.com/english/profile/profile/, https://en.wikipedia.org/wiki/Nippon_Yusen"
set,a811b772-7070-41c4-bb9b-07ae76c6dd4f,Shipowner country/area,Japan
set,a811b772-7070-41c4-bb9b-07ae76c6dd4f,Shipowner country/area [ref],"https://www.nyk.com/english/profile/profile/, https://en.wikipedia.org/wiki/Nippon_Yusen"
set,042b4a1f-a975-4a70-84dc-920c6a7c6e16,Shipowner country/area,Japan
set,042b4a1f-a975-4a70-84dc-920c6a7c6e16,Shipowner country/area [ref],"https://www.nyk.com/english/profile/profile/, https://en.wikipedia.org/wiki/Nippon_Yusen"
set,c6a12854-9fc8-443c-9297-310053dc440e,Shipowner country/area,Japan
set,c6a12854-9fc8-443c-9297-310053dc440e,Shipowner country/area [ref],"https://www.nyk.com/english/profile/profile/, https://en.wikipedia.org/wiki/Nippon_Yusen"
set,0c2346f1-b1c3-48f3-b02a-1922a2e98851,Shipowner country/area,Malaysia
set,0c2346f1-b1c3-48f3-b02a-1922a2e98851,Shipowner country/area [ref],"https://www.misc.com.my/contact-us/, https://www.miscgroup.com/awcontent/Web/Documents/IntegratedAnnualReport/Integrated-Annual-Report-2025.pdf, https://en.wikipedia.org/wiki/MISC_Berhad"
set,2364c7ae-3a71-42bb-b7c0-a00bac121e0c,Shipowner country/area,Malaysia
set,2364c7ae-3a71-42bb-b7c0-a00bac121e0c,Shipowner country/area [ref],"https://www.misc.com.my/contact-us/, https://www.miscgroup.com/awcontent/Web/Documents/IntegratedAnnualReport/Integrated-Annual-Report-2025.pdf, https://en.wikipedia.org/wiki/MISC_Berhad"
set,d643e547-6f81-4578-b0fd-7d7452520541,Shipowner country/area,Japan
set,d643e547-6f81-4578-b0fd-7d7452520541,Shipowner country/area [ref],"https://www.nyk.com/english/profile/profile/, https://en.wikipedia.org/wiki/Nippon_Yusen"
set,d8b3f0fb-8e5f-48c9-827d-797673763a60,Shipowner country/area,Japan
set,d8b3f0fb-8e5f-48c9-827d-797673763a60,Shipowner country/area [ref],"https://www.nyk.com/english/profile/profile/, https://en.wikipedia.org/wiki/Nippon_Yusen"
set,8edda802-03af-408b-ac9e-534bc4ae289c,Shipowner country/area,Greece
set,8edda802-03af-408b-ac9e-534bc4ae289c,Shipowner country/area [ref],"https://www.gaslogltd.com/contact-us/, https://www.gaslogltd.com/content/uploads/GasLog-Ltd-2022-annual-report-form-20-F.pdf"
set,b916045e-cb35-462a-b795-d0b6fb18a41b,Shipowner country/area,Greece
set,b916045e-cb35-462a-b795-d0b6fb18a41b,Shipowner country/area [ref],"https://www.gaslogltd.com/contact-us/, https://www.gaslogltd.com/content/uploads/GasLog-Ltd-2022-annual-report-form-20-F.pdf"
set,bc6e3136-6378-4218-b933-9bdddc728868,Shipowner country/area,Greece
set,bc6e3136-6378-4218-b933-9bdddc728868,Shipowner country/area [ref],"https://www.gaslogltd.com/contact-us/, https://www.gaslogltd.com/content/uploads/GasLog-Ltd-2022-annual-report-form-20-F.pdf"
set,175e48d1-a7f6-46a4-973e-ff1e0dc1788f,Shipowner country/area,Greece
set,175e48d1-a7f6-46a4-973e-ff1e0dc1788f,Shipowner country/area [ref],"https://www.gaslogltd.com/contact-us/, https://www.gaslogltd.com/content/uploads/GasLog-Ltd-2022-annual-report-form-20-F.pdf"
set,2a254152-4e3c-49d9-a683-4defd935fe56,Shipowner country/area,Norway
set,2a254152-4e3c-49d9-a683-4defd935fe56,Shipowner country/area [ref],https://www.imarinenews.com/35664.html
set,2b42bca8-ea40-4d97-a4a2-652a5892fe3a,Shipowner country/area,Norway
set,2b42bca8-ea40-4d97-a4a2-652a5892fe3a,Shipowner country/area [ref],https://www.imarinenews.com/35664.html
set,74f61014-2c1d-4cc4-9db1-4ae9b8eb9653,Shipowner country/area,Japan
set,74f61014-2c1d-4cc4-9db1-4ae9b8eb9653,Shipowner country/area [ref],"https://www.nyk.com/english/profile/profile/, https://en.wikipedia.org/wiki/Nippon_Yusen"
set,b37ae3f3-6ba6-4680-8d9b-38368e9887f7,Shipowner country/area,Japan
set,b37ae3f3-6ba6-4680-8d9b-38368e9887f7,Shipowner country/area [ref],"https://www.nyk.com/english/profile/profile/, https://en.wikipedia.org/wiki/Nippon_Yusen"
set,1497d75d-55b6-4ca6-920c-c9d9bdc69077,Shipowner country/area,Norway
set,1497d75d-55b6-4ca6-920c-c9d9bdc69077,Shipowner country/area [ref],https://www.imarinenews.com/35664.html
set,08c935ed-af3d-4217-9087-0710823fc2cd,Shipowner country/area,Japan
set,08c935ed-af3d-4217-9087-0710823fc2cd,Shipowner country/area [ref],"https://www.nyk.com/english/profile/profile/, https://en.wikipedia.org/wiki/Nippon_Yusen"
set,ca7a425e-7d60-4fe4-ac42-327d21131d76,Shipowner country/area,Greece
set,ca7a425e-7d60-4fe4-ac42-327d21131d76,Shipowner country/area [ref],"https://www.gaslogltd.com/contact-us/, https://www.gaslogltd.com/content/uploads/GasLog-Ltd-2022-annual-report-form-20-F.pdf"
set,869ba390-5c93-4fb5-9cc9-f63e20bda610,Shipowner country/area,Greece
set,869ba390-5c93-4fb5-9cc9-f63e20bda610,Shipowner country/area [ref],"https://www.gaslogltd.com/contact-us/, https://www.gaslogltd.com/content/uploads/GasLog-Ltd-2022-annual-report-form-20-F.pdf"
set,f899fa69-40cd-400b-9f0e-73bbfe0808b4,Shipowner country/area,Japan
set,f899fa69-40cd-400b-9f0e-73bbfe0808b4,Shipowner country/area [ref],"https://www.nyk.com/english/profile/profile/, https://en.wikipedia.org/wiki/Nippon_Yusen"
set,2ae97a6c-c004-4e3a-a7d3-acaf47aa2587,Shipowner country/area,Greece
set,2ae97a6c-c004-4e3a-a7d3-acaf47aa2587,Shipowner country/area [ref],https://system.new-vessels.com/orderer-45411-TMS_Cardiff_Gas_Ltd.html
set,9713df97-3370-461d-a70f-d60982653525,Shipowner country/area,Greece
set,9713df97-3370-461d-a70f-d60982653525,Shipowner country/area [ref],https://system.new-vessels.com/orderer-45411-TMS_Cardiff_Gas_Ltd.html
set,3c0de1ab-4b44-4ea3-8bf5-ae97fc290b33,Shipowner country/area,Japan
set,3c0de1ab-4b44-4ea3-8bf5-ae97fc290b33,Shipowner country/area [ref],"https://www.nyk.com/english/profile/profile/, https://en.wikipedia.org/wiki/Nippon_Yusen"
set,7600b00e-49cc-438e-8cc1-9988378c6f58,Shipowner country/area,Greece
set,7600b00e-49cc-438e-8cc1-9988378c6f58,Shipowner country/area [ref],https://system.new-vessels.com/orderer-45411-TMS_Cardiff_Gas_Ltd.html
set,c6e58755-2fd0-4fed-ba3e-bc529d4ecade,Shipowner country/area,Japan
set,c6e58755-2fd0-4fed-ba3e-bc529d4ecade,Shipowner country/area [ref],"https://www.nyk.com/english/profile/profile/, https://en.wikipedia.org/wiki/Nippon_Yusen"
set,c64b2c69-5f71-4944-9fbb-092a6324c47d,Shipowner country/area,Greece
set,c64b2c69-5f71-4944-9fbb-092a6324c47d,Shipowner country/area [ref],"https://www.gaslogltd.com/contact-us/, https://www.gaslogltd.com/content/uploads/GasLog-Ltd-2022-annual-report-form-20-F.pdf"
set,dfdcdf7a-50bd-433a-804e-da972ddf31d6,Shipowner country/area,Greece
set,dfdcdf7a-50bd-433a-804e-da972ddf31d6,Shipowner country/area [ref],https://system.new-vessels.com/orderer-45411-TMS_Cardiff_Gas_Ltd.html
set,2ae8b016-9730-4baa-90b2-a34fc0982dce,Shipowner country/area,Greece
set,2ae8b016-9730-4baa-90b2-a34fc0982dce,Shipowner country/area [ref],"https://www.gaslogltd.com/contact-us/, https://www.gaslogltd.com/content/uploads/GasLog-Ltd-2022-annual-report-form-20-F.pdf"
set,9e91316a-5a64-43a8-96a9-d256eec6fd78,Shipowner country/area,Greece
set,9e91316a-5a64-43a8-96a9-d256eec6fd78,Shipowner country/area [ref],"https://www.gaslogltd.com/contact-us/, https://www.gaslogltd.com/content/uploads/GasLog-Ltd-2022-annual-report-form-20-F.pdf"
set,32cf0bfb-f93e-4335-967e-a349262f95ab,Shipowner country/area,Greece
set,32cf0bfb-f93e-4335-967e-a349262f95ab,Shipowner country/area [ref],"https://www.gaslogltd.com/contact-us/, https://www.gaslogltd.com/content/uploads/GasLog-Ltd-2022-annual-report-form-20-F.pdf"
set,e223798b-5a8d-4ac0-9bb0-0ed3a582e8e0,Shipowner country/area,Greece
set,e223798b-5a8d-4ac0-9bb0-0ed3a582e8e0,Shipowner country/area [ref],"https://www.gaslogltd.com/contact-us/, https://www.gaslogltd.com/content/uploads/GasLog-Ltd-2022-annual-report-form-20-F.pdf"
set,d73346df-a84d-46dd-b05c-c90d09446751,Shipowner country/area,Norway
set,d73346df-a84d-46dd-b05c-c90d09446751,Shipowner country/area [ref],https://www.imarinenews.com/35664.html
set,f6275f89-e345-4042-ae00-84bad9bacb65,Shipowner country/area,Norway
set,f6275f89-e345-4042-ae00-84bad9bacb65,Shipowner country/area [ref],https://www.imarinenews.com/35664.html
set,8eb6fe32-43bc-4e7e-a8d8-f9865dc23027,Shipowner country/area,South Korea
set,8eb6fe32-43bc-4e7e-a8d8-f9865dc23027,Shipowner country/area [ref],https://www.emis.com/php/company-profile/KR/Hyundai_Lng_Shipping_CoLtd_en_4269939.html
set,2022c9e2-cc48-40a7-a9ab-82a9e91848df,Shipowner country/area,South Korea
set,2022c9e2-cc48-40a7-a9ab-82a9e91848df,Shipowner country/area [ref],https://www.emis.com/php/company-profile/KR/Hyundai_Lng_Shipping_CoLtd_en_4269939.html
set,6f187357-3a4e-4731-bb39-44a3ac3933a0,Shipowner country/area,Japan
set,6f187357-3a4e-4731-bb39-44a3ac3933a0,Shipowner country/area [ref],"https://www.nyk.com/english/profile/profile/, https://en.wikipedia.org/wiki/Nippon_Yusen"
set,79e9d424-5522-4ee0-ad73-827ec9f3d649,Shipowner country/area,Japan
set,79e9d424-5522-4ee0-ad73-827ec9f3d649,Shipowner country/area [ref],"https://www.nyk.com/english/profile/profile/, https://en.wikipedia.org/wiki/Nippon_Yusen"
set,6003a801-7633-4096-b717-7524ff8282b0,Shipowner country/area,Greece
set,6003a801-7633-4096-b717-7524ff8282b0,Shipowner country/area [ref],"https://www.gaslogltd.com/contact-us/, https://www.gaslogltd.com/content/uploads/GasLog-Ltd-2022-annual-report-form-20-F.pdf"
set,6baeec78-0511-44e6-ba57-b1bdd88e46d6,Shipowner country/area,Greece
set,6baeec78-0511-44e6-ba57-b1bdd88e46d6,Shipowner country/area [ref],"https://www.gaslogltd.com/contact-us/, https://www.gaslogltd.com/content/uploads/GasLog-Ltd-2022-annual-report-form-20-F.pdf"
set,0ec1b3d2-82b7-4930-9887-71fc7a63e582,Shipowner country/area,Greece
set,0ec1b3d2-82b7-4930-9887-71fc7a63e582,Shipowner country/area [ref],"https://www.gaslogltd.com/contact-us/, https://www.gaslogltd.com/content/uploads/GasLog-Ltd-2022-annual-report-form-20-F.pdf"
set,e426a3d3-f447-42cf-8ac1-012e22447ee9,Shipowner country/area,Japan
set,e426a3d3-f447-42cf-8ac1-012e22447ee9,Shipowner country/area [ref],"https://www.nyk.com/english/profile/profile/, https://en.wikipedia.org/wiki/Nippon_Yusen"
set,26879696-4a14-497c-af63-4e4ffcec8ac2,Shipowner country/area,Japan
set,26879696-4a14-497c-af63-4e4ffcec8ac2,Shipowner country/area [ref],"https://www.nyk.com/english/profile/profile/, https://en.wikipedia.org/wiki/Nippon_Yusen"
set,7cd8afd7-59f3-4d11-afe5-6f7288b90aa2,Shipowner country/area,Norway
set,7cd8afd7-59f3-4d11-afe5-6f7288b90aa2,Shipowner country/area [ref],https://www.imarinenews.com/35664.html
set,b7e332e6-8071-4640-b206-12c2ef6576c1,Shipowner country/area,Japan
set,b7e332e6-8071-4640-b206-12c2ef6576c1,Shipowner country/area [ref],"https://www.nyk.com/english/profile/profile/, https://en.wikipedia.org/wiki/Nippon_Yusen"
set,73b39050-8632-4c61-aa0a-17e769e0ceb5,Shipowner country/area,Japan
set,73b39050-8632-4c61-aa0a-17e769e0ceb5,Shipowner country/area [ref],"https://www.nyk.com/english/profile/profile/, https://en.wikipedia.org/wiki/Nippon_Yusen"
set,9880beb6-3875-49b7-bc53-6397116dea92,Shipowner country/area,Japan
set,9880beb6-3875-49b7-bc53-6397116dea92,Shipowner country/area [ref],"https://www.nyk.com/english/profile/profile/, https://en.wikipedia.org/wiki/Nippon_Yusen"
set,0ad991da-9ee5-4cce-ba96-263cd728e6a1,Shipowner country/area,Greece
set,0ad991da-9ee5-4cce-ba96-263cd728e6a1,Shipowner country/area [ref],"https://www.gaslogltd.com/contact-us/, https://www.gaslogltd.com/content/uploads/GasLog-Ltd-2022-annual-report-form-20-F.pdf"
set,10e28b2b-350d-42ee-8c54-87b4e9907af9,Shipowner country/area,Greece
set,10e28b2b-350d-42ee-8c54-87b4e9907af9,Shipowner country/area [ref],"https://www.gaslogltd.com/contact-us/, https://www.gaslogltd.com/content/uploads/GasLog-Ltd-2022-annual-report-form-20-F.pdf"
set,a1f35918-776e-4dae-8e24-c1a9327b4c04,Shipowner country/area,Japan
set,a1f35918-776e-4dae-8e24-c1a9327b4c04,Shipowner country/area [ref],"https://www.nyk.com/english/profile/profile/, https://en.wikipedia.org/wiki/Nippon_Yusen"
set,23966c0e-116e-4026-9724-baa0013ddcc8,Shipowner country/area,South Korea
set,23966c0e-116e-4026-9724-baa0013ddcc8,Shipowner country/area [ref],"https://en.wikipedia.org/wiki/SK_Shipping, https://splash247.com/sk-shipping-takes-aim-at-asia-lng-top-spot-in-h-line-tanker-swap/"
set,8584102d-1c8f-4d1e-a50d-0efbd3c646e7,Shipowner country/area,South Korea
set,8584102d-1c8f-4d1e-a50d-0efbd3c646e7,Shipowner country/area [ref],"https://en.wikipedia.org/wiki/SK_Shipping, https://splash247.com/sk-shipping-takes-aim-at-asia-lng-top-spot-in-h-line-tanker-swap/"
set,5d2cf192-3280-4b6f-b58a-4ed4577400ad,Shipowner country/area,Norway
set,5d2cf192-3280-4b6f-b58a-4ed4577400ad,Shipowner country/area [ref],https://www.imarinenews.com/35664.html
set,0f5b3aed-45b6-424c-9a3b-9bfc7fe63d85,Shipowner country/area,Greece
set,0f5b3aed-45b6-424c-9a3b-9bfc7fe63d85,Shipowner country/area [ref],https://system.new-vessels.com/orderer-45411-TMS_Cardiff_Gas_Ltd.html
set,22e24f13-3454-477a-b3a4-2a9d373c9521,Shipowner country/area,Greece
set,22e24f13-3454-477a-b3a4-2a9d373c9521,Shipowner country/area [ref],"https://magicport.ai/owners-managers/greece/capital-gas-ship-management, https://stockanalysis.com/stocks/ccec/company/, https://www.rivieramm.com/news-content-hub/capital-gas-enhances-fleet-reliability-amid-greek-lng-expansion-82819"
set,3165d5a3-9333-41c2-b73d-047d4d5d18fb,Shipowner country/area,Greece
set,3165d5a3-9333-41c2-b73d-047d4d5d18fb,Shipowner country/area [ref],https://system.new-vessels.com/orderer-45411-TMS_Cardiff_Gas_Ltd.html
set,9b09e186-925c-4e47-90bb-5341f6de0e86,Shipowner country/area,Denmark
set,9b09e186-925c-4e47-90bb-5341f6de0e86,Shipowner country/area [ref],"https://magicport.ai/owners-managers/denmark/celsius-shipping-aps, https://lngprime.com/vessels/denmarks-celsius-orders-four-lng-carriers-in-china/69940/, https://lngprime.com/asia/celsius-takes-delivery-of-new-lng-tanker/127252/"
set,1faf27a5-8c8a-4522-b6b8-5bc0e0f4b50b,Shipowner country/area,Japan
set,1faf27a5-8c8a-4522-b6b8-5bc0e0f4b50b,Shipowner country/area [ref],"https://www.nyk.com/english/profile/profile/, https://en.wikipedia.org/wiki/Nippon_Yusen"
set,8b3433f9-6078-4add-8718-1f1c313f7ca6,Shipowner country/area,Greece
set,8b3433f9-6078-4add-8718-1f1c313f7ca6,Shipowner country/area [ref],https://system.new-vessels.com/orderer-45411-TMS_Cardiff_Gas_Ltd.html
set,12123d2a-0b60-44bc-abc4-ee3b1317c0a2,Shipowner country/area,Greece
set,12123d2a-0b60-44bc-abc4-ee3b1317c0a2,Shipowner country/area [ref],"https://www.gaslogltd.com/contact-us/, https://www.gaslogltd.com/content/uploads/GasLog-Ltd-2022-annual-report-form-20-F.pdf"
set,0c3dab78-b782-4d20-b1e6-de6197bafd8b,Shipowner country/area,Greece
set,0c3dab78-b782-4d20-b1e6-de6197bafd8b,Shipowner country/area [ref],"https://www.gaslogltd.com/contact-us/, https://www.gaslogltd.com/content/uploads/GasLog-Ltd-2022-annual-report-form-20-F.pdf"
set,c9db02af-d88f-46aa-a62b-f82cee94d075,Shipowner country/area,Greece
set,c9db02af-d88f-46aa-a62b-f82cee94d075,Shipowner country/area [ref],"https://www.gaslogltd.com/contact-us/, https://www.gaslogltd.com/content/uploads/GasLog-Ltd-2022-annual-report-form-20-F.pdf"
set,6cc37d1a-5626-4d58-abde-f7973f1e9d06,Shipowner country/area,Greece
set,6cc37d1a-5626-4d58-abde-f7973f1e9d06,Shipowner country/area [ref],"https://www.gaslogltd.com/contact-us/, https://www.gaslogltd.com/content/uploads/GasLog-Ltd-2022-annual-report-form-20-F.pdf"
set,cfae4c92-5ceb-45a2-9153-bdbd80ed4fdf,Shipowner country/area,Greece
set,cfae4c92-5ceb-45a2-9153-bdbd80ed4fdf,Shipowner country/area [ref],https://system.new-vessels.com/orderer-45411-TMS_Cardiff_Gas_Ltd.html
set,5d599f6f-1325-4373-9e2d-5efd0592bb04,Shipowner country/area,Greece
set,5d599f6f-1325-4373-9e2d-5efd0592bb04,Shipowner country/area [ref],https://system.new-vessels.com/orderer-45411-TMS_Cardiff_Gas_Ltd.html
set,aa243d49-cd47-4051-91c7-9da3ca306f9c,Shipowner country/area,Greece
set,aa243d49-cd47-4051-91c7-9da3ca306f9c,Shipowner country/area [ref],https://system.new-vessels.com/orderer-45411-TMS_Cardiff_Gas_Ltd.html
set,cdc9a60c-8806-49b2-a01d-31c636ca8d93,Shipowner country/area,Norway
set,cdc9a60c-8806-49b2-a01d-31c636ca8d93,Shipowner country/area [ref],https://www.imarinenews.com/35664.html
set,6bc1c598-3884-4b50-81c3-e6777c5f34b2,Shipowner country/area,Greece
set,6bc1c598-3884-4b50-81c3-e6777c5f34b2,Shipowner country/area [ref],https://system.new-vessels.com/orderer-45411-TMS_Cardiff_Gas_Ltd.html
set,b529fcc2-df4c-4d8e-a4dc-c985dcb5e489,Shipowner country/area,Greece
set,b529fcc2-df4c-4d8e-a4dc-c985dcb5e489,Shipowner country/area [ref],"https://magicport.ai/owners-managers/greece/capital-gas-ship-management, https://stockanalysis.com/stocks/ccec/company/, https://www.rivieramm.com/news-content-hub/capital-gas-enhances-fleet-reliability-amid-greek-lng-expansion-82819"
set,b2625ffa-7e4d-45b7-a3c3-2e4cbe051b63,Shipowner country/area,Greece
set,b2625ffa-7e4d-45b7-a3c3-2e4cbe051b63,Shipowner country/area [ref],"https://magicport.ai/owners-managers/greece/capital-gas-ship-management, https://stockanalysis.com/stocks/ccec/company/, https://www.rivieramm.com/news-content-hub/capital-gas-enhances-fleet-reliability-amid-greek-lng-expansion-82819"
set,53ad8ab8-8f01-4c60-8a72-23a23f4761d1,Shipowner country/area,Greece
set,53ad8ab8-8f01-4c60-8a72-23a23f4761d1,Shipowner country/area [ref],"https://magicport.ai/owners-managers/greece/capital-gas-ship-management, https://stockanalysis.com/stocks/ccec/company/, https://www.rivieramm.com/news-content-hub/capital-gas-enhances-fleet-reliability-amid-greek-lng-expansion-82819"
set,79f77aa7-c6eb-4225-b9f1-5f128598ba49,Shipowner country/area,Greece
set,79f77aa7-c6eb-4225-b9f1-5f128598ba49,Shipowner country/area [ref],"https://magicport.ai/owners-managers/greece/capital-gas-ship-management, https://stockanalysis.com/stocks/ccec/company/, https://www.rivieramm.com/news-content-hub/capital-gas-enhances-fleet-reliability-amid-greek-lng-expansion-82819"
set,0a2e8fb2-8670-4104-b83b-b752834054f2,Shipowner country/area,Greece
set,0a2e8fb2-8670-4104-b83b-b752834054f2,Shipowner country/area [ref],"https://magicport.ai/owners-managers/greece/capital-gas-ship-management, https://stockanalysis.com/stocks/ccec/company/, https://www.rivieramm.com/news-content-hub/capital-gas-enhances-fleet-reliability-amid-greek-lng-expansion-82819"
set,12083e1a-f2f6-450f-a9e8-ec409204e4af,Shipowner country/area,Denmark
set,12083e1a-f2f6-450f-a9e8-ec409204e4af,Shipowner country/area [ref],"https://magicport.ai/owners-managers/denmark/celsius-shipping-aps, https://lngprime.com/vessels/denmarks-celsius-orders-four-lng-carriers-in-china/69940/, https://lngprime.com/asia/celsius-takes-delivery-of-new-lng-tanker/127252/"
set,3d3c1159-0f6d-4ccd-ad0e-deee2c705443,Shipowner country/area,Denmark
set,3d3c1159-0f6d-4ccd-ad0e-deee2c705443,Shipowner country/area [ref],"https://magicport.ai/owners-managers/denmark/celsius-shipping-aps, https://lngprime.com/vessels/denmarks-celsius-orders-four-lng-carriers-in-china/69940/, https://lngprime.com/asia/celsius-takes-delivery-of-new-lng-tanker/127252/"
set,3609d1b5-ccbd-404a-ae43-2ed12bb1a3a7,Shipowner country/area,Denmark
set,3609d1b5-ccbd-404a-ae43-2ed12bb1a3a7,Shipowner country/area [ref],"https://magicport.ai/owners-managers/denmark/celsius-shipping-aps, https://lngprime.com/vessels/denmarks-celsius-orders-four-lng-carriers-in-china/69940/, https://lngprime.com/asia/celsius-takes-delivery-of-new-lng-tanker/127252/"
set,7613b26c-51a2-4442-a5ce-fd2d36f197dd,Shipowner country/area,Greece
set,7613b26c-51a2-4442-a5ce-fd2d36f197dd,Shipowner country/area [ref],https://system.new-vessels.com/orderer-45411-TMS_Cardiff_Gas_Ltd.html
set,61583c9c-3346-4c45-bc22-f170b40ff8e6,Shipowner country/area,Japan
set,61583c9c-3346-4c45-bc22-f170b40ff8e6,Shipowner country/area [ref],"https://www.nyk.com/english/profile/profile/, https://en.wikipedia.org/wiki/Nippon_Yusen"
set,4ba2c8ee-46c7-4aaf-8549-560e8aba783f,Shipowner country/area,Japan
set,4ba2c8ee-46c7-4aaf-8549-560e8aba783f,Shipowner country/area [ref],"https://www.nyk.com/english/profile/profile/, https://en.wikipedia.org/wiki/Nippon_Yusen"
set,2838c37f-83d2-40f0-a7b8-8fead441e02e,Shipowner country/area,Greece
set,2838c37f-83d2-40f0-a7b8-8fead441e02e,Shipowner country/area [ref],"https://www.gaslogltd.com/contact-us/, https://www.gaslogltd.com/content/uploads/GasLog-Ltd-2022-annual-report-form-20-F.pdf"
set,b285690e-8da9-4e9b-b6e3-94d04aab5786,Shipowner country/area,Greece
set,b285690e-8da9-4e9b-b6e3-94d04aab5786,Shipowner country/area [ref],"https://www.gaslogltd.com/contact-us/, https://www.gaslogltd.com/content/uploads/GasLog-Ltd-2022-annual-report-form-20-F.pdf"
set,b80751f4-89dd-4183-ba51-7a69459b2828,Shipowner country/area,Greece
set,b80751f4-89dd-4183-ba51-7a69459b2828,Shipowner country/area [ref],"https://www.gaslogltd.com/contact-us/, https://www.gaslogltd.com/content/uploads/GasLog-Ltd-2022-annual-report-form-20-F.pdf"
set,27827c3c-7d82-4b74-9330-2ac87df45e17,Shipowner country/area,Japan
set,27827c3c-7d82-4b74-9330-2ac87df45e17,Shipowner country/area [ref],"https://www.nyk.com/english/profile/profile/, https://en.wikipedia.org/wiki/Nippon_Yusen"
set,edc73ce2-38b2-4c05-abbd-b35b21fdb690,Shipowner country/area,Japan
set,edc73ce2-38b2-4c05-abbd-b35b21fdb690,Shipowner country/area [ref],"https://www.nyk.com/english/profile/profile/, https://en.wikipedia.org/wiki/Nippon_Yusen"
set,d4c17a8b-a534-46f9-b15a-128189f346da,Shipowner country/area,Japan
set,d4c17a8b-a534-46f9-b15a-128189f346da,Shipowner country/area [ref],"https://www.nyk.com/english/profile/profile/, https://en.wikipedia.org/wiki/Nippon_Yusen"
set,40582f54-2a19-4768-b9ad-5bfc9933a102,Shipowner country/area,Japan
set,40582f54-2a19-4768-b9ad-5bfc9933a102,Shipowner country/area [ref],"https://www.nyk.com/english/profile/profile/, https://en.wikipedia.org/wiki/Nippon_Yusen"
set,3435882f-749b-4b21-a6d7-285f4f358fe9,Shipowner country/area,Greece
set,3435882f-749b-4b21-a6d7-285f4f358fe9,Shipowner country/area [ref],https://system.new-vessels.com/orderer-45411-TMS_Cardiff_Gas_Ltd.html
set,32ad0278-47a0-4a65-a720-2488f980d9d7,Shipowner country/area,Greece
set,32ad0278-47a0-4a65-a720-2488f980d9d7,Shipowner country/area [ref],https://system.new-vessels.com/orderer-45411-TMS_Cardiff_Gas_Ltd.html
set,ace9ff66-acb1-49a0-8ea5-e61ddfc28139,Shipowner country/area,Greece
set,ace9ff66-acb1-49a0-8ea5-e61ddfc28139,Shipowner country/area [ref],https://system.new-vessels.com/orderer-45411-TMS_Cardiff_Gas_Ltd.html
set,bed90387-eb95-4c85-95ed-7f2e7be6ee7a,Shipowner country/area,South Korea
set,bed90387-eb95-4c85-95ed-7f2e7be6ee7a,Shipowner country/area [ref],"https://en.wikipedia.org/wiki/SK_Shipping, https://splash247.com/sk-shipping-takes-aim-at-asia-lng-top-spot-in-h-line-tanker-swap/"
set,41a33f7a-9037-458b-820a-5a6abdf7ba83,Shipowner country/area,Norway
set,41a33f7a-9037-458b-820a-5a6abdf7ba83,Shipowner country/area [ref],https://www.imarinenews.com/35664.html
set,25a1c196-9f42-4be4-9552-0e967b4486c8,Shipowner country/area,Norway
set,25a1c196-9f42-4be4-9552-0e967b4486c8,Shipowner country/area [ref],https://www.imarinenews.com/35664.html
set,22d846ff-b43f-4dee-a18b-2bf6f757f6d0,Shipowner country/area,Japan
set,22d846ff-b43f-4dee-a18b-2bf6f757f6d0,Shipowner country/area [ref],"https://www.nyk.com/english/profile/profile/, https://en.wikipedia.org/wiki/Nippon_Yusen"
set,6fd06d8e-6c4b-40a4-bc8f-ddc2dd80a191,Shipowner country/area,Japan
set,6fd06d8e-6c4b-40a4-bc8f-ddc2dd80a191,Shipowner country/area [ref],"https://www.nyk.com/english/profile/profile/, https://en.wikipedia.org/wiki/Nippon_Yusen"
set,dd9b44e2-ffee-4690-99b0-426ef9aabc45,Shipowner country/area,Norway
set,dd9b44e2-ffee-4690-99b0-426ef9aabc45,Shipowner country/area [ref],https://www.imarinenews.com/35664.html
set,af700fe5-0469-4313-b9c1-d12de4373c2f,Shipowner country/area,Norway
set,af700fe5-0469-4313-b9c1-d12de4373c2f,Shipowner country/area [ref],https://www.imarinenews.com/35664.html
set,c390cdde-08a2-454e-a313-8ce8b2ec0b78,Shipowner country/area,South Korea
set,c390cdde-08a2-454e-a313-8ce8b2ec0b78,Shipowner country/area [ref],"https://en.wikipedia.org/wiki/SK_Shipping, https://splash247.com/sk-shipping-takes-aim-at-asia-lng-top-spot-in-h-line-tanker-swap/"
set,56833931-bbb3-4a69-89d5-bce32349e532,Shipowner country/area,Norway
set,56833931-bbb3-4a69-89d5-bce32349e532,Shipowner country/area [ref],https://www.imarinenews.com/35664.html
set,d543948b-54f3-4166-834f-8d145f8befc4,Shipowner country/area,China
set,d543948b-54f3-4166-834f-8d145f8befc4,Shipowner country/area [ref],https://en.wikipedia.org/wiki/COSCO_Shipping
set,6f48b3b4-ce18-40b7-9363-998ed48a3d1a,Shipowner country/area,Greece
set,6f48b3b4-ce18-40b7-9363-998ed48a3d1a,Shipowner country/area [ref],"https://magicport.ai/owners-managers/greece/capital-gas-ship-management, https://stockanalysis.com/stocks/ccec/company/, https://www.rivieramm.com/news-content-hub/capital-gas-enhances-fleet-reliability-amid-greek-lng-expansion-82819"
set,66e19d96-f35f-4a36-a305-0d34eb18356e,Shipowner country/area,Greece
set,66e19d96-f35f-4a36-a305-0d34eb18356e,Shipowner country/area [ref],"https://magicport.ai/owners-managers/greece/capital-gas-ship-management, https://stockanalysis.com/stocks/ccec/company/, https://www.rivieramm.com/news-content-hub/capital-gas-enhances-fleet-reliability-amid-greek-lng-expansion-82819"
set,08630fb4-d7d4-4ff8-aed6-1e1d4b64a095,Shipowner country/area,Denmark
set,08630fb4-d7d4-4ff8-aed6-1e1d4b64a095,Shipowner country/area [ref],"https://magicport.ai/owners-managers/denmark/celsius-shipping-aps, https://lngprime.com/vessels/denmarks-celsius-orders-four-lng-carriers-in-china/69940/, https://lngprime.com/asia/celsius-takes-delivery-of-new-lng-tanker/127252/"
set,d0f03c31-ee0c-4699-b88a-b42e8b5a30a7,Shipowner country/area,Denmark
set,d0f03c31-ee0c-4699-b88a-b42e8b5a30a7,Shipowner country/area [ref],"https://magicport.ai/owners-managers/denmark/celsius-shipping-aps, https://lngprime.com/vessels/denmarks-celsius-orders-four-lng-carriers-in-china/69940/, https://lngprime.com/asia/celsius-takes-delivery-of-new-lng-tanker/127252/"
set,bbfa6caf-aa1c-4d07-a880-596238eb1bfc,Shipowner country/area,China
set,bbfa6caf-aa1c-4d07-a880-596238eb1bfc,Shipowner country/area [ref],https://en.wikipedia.org/wiki/COSCO_Shipping
set,3ff5885f-e66f-4e92-b0e7-b748841b3389,Shipowner country/area,Norway
set,3ff5885f-e66f-4e92-b0e7-b748841b3389,Shipowner country/area [ref],https://www.imarinenews.com/35664.html
set,f7b30932-2e15-42ed-acd1-c8be3ee1c2f5,Shipowner country/area,Norway
set,f7b30932-2e15-42ed-acd1-c8be3ee1c2f5,Shipowner country/area [ref],https://www.imarinenews.com/35664.html
set,92dcd535-f541-4fe0-bc0e-f3dbc559f592,Shipowner country/area,Norway
set,92dcd535-f541-4fe0-bc0e-f3dbc559f592,Shipowner country/area [ref],https://www.imarinenews.com/35664.html
set,4f3c6c36-c6e7-46df-8be5-9c8a7803edea,Shipowner country/area,Norway
set,4f3c6c36-c6e7-46df-8be5-9c8a7803edea,Shipowner country/area [ref],https://www.imarinenews.com/35664.html
set,0688167f-7eb9-462e-98fc-b13833538ed7,Shipowner country/area,China
set,0688167f-7eb9-462e-98fc-b13833538ed7,Shipowner country/area [ref],https://en.wikipedia.org/wiki/COSCO_Shipping
set,e14a0599-ce39-442e-a0a6-26607be66eae,Shipowner country/area,Norway
set,e14a0599-ce39-442e-a0a6-26607be66eae,Shipowner country/area [ref],https://www.imarinenews.com/35664.html
set,f569891f-412d-42ea-ae01-c8fef48c93ea,Shipowner country/area,Norway
set,f569891f-412d-42ea-ae01-c8fef48c93ea,Shipowner country/area [ref],https://www.imarinenews.com/35664.html
set,435c1074-cba6-4540-aefa-cf5aaaf3fa82,Shipowner country/area,Norway
set,435c1074-cba6-4540-aefa-cf5aaaf3fa82,Shipowner country/area [ref],https://www.imarinenews.com/35664.html
set,4d56c5c3-1297-40a7-b33b-e34edfa9d1b6,Shipowner country/area,Malaysia
set,4d56c5c3-1297-40a7-b33b-e34edfa9d1b6,Shipowner country/area [ref],"https://www.misc.com.my/contact-us/, https://www.miscgroup.com/awcontent/Web/Documents/IntegratedAnnualReport/Integrated-Annual-Report-2025.pdf, https://en.wikipedia.org/wiki/MISC_Berhad"
set,08ef47fc-94fa-4847-baf3-4b7d44993a8d,Shipowner country/area,Malaysia
set,08ef47fc-94fa-4847-baf3-4b7d44993a8d,Shipowner country/area [ref],"https://www.misc.com.my/contact-us/, https://www.miscgroup.com/awcontent/Web/Documents/IntegratedAnnualReport/Integrated-Annual-Report-2025.pdf, https://en.wikipedia.org/wiki/MISC_Berhad"
set,d027baa9-db1c-4b4e-ba06-12390868124a,Shipowner country/area,Denmark
set,d027baa9-db1c-4b4e-ba06-12390868124a,Shipowner country/area [ref],"https://magicport.ai/owners-managers/denmark/celsius-shipping-aps, https://lngprime.com/vessels/denmarks-celsius-orders-four-lng-carriers-in-china/69940/, https://lngprime.com/asia/celsius-takes-delivery-of-new-lng-tanker/127252/"
set,0f92644f-292b-45ac-b8b9-fc18c7be0e5e,Shipowner country/area,Denmark
set,0f92644f-292b-45ac-b8b9-fc18c7be0e5e,Shipowner country/area [ref],"https://magicport.ai/owners-managers/denmark/celsius-shipping-aps, https://lngprime.com/vessels/denmarks-celsius-orders-four-lng-carriers-in-china/69940/, https://lngprime.com/asia/celsius-takes-delivery-of-new-lng-tanker/127252/"
set,c733a005-e8d3-4c65-9e8b-b6e6c1a26cd9,Shipowner country/area,Denmark
set,c733a005-e8d3-4c65-9e8b-b6e6c1a26cd9,Shipowner country/area [ref],"https://magicport.ai/owners-managers/denmark/celsius-shipping-aps, https://lngprime.com/vessels/denmarks-celsius-orders-four-lng-carriers-in-china/69940/, https://lngprime.com/asia/celsius-takes-delivery-of-new-lng-tanker/127252/"
set,8ab72a01-788a-4e59-9b40-ecf928c729b2,Shipowner country/area,Japan
set,8ab72a01-788a-4e59-9b40-ecf928c729b2,Shipowner country/area [ref],"https://www.nyk.com/english/profile/profile/, https://en.wikipedia.org/wiki/Nippon_Yusen"
set,00104018-3df1-46a9-975c-5e270d0f7997,Shipowner country/area,Greece
set,00104018-3df1-46a9-975c-5e270d0f7997,Shipowner country/area [ref],https://system.new-vessels.com/orderer-45411-TMS_Cardiff_Gas_Ltd.html
set,caa906d5-e6a8-4c64-87a7-048cb80ae2bc,Shipowner country/area,United Arab Emirates
set,caa906d5-e6a8-4c64-87a7-048cb80ae2bc,Shipowner country/area [ref],"https://magicport.ai/owners-managers/united-arab-emirates/adnoc-logistics-services, https://stockanalysis.com/quote/adx/ADNOCLS/company/, https://shipandbunker.com/news/world/249785-adnoc-ls-takes-delivery-of-lng-carrier-from-china"
set,2d5e7a63-1daf-444d-8c6d-8eea120c799c,Shipowner country/area,South Korea
set,2d5e7a63-1daf-444d-8c6d-8eea120c799c,Shipowner country/area [ref],https://www.emis.com/php/company-profile/KR/Hyundai_Lng_Shipping_CoLtd_en_4269939.html
set,0e2d68a2-4cdc-4554-97b8-d0a7c9310535,Shipowner country/area,South Korea
set,0e2d68a2-4cdc-4554-97b8-d0a7c9310535,Shipowner country/area [ref],https://www.emis.com/php/company-profile/KR/Hyundai_Lng_Shipping_CoLtd_en_4269939.html
set,5dbd005e-5589-40bc-82c1-a60a49867e0a,Shipowner country/area,South Korea
set,5dbd005e-5589-40bc-82c1-a60a49867e0a,Shipowner country/area [ref],https://www.emis.com/php/company-profile/KR/Hyundai_Lng_Shipping_CoLtd_en_4269939.html
set,d7fd4175-4909-40e7-822a-e0ca44f0b483,Shipowner country/area,South Korea
set,d7fd4175-4909-40e7-822a-e0ca44f0b483,Shipowner country/area [ref],https://www.emis.com/php/company-profile/KR/Hyundai_Lng_Shipping_CoLtd_en_4269939.html
set,7140a4c5-59c8-4c98-850a-a44d6d245652,Shipowner country/area,Greece
set,7140a4c5-59c8-4c98-850a-a44d6d245652,Shipowner country/area [ref],"https://magicport.ai/owners-managers/greece/capital-gas-ship-management, https://stockanalysis.com/stocks/ccec/company/, https://www.rivieramm.com/news-content-hub/capital-gas-enhances-fleet-reliability-amid-greek-lng-expansion-82819"
set,c29ce8b7-20bb-4edd-885f-deb3a5662416,Shipowner country/area,Norway
set,c29ce8b7-20bb-4edd-885f-deb3a5662416,Shipowner country/area [ref],https://www.imarinenews.com/35664.html
set,7a9d6307-6430-41f2-9732-acf7cb3a8272,Shipowner country/area,South Korea
set,7a9d6307-6430-41f2-9732-acf7cb3a8272,Shipowner country/area [ref],"https://en.wikipedia.org/wiki/SK_Shipping, https://splash247.com/sk-shipping-takes-aim-at-asia-lng-top-spot-in-h-line-tanker-swap/"
set,d87e8486-a728-4de4-b6b0-5771e209d2cd,Shipowner country/area,Greece
set,d87e8486-a728-4de4-b6b0-5771e209d2cd,Shipowner country/area [ref],"https://magicport.ai/owners-managers/greece/capital-gas-ship-management, https://stockanalysis.com/stocks/ccec/company/, https://www.rivieramm.com/news-content-hub/capital-gas-enhances-fleet-reliability-amid-greek-lng-expansion-82819"
set,05a4f95c-c077-424a-aff1-0a44bf21055d,Shipowner country/area,Greece
set,05a4f95c-c077-424a-aff1-0a44bf21055d,Shipowner country/area [ref],"https://magicport.ai/owners-managers/greece/capital-gas-ship-management, https://stockanalysis.com/stocks/ccec/company/, https://www.rivieramm.com/news-content-hub/capital-gas-enhances-fleet-reliability-amid-greek-lng-expansion-82819"
set,d09e66c1-9aa3-4307-ba1a-19153ff76498,Shipowner country/area,Greece
set,d09e66c1-9aa3-4307-ba1a-19153ff76498,Shipowner country/area [ref],"https://magicport.ai/owners-managers/greece/capital-gas-ship-management, https://stockanalysis.com/stocks/ccec/company/, https://www.rivieramm.com/news-content-hub/capital-gas-enhances-fleet-reliability-amid-greek-lng-expansion-82819"
set,6dd427fb-dc2f-498e-9b0f-b7c5b414b64f,Shipowner country/area,Denmark
set,6dd427fb-dc2f-498e-9b0f-b7c5b414b64f,Shipowner country/area [ref],"https://magicport.ai/owners-managers/denmark/celsius-shipping-aps, https://lngprime.com/vessels/denmarks-celsius-orders-four-lng-carriers-in-china/69940/, https://lngprime.com/asia/celsius-takes-delivery-of-new-lng-tanker/127252/"
set,4fec3972-372a-4a77-8efa-378f8ebc3388,Shipowner country/area,Japan
set,4fec3972-372a-4a77-8efa-378f8ebc3388,Shipowner country/area [ref],"https://www.nyk.com/english/profile/profile/, https://en.wikipedia.org/wiki/Nippon_Yusen"
set,7bad575a-f15d-4a31-8e40-c1bc858d39e5,Shipowner country/area,South Korea
set,7bad575a-f15d-4a31-8e40-c1bc858d39e5,Shipowner country/area [ref],https://www.emis.com/php/company-profile/KR/Hyundai_Lng_Shipping_CoLtd_en_4269939.html
set,a9e49179-3e65-4387-9234-4ee199a49744,Shipowner country/area,Norway
set,a9e49179-3e65-4387-9234-4ee199a49744,Shipowner country/area [ref],https://www.imarinenews.com/35664.html
set,44e13b5c-06a2-4987-87a3-353afb137603,Shipowner country/area,Greece
set,44e13b5c-06a2-4987-87a3-353afb137603,Shipowner country/area [ref],"https://www.gaslogltd.com/contact-us/, https://www.gaslogltd.com/content/uploads/GasLog-Ltd-2022-annual-report-form-20-F.pdf"
set,21f8bdb6-81cd-4444-ac57-96bd393c41de,Shipowner country/area,South Korea
set,21f8bdb6-81cd-4444-ac57-96bd393c41de,Shipowner country/area [ref],https://www.emis.com/php/company-profile/KR/Hyundai_Lng_Shipping_CoLtd_en_4269939.html
set,ca43417c-6a62-46eb-9caa-915bc55de1e3,Shipowner country/area,Denmark
set,ca43417c-6a62-46eb-9caa-915bc55de1e3,Shipowner country/area [ref],"https://magicport.ai/owners-managers/denmark/celsius-shipping-aps, https://lngprime.com/vessels/denmarks-celsius-orders-four-lng-carriers-in-china/69940/, https://lngprime.com/asia/celsius-takes-delivery-of-new-lng-tanker/127252/"
set,471060ce-b547-4e31-91b8-f5a20e35b050,Shipowner country/area,Denmark
set,471060ce-b547-4e31-91b8-f5a20e35b050,Shipowner country/area [ref],"https://magicport.ai/owners-managers/denmark/celsius-shipping-aps, https://lngprime.com/vessels/denmarks-celsius-orders-four-lng-carriers-in-china/69940/, https://lngprime.com/asia/celsius-takes-delivery-of-new-lng-tanker/127252/"
set,48df6dee-4890-4c4f-bfb7-0e9cee3b1fe0,Shipowner country/area,Denmark
set,48df6dee-4890-4c4f-bfb7-0e9cee3b1fe0,Shipowner country/area [ref],"https://magicport.ai/owners-managers/denmark/celsius-shipping-aps, https://lngprime.com/vessels/denmarks-celsius-orders-four-lng-carriers-in-china/69940/, https://lngprime.com/asia/celsius-takes-delivery-of-new-lng-tanker/127252/"
set,a323b92f-82b4-4c71-a051-0f950a8a48d5,Shipowner country/area,Denmark
set,a323b92f-82b4-4c71-a051-0f950a8a48d5,Shipowner country/area [ref],"https://magicport.ai/owners-managers/denmark/celsius-shipping-aps, https://lngprime.com/vessels/denmarks-celsius-orders-four-lng-carriers-in-china/69940/, https://lngprime.com/asia/celsius-takes-delivery-of-new-lng-tanker/127252/"
set,6a882310-590c-4cd3-8267-26f9ddb2f066,Shipowner country/area,South Korea
set,6a882310-590c-4cd3-8267-26f9ddb2f066,Shipowner country/area [ref],"https://en.wikipedia.org/wiki/SK_Shipping, https://splash247.com/sk-shipping-takes-aim-at-asia-lng-top-spot-in-h-line-tanker-swap/"
set,3d8cec19-ecc9-4b3d-82e6-a2e3aa8da5de,Shipowner country/area,Norway
set,3d8cec19-ecc9-4b3d-82e6-a2e3aa8da5de,Shipowner country/area [ref],https://www.imarinenews.com/35664.html
set,07d76400-e08b-498f-90f8-fce1f4e33e29,Shipowner country/area,Norway
set,07d76400-e08b-498f-90f8-fce1f4e33e29,Shipowner country/area [ref],https://www.imarinenews.com/35664.html
set,269c1bd5-df30-44ef-9d5a-0bc9252790a4,Shipowner country/area,Norway
set,269c1bd5-df30-44ef-9d5a-0bc9252790a4,Shipowner country/area [ref],https://www.imarinenews.com/35664.html
set,ac336a74-0fc5-4e4c-965e-d74cda686769,Shipowner country/area,Norway
set,ac336a74-0fc5-4e4c-965e-d74cda686769,Shipowner country/area [ref],https://www.imarinenews.com/35664.html
set,eb9cf5b9-b3fb-418b-b583-4e1e00fe19df,Shipowner country/area,Japan
set,eb9cf5b9-b3fb-418b-b583-4e1e00fe19df,Shipowner country/area [ref],"https://www.nyk.com/english/profile/profile/, https://en.wikipedia.org/wiki/Nippon_Yusen"
set,8b128d92-0b77-42a4-9d9b-1cd6306f02cd,Shipowner country/area,Japan
set,8b128d92-0b77-42a4-9d9b-1cd6306f02cd,Shipowner country/area [ref],"https://www.nyk.com/english/profile/profile/, https://en.wikipedia.org/wiki/Nippon_Yusen"
set,a06e8263-bedd-49e7-8e0b-1e60ead45641,Shipowner country/area,China
set,a06e8263-bedd-49e7-8e0b-1e60ead45641,Shipowner country/area [ref],https://en.wikipedia.org/wiki/COSCO_Shipping
set,b513c7c9-895e-48e7-9ba8-4d1197060380,Shipowner country/area,China
set,b513c7c9-895e-48e7-9ba8-4d1197060380,Shipowner country/area [ref],https://en.wikipedia.org/wiki/COSCO_Shipping
set,91fabb75-77d3-4bba-8903-c18e57d21fe3,Shipowner country/area,Hong Kong
set,91fabb75-77d3-4bba-8903-c18e57d21fe3,Shipowner country/area [ref],https://www1.hkexnews.hk/listedco/listconews/sehk/2020/0630/2020063001526.pdf
set,659e671e-88e2-4542-afe9-81acf4df706b,Shipowner country/area,Norway
set,659e671e-88e2-4542-afe9-81acf4df706b,Shipowner country/area [ref],https://www.imarinenews.com/35664.html
set,0d760f9f-3355-4099-adb8-4b65eaa764bc,Shipowner country/area,Norway
set,0d760f9f-3355-4099-adb8-4b65eaa764bc,Shipowner country/area [ref],https://www.imarinenews.com/35664.html
set,0b14ff6c-9946-4d11-a70b-618609bacc30,Shipowner country/area,Norway
set,0b14ff6c-9946-4d11-a70b-618609bacc30,Shipowner country/area [ref],https://www.imarinenews.com/35664.html
set,70f32a2d-45cc-420d-9185-d2a656c7a85b,Shipowner country/area,South Korea
set,70f32a2d-45cc-420d-9185-d2a656c7a85b,Shipowner country/area [ref],https://www.emis.com/php/company-profile/KR/Hyundai_Lng_Shipping_CoLtd_en_4269939.html
set,6605de4c-acff-4b18-84d0-03e82f32d66e,Shipowner country/area,Norway
set,6605de4c-acff-4b18-84d0-03e82f32d66e,Shipowner country/area [ref],https://www.imarinenews.com/35664.html
set,5d4a9e7b-d459-4db9-a5e9-d7d0f87c8927,Shipowner country/area,Greece
set,5d4a9e7b-d459-4db9-a5e9-d7d0f87c8927,Shipowner country/area [ref],"https://www.gaslogltd.com/contact-us/, https://www.gaslogltd.com/content/uploads/GasLog-Ltd-2022-annual-report-form-20-F.pdf"
set,39181ee8-c139-4ab1-b093-23ebfdf42785,Shipowner country/area,Greece
set,39181ee8-c139-4ab1-b093-23ebfdf42785,Shipowner country/area [ref],"https://www.gaslogltd.com/contact-us/, https://www.gaslogltd.com/content/uploads/GasLog-Ltd-2022-annual-report-form-20-F.pdf"
set,982d7ba0-adcc-4fcf-8026-6a5683b846c1,Shipowner country/area,Japan
set,982d7ba0-adcc-4fcf-8026-6a5683b846c1,Shipowner country/area [ref],"https://www.nyk.com/english/profile/profile/, https://en.wikipedia.org/wiki/Nippon_Yusen"
set,fa19d3f8-e620-46bf-a774-0466fa90254d,Shipowner country/area,Malaysia
set,fa19d3f8-e620-46bf-a774-0466fa90254d,Shipowner country/area [ref],"https://www.misc.com.my/contact-us/, https://www.miscgroup.com/awcontent/Web/Documents/IntegratedAnnualReport/Integrated-Annual-Report-2025.pdf, https://en.wikipedia.org/wiki/MISC_Berhad"
set,2bfe688d-f744-4cc6-bead-405268821960,Shipowner country/area,Malaysia
set,2bfe688d-f744-4cc6-bead-405268821960,Shipowner country/area [ref],"https://www.misc.com.my/contact-us/, https://www.miscgroup.com/awcontent/Web/Documents/IntegratedAnnualReport/Integrated-Annual-Report-2025.pdf, https://en.wikipedia.org/wiki/MISC_Berhad"
set,81b6ae93-1ab8-4fcd-b273-95d3b5699c94,Shipowner country/area,Greece
set,81b6ae93-1ab8-4fcd-b273-95d3b5699c94,Shipowner country/area [ref],https://system.new-vessels.com/orderer-45411-TMS_Cardiff_Gas_Ltd.html
set,319d5092-494a-4104-a667-46082797ec60,Shipowner country/area,Greece
set,319d5092-494a-4104-a667-46082797ec60,Shipowner country/area [ref],https://system.new-vessels.com/orderer-45411-TMS_Cardiff_Gas_Ltd.html
set,94cfa308-fa2f-4bb9-bda5-04e22a165989,Shipowner country/area,Greece
set,94cfa308-fa2f-4bb9-bda5-04e22a165989,Shipowner country/area [ref],https://system.new-vessels.com/orderer-45411-TMS_Cardiff_Gas_Ltd.html
set,c41bf34e-5d7b-42fd-8ea1-3aefe9d6427c,Shipowner country/area,Malaysia
set,c41bf34e-5d7b-42fd-8ea1-3aefe9d6427c,Shipowner country/area [ref],"https://www.misc.com.my/contact-us/, https://www.miscgroup.com/awcontent/Web/Documents/IntegratedAnnualReport/Integrated-Annual-Report-2025.pdf, https://en.wikipedia.org/wiki/MISC_Berhad"
set,7bc8bcec-950a-4d3b-98fa-5c676c5e2c4d,Shipowner country/area,Malaysia
set,7bc8bcec-950a-4d3b-98fa-5c676c5e2c4d,Shipowner country/area [ref],"https://www.misc.com.my/contact-us/, https://www.miscgroup.com/awcontent/Web/Documents/IntegratedAnnualReport/Integrated-Annual-Report-2025.pdf, https://en.wikipedia.org/wiki/MISC_Berhad"
set,bba668b1-c7ee-4073-9160-3a0a664a6218,Shipowner country/area,South Korea
set,bba668b1-c7ee-4073-9160-3a0a664a6218,Shipowner country/area [ref],"https://en.wikipedia.org/wiki/SK_Shipping, https://splash247.com/sk-shipping-takes-aim-at-asia-lng-top-spot-in-h-line-tanker-swap/"
set,900b5f5b-6cfd-4356-80c4-c87fb8e7b6a1,Shipowner country/area,Norway
set,900b5f5b-6cfd-4356-80c4-c87fb8e7b6a1,Shipowner country/area [ref],https://www.imarinenews.com/35664.html
set,fb106611-9cc1-4aac-9c76-3ce6ec5de423,Shipowner country/area,Norway
set,fb106611-9cc1-4aac-9c76-3ce6ec5de423,Shipowner country/area [ref],https://www.imarinenews.com/35664.html
set,6eb9b898-f874-4d38-93ca-c71f0ddfdb74,Shipowner country/area,Norway
set,6eb9b898-f874-4d38-93ca-c71f0ddfdb74,Shipowner country/area [ref],https://www.imarinenews.com/35664.html
set,54c64635-3d04-4e7c-8d78-048db5d59d8d,Shipowner country/area,Norway
set,54c64635-3d04-4e7c-8d78-048db5d59d8d,Shipowner country/area [ref],https://www.imarinenews.com/35664.html
set,255a40dc-19ae-46ff-8162-d3722925ffee,Shipowner country/area,Norway
set,255a40dc-19ae-46ff-8162-d3722925ffee,Shipowner country/area [ref],https://www.imarinenews.com/35664.html
set,1ce36ff8-9067-46c4-9d58-eaf79f7fea42,Shipowner country/area,Japan
set,1ce36ff8-9067-46c4-9d58-eaf79f7fea42,Shipowner country/area [ref],"https://www.nyk.com/english/profile/profile/, https://en.wikipedia.org/wiki/Nippon_Yusen"
set,6e3bf036-f0c0-41f7-b4ae-ffa9adbb0795,Shipowner country/area,Japan
set,6e3bf036-f0c0-41f7-b4ae-ffa9adbb0795,Shipowner country/area [ref],"https://www.nyk.com/english/profile/profile/, https://en.wikipedia.org/wiki/Nippon_Yusen"
set,68653630-6c8b-463b-8be1-f93125eff8c8,Shipowner country/area,Japan
set,68653630-6c8b-463b-8be1-f93125eff8c8,Shipowner country/area [ref],"https://www.nyk.com/english/profile/profile/, https://en.wikipedia.org/wiki/Nippon_Yusen"
set,c3e38d82-ac7f-46bf-8b7d-ebb1a211ef6f,Shipowner country/area,Japan
set,c3e38d82-ac7f-46bf-8b7d-ebb1a211ef6f,Shipowner country/area [ref],"https://www.nyk.com/english/profile/profile/, https://en.wikipedia.org/wiki/Nippon_Yusen"
set,aea4626e-774d-45cf-87f9-f1b058c637ec,Shipowner country/area,Japan
set,aea4626e-774d-45cf-87f9-f1b058c637ec,Shipowner country/area [ref],"https://www.nyk.com/english/profile/profile/, https://en.wikipedia.org/wiki/Nippon_Yusen"
set,35a965b8-b9a6-4ce6-8de1-eb88f66bcd55,Shipowner country/area,Japan
set,35a965b8-b9a6-4ce6-8de1-eb88f66bcd55,Shipowner country/area [ref],"https://www.nyk.com/english/profile/profile/, https://en.wikipedia.org/wiki/Nippon_Yusen"
set,525502c3-51f5-4ba8-8d10-b0628da3aa9c,Shipowner country/area,Japan
set,525502c3-51f5-4ba8-8d10-b0628da3aa9c,Shipowner country/area [ref],"https://www.nyk.com/english/profile/profile/, https://en.wikipedia.org/wiki/Nippon_Yusen"
set,e35da1e3-3fbd-4c2e-8f79-43889eb3d306,Shipowner country/area,Japan
set,e35da1e3-3fbd-4c2e-8f79-43889eb3d306,Shipowner country/area [ref],"https://www.nyk.com/english/profile/profile/, https://en.wikipedia.org/wiki/Nippon_Yusen"
set,26c1b04e-f366-4537-bad8-8f326a9a3d8c,Shipowner country/area,Greece
set,26c1b04e-f366-4537-bad8-8f326a9a3d8c,Shipowner country/area [ref],https://system.new-vessels.com/orderer-45411-TMS_Cardiff_Gas_Ltd.html
set,8ae65a68-8fa9-43b5-8fa7-154400c93445,Shipowner country/area,South Korea
set,8ae65a68-8fa9-43b5-8fa7-154400c93445,Shipowner country/area [ref],"https://en.wikipedia.org/wiki/SK_Shipping, https://splash247.com/sk-shipping-takes-aim-at-asia-lng-top-spot-in-h-line-tanker-swap/"
set,04f3004e-9729-4fe8-a784-455b4fef317f,Shipowner country/area,South Korea
set,04f3004e-9729-4fe8-a784-455b4fef317f,Shipowner country/area [ref],"https://en.wikipedia.org/wiki/SK_Shipping, https://splash247.com/sk-shipping-takes-aim-at-asia-lng-top-spot-in-h-line-tanker-swap/"
set,8d1f91da-8ca4-42a6-896b-452fa04b5a6c,Shipowner country/area,Greece
set,8d1f91da-8ca4-42a6-896b-452fa04b5a6c,Shipowner country/area [ref],https://system.new-vessels.com/orderer-45411-TMS_Cardiff_Gas_Ltd.html
set,7d7d5e8f-7c62-4f44-83e8-34c5291f87b8,Shipowner country/area,Greece
set,7d7d5e8f-7c62-4f44-83e8-34c5291f87b8,Shipowner country/area [ref],https://system.new-vessels.com/orderer-45411-TMS_Cardiff_Gas_Ltd.html
set,4e2e80e2-5229-4ec3-b4e0-e81f93ce685d,Shipowner country/area,Japan
set,4e2e80e2-5229-4ec3-b4e0-e81f93ce685d,Shipowner country/area [ref],"https://www.nyk.com/english/profile/profile/, https://en.wikipedia.org/wiki/Nippon_Yusen"
set,7c92a980-8b57-45cb-8717-06718c76a8cc,Shipowner country/area,Denmark
set,7c92a980-8b57-45cb-8717-06718c76a8cc,Shipowner country/area [ref],"https://magicport.ai/owners-managers/denmark/celsius-shipping-aps, https://lngprime.com/vessels/denmarks-celsius-orders-four-lng-carriers-in-china/69940/, https://lngprime.com/asia/celsius-takes-delivery-of-new-lng-tanker/127252/"
set,99a5d38a-f75b-4f11-90fd-786b58a65e43,Shipowner country/area,Denmark
set,99a5d38a-f75b-4f11-90fd-786b58a65e43,Shipowner country/area [ref],"https://magicport.ai/owners-managers/denmark/celsius-shipping-aps, https://lngprime.com/vessels/denmarks-celsius-orders-four-lng-carriers-in-china/69940/, https://lngprime.com/asia/celsius-takes-delivery-of-new-lng-tanker/127252/"
set,e547bf04-f9cd-4740-9441-4470baaea3e7,Shipowner country/area,Japan
set,e547bf04-f9cd-4740-9441-4470baaea3e7,Shipowner country/area [ref],"https://www.nyk.com/english/profile/profile/, https://en.wikipedia.org/wiki/Nippon_Yusen"
set,4b61296c-51b3-4838-b9c2-1674aa959316,Shipowner country/area,Japan
set,4b61296c-51b3-4838-b9c2-1674aa959316,Shipowner country/area [ref],"https://www.nyk.com/english/profile/profile/, https://en.wikipedia.org/wiki/Nippon_Yusen"
set,0e55cb46-b9e2-4384-baad-cba4148dde34,Shipowner country/area,Japan
set,0e55cb46-b9e2-4384-baad-cba4148dde34,Shipowner country/area [ref],"https://www.nyk.com/english/profile/profile/, https://en.wikipedia.org/wiki/Nippon_Yusen"
set,ddb3a42f-a13c-4e3c-95a4-a54743277751,Shipowner country/area,Japan
set,ddb3a42f-a13c-4e3c-95a4-a54743277751,Shipowner country/area [ref],"https://www.nyk.com/english/profile/profile/, https://en.wikipedia.org/wiki/Nippon_Yusen"
set,124f2180-73f3-4ed5-b708-825a5bfda751,Shipowner country/area,Japan
set,124f2180-73f3-4ed5-b708-825a5bfda751,Shipowner country/area [ref],"https://www.nyk.com/english/profile/profile/, https://en.wikipedia.org/wiki/Nippon_Yusen"
set,18933580-8744-422d-9380-5507950c8737,Shipowner country/area,Hong Kong
set,18933580-8744-422d-9380-5507950c8737,Shipowner country/area [ref],https://www1.hkexnews.hk/listedco/listconews/sehk/2020/0630/2020063001526.pdf
set,22995c73-cdaf-4739-9e71-c56ead824793,Shipowner country/area,Greece
set,22995c73-cdaf-4739-9e71-c56ead824793,Shipowner country/area [ref],"https://magicport.ai/owners-managers/greece/capital-gas-ship-management, https://stockanalysis.com/stocks/ccec/company/, https://www.rivieramm.com/news-content-hub/capital-gas-enhances-fleet-reliability-amid-greek-lng-expansion-82819"
set,ee9765d9-56a1-47ff-aea6-6acd6a12049f,Shipowner country/area,Greece
set,ee9765d9-56a1-47ff-aea6-6acd6a12049f,Shipowner country/area [ref],"https://magicport.ai/owners-managers/greece/capital-gas-ship-management, https://stockanalysis.com/stocks/ccec/company/, https://www.rivieramm.com/news-content-hub/capital-gas-enhances-fleet-reliability-amid-greek-lng-expansion-82819"
set,04f8c83d-a9bc-4466-9d44-1bd9ab3cb476,Shipowner country/area,Russia
set,04f8c83d-a9bc-4466-9d44-1bd9ab3cb476,Shipowner country/area [ref],https://2021-2025.state.gov/imposing-measures-in-response-to-navalnys-death-and-two-years-of-russias-full-scale-war-against-ukraine/
set,a5c81a8a-c28f-40da-8ccd-6e42ffebb1ac,Shipowner country/area,Greece
set,a5c81a8a-c28f-40da-8ccd-6e42ffebb1ac,Shipowner country/area [ref],"https://magicport.ai/owners-managers/greece/capital-gas-ship-management, https://stockanalysis.com/stocks/ccec/company/, https://www.rivieramm.com/news-content-hub/capital-gas-enhances-fleet-reliability-amid-greek-lng-expansion-82819"
set,b45e1a28-97f4-43d0-9c49-950267f6f2f3,Shipowner country/area,Greece
set,b45e1a28-97f4-43d0-9c49-950267f6f2f3,Shipowner country/area [ref],"https://magicport.ai/owners-managers/greece/capital-gas-ship-management, https://stockanalysis.com/stocks/ccec/company/, https://www.rivieramm.com/news-content-hub/capital-gas-enhances-fleet-reliability-amid-greek-lng-expansion-82819"
set,9a80ebac-fb0e-4afd-8be2-55c93985e5cf,Shipowner country/area,United Arab Emirates
set,9a80ebac-fb0e-4afd-8be2-55c93985e5cf,Shipowner country/area [ref],"https://magicport.ai/owners-managers/united-arab-emirates/adnoc-logistics-services, https://stockanalysis.com/quote/adx/ADNOCLS/company/, https://shipandbunker.com/news/world/249785-adnoc-ls-takes-delivery-of-lng-carrier-from-china"
set,33d5d3e5-29fe-4705-9668-e90cfc51de5b,Shipowner country/area,United Arab Emirates
set,33d5d3e5-29fe-4705-9668-e90cfc51de5b,Shipowner country/area [ref],"https://magicport.ai/owners-managers/united-arab-emirates/adnoc-logistics-services, https://stockanalysis.com/quote/adx/ADNOCLS/company/, https://shipandbunker.com/news/world/249785-adnoc-ls-takes-delivery-of-lng-carrier-from-china"
set,bffc90ef-2497-40be-a953-8542fc5757dd,Shipowner country/area,United Arab Emirates
set,bffc90ef-2497-40be-a953-8542fc5757dd,Shipowner country/area [ref],"https://magicport.ai/owners-managers/united-arab-emirates/adnoc-logistics-services, https://stockanalysis.com/quote/adx/ADNOCLS/company/, https://shipandbunker.com/news/world/249785-adnoc-ls-takes-delivery-of-lng-carrier-from-china"
set,1f67ed2e-fab2-4e21-8153-a98ad7405994,Shipowner country/area,Norway
set,1f67ed2e-fab2-4e21-8153-a98ad7405994,Shipowner country/area [ref],https://www.imarinenews.com/35664.html
set,49a413b5-358a-4533-b9be-80edaeda0a6c,Shipowner country/area,Japan
set,49a413b5-358a-4533-b9be-80edaeda0a6c,Shipowner country/area [ref],"https://www.nyk.com/english/profile/profile/, https://en.wikipedia.org/wiki/Nippon_Yusen"
set,1eee48dc-e158-4044-b62c-d81e79733a7f,Shipowner country/area,Malaysia
set,1eee48dc-e158-4044-b62c-d81e79733a7f,Shipowner country/area [ref],"https://www.misc.com.my/contact-us/, https://www.miscgroup.com/awcontent/Web/Documents/IntegratedAnnualReport/Integrated-Annual-Report-2025.pdf, https://en.wikipedia.org/wiki/MISC_Berhad"
set,13882a6e-6e4c-43f3-a9e0-6ad803524f60,Shipowner country/area,Malaysia
set,13882a6e-6e4c-43f3-a9e0-6ad803524f60,Shipowner country/area [ref],"https://www.misc.com.my/contact-us/, https://www.miscgroup.com/awcontent/Web/Documents/IntegratedAnnualReport/Integrated-Annual-Report-2025.pdf, https://en.wikipedia.org/wiki/MISC_Berhad"
set,5a457098-6dd0-4177-b678-db73a806f503,Shipowner country/area,Malaysia
set,5a457098-6dd0-4177-b678-db73a806f503,Shipowner country/area [ref],"https://www.misc.com.my/contact-us/, https://www.miscgroup.com/awcontent/Web/Documents/IntegratedAnnualReport/Integrated-Annual-Report-2025.pdf, https://en.wikipedia.org/wiki/MISC_Berhad"
set,0ad2f1d6-3c23-4a16-ba4a-6f86356aba83,Shipowner country/area,Japan
set,0ad2f1d6-3c23-4a16-ba4a-6f86356aba83,Shipowner country/area [ref],"https://www.nyk.com/english/profile/profile/, https://en.wikipedia.org/wiki/Nippon_Yusen"
set,5c30db06-701a-4363-9bad-eb86ed67ddc7,Shipowner country/area,Japan
set,5c30db06-701a-4363-9bad-eb86ed67ddc7,Shipowner country/area [ref],"https://www.nyk.com/english/profile/profile/, https://en.wikipedia.org/wiki/Nippon_Yusen"
set,69319f45-5621-4a91-98a4-9517bcf672bf,Shipowner country/area,Japan
set,69319f45-5621-4a91-98a4-9517bcf672bf,Shipowner country/area [ref],"https://www.nyk.com/english/profile/profile/, https://en.wikipedia.org/wiki/Nippon_Yusen"
set,a5a63e77-0050-4ee6-acc3-03a3fce60d03,Shipowner country/area,Greece
set,a5a63e77-0050-4ee6-acc3-03a3fce60d03,Shipowner country/area [ref],"https://magicport.ai/owners-managers/greece/evalend-shipping-co-sa, https://splash247.com/evalend-shipping-doubles-up-on-lng-carrier-orders/, https://splash247.com/evalend-poised-to-enter-lng-trades/"
set,b0cfc18a-5995-4054-84af-0473349eb292,Shipowner country/area,Greece
set,b0cfc18a-5995-4054-84af-0473349eb292,Shipowner country/area [ref],"https://magicport.ai/owners-managers/greece/evalend-shipping-co-sa, https://splash247.com/evalend-shipping-doubles-up-on-lng-carrier-orders/, https://splash247.com/evalend-poised-to-enter-lng-trades/"
set,026ef02d-b2e7-47ea-917f-6699fad6e0eb,Shipowner country/area,Japan
set,026ef02d-b2e7-47ea-917f-6699fad6e0eb,Shipowner country/area [ref],"https://www.nyk.com/english/profile/profile/, https://en.wikipedia.org/wiki/Nippon_Yusen"
set,3ffe55fb-337d-4150-b7f0-792c9c13e724,Shipowner country/area,Japan
set,3ffe55fb-337d-4150-b7f0-792c9c13e724,Shipowner country/area [ref],"https://www.nyk.com/english/profile/profile/, https://en.wikipedia.org/wiki/Nippon_Yusen"
set,f11eadac-386e-40f9-b622-6447787c72db,Shipowner country/area,Japan
set,f11eadac-386e-40f9-b622-6447787c72db,Shipowner country/area [ref],"https://www.nyk.com/english/profile/profile/, https://en.wikipedia.org/wiki/Nippon_Yusen"
set,12f13a5b-642e-4137-b931-1400eb8dae2c,Shipowner country/area,Japan
set,12f13a5b-642e-4137-b931-1400eb8dae2c,Shipowner country/area [ref],"https://www.nyk.com/english/profile/profile/, https://en.wikipedia.org/wiki/Nippon_Yusen"
set,927034db-310e-47bb-b9ff-2ebe4d2dd2f6,Shipowner country/area,Denmark
set,927034db-310e-47bb-b9ff-2ebe4d2dd2f6,Shipowner country/area [ref],"https://magicport.ai/owners-managers/denmark/celsius-shipping-aps, https://lngprime.com/vessels/denmarks-celsius-orders-four-lng-carriers-in-china/69940/, https://lngprime.com/asia/celsius-takes-delivery-of-new-lng-tanker/127252/"
set,70ad3b19-5a73-4caf-9959-455abdd823bb,Shipowner country/area,Denmark
set,70ad3b19-5a73-4caf-9959-455abdd823bb,Shipowner country/area [ref],"https://magicport.ai/owners-managers/denmark/celsius-shipping-aps, https://lngprime.com/vessels/denmarks-celsius-orders-four-lng-carriers-in-china/69940/, https://lngprime.com/asia/celsius-takes-delivery-of-new-lng-tanker/127252/"
set,e8acdbf4-d788-41f9-b8d6-6763c685bae3,Shipowner country/area,Denmark
set,e8acdbf4-d788-41f9-b8d6-6763c685bae3,Shipowner country/area [ref],"https://magicport.ai/owners-managers/denmark/celsius-shipping-aps, https://lngprime.com/vessels/denmarks-celsius-orders-four-lng-carriers-in-china/69940/, https://lngprime.com/asia/celsius-takes-delivery-of-new-lng-tanker/127252/"
set,477df14a-7be8-4aa3-8be0-8633278c8de4,Shipowner country/area,Denmark
set,477df14a-7be8-4aa3-8be0-8633278c8de4,Shipowner country/area [ref],"https://magicport.ai/owners-managers/denmark/celsius-shipping-aps, https://lngprime.com/vessels/denmarks-celsius-orders-four-lng-carriers-in-china/69940/, https://lngprime.com/asia/celsius-takes-delivery-of-new-lng-tanker/127252/"
set,22ae042e-faf0-433a-88a8-432b1d4ac2c8,Shipowner country/area,Greece
set,22ae042e-faf0-433a-88a8-432b1d4ac2c8,Shipowner country/area [ref],"https://magicport.ai/owners-managers/greece/capital-gas-ship-management, https://stockanalysis.com/stocks/ccec/company/, https://www.rivieramm.com/news-content-hub/capital-gas-enhances-fleet-reliability-amid-greek-lng-expansion-82819"
set,59ca4386-de72-4097-be86-e3ab51ece19d,Shipowner country/area,China
set,59ca4386-de72-4097-be86-e3ab51ece19d,Shipowner country/area [ref],https://en.wikipedia.org/wiki/COSCO_Shipping
set,cd5f3fbc-8b2c-4e21-8907-53f32d085007,Shipowner country/area,China
set,cd5f3fbc-8b2c-4e21-8907-53f32d085007,Shipowner country/area [ref],https://en.wikipedia.org/wiki/COSCO_Shipping
set,5d127fdf-e6a6-433c-920f-b7b713af07a0,Shipowner country/area,Japan
set,5d127fdf-e6a6-433c-920f-b7b713af07a0,Shipowner country/area [ref],"https://www.nyk.com/english/profile/profile/, https://en.wikipedia.org/wiki/Nippon_Yusen"
set,65f91441-efcf-45d0-95c8-f0808f59f163,Shipowner country/area,United Arab Emirates
set,65f91441-efcf-45d0-95c8-f0808f59f163,Shipowner country/area [ref],"https://magicport.ai/owners-managers/united-arab-emirates/adnoc-logistics-services, https://stockanalysis.com/quote/adx/ADNOCLS/company/, https://shipandbunker.com/news/world/249785-adnoc-ls-takes-delivery-of-lng-carrier-from-china"
set,6d66d3ba-bf26-42a0-8a19-46f09519a032,Shipowner country/area,United Arab Emirates
set,6d66d3ba-bf26-42a0-8a19-46f09519a032,Shipowner country/area [ref],"https://magicport.ai/owners-managers/united-arab-emirates/adnoc-logistics-services, https://stockanalysis.com/quote/adx/ADNOCLS/company/, https://shipandbunker.com/news/world/249785-adnoc-ls-takes-delivery-of-lng-carrier-from-china"
set,48ea7937-637f-4d87-a47d-7dcd3f7fca3b,Shipowner country/area,United Arab Emirates
set,48ea7937-637f-4d87-a47d-7dcd3f7fca3b,Shipowner country/area [ref],"https://magicport.ai/owners-managers/united-arab-emirates/adnoc-logistics-services, https://stockanalysis.com/quote/adx/ADNOCLS/company/, https://shipandbunker.com/news/world/249785-adnoc-ls-takes-delivery-of-lng-carrier-from-china"
set,5f39cb9d-3031-4098-9293-df14d8c91248,Shipowner country/area,United Arab Emirates
set,5f39cb9d-3031-4098-9293-df14d8c91248,Shipowner country/area [ref],"https://magicport.ai/owners-managers/united-arab-emirates/adnoc-logistics-services, https://stockanalysis.com/quote/adx/ADNOCLS/company/, https://shipandbunker.com/news/world/249785-adnoc-ls-takes-delivery-of-lng-carrier-from-china"
set,5bad1aed-26ef-4528-a101-024342fd7663,Shipowner country/area,Greece
set,5bad1aed-26ef-4528-a101-024342fd7663,Shipowner country/area [ref],"https://magicport.ai/owners-managers/greece/evalend-shipping-co-sa, https://splash247.com/evalend-shipping-doubles-up-on-lng-carrier-orders/, https://splash247.com/evalend-poised-to-enter-lng-trades/"
set,c2556913-1ed3-462b-9a98-4416f7b6e3c5,Shipowner country/area,Greece
set,c2556913-1ed3-462b-9a98-4416f7b6e3c5,Shipowner country/area [ref],"https://magicport.ai/owners-managers/greece/evalend-shipping-co-sa, https://splash247.com/evalend-shipping-doubles-up-on-lng-carrier-orders/, https://splash247.com/evalend-poised-to-enter-lng-trades/"
set,9ddf9023-213f-4bd2-af33-f50cae0e46fd,Shipowner country/area,Greece
set,9ddf9023-213f-4bd2-af33-f50cae0e46fd,Shipowner country/area [ref],"https://magicport.ai/owners-managers/greece/capital-gas-ship-management, https://stockanalysis.com/stocks/ccec/company/, https://www.rivieramm.com/news-content-hub/capital-gas-enhances-fleet-reliability-amid-greek-lng-expansion-82819"
set,2975025f-9430-47f9-a882-9dae06943b0a,Shipowner country/area,Greece
set,2975025f-9430-47f9-a882-9dae06943b0a,Shipowner country/area [ref],"https://magicport.ai/owners-managers/greece/capital-gas-ship-management, https://stockanalysis.com/stocks/ccec/company/, https://www.rivieramm.com/news-content-hub/capital-gas-enhances-fleet-reliability-amid-greek-lng-expansion-82819"
set,f6cc4c07-dafb-456c-ad68-ea3bc521655e,Shipowner country/area,Greece
set,f6cc4c07-dafb-456c-ad68-ea3bc521655e,Shipowner country/area [ref],"https://magicport.ai/owners-managers/greece/capital-gas-ship-management, https://stockanalysis.com/stocks/ccec/company/, https://www.rivieramm.com/news-content-hub/capital-gas-enhances-fleet-reliability-amid-greek-lng-expansion-82819"
set,b1707a34-3ef2-4cc8-b55a-31d76c67a3d9,Shipowner country/area,Greece
set,b1707a34-3ef2-4cc8-b55a-31d76c67a3d9,Shipowner country/area [ref],"https://magicport.ai/owners-managers/greece/capital-gas-ship-management, https://stockanalysis.com/stocks/ccec/company/, https://www.rivieramm.com/news-content-hub/capital-gas-enhances-fleet-reliability-amid-greek-lng-expansion-82819"
set,544f06d4-11ec-4aae-acc1-7cb37c781d78,Shipowner country/area,China
set,544f06d4-11ec-4aae-acc1-7cb37c781d78,Shipowner country/area [ref],https://en.wikipedia.org/wiki/COSCO_Shipping
set,013fccc8-7e80-421c-b3d0-44e1c8d56196,Shipowner country/area,United States
set,013fccc8-7e80-421c-b3d0-44e1c8d56196,Shipowner country/area [ref],https://system.new-vessels.com/groupowner-27274671-Hanwha_Shipping_LLC.html
set,141df60d-519c-4b8e-9c96-c1f689b1cfbc,Shipowner country/area,United States
set,141df60d-519c-4b8e-9c96-c1f689b1cfbc,Shipowner country/area [ref],https://system.new-vessels.com/groupowner-27274671-Hanwha_Shipping_LLC.html
set,e0918da7-c90e-4151-9a5c-567d469c255a,Shipowner country/area,Greece
set,e0918da7-c90e-4151-9a5c-567d469c255a,Shipowner country/area [ref],"https://www.gaslogltd.com/contact-us/, https://www.gaslogltd.com/content/uploads/GasLog-Ltd-2022-annual-report-form-20-F.pdf"
set,317aa023-4f59-4e2a-a852-334457777bff,Shipowner country/area,Greece
set,317aa023-4f59-4e2a-a852-334457777bff,Shipowner country/area [ref],"https://www.gaslogltd.com/contact-us/, https://www.gaslogltd.com/content/uploads/GasLog-Ltd-2022-annual-report-form-20-F.pdf"
set,41e766cb-a80d-4c8b-ac84-d50cb5b725e8,Shipowner country/area,Japan
set,41e766cb-a80d-4c8b-ac84-d50cb5b725e8,Shipowner country/area [ref],"https://www.nyk.com/english/profile/profile/, https://en.wikipedia.org/wiki/Nippon_Yusen"
set,fb7483aa-7360-4552-aced-3c51bd3ff1c3,Shipowner country/area,Japan
set,fb7483aa-7360-4552-aced-3c51bd3ff1c3,Shipowner country/area [ref],"https://www.nyk.com/english/profile/profile/, https://en.wikipedia.org/wiki/Nippon_Yusen"
set,cd8b6ce0-0b5f-4af3-9072-8b00b4947f93,Shipowner country/area,United Kingdom
set,cd8b6ce0-0b5f-4af3-9072-8b00b4947f93,Shipowner country/area [ref],https://www.purus.com/our-services/gas
set,0f87769b-2b50-4d08-b669-31b00fb422ff,Shipowner country/area,Denmark
set,0f87769b-2b50-4d08-b669-31b00fb422ff,Shipowner country/area [ref],"https://magicport.ai/owners-managers/denmark/celsius-shipping-aps, https://lngprime.com/vessels/denmarks-celsius-orders-four-lng-carriers-in-china/69940/, https://lngprime.com/asia/celsius-takes-delivery-of-new-lng-tanker/127252/"
set,029ab928-5300-4f04-93eb-166bc63ca2e5,Shipowner country/area,Denmark
set,029ab928-5300-4f04-93eb-166bc63ca2e5,Shipowner country/area [ref],"https://magicport.ai/owners-managers/denmark/celsius-shipping-aps, https://lngprime.com/vessels/denmarks-celsius-orders-four-lng-carriers-in-china/69940/, https://lngprime.com/asia/celsius-takes-delivery-of-new-lng-tanker/127252/"
set,228c93e3-1024-4c4d-afe3-969d4184dd0b,Shipowner country/area,Denmark
set,228c93e3-1024-4c4d-afe3-969d4184dd0b,Shipowner country/area [ref],"https://magicport.ai/owners-managers/denmark/celsius-shipping-aps, https://lngprime.com/vessels/denmarks-celsius-orders-four-lng-carriers-in-china/69940/, https://lngprime.com/asia/celsius-takes-delivery-of-new-lng-tanker/127252/"
set,6d814672-ec65-49af-bb6c-845b2ff813d6,Shipowner country/area,Norway
set,6d814672-ec65-49af-bb6c-845b2ff813d6,Shipowner country/area [ref],https://www.imarinenews.com/35664.html
set,43a1a089-2267-48fe-8dd6-12a185be5b93,Shipowner country/area,Norway
set,43a1a089-2267-48fe-8dd6-12a185be5b93,Shipowner country/area [ref],https://www.imarinenews.com/35664.html
set,61a682fb-b602-4534-86fd-c8e9ff43f93a,Shipowner country/area,Norway
set,61a682fb-b602-4534-86fd-c8e9ff43f93a,Shipowner country/area [ref],https://www.imarinenews.com/35664.html
set,f51da5ac-d817-4c6a-84ae-1d38e622938a,Shipowner country/area,Norway
set,f51da5ac-d817-4c6a-84ae-1d38e622938a,Shipowner country/area [ref],https://www.imarinenews.com/35664.html
set,e4527ad4-f455-43f8-969d-6dba8a88e7b4,Shipowner country/area,Greece
set,e4527ad4-f455-43f8-969d-6dba8a88e7b4,Shipowner country/area [ref],https://system.new-vessels.com/orderer-45411-TMS_Cardiff_Gas_Ltd.html
set,c62b0f86-076e-4c99-9286-d3737e262532,Shipowner country/area,Greece
set,c62b0f86-076e-4c99-9286-d3737e262532,Shipowner country/area [ref],https://system.new-vessels.com/orderer-45411-TMS_Cardiff_Gas_Ltd.html
set,abeb7bdb-7f75-42e2-9afd-d9cabe22125b,Shipowner country/area,Greece
set,abeb7bdb-7f75-42e2-9afd-d9cabe22125b,Shipowner country/area [ref],https://system.new-vessels.com/orderer-45411-TMS_Cardiff_Gas_Ltd.html
set,79df7ac4-6c6c-487a-9539-f3df003da66b,Shipowner country/area,Greece
set,79df7ac4-6c6c-487a-9539-f3df003da66b,Shipowner country/area [ref],https://system.new-vessels.com/orderer-45411-TMS_Cardiff_Gas_Ltd.html
set,967ea187-8c2f-4dcd-b492-a38e59ba4f3e,Shipowner country/area,Greece
set,967ea187-8c2f-4dcd-b492-a38e59ba4f3e,Shipowner country/area [ref],"https://magicport.ai/owners-managers/greece/capital-gas-ship-management, https://stockanalysis.com/stocks/ccec/company/, https://www.rivieramm.com/news-content-hub/capital-gas-enhances-fleet-reliability-amid-greek-lng-expansion-82819"
set,5b07c3e9-6659-4cce-9cdd-932fc3f144c7,Yard location latitude,22.33849
set,5b07c3e9-6659-4cce-9cdd-932fc3f144c7,Yard location longitude,114.092895
set,5b07c3e9-6659-4cce-9cdd-932fc3f144c7,Yard location plus code,"83QV+H7 Sai Tso Wan, Hong Kong"
set,5b07c3e9-6659-4cce-9cdd-932fc3f144c7,Yard location accuracy,exact
set,5b07c3e9-6659-4cce-9cdd-932fc3f144c7,Yard location lat/lon [ref],"https://www.google.com/maps/place/China+Merchants+Industry+Co+Ltd/@22.338976,114.0905771,814m/data=!3m2!1e3!4b1!4m6!3m5!1s0x3403fed4344ce4b1:0x32fadf093b2cb212!8m2!3d22.338976!4d114.093152!16s%2Fg%2F12hmyy568?entry=ttu&g_ep=EgoyMDI1MTIwMi4wIKXMDSoASAFQAw%3D%3D"
set,c8602564-cb70-4807-b2df-5276cde8265a,Yard location latitude,22.33849
set,c8602564-cb70-4807-b2df-5276cde8265a,Yard location longitude,114.092895
set,c8602564-cb70-4807-b2df-5276cde8265a,Yard location plus code,"83QV+H7 Sai Tso Wan, Hong Kong"
set,c8602564-cb70-4807-b2df-5276cde8265a,Yard location accuracy,exact
set,c8602564-cb70-4807-b2df-5276cde8265a,Yard location lat/lon [ref],"https://www.google.com/maps/place/China+Merchants+Industry+Co+Ltd/@22.338976,114.0905771,814m/data=!3m2!1e3!4b1!4m6!3m5!1s0x3403fed4344ce4b1:0x32fadf093b2cb212!8m2!3d22.338976!4d114.093152!16s%2Fg%2F12hmyy568?entry=ttu&g_ep=EgoyMDI1MTIwMi4wIKXMDSoASAFQAw%3D%3D"
set,c4fbd181-e3c6-4042-89e1-8b92e89152f0,Shipowner country/area,Japan
set,c4fbd181-e3c6-4042-89e1-8b92e89152f0,Shipowner country/area [ref],"https://www.nyk.com/english/profile/profile/, https://en.wikipedia.org/wiki/Nippon_Yusen"
set,51db193f-5dc9-45f4-b08f-c90d5d363eaa,Shipowner country/area,Japan
set,51db193f-5dc9-45f4-b08f-c90d5d363eaa,Shipowner country/area [ref],"https://www.nyk.com/english/profile/profile/, https://en.wikipedia.org/wiki/Nippon_Yusen"
set,d26e6f42-ff89-4ae3-b92a-0a684096add7,Shipowner country/area,United Kingdom
set,d26e6f42-ff89-4ae3-b92a-0a684096add7,Shipowner country/area [ref],https://www.purus.com/our-services/gas
set,37aabfb3-7390-4b66-aa8c-8b83244b64ea,Shipowner country/area,United Kingdom
set,37aabfb3-7390-4b66-aa8c-8b83244b64ea,Shipowner country/area [ref],https://www.purus.com/our-services/gas
set,7261580c-7f8e-443b-8b40-1ca691480d3f,Shipowner country/area,Norway
set,7261580c-7f8e-443b-8b40-1ca691480d3f,Shipowner country/area [ref],https://www.imarinenews.com/35664.html
set,5283bfc9-71bf-44cf-8ad9-c1910402ee4b,Shipowner country/area,Norway
set,5283bfc9-71bf-44cf-8ad9-c1910402ee4b,Shipowner country/area [ref],https://www.imarinenews.com/35664.html
set,862f14d3-aeee-4626-9d8f-c5a520801fde,Shipowner country/area,Norway
set,862f14d3-aeee-4626-9d8f-c5a520801fde,Shipowner country/area [ref],https://www.imarinenews.com/35664.html
set,6d41c613-0c26-4dc7-a869-44b79b255709,Shipowner country/area,Greece
set,6d41c613-0c26-4dc7-a869-44b79b255709,Shipowner country/area [ref],"https://magicport.ai/owners-managers/greece/capital-gas-ship-management, https://stockanalysis.com/stocks/ccec/company/, https://www.rivieramm.com/news-content-hub/capital-gas-enhances-fleet-reliability-amid-greek-lng-expansion-82819"
set,49a6acac-790b-41a2-9c9d-1fee8a12beb9,Shipowner country/area,Greece
set,49a6acac-790b-41a2-9c9d-1fee8a12beb9,Shipowner country/area [ref],"https://magicport.ai/owners-managers/greece/capital-gas-ship-management, https://stockanalysis.com/stocks/ccec/company/, https://www.rivieramm.com/news-content-hub/capital-gas-enhances-fleet-reliability-amid-greek-lng-expansion-82819"
set,0644bed2-55c0-4006-9628-0b11dd9a2a09,Shipowner country/area,Malaysia
set,0644bed2-55c0-4006-9628-0b11dd9a2a09,Shipowner country/area [ref],"https://www.misc.com.my/contact-us/, https://www.miscgroup.com/awcontent/Web/Documents/IntegratedAnnualReport/Integrated-Annual-Report-2025.pdf, https://en.wikipedia.org/wiki/MISC_Berhad"
set,69af9316-44a9-4af8-aa2b-d475485a4be6,Shipowner country/area,Malaysia
set,69af9316-44a9-4af8-aa2b-d475485a4be6,Shipowner country/area [ref],"https://www.misc.com.my/contact-us/, https://www.miscgroup.com/awcontent/Web/Documents/IntegratedAnnualReport/Integrated-Annual-Report-2025.pdf, https://en.wikipedia.org/wiki/MISC_Berhad"
set,e15a1281-f1e9-42ac-a82f-612a7b576384,Shipowner country/area,Malaysia
set,e15a1281-f1e9-42ac-a82f-612a7b576384,Shipowner country/area [ref],"https://www.misc.com.my/contact-us/, https://www.miscgroup.com/awcontent/Web/Documents/IntegratedAnnualReport/Integrated-Annual-Report-2025.pdf, https://en.wikipedia.org/wiki/MISC_Berhad"
set,da30d9aa-ca38-4f4f-9c63-a55494eea7e8,Shipowner country/area,Japan
set,da30d9aa-ca38-4f4f-9c63-a55494eea7e8,Shipowner country/area [ref],"https://www.nyk.com/english/profile/profile/, https://en.wikipedia.org/wiki/Nippon_Yusen"
set,1b70a90b-3d08-453e-b935-d33a159f40fe,Shipowner country/area,Japan
set,1b70a90b-3d08-453e-b935-d33a159f40fe,Shipowner country/area [ref],"https://www.nyk.com/english/profile/profile/, https://en.wikipedia.org/wiki/Nippon_Yusen"
set,5600fd4c-c59e-48e2-b54b-ffdc00ce7159,Shipowner country/area,Japan
set,5600fd4c-c59e-48e2-b54b-ffdc00ce7159,Shipowner country/area [ref],"https://www.nyk.com/english/profile/profile/, https://en.wikipedia.org/wiki/Nippon_Yusen"
set,127e7c6a-b9a5-4b1b-92b2-081ddde4b1e6,Shipowner country/area,Japan
set,127e7c6a-b9a5-4b1b-92b2-081ddde4b1e6,Shipowner country/area [ref],"https://www.nyk.com/english/profile/profile/, https://en.wikipedia.org/wiki/Nippon_Yusen"
set,20254bb9-3695-4108-95eb-1402db287bc9,Shipowner country/area,Norway
set,20254bb9-3695-4108-95eb-1402db287bc9,Shipowner country/area [ref],https://www.imarinenews.com/35664.html
set,4f55879c-5f54-45dc-9e85-ddd802273262,Shipowner country/area,Greece
set,4f55879c-5f54-45dc-9e85-ddd802273262,Shipowner country/area [ref],https://system.new-vessels.com/orderer-45411-TMS_Cardiff_Gas_Ltd.html
set,ec147acf-d253-4e38-9620-f93599aa855f,Shipowner country/area,Greece
set,ec147acf-d253-4e38-9620-f93599aa855f,Shipowner country/area [ref],https://system.new-vessels.com/orderer-45411-TMS_Cardiff_Gas_Ltd.html
set,2a6f329d-7b1b-4087-8d82-2f2be9817b7c,Shipowner country/area,Bermuda
set,2a6f329d-7b1b-4087-8d82-2f2be9817b7c,Shipowner country/area [ref],https://cyprusshippingnews.com/2026/06/02/samsung-heavy-wins-five-vessel-order/
set,921d0fbb-9c38-4710-8eb2-2d40e35cab50,Shipowner country/area,Malaysia
set,921d0fbb-9c38-4710-8eb2-2d40e35cab50,Shipowner country/area [ref],"https://www.misc.com.my/contact-us/, https://www.miscgroup.com/awcontent/Web/Documents/IntegratedAnnualReport/Integrated-Annual-Report-2025.pdf, https://en.wikipedia.org/wiki/MISC_Berhad"
set,8ff24920-fa33-43fb-857c-98faca100a2b,Shipowner country/area,Malaysia
set,8ff24920-fa33-43fb-857c-98faca100a2b,Shipowner country/area [ref],"https://www.misc.com.my/contact-us/, https://www.miscgroup.com/awcontent/Web/Documents/IntegratedAnnualReport/Integrated-Annual-Report-2025.pdf, https://en.wikipedia.org/wiki/MISC_Berhad"
set,3bec6d39-7edb-4813-b068-ae79590d3212,Shipowner country/area,Japan
set,3bec6d39-7edb-4813-b068-ae79590d3212,Shipowner country/area [ref],"https://www.nyk.com/english/profile/profile/, https://en.wikipedia.org/wiki/Nippon_Yusen"
set,707a2710-9177-44fb-9d28-cd6c76bd401e,Shipowner country/area,Japan
set,707a2710-9177-44fb-9d28-cd6c76bd401e,Shipowner country/area [ref],"https://www.nyk.com/english/profile/profile/, https://en.wikipedia.org/wiki/Nippon_Yusen"
set,a1266b82-21b7-4bed-aade-b93481896996,Shipowner country/area,Japan
set,a1266b82-21b7-4bed-aade-b93481896996,Shipowner country/area [ref],"https://www.nyk.com/english/profile/profile/, https://en.wikipedia.org/wiki/Nippon_Yusen"
set,6f0648c0-7ecf-4775-8367-9b4888f63f0b,Hull number,Hull 2803 (SHI)
set,6f0648c0-7ecf-4775-8367-9b4888f63f0b,Hull number [ref],"https://www.shipvault.com/ships/501831, https://shipvaultapi-gjb8c.ondigitalocean.app/api/units/501831"
set,6f0648c0-7ecf-4775-8367-9b4888f63f0b,IMO number,1185077
set,6f0648c0-7ecf-4775-8367-9b4888f63f0b,IMO number [ref],"https://www.shipvault.com/ships/501831, https://shipvaultapi-gjb8c.ondigitalocean.app/api/units/501831"
set,2a6f329d-7b1b-4087-8d82-2f2be9817b7c,Shipowner,Purus Marine
set,2a6f329d-7b1b-4087-8d82-2f2be9817b7c,Shipowner [ref],"https://lngprime.com/asia/south-koreas-samsung-heavy-clinches-another-lng-carrier-order/188654/, https://www.shipvault.com/ships/501596, https://shipvaultapi-gjb8c.ondigitalocean.app/api/units/501596"
set,2a6f329d-7b1b-4087-8d82-2f2be9817b7c,Hull number,Hull 2808 (SHI)
set,2a6f329d-7b1b-4087-8d82-2f2be9817b7c,Hull number [ref],"https://www.shipvault.com/ships/501596, https://shipvaultapi-gjb8c.ondigitalocean.app/api/units/501596"
set,2a6f329d-7b1b-4087-8d82-2f2be9817b7c,IMO number,1187609
set,2a6f329d-7b1b-4087-8d82-2f2be9817b7c,IMO number [ref],"https://www.shipvault.com/ships/501596, https://shipvaultapi-gjb8c.ondigitalocean.app/api/units/501596"
set,1576f918-28e2-4029-860f-7dc63f832d53,Hull number,Hull 2628 (Hanwha)
set,1576f918-28e2-4029-860f-7dc63f832d53,Hull number [ref],"https://www.shipvault.com/ships/500549, https://shipvaultapi-gjb8c.ondigitalocean.app/api/units/500549"
set,1576f918-28e2-4029-860f-7dc63f832d53,IMO number,1185144
set,1576f918-28e2-4029-860f-7dc63f832d53,IMO number [ref],"https://www.shipvault.com/ships/500549, https://shipvaultapi-gjb8c.ondigitalocean.app/api/units/500549"
set,20254bb9-3695-4108-95eb-1402db287bc9,Hull number,Hull 2627 (Hanwha)
set,20254bb9-3695-4108-95eb-1402db287bc9,Hull number [ref],"https://www.shipvault.com/ships/495837, https://shipvaultapi-gjb8c.ondigitalocean.app/api/units/495837"
set,b72ba253-bdb2-4997-9c35-55016d0d14cc,Price,250000000
set,b72ba253-bdb2-4997-9c35-55016d0d14cc,Price [ref],https://lngprime.com/asia/dsme-scores-order-for-lng-carrier-duo-worth-about-500-million/64420/
set,450ec4f8-7f40-462f-9e60-7b5dda334c52,Price,250000000
set,450ec4f8-7f40-462f-9e60-7b5dda334c52,Price [ref],https://lngprime.com/asia/dsme-scores-order-for-lng-carrier-duo-worth-about-500-million/64420/
set,c10b81ad-dedb-4a7d-8796-e8bc0123b92b,Propulsion type,X-DF
set,c10b81ad-dedb-4a7d-8796-e8bc0123b92b,Propulsion type [ref],"https://www.thisdaylive.com/2026/06/02/nlng-subsidiary-awards-contracts-for-three-newbuild-lng-vessels/, https://businessday.ng/news/article/nlng-affiliate-contracts-chinese-shipbuilders-for-3-lng-vessels/"
set,c10b81ad-dedb-4a7d-8796-e8bc0123b92b,Operator/charterer,Nigeria LNG
set,c10b81ad-dedb-4a7d-8796-e8bc0123b92b,Operator/charterer [ref],"https://www.thisdaylive.com/2026/06/02/nlng-subsidiary-awards-contracts-for-three-newbuild-lng-vessels/, https://businessday.ng/news/article/nlng-affiliate-contracts-chinese-shipbuilders-for-3-lng-vessels/"
set,c10b81ad-dedb-4a7d-8796-e8bc0123b92b,Cargo type,membrane
set,c10b81ad-dedb-4a7d-8796-e8bc0123b92b,Cargo type [ref],https://en.portnews.ru/news/386141/
set,b2cce65a-224e-428e-8b9e-4c7d96c687c1,Propulsion type,X-DF
set,b2cce65a-224e-428e-8b9e-4c7d96c687c1,Propulsion type [ref],"https://www.thisdaylive.com/2026/06/02/nlng-subsidiary-awards-contracts-for-three-newbuild-lng-vessels/, https://businessday.ng/news/article/nlng-affiliate-contracts-chinese-shipbuilders-for-3-lng-vessels/"
set,b2cce65a-224e-428e-8b9e-4c7d96c687c1,Operator/charterer,Nigeria LNG
set,b2cce65a-224e-428e-8b9e-4c7d96c687c1,Operator/charterer [ref],"https://www.thisdaylive.com/2026/06/02/nlng-subsidiary-awards-contracts-for-three-newbuild-lng-vessels/, https://businessday.ng/news/article/nlng-affiliate-contracts-chinese-shipbuilders-for-3-lng-vessels/"
set,b2cce65a-224e-428e-8b9e-4c7d96c687c1,Cargo type,membrane
set,b2cce65a-224e-428e-8b9e-4c7d96c687c1,Cargo type [ref],https://en.portnews.ru/news/386141/
set,21cdb439-ce85-4cf7-b822-bb30834caff2,Propulsion type,X-DF
set,21cdb439-ce85-4cf7-b822-bb30834caff2,Propulsion type [ref],"https://www.thisdaylive.com/2026/06/02/nlng-subsidiary-awards-contracts-for-three-newbuild-lng-vessels/, https://businessday.ng/news/article/nlng-affiliate-contracts-chinese-shipbuilders-for-3-lng-vessels/"
set,21cdb439-ce85-4cf7-b822-bb30834caff2,Operator/charterer,Nigeria LNG
set,21cdb439-ce85-4cf7-b822-bb30834caff2,Operator/charterer [ref],"https://www.thisdaylive.com/2026/06/02/nlng-subsidiary-awards-contracts-for-three-newbuild-lng-vessels/, https://businessday.ng/news/article/nlng-affiliate-contracts-chinese-shipbuilders-for-3-lng-vessels/"
set,21cdb439-ce85-4cf7-b822-bb30834caff2,Cargo type,membrane
set,21cdb439-ce85-4cf7-b822-bb30834caff2,Cargo type [ref],https://en.portnews.ru/news/386141/
set,f8222251-702e-42f5-938a-bf4bad6a7bb1,Contract date,27-Sep-2023
set,f8222251-702e-42f5-938a-bf4bad6a7bb1,Contract date [ref],https://lngprime.com/asia/qatarenergy-hd-hyundai-heavy-ink-3-9-billion-deal-for-17-lng-carriers/93096/
set,f8222251-702e-42f5-938a-bf4bad6a7bb1,Price,229000000
set,f8222251-702e-42f5-938a-bf4bad6a7bb1,Price [ref],https://lngprime.com/asia/qatarenergy-hd-hyundai-heavy-ink-3-9-billion-deal-for-17-lng-carriers/93096/
set,f8222251-702e-42f5-938a-bf4bad6a7bb1,Operator/charterer,QatarEnergy
set,f8222251-702e-42f5-938a-bf4bad6a7bb1,Operator/charterer [ref],"https://www.offshore-energy.biz/qatarenergy-chooses-nakilat-to-own-and-operate-up-to-25-newbuild-lng-carriers/, https://www.rivieramm.com/news-content-hub/news-content-hub/qatars-nakilat-to-order-up-to-25-lng-carriers-79599"
set,5d0fc3e9-d518-48f9-9b62-3239e84491b5,Contract date,27-Sep-2023
set,5d0fc3e9-d518-48f9-9b62-3239e84491b5,Contract date [ref],https://lngprime.com/asia/qatarenergy-hd-hyundai-heavy-ink-3-9-billion-deal-for-17-lng-carriers/93096/
set,5d0fc3e9-d518-48f9-9b62-3239e84491b5,Price,229000000
set,5d0fc3e9-d518-48f9-9b62-3239e84491b5,Price [ref],https://lngprime.com/asia/qatarenergy-hd-hyundai-heavy-ink-3-9-billion-deal-for-17-lng-carriers/93096/
set,5d0fc3e9-d518-48f9-9b62-3239e84491b5,Operator/charterer,QatarEnergy
set,5d0fc3e9-d518-48f9-9b62-3239e84491b5,Operator/charterer [ref],"https://www.offshore-energy.biz/qatarenergy-chooses-nakilat-to-own-and-operate-up-to-25-newbuild-lng-carriers/, https://www.rivieramm.com/news-content-hub/news-content-hub/qatars-nakilat-to-order-up-to-25-lng-carriers-79599"
set,36232630-e208-4c6d-9a47-17315bbe7a71,Contract date,27-Sep-2023
set,36232630-e208-4c6d-9a47-17315bbe7a71,Contract date [ref],https://lngprime.com/asia/qatarenergy-hd-hyundai-heavy-ink-3-9-billion-deal-for-17-lng-carriers/93096/
set,36232630-e208-4c6d-9a47-17315bbe7a71,Price,229000000
set,36232630-e208-4c6d-9a47-17315bbe7a71,Price [ref],https://lngprime.com/asia/qatarenergy-hd-hyundai-heavy-ink-3-9-billion-deal-for-17-lng-carriers/93096/
set,36232630-e208-4c6d-9a47-17315bbe7a71,Operator/charterer,QatarEnergy
set,36232630-e208-4c6d-9a47-17315bbe7a71,Operator/charterer [ref],"https://www.offshore-energy.biz/qatarenergy-chooses-nakilat-to-own-and-operate-up-to-25-newbuild-lng-carriers/, https://www.rivieramm.com/news-content-hub/news-content-hub/qatars-nakilat-to-order-up-to-25-lng-carriers-79599"
set,95dab497-7ca3-404b-a71a-33fb7c643d3b,Contract date,27-Sep-2023
set,95dab497-7ca3-404b-a71a-33fb7c643d3b,Contract date [ref],https://lngprime.com/asia/qatarenergy-hd-hyundai-heavy-ink-3-9-billion-deal-for-17-lng-carriers/93096/
set,95dab497-7ca3-404b-a71a-33fb7c643d3b,Price,229000000
set,95dab497-7ca3-404b-a71a-33fb7c643d3b,Price [ref],https://lngprime.com/asia/qatarenergy-hd-hyundai-heavy-ink-3-9-billion-deal-for-17-lng-carriers/93096/
set,95dab497-7ca3-404b-a71a-33fb7c643d3b,Operator/charterer,QatarEnergy
set,95dab497-7ca3-404b-a71a-33fb7c643d3b,Operator/charterer [ref],"https://www.offshore-energy.biz/qatarenergy-chooses-nakilat-to-own-and-operate-up-to-25-newbuild-lng-carriers/, https://www.rivieramm.com/news-content-hub/news-content-hub/qatars-nakilat-to-order-up-to-25-lng-carriers-79599"
set,3225a4a9-aff4-49b2-b206-2252aac51ac1,Contract date,27-Sep-2023
set,3225a4a9-aff4-49b2-b206-2252aac51ac1,Contract date [ref],https://lngprime.com/asia/qatarenergy-hd-hyundai-heavy-ink-3-9-billion-deal-for-17-lng-carriers/93096/
set,3225a4a9-aff4-49b2-b206-2252aac51ac1,Price,229000000
set,3225a4a9-aff4-49b2-b206-2252aac51ac1,Price [ref],https://lngprime.com/asia/qatarenergy-hd-hyundai-heavy-ink-3-9-billion-deal-for-17-lng-carriers/93096/
set,3225a4a9-aff4-49b2-b206-2252aac51ac1,Operator/charterer,QatarEnergy
set,3225a4a9-aff4-49b2-b206-2252aac51ac1,Operator/charterer [ref],"https://www.offshore-energy.biz/qatarenergy-chooses-nakilat-to-own-and-operate-up-to-25-newbuild-lng-carriers/, https://www.rivieramm.com/news-content-hub/news-content-hub/qatars-nakilat-to-order-up-to-25-lng-carriers-79599"
set,749aafc9-4347-45ea-9f13-117694599db7,Contract date,27-Sep-2023
set,749aafc9-4347-45ea-9f13-117694599db7,Contract date [ref],https://lngprime.com/asia/qatarenergy-hd-hyundai-heavy-ink-3-9-billion-deal-for-17-lng-carriers/93096/
set,749aafc9-4347-45ea-9f13-117694599db7,Price,229000000
set,749aafc9-4347-45ea-9f13-117694599db7,Price [ref],https://lngprime.com/asia/qatarenergy-hd-hyundai-heavy-ink-3-9-billion-deal-for-17-lng-carriers/93096/
set,749aafc9-4347-45ea-9f13-117694599db7,Operator/charterer,QatarEnergy
set,749aafc9-4347-45ea-9f13-117694599db7,Operator/charterer [ref],"https://www.offshore-energy.biz/qatarenergy-chooses-nakilat-to-own-and-operate-up-to-25-newbuild-lng-carriers/, https://www.rivieramm.com/news-content-hub/news-content-hub/qatars-nakilat-to-order-up-to-25-lng-carriers-79599"
set,2883dcfa-e67c-459e-a977-331b4ada6190,Contract date,27-Sep-2023
set,2883dcfa-e67c-459e-a977-331b4ada6190,Contract date [ref],https://lngprime.com/asia/qatarenergy-hd-hyundai-heavy-ink-3-9-billion-deal-for-17-lng-carriers/93096/
set,2883dcfa-e67c-459e-a977-331b4ada6190,Price,229000000
set,2883dcfa-e67c-459e-a977-331b4ada6190,Price [ref],https://lngprime.com/asia/qatarenergy-hd-hyundai-heavy-ink-3-9-billion-deal-for-17-lng-carriers/93096/
set,2883dcfa-e67c-459e-a977-331b4ada6190,Operator/charterer,QatarEnergy
set,2883dcfa-e67c-459e-a977-331b4ada6190,Operator/charterer [ref],"https://www.offshore-energy.biz/qatarenergy-chooses-nakilat-to-own-and-operate-up-to-25-newbuild-lng-carriers/, https://www.rivieramm.com/news-content-hub/news-content-hub/qatars-nakilat-to-order-up-to-25-lng-carriers-79599"
set,6486997a-947c-447e-8dc9-38fa8a1c5d57,Contract date,27-Sep-2023
set,6486997a-947c-447e-8dc9-38fa8a1c5d57,Contract date [ref],https://lngprime.com/asia/qatarenergy-hd-hyundai-heavy-ink-3-9-billion-deal-for-17-lng-carriers/93096/
set,6486997a-947c-447e-8dc9-38fa8a1c5d57,Price,229000000
set,6486997a-947c-447e-8dc9-38fa8a1c5d57,Price [ref],https://lngprime.com/asia/qatarenergy-hd-hyundai-heavy-ink-3-9-billion-deal-for-17-lng-carriers/93096/
set,6486997a-947c-447e-8dc9-38fa8a1c5d57,Operator/charterer,QatarEnergy
set,6486997a-947c-447e-8dc9-38fa8a1c5d57,Operator/charterer [ref],"https://www.offshore-energy.biz/qatarenergy-chooses-nakilat-to-own-and-operate-up-to-25-newbuild-lng-carriers/, https://www.rivieramm.com/news-content-hub/news-content-hub/qatars-nakilat-to-order-up-to-25-lng-carriers-79599"
set,41ff67a8-5f42-4697-8332-e78e92ae96d5,Contract date,27-Sep-2023
set,41ff67a8-5f42-4697-8332-e78e92ae96d5,Contract date [ref],https://lngprime.com/asia/qatarenergy-hd-hyundai-heavy-ink-3-9-billion-deal-for-17-lng-carriers/93096/
set,41ff67a8-5f42-4697-8332-e78e92ae96d5,Price,229000000
set,41ff67a8-5f42-4697-8332-e78e92ae96d5,Price [ref],https://lngprime.com/asia/qatarenergy-hd-hyundai-heavy-ink-3-9-billion-deal-for-17-lng-carriers/93096/
set,41ff67a8-5f42-4697-8332-e78e92ae96d5,Operator/charterer,QatarEnergy
set,41ff67a8-5f42-4697-8332-e78e92ae96d5,Operator/charterer [ref],"https://www.offshore-energy.biz/qatarenergy-chooses-nakilat-to-own-and-operate-up-to-25-newbuild-lng-carriers/, https://www.rivieramm.com/news-content-hub/news-content-hub/qatars-nakilat-to-order-up-to-25-lng-carriers-79599"
set,ad63e3c5-fdc3-44be-a7c9-2ded87024d9e,Contract date,27-Sep-2023
set,ad63e3c5-fdc3-44be-a7c9-2ded87024d9e,Contract date [ref],https://lngprime.com/asia/qatarenergy-hd-hyundai-heavy-ink-3-9-billion-deal-for-17-lng-carriers/93096/
set,ad63e3c5-fdc3-44be-a7c9-2ded87024d9e,Price,229000000
set,ad63e3c5-fdc3-44be-a7c9-2ded87024d9e,Price [ref],https://lngprime.com/asia/qatarenergy-hd-hyundai-heavy-ink-3-9-billion-deal-for-17-lng-carriers/93096/
set,ad63e3c5-fdc3-44be-a7c9-2ded87024d9e,Operator/charterer,QatarEnergy
set,ad63e3c5-fdc3-44be-a7c9-2ded87024d9e,Operator/charterer [ref],"https://www.offshore-energy.biz/qatarenergy-chooses-nakilat-to-own-and-operate-up-to-25-newbuild-lng-carriers/, https://www.rivieramm.com/news-content-hub/news-content-hub/qatars-nakilat-to-order-up-to-25-lng-carriers-79599"
set,06aa3e10-50ae-4cd3-855f-19ccb441401d,Contract date,27-Sep-2023
set,06aa3e10-50ae-4cd3-855f-19ccb441401d,Contract date [ref],https://lngprime.com/asia/qatarenergy-hd-hyundai-heavy-ink-3-9-billion-deal-for-17-lng-carriers/93096/
set,06aa3e10-50ae-4cd3-855f-19ccb441401d,Price,229000000
set,06aa3e10-50ae-4cd3-855f-19ccb441401d,Price [ref],https://lngprime.com/asia/qatarenergy-hd-hyundai-heavy-ink-3-9-billion-deal-for-17-lng-carriers/93096/
set,06aa3e10-50ae-4cd3-855f-19ccb441401d,Operator/charterer,QatarEnergy
set,06aa3e10-50ae-4cd3-855f-19ccb441401d,Operator/charterer [ref],"https://www.offshore-energy.biz/qatarenergy-chooses-nakilat-to-own-and-operate-up-to-25-newbuild-lng-carriers/, https://www.rivieramm.com/news-content-hub/news-content-hub/qatars-nakilat-to-order-up-to-25-lng-carriers-79599"
set,d7c6bf67-c615-455b-9b93-fcc5162b065a,Contract date,27-Sep-2023
set,d7c6bf67-c615-455b-9b93-fcc5162b065a,Contract date [ref],https://lngprime.com/asia/qatarenergy-hd-hyundai-heavy-ink-3-9-billion-deal-for-17-lng-carriers/93096/
set,d7c6bf67-c615-455b-9b93-fcc5162b065a,Price,229000000
set,d7c6bf67-c615-455b-9b93-fcc5162b065a,Price [ref],https://lngprime.com/asia/qatarenergy-hd-hyundai-heavy-ink-3-9-billion-deal-for-17-lng-carriers/93096/
set,d7c6bf67-c615-455b-9b93-fcc5162b065a,Operator/charterer,QatarEnergy
set,d7c6bf67-c615-455b-9b93-fcc5162b065a,Operator/charterer [ref],"https://www.offshore-energy.biz/qatarenergy-chooses-nakilat-to-own-and-operate-up-to-25-newbuild-lng-carriers/, https://www.rivieramm.com/news-content-hub/news-content-hub/qatars-nakilat-to-order-up-to-25-lng-carriers-79599"
set,342e97c2-c899-4e3c-9a0e-6dcc08aa9f72,Contract date,27-Sep-2023
set,342e97c2-c899-4e3c-9a0e-6dcc08aa9f72,Contract date [ref],https://lngprime.com/asia/qatarenergy-hd-hyundai-heavy-ink-3-9-billion-deal-for-17-lng-carriers/93096/
set,342e97c2-c899-4e3c-9a0e-6dcc08aa9f72,Price,229000000
set,342e97c2-c899-4e3c-9a0e-6dcc08aa9f72,Price [ref],https://lngprime.com/asia/qatarenergy-hd-hyundai-heavy-ink-3-9-billion-deal-for-17-lng-carriers/93096/
set,342e97c2-c899-4e3c-9a0e-6dcc08aa9f72,Operator/charterer,QatarEnergy
set,342e97c2-c899-4e3c-9a0e-6dcc08aa9f72,Operator/charterer [ref],"https://www.offshore-energy.biz/qatarenergy-chooses-nakilat-to-own-and-operate-up-to-25-newbuild-lng-carriers/, https://www.rivieramm.com/news-content-hub/news-content-hub/qatars-nakilat-to-order-up-to-25-lng-carriers-79599"
set,54cbd4bc-5429-44ff-948a-719dbddb103a,Contract date,27-Sep-2023
set,54cbd4bc-5429-44ff-948a-719dbddb103a,Contract date [ref],https://lngprime.com/asia/qatarenergy-hd-hyundai-heavy-ink-3-9-billion-deal-for-17-lng-carriers/93096/
set,54cbd4bc-5429-44ff-948a-719dbddb103a,Price,229000000
set,54cbd4bc-5429-44ff-948a-719dbddb103a,Price [ref],https://lngprime.com/asia/qatarenergy-hd-hyundai-heavy-ink-3-9-billion-deal-for-17-lng-carriers/93096/
set,54cbd4bc-5429-44ff-948a-719dbddb103a,Operator/charterer,QatarEnergy
set,54cbd4bc-5429-44ff-948a-719dbddb103a,Operator/charterer [ref],"https://www.offshore-energy.biz/qatarenergy-chooses-nakilat-to-own-and-operate-up-to-25-newbuild-lng-carriers/, https://www.rivieramm.com/news-content-hub/news-content-hub/qatars-nakilat-to-order-up-to-25-lng-carriers-79599"
set,56d14ab3-473c-463c-9820-41e8438c704a,Contract date,27-Sep-2023
set,56d14ab3-473c-463c-9820-41e8438c704a,Contract date [ref],https://lngprime.com/asia/qatarenergy-hd-hyundai-heavy-ink-3-9-billion-deal-for-17-lng-carriers/93096/
set,56d14ab3-473c-463c-9820-41e8438c704a,Price,229000000
set,56d14ab3-473c-463c-9820-41e8438c704a,Price [ref],https://lngprime.com/asia/qatarenergy-hd-hyundai-heavy-ink-3-9-billion-deal-for-17-lng-carriers/93096/
set,56d14ab3-473c-463c-9820-41e8438c704a,Operator/charterer,QatarEnergy
set,56d14ab3-473c-463c-9820-41e8438c704a,Operator/charterer [ref],"https://www.offshore-energy.biz/qatarenergy-chooses-nakilat-to-own-and-operate-up-to-25-newbuild-lng-carriers/, https://www.rivieramm.com/news-content-hub/news-content-hub/qatars-nakilat-to-order-up-to-25-lng-carriers-79599"
set,3bda42fa-3f32-4a31-8833-bcf0d062ffc2,Contract date,27-Sep-2023
set,3bda42fa-3f32-4a31-8833-bcf0d062ffc2,Contract date [ref],https://lngprime.com/asia/qatarenergy-hd-hyundai-heavy-ink-3-9-billion-deal-for-17-lng-carriers/93096/
set,3bda42fa-3f32-4a31-8833-bcf0d062ffc2,Price,229000000
set,3bda42fa-3f32-4a31-8833-bcf0d062ffc2,Price [ref],https://lngprime.com/asia/qatarenergy-hd-hyundai-heavy-ink-3-9-billion-deal-for-17-lng-carriers/93096/
set,3bda42fa-3f32-4a31-8833-bcf0d062ffc2,Operator/charterer,QatarEnergy
set,3bda42fa-3f32-4a31-8833-bcf0d062ffc2,Operator/charterer [ref],"https://www.offshore-energy.biz/qatarenergy-chooses-nakilat-to-own-and-operate-up-to-25-newbuild-lng-carriers/, https://www.rivieramm.com/news-content-hub/news-content-hub/qatars-nakilat-to-order-up-to-25-lng-carriers-79599"
set,f926017c-6d63-446f-b102-d78c05d99bb8,Contract date,27-Sep-2023
set,f926017c-6d63-446f-b102-d78c05d99bb8,Contract date [ref],https://lngprime.com/asia/qatarenergy-hd-hyundai-heavy-ink-3-9-billion-deal-for-17-lng-carriers/93096/
set,f926017c-6d63-446f-b102-d78c05d99bb8,Price,229000000
set,f926017c-6d63-446f-b102-d78c05d99bb8,Price [ref],https://lngprime.com/asia/qatarenergy-hd-hyundai-heavy-ink-3-9-billion-deal-for-17-lng-carriers/93096/
set,f926017c-6d63-446f-b102-d78c05d99bb8,Operator/charterer,QatarEnergy
set,f926017c-6d63-446f-b102-d78c05d99bb8,Operator/charterer [ref],"https://www.offshore-energy.biz/qatarenergy-chooses-nakilat-to-own-and-operate-up-to-25-newbuild-lng-carriers/, https://www.rivieramm.com/news-content-hub/news-content-hub/qatars-nakilat-to-order-up-to-25-lng-carriers-79599"
set,a5a63e77-0050-4ee6-acc3-03a3fce60d03,Price,260000000
set,a5a63e77-0050-4ee6-acc3-03a3fce60d03,Price [ref],https://splash247.com/evalend-poised-to-enter-lng-trades/
set,b0cfc18a-5995-4054-84af-0473349eb292,Price,260000000
set,b0cfc18a-5995-4054-84af-0473349eb292,Price [ref],https://splash247.com/evalend-poised-to-enter-lng-trades/
set,5bad1aed-26ef-4528-a101-024342fd7663,Contract date,20-Nov-2023
set,5bad1aed-26ef-4528-a101-024342fd7663,Contract date [ref],https://splash247.com/evalend-shipping-doubles-up-on-lng-carrier-orders/
set,c2556913-1ed3-462b-9a98-4416f7b6e3c5,Contract date,20-Nov-2023
set,c2556913-1ed3-462b-9a98-4416f7b6e3c5,Contract date [ref],https://splash247.com/evalend-shipping-doubles-up-on-lng-carrier-orders/
set,65f91441-efcf-45d0-95c8-f0808f59f163,Contract date,01-Jul-2024
set,65f91441-efcf-45d0-95c8-f0808f59f163,Contract date [ref],https://splash247.com/adnoc-ls-orders-eight-lng-carriers-from-south-korean-shipyards/
set,65f91441-efcf-45d0-95c8-f0808f59f163,Operator/charterer,ADNOC
set,65f91441-efcf-45d0-95c8-f0808f59f163,Operator/charterer [ref],https://splash247.com/adnoc-ls-orders-eight-lng-carriers-from-south-korean-shipyards/
set,6d66d3ba-bf26-42a0-8a19-46f09519a032,Contract date,01-Jul-2024
set,6d66d3ba-bf26-42a0-8a19-46f09519a032,Contract date [ref],https://splash247.com/adnoc-ls-orders-eight-lng-carriers-from-south-korean-shipyards/
set,6d66d3ba-bf26-42a0-8a19-46f09519a032,Operator/charterer,ADNOC
set,6d66d3ba-bf26-42a0-8a19-46f09519a032,Operator/charterer [ref],https://splash247.com/adnoc-ls-orders-eight-lng-carriers-from-south-korean-shipyards/
set,48ea7937-637f-4d87-a47d-7dcd3f7fca3b,Contract date,01-Jul-2024
set,48ea7937-637f-4d87-a47d-7dcd3f7fca3b,Contract date [ref],https://splash247.com/adnoc-ls-orders-eight-lng-carriers-from-south-korean-shipyards/
set,48ea7937-637f-4d87-a47d-7dcd3f7fca3b,Operator/charterer,ADNOC
set,48ea7937-637f-4d87-a47d-7dcd3f7fca3b,Operator/charterer [ref],https://splash247.com/adnoc-ls-orders-eight-lng-carriers-from-south-korean-shipyards/
set,5f39cb9d-3031-4098-9293-df14d8c91248,Contract date,01-Jul-2024
set,5f39cb9d-3031-4098-9293-df14d8c91248,Contract date [ref],https://splash247.com/adnoc-ls-orders-eight-lng-carriers-from-south-korean-shipyards/
set,5f39cb9d-3031-4098-9293-df14d8c91248,Operator/charterer,ADNOC
set,5f39cb9d-3031-4098-9293-df14d8c91248,Operator/charterer [ref],https://splash247.com/adnoc-ls-orders-eight-lng-carriers-from-south-korean-shipyards/
set,df9ff8dc-2cfb-4502-a2a4-4727491cfefa,Contract date,31-Aug-2023
set,df9ff8dc-2cfb-4502-a2a4-4727491cfefa,Contract date [ref],https://lngprime.com/asia/dsic-seals-700-million-lng-shipbuilding-deal-with-cosco-and-sinopec/90380/
set,df9ff8dc-2cfb-4502-a2a4-4727491cfefa,Price,233300000
set,df9ff8dc-2cfb-4502-a2a4-4727491cfefa,Price [ref],https://lngprime.com/asia/dsic-seals-700-million-lng-shipbuilding-deal-with-cosco-and-sinopec/90380/
set,df9ff8dc-2cfb-4502-a2a4-4727491cfefa,Operator/charterer,Sinopec
set,df9ff8dc-2cfb-4502-a2a4-4727491cfefa,Operator/charterer [ref],https://lngprime.com/asia/dsic-seals-700-million-lng-shipbuilding-deal-with-cosco-and-sinopec/90380/
set,d120da95-cc9b-4733-8288-867166f0e997,Contract date,31-Aug-2023
set,d120da95-cc9b-4733-8288-867166f0e997,Contract date [ref],https://lngprime.com/asia/dsic-seals-700-million-lng-shipbuilding-deal-with-cosco-and-sinopec/90380/
set,d120da95-cc9b-4733-8288-867166f0e997,Price,233300000
set,d120da95-cc9b-4733-8288-867166f0e997,Price [ref],https://lngprime.com/asia/dsic-seals-700-million-lng-shipbuilding-deal-with-cosco-and-sinopec/90380/
set,d120da95-cc9b-4733-8288-867166f0e997,Operator/charterer,Sinopec
set,d120da95-cc9b-4733-8288-867166f0e997,Operator/charterer [ref],https://lngprime.com/asia/dsic-seals-700-million-lng-shipbuilding-deal-with-cosco-and-sinopec/90380/
set,41e766cb-a80d-4c8b-ac84-d50cb5b725e8,Price,260000000
set,41e766cb-a80d-4c8b-ac84-d50cb5b725e8,Price [ref],https://lngprime.com/vessels/hd-hyundai-heavy-scores-order-for-lng-carrier-quartet/173462/
set,fb7483aa-7360-4552-aced-3c51bd3ff1c3,Price,260000000
set,fb7483aa-7360-4552-aced-3c51bd3ff1c3,Price [ref],https://lngprime.com/vessels/hd-hyundai-heavy-scores-order-for-lng-carrier-quartet/173462/
set,c4fbd181-e3c6-4042-89e1-8b92e89152f0,Price,260000000
set,c4fbd181-e3c6-4042-89e1-8b92e89152f0,Price [ref],https://lngprime.com/vessels/hd-hyundai-heavy-scores-order-for-lng-carrier-quartet/173462/
set,51db193f-5dc9-45f4-b08f-c90d5d363eaa,Price,260000000
set,51db193f-5dc9-45f4-b08f-c90d5d363eaa,Price [ref],https://lngprime.com/vessels/hd-hyundai-heavy-scores-order-for-lng-carrier-quartet/173462/
set,41e766cb-a80d-4c8b-ac84-d50cb5b725e8,Operator/charterer,Cheniere
set,41e766cb-a80d-4c8b-ac84-d50cb5b725e8,Operator/charterer [ref],"https://lngprime.com/contracts-and-tenders/nyk-ocean-yield-seal-lng-carrier-charter-deals-with-cheniere/176824/, https://splash247.com/nyk-and-ocean-yield-team-up-on-lng-carrier-quartet/"
set,fb7483aa-7360-4552-aced-3c51bd3ff1c3,Operator/charterer,Cheniere
set,fb7483aa-7360-4552-aced-3c51bd3ff1c3,Operator/charterer [ref],"https://lngprime.com/contracts-and-tenders/nyk-ocean-yield-seal-lng-carrier-charter-deals-with-cheniere/176824/, https://splash247.com/nyk-and-ocean-yield-team-up-on-lng-carrier-quartet/"
set,c4fbd181-e3c6-4042-89e1-8b92e89152f0,Operator/charterer,Cheniere
set,c4fbd181-e3c6-4042-89e1-8b92e89152f0,Operator/charterer [ref],"https://lngprime.com/contracts-and-tenders/nyk-ocean-yield-seal-lng-carrier-charter-deals-with-cheniere/176824/, https://splash247.com/nyk-and-ocean-yield-team-up-on-lng-carrier-quartet/"
set,51db193f-5dc9-45f4-b08f-c90d5d363eaa,Operator/charterer,Cheniere
set,51db193f-5dc9-45f4-b08f-c90d5d363eaa,Operator/charterer [ref],"https://lngprime.com/contracts-and-tenders/nyk-ocean-yield-seal-lng-carrier-charter-deals-with-cheniere/176824/, https://splash247.com/nyk-and-ocean-yield-team-up-on-lng-carrier-quartet/"
set,41e766cb-a80d-4c8b-ac84-d50cb5b725e8,Propulsion type,X-DF
set,41e766cb-a80d-4c8b-ac84-d50cb5b725e8,Propulsion type [ref],https://www.nyk.com/english/news/2026/20260205_01.html
set,fb7483aa-7360-4552-aced-3c51bd3ff1c3,Propulsion type,X-DF
set,fb7483aa-7360-4552-aced-3c51bd3ff1c3,Propulsion type [ref],https://www.nyk.com/english/news/2026/20260205_01.html
set,c4fbd181-e3c6-4042-89e1-8b92e89152f0,Propulsion type,X-DF
set,c4fbd181-e3c6-4042-89e1-8b92e89152f0,Propulsion type [ref],https://www.nyk.com/english/news/2026/20260205_01.html
set,51db193f-5dc9-45f4-b08f-c90d5d363eaa,Propulsion type,X-DF
set,51db193f-5dc9-45f4-b08f-c90d5d363eaa,Propulsion type [ref],https://www.nyk.com/english/news/2026/20260205_01.html
set,41e766cb-a80d-4c8b-ac84-d50cb5b725e8,Cargo type,membrane
set,41e766cb-a80d-4c8b-ac84-d50cb5b725e8,Cargo type [ref],https://www.nyk.com/english/news/2026/20260205_01.html
set,fb7483aa-7360-4552-aced-3c51bd3ff1c3,Cargo type,membrane
set,fb7483aa-7360-4552-aced-3c51bd3ff1c3,Cargo type [ref],https://www.nyk.com/english/news/2026/20260205_01.html
set,c4fbd181-e3c6-4042-89e1-8b92e89152f0,Cargo type,membrane
set,c4fbd181-e3c6-4042-89e1-8b92e89152f0,Cargo type [ref],https://www.nyk.com/english/news/2026/20260205_01.html
set,51db193f-5dc9-45f4-b08f-c90d5d363eaa,Cargo type,membrane
set,51db193f-5dc9-45f4-b08f-c90d5d363eaa,Cargo type [ref],https://www.nyk.com/english/news/2026/20260205_01.html
set,da30d9aa-ca38-4f4f-9c63-a55494eea7e8,Price,255000000
set,da30d9aa-ca38-4f4f-9c63-a55494eea7e8,Price [ref],https://lngprime.com/asia/hd-hyundai-heavy-clinches-1-billion-lng-carrier-order/179423/
set,1b70a90b-3d08-453e-b935-d33a159f40fe,Price,255000000
set,1b70a90b-3d08-453e-b935-d33a159f40fe,Price [ref],https://lngprime.com/asia/hd-hyundai-heavy-clinches-1-billion-lng-carrier-order/179423/
set,5600fd4c-c59e-48e2-b54b-ffdc00ce7159,Price,255000000
set,5600fd4c-c59e-48e2-b54b-ffdc00ce7159,Price [ref],https://lngprime.com/asia/hd-hyundai-heavy-clinches-1-billion-lng-carrier-order/179423/
set,127e7c6a-b9a5-4b1b-92b2-081ddde4b1e6,Price,255000000
set,127e7c6a-b9a5-4b1b-92b2-081ddde4b1e6,Price [ref],https://lngprime.com/asia/hd-hyundai-heavy-clinches-1-billion-lng-carrier-order/179423/
set,da30d9aa-ca38-4f4f-9c63-a55494eea7e8,Operator/charterer,Cheniere
set,da30d9aa-ca38-4f4f-9c63-a55494eea7e8,Operator/charterer [ref],"https://lngprime.com/asia/hd-hyundai-heavy-clinches-1-billion-lng-carrier-order/179423/, https://splash247.com/nyk-and-ocean-yield-expand-lng-carrier-series-to-eight-ships/"
set,1b70a90b-3d08-453e-b935-d33a159f40fe,Operator/charterer,Cheniere
set,1b70a90b-3d08-453e-b935-d33a159f40fe,Operator/charterer [ref],"https://lngprime.com/asia/hd-hyundai-heavy-clinches-1-billion-lng-carrier-order/179423/, https://splash247.com/nyk-and-ocean-yield-expand-lng-carrier-series-to-eight-ships/"
set,5600fd4c-c59e-48e2-b54b-ffdc00ce7159,Operator/charterer,Cheniere
set,5600fd4c-c59e-48e2-b54b-ffdc00ce7159,Operator/charterer [ref],"https://lngprime.com/asia/hd-hyundai-heavy-clinches-1-billion-lng-carrier-order/179423/, https://splash247.com/nyk-and-ocean-yield-expand-lng-carrier-series-to-eight-ships/"
set,127e7c6a-b9a5-4b1b-92b2-081ddde4b1e6,Operator/charterer,Cheniere
set,127e7c6a-b9a5-4b1b-92b2-081ddde4b1e6,Operator/charterer [ref],"https://lngprime.com/asia/hd-hyundai-heavy-clinches-1-billion-lng-carrier-order/179423/, https://splash247.com/nyk-and-ocean-yield-expand-lng-carrier-series-to-eight-ships/"
set,da30d9aa-ca38-4f4f-9c63-a55494eea7e8,Propulsion type,X-DF
set,da30d9aa-ca38-4f4f-9c63-a55494eea7e8,Propulsion type [ref],https://www.offshore-energy.biz/us-lng-giant-exercises-option-for-more-newbuild-vessel-charters-from-ocean-yield-and-nyk/
set,1b70a90b-3d08-453e-b935-d33a159f40fe,Propulsion type,X-DF
set,1b70a90b-3d08-453e-b935-d33a159f40fe,Propulsion type [ref],https://www.offshore-energy.biz/us-lng-giant-exercises-option-for-more-newbuild-vessel-charters-from-ocean-yield-and-nyk/
set,5600fd4c-c59e-48e2-b54b-ffdc00ce7159,Propulsion type,X-DF
set,5600fd4c-c59e-48e2-b54b-ffdc00ce7159,Propulsion type [ref],https://www.offshore-energy.biz/us-lng-giant-exercises-option-for-more-newbuild-vessel-charters-from-ocean-yield-and-nyk/
set,127e7c6a-b9a5-4b1b-92b2-081ddde4b1e6,Propulsion type,X-DF
set,127e7c6a-b9a5-4b1b-92b2-081ddde4b1e6,Propulsion type [ref],https://www.offshore-energy.biz/us-lng-giant-exercises-option-for-more-newbuild-vessel-charters-from-ocean-yield-and-nyk/
set,da30d9aa-ca38-4f4f-9c63-a55494eea7e8,Cargo type,membrane
set,da30d9aa-ca38-4f4f-9c63-a55494eea7e8,Cargo type [ref],https://www.offshore-energy.biz/us-lng-giant-exercises-option-for-more-newbuild-vessel-charters-from-ocean-yield-and-nyk/
set,1b70a90b-3d08-453e-b935-d33a159f40fe,Cargo type,membrane
set,1b70a90b-3d08-453e-b935-d33a159f40fe,Cargo type [ref],https://www.offshore-energy.biz/us-lng-giant-exercises-option-for-more-newbuild-vessel-charters-from-ocean-yield-and-nyk/
set,5600fd4c-c59e-48e2-b54b-ffdc00ce7159,Cargo type,membrane
set,5600fd4c-c59e-48e2-b54b-ffdc00ce7159,Cargo type [ref],https://www.offshore-energy.biz/us-lng-giant-exercises-option-for-more-newbuild-vessel-charters-from-ocean-yield-and-nyk/
set,127e7c6a-b9a5-4b1b-92b2-081ddde4b1e6,Cargo type,membrane
set,127e7c6a-b9a5-4b1b-92b2-081ddde4b1e6,Cargo type [ref],https://www.offshore-energy.biz/us-lng-giant-exercises-option-for-more-newbuild-vessel-charters-from-ocean-yield-and-nyk/
set,aea4626e-774d-45cf-87f9-f1b058c637ec,Contract date,10-Aug-2022
set,aea4626e-774d-45cf-87f9-f1b058c637ec,Contract date [ref],https://www.nyk.com/english/news/2022/20220810_01.html
set,35a965b8-b9a6-4ce6-8de1-eb88f66bcd55,Contract date,10-Aug-2022
set,35a965b8-b9a6-4ce6-8de1-eb88f66bcd55,Contract date [ref],https://www.nyk.com/english/news/2022/20220810_01.html
set,525502c3-51f5-4ba8-8d10-b0628da3aa9c,Contract date,10-Aug-2022
set,525502c3-51f5-4ba8-8d10-b0628da3aa9c,Contract date [ref],https://www.nyk.com/english/news/2022/20220810_01.html
set,aea4626e-774d-45cf-87f9-f1b058c637ec,Price,214285714
set,aea4626e-774d-45cf-87f9-f1b058c637ec,Price [ref],https://www.seatrade-maritime.com/lng/asian-consortium-orders-7-lng-carriers-hyundai-qatar
set,35a965b8-b9a6-4ce6-8de1-eb88f66bcd55,Price,214285714
set,35a965b8-b9a6-4ce6-8de1-eb88f66bcd55,Price [ref],https://www.seatrade-maritime.com/lng/asian-consortium-orders-7-lng-carriers-hyundai-qatar
set,525502c3-51f5-4ba8-8d10-b0628da3aa9c,Price,214285714
set,525502c3-51f5-4ba8-8d10-b0628da3aa9c,Price [ref],https://www.seatrade-maritime.com/lng/asian-consortium-orders-7-lng-carriers-hyundai-qatar
set,aea4626e-774d-45cf-87f9-f1b058c637ec,Operator/charterer,QatarEnergy
set,aea4626e-774d-45cf-87f9-f1b058c637ec,Operator/charterer [ref],"https://www.nyk.com/english/news/2022/20220810_01.html, https://www.seatrade-maritime.com/lng/asian-consortium-orders-7-lng-carriers-hyundai-qatar"
set,35a965b8-b9a6-4ce6-8de1-eb88f66bcd55,Operator/charterer,QatarEnergy
set,35a965b8-b9a6-4ce6-8de1-eb88f66bcd55,Operator/charterer [ref],"https://www.nyk.com/english/news/2022/20220810_01.html, https://www.seatrade-maritime.com/lng/asian-consortium-orders-7-lng-carriers-hyundai-qatar"
set,525502c3-51f5-4ba8-8d10-b0628da3aa9c,Operator/charterer,QatarEnergy
set,525502c3-51f5-4ba8-8d10-b0628da3aa9c,Operator/charterer [ref],"https://www.nyk.com/english/news/2022/20220810_01.html, https://www.seatrade-maritime.com/lng/asian-consortium-orders-7-lng-carriers-hyundai-qatar"
set,e35da1e3-3fbd-4c2e-8f79-43889eb3d306,Operator/charterer,EnBW
set,e35da1e3-3fbd-4c2e-8f79-43889eb3d306,Operator/charterer [ref],"https://www.nyk.com/english/news/2023/20230516_03.html, https://lngprime.com/asia/hyundai-heavy-clinches-contracts-for-six-lng-carriers-worth-about-1-6-billion/80510/"
set,0ad2f1d6-3c23-4a16-ba4a-6f86356aba83,Operator/charterer,EnBW
set,0ad2f1d6-3c23-4a16-ba4a-6f86356aba83,Operator/charterer [ref],"https://www.nyk.com/english/news/2023/20230516_03.html, https://lngprime.com/asia/hyundai-heavy-clinches-contracts-for-six-lng-carriers-worth-about-1-6-billion/80510/"
set,5c30db06-701a-4363-9bad-eb86ed67ddc7,Operator/charterer,EnBW
set,5c30db06-701a-4363-9bad-eb86ed67ddc7,Operator/charterer [ref],"https://www.nyk.com/english/news/2023/20230516_03.html, https://lngprime.com/asia/hyundai-heavy-clinches-contracts-for-six-lng-carriers-worth-about-1-6-billion/80510/"
set,69319f45-5621-4a91-98a4-9517bcf672bf,Operator/charterer,EnBW
set,69319f45-5621-4a91-98a4-9517bcf672bf,Operator/charterer [ref],"https://www.nyk.com/english/news/2023/20230516_03.html, https://lngprime.com/asia/hyundai-heavy-clinches-contracts-for-six-lng-carriers-worth-about-1-6-billion/80510/"
set,e35da1e3-3fbd-4c2e-8f79-43889eb3d306,Contract date,16-May-2023
set,e35da1e3-3fbd-4c2e-8f79-43889eb3d306,Contract date [ref],https://www.nyk.com/english/news/2023/20230516_03.html
set,0ad2f1d6-3c23-4a16-ba4a-6f86356aba83,Contract date,16-May-2023
set,0ad2f1d6-3c23-4a16-ba4a-6f86356aba83,Contract date [ref],https://www.nyk.com/english/news/2023/20230516_03.html
set,5c30db06-701a-4363-9bad-eb86ed67ddc7,Contract date,16-May-2023
set,5c30db06-701a-4363-9bad-eb86ed67ddc7,Contract date [ref],https://www.nyk.com/english/news/2023/20230516_03.html
set,69319f45-5621-4a91-98a4-9517bcf672bf,Contract date,16-May-2023
set,69319f45-5621-4a91-98a4-9517bcf672bf,Contract date [ref],https://www.nyk.com/english/news/2023/20230516_03.html
set,e35da1e3-3fbd-4c2e-8f79-43889eb3d306,Price,262000000
set,e35da1e3-3fbd-4c2e-8f79-43889eb3d306,Price [ref],https://lngprime.com/asia/hyundai-heavy-clinches-contracts-for-six-lng-carriers-worth-about-1-6-billion/80510/
set,0ad2f1d6-3c23-4a16-ba4a-6f86356aba83,Price,262000000
set,0ad2f1d6-3c23-4a16-ba4a-6f86356aba83,Price [ref],https://lngprime.com/asia/hyundai-heavy-clinches-contracts-for-six-lng-carriers-worth-about-1-6-billion/80510/
set,5c30db06-701a-4363-9bad-eb86ed67ddc7,Price,262000000
set,5c30db06-701a-4363-9bad-eb86ed67ddc7,Price [ref],https://lngprime.com/asia/hyundai-heavy-clinches-contracts-for-six-lng-carriers-worth-about-1-6-billion/80510/
set,69319f45-5621-4a91-98a4-9517bcf672bf,Price,262000000
set,69319f45-5621-4a91-98a4-9517bcf672bf,Price [ref],https://lngprime.com/asia/hyundai-heavy-clinches-contracts-for-six-lng-carriers-worth-about-1-6-billion/80510/
set,e35da1e3-3fbd-4c2e-8f79-43889eb3d306,Cargo type,membrane
set,e35da1e3-3fbd-4c2e-8f79-43889eb3d306,Cargo type [ref],https://www.nyk.com/english/news/2023/20230516_03.html
set,0ad2f1d6-3c23-4a16-ba4a-6f86356aba83,Cargo type,membrane
set,0ad2f1d6-3c23-4a16-ba4a-6f86356aba83,Cargo type [ref],https://www.nyk.com/english/news/2023/20230516_03.html
set,5c30db06-701a-4363-9bad-eb86ed67ddc7,Cargo type,membrane
set,5c30db06-701a-4363-9bad-eb86ed67ddc7,Cargo type [ref],https://www.nyk.com/english/news/2023/20230516_03.html
set,69319f45-5621-4a91-98a4-9517bcf672bf,Cargo type,membrane
set,69319f45-5621-4a91-98a4-9517bcf672bf,Cargo type [ref],https://www.nyk.com/english/news/2023/20230516_03.html
set,c41bf34e-5d7b-42fd-8ea1-3aefe9d6427c,Operator/charterer,SeaRiver Maritime
set,c41bf34e-5d7b-42fd-8ea1-3aefe9d6427c,Operator/charterer [ref],https://www.offshore-energy.biz/misc-orders-lng-carrier-duo-secures-long-term-charter-deals-with-exxonmobil-unit/
set,7bc8bcec-950a-4d3b-98fa-5c676c5e2c4d,Operator/charterer,SeaRiver Maritime
set,7bc8bcec-950a-4d3b-98fa-5c676c5e2c4d,Operator/charterer [ref],https://www.offshore-energy.biz/misc-orders-lng-carrier-duo-secures-long-term-charter-deals-with-exxonmobil-unit/
set,c41bf34e-5d7b-42fd-8ea1-3aefe9d6427c,Contract date,30-Sep-2022
set,c41bf34e-5d7b-42fd-8ea1-3aefe9d6427c,Contract date [ref],https://www.offshore-energy.biz/misc-orders-lng-carrier-duo-secures-long-term-charter-deals-with-exxonmobil-unit/
set,7bc8bcec-950a-4d3b-98fa-5c676c5e2c4d,Contract date,30-Sep-2022
set,7bc8bcec-950a-4d3b-98fa-5c676c5e2c4d,Contract date [ref],https://www.offshore-energy.biz/misc-orders-lng-carrier-duo-secures-long-term-charter-deals-with-exxonmobil-unit/
set,13882a6e-6e4c-43f3-a9e0-6ad803524f60,Operator/charterer,Petronas
set,13882a6e-6e4c-43f3-a9e0-6ad803524f60,Operator/charterer [ref],"https://splash247.com/misc-confirms-lng-carrier-orders-in-south-korea/, https://lngprime.com/asia/misc-orders-lng-carrier-duo-at-samsung-heavy-inks-charter-deal-with-petronas/127468/"
set,5a457098-6dd0-4177-b678-db73a806f503,Operator/charterer,Petronas
set,5a457098-6dd0-4177-b678-db73a806f503,Operator/charterer [ref],"https://splash247.com/misc-confirms-lng-carrier-orders-in-south-korea/, https://lngprime.com/asia/misc-orders-lng-carrier-duo-at-samsung-heavy-inks-charter-deal-with-petronas/127468/"
set,13882a6e-6e4c-43f3-a9e0-6ad803524f60,Contract date,01-Oct-2024
set,13882a6e-6e4c-43f3-a9e0-6ad803524f60,Contract date [ref],https://lngprime.com/asia/misc-orders-lng-carrier-duo-at-samsung-heavy-inks-charter-deal-with-petronas/127468/
set,5a457098-6dd0-4177-b678-db73a806f503,Contract date,01-Oct-2024
set,5a457098-6dd0-4177-b678-db73a806f503,Contract date [ref],https://lngprime.com/asia/misc-orders-lng-carrier-duo-at-samsung-heavy-inks-charter-deal-with-petronas/127468/
set,d4a2d2e9-c424-40e0-a60c-6c6c73174178,Cargo type,membrane
set,d4a2d2e9-c424-40e0-a60c-6c6c73174178,Cargo type [ref],https://www.lngindustry.com/floating-lng/18052026/gtt-to-design-fsru-tank-for-samsung-heavy-industries/
set,cd8b6ce0-0b5f-4af3-9072-8b00b4947f93,Price,251500000
set,cd8b6ce0-0b5f-4af3-9072-8b00b4947f93,Price [ref],"https://splash247.com/purus-adds-samsung-lng-newbuilds-to-expanding-gas-fleet/, https://globalflowcontrol.com/newsroom/purus-lng-carrier-newbuilding-samsung-heavy-industries/"
set,d26e6f42-ff89-4ae3-b92a-0a684096add7,Price,251500000
set,d26e6f42-ff89-4ae3-b92a-0a684096add7,Price [ref],"https://splash247.com/purus-adds-samsung-lng-newbuilds-to-expanding-gas-fleet/, https://globalflowcontrol.com/newsroom/purus-lng-carrier-newbuilding-samsung-heavy-industries/"
set,cd8b6ce0-0b5f-4af3-9072-8b00b4947f93,Cargo type,membrane
set,cd8b6ce0-0b5f-4af3-9072-8b00b4947f93,Cargo type [ref],"https://splash247.com/purus-adds-samsung-lng-newbuilds-to-expanding-gas-fleet/, https://globalflowcontrol.com/newsroom/purus-lng-carrier-newbuilding-samsung-heavy-industries/"
set,d26e6f42-ff89-4ae3-b92a-0a684096add7,Cargo type,membrane
set,d26e6f42-ff89-4ae3-b92a-0a684096add7,Cargo type [ref],"https://splash247.com/purus-adds-samsung-lng-newbuilds-to-expanding-gas-fleet/, https://globalflowcontrol.com/newsroom/purus-lng-carrier-newbuilding-samsung-heavy-industries/"
set,37aabfb3-7390-4b66-aa8c-8b83244b64ea,Price,252000000
set,37aabfb3-7390-4b66-aa8c-8b83244b64ea,Price [ref],https://www.rivieramm.com/news-content-hub/news-content-hub/purus-said-to-expand-gas-platform-with-single-lng-carrier-order-at-shi-88206
set,f12f692c-1c26-4435-a67f-791b02c18402,Price,245000000
set,f12f692c-1c26-4435-a67f-791b02c18402,Price [ref],https://splash247.com/sonangol-books-lng-carrier-newbuild-in-south-korea/
set,9211f3bb-2d22-45a1-95f5-cb259664f51e,Contract date,17-Jan-2023
set,9211f3bb-2d22-45a1-95f5-cb259664f51e,Contract date [ref],https://lngprime.com/asia/hyundai-heavy-to-build-lng-carrier-trio-worth-about-783-million/70995/
set,9211f3bb-2d22-45a1-95f5-cb259664f51e,Price,261000000
set,9211f3bb-2d22-45a1-95f5-cb259664f51e,Price [ref],https://lngprime.com/asia/hyundai-heavy-to-build-lng-carrier-trio-worth-about-783-million/70995/
set,001806c5-e6e1-410b-94a6-7ecb671bf37c,Contract date,17-Jan-2023
set,001806c5-e6e1-410b-94a6-7ecb671bf37c,Contract date [ref],https://lngprime.com/asia/hyundai-heavy-to-build-lng-carrier-trio-worth-about-783-million/70995/
set,001806c5-e6e1-410b-94a6-7ecb671bf37c,Price,261000000
set,001806c5-e6e1-410b-94a6-7ecb671bf37c,Price [ref],https://lngprime.com/asia/hyundai-heavy-to-build-lng-carrier-trio-worth-about-783-million/70995/
set,730ed0fe-5444-4cfc-9389-ff348c621fe9,Contract date,02-May-2023
set,730ed0fe-5444-4cfc-9389-ff348c621fe9,Contract date [ref],https://www.tradewindsnews.com/shipyards/dynagas-bumps-up-raft-of-super-size-lng-carrier-orders-at-hyundai/2-1-1443720
set,0d530a84-a19c-4e6c-9cd9-fc1f999ce211,Contract date,07-Jan-2022
set,0d530a84-a19c-4e6c-9cd9-fc1f999ce211,Contract date [ref],https://lngprime.com/asia/chinas-hudong-clinches-contract-to-build-lng-carrier-sextet/38468/
set,0d530a84-a19c-4e6c-9cd9-fc1f999ce211,Price,196000000
set,0d530a84-a19c-4e6c-9cd9-fc1f999ce211,Price [ref],https://lngprime.com/asia/chinas-hudong-clinches-contract-to-build-lng-carrier-sextet/38468/
set,0d530a84-a19c-4e6c-9cd9-fc1f999ce211,Operator/charterer,CNOOC Gas & Power
set,0d530a84-a19c-4e6c-9cd9-fc1f999ce211,Operator/charterer [ref],https://lngprime.com/asia/chinas-hudong-clinches-contract-to-build-lng-carrier-sextet/38468/
set,6f1f8274-b88c-4dc3-9da7-593f342adfaf,Contract date,07-Jan-2022
set,6f1f8274-b88c-4dc3-9da7-593f342adfaf,Contract date [ref],https://lngprime.com/asia/chinas-hudong-clinches-contract-to-build-lng-carrier-sextet/38468/
set,6f1f8274-b88c-4dc3-9da7-593f342adfaf,Price,196000000
set,6f1f8274-b88c-4dc3-9da7-593f342adfaf,Price [ref],https://lngprime.com/asia/chinas-hudong-clinches-contract-to-build-lng-carrier-sextet/38468/
set,6f1f8274-b88c-4dc3-9da7-593f342adfaf,Operator/charterer,CNOOC Gas & Power
set,6f1f8274-b88c-4dc3-9da7-593f342adfaf,Operator/charterer [ref],https://lngprime.com/asia/chinas-hudong-clinches-contract-to-build-lng-carrier-sextet/38468/
set,68bb22da-94d9-48c8-aa33-feaa6a66ba02,Contract date,07-Jan-2022
set,68bb22da-94d9-48c8-aa33-feaa6a66ba02,Contract date [ref],https://lngprime.com/asia/chinas-hudong-clinches-contract-to-build-lng-carrier-sextet/38468/
set,68bb22da-94d9-48c8-aa33-feaa6a66ba02,Price,196000000
set,68bb22da-94d9-48c8-aa33-feaa6a66ba02,Price [ref],https://lngprime.com/asia/chinas-hudong-clinches-contract-to-build-lng-carrier-sextet/38468/
set,68bb22da-94d9-48c8-aa33-feaa6a66ba02,Operator/charterer,CNOOC Gas & Power
set,68bb22da-94d9-48c8-aa33-feaa6a66ba02,Operator/charterer [ref],https://lngprime.com/asia/chinas-hudong-clinches-contract-to-build-lng-carrier-sextet/38468/
set,ca946c2c-856f-42f2-a494-1014682c0493,Operator/charterer,QatarEnergy
set,ca946c2c-856f-42f2-a494-1014682c0493,Operator/charterer [ref],https://lngprime.com/asia/hudong-zhonghua-kicks-off-work-on-mols-lng-carrier-as-part-of-qatari-project/70973/
set,a9e025fc-e301-49cb-8d8f-9040e30543af,Operator/charterer,QatarEnergy
set,a9e025fc-e301-49cb-8d8f-9040e30543af,Operator/charterer [ref],https://lngprime.com/asia/hudong-zhonghua-kicks-off-work-on-mols-lng-carrier-as-part-of-qatari-project/70973/
set,1c8e3f36-ab78-42e8-a073-5f27f6ad29b2,Operator/charterer,QatarEnergy
set,1c8e3f36-ab78-42e8-a073-5f27f6ad29b2,Operator/charterer [ref],https://lngprime.com/asia/hudong-zhonghua-kicks-off-work-on-mols-lng-carrier-as-part-of-qatari-project/70973/
set,3671ad1a-51d6-4348-b215-6d800eec5114,Operator/charterer,QatarEnergy
set,3671ad1a-51d6-4348-b215-6d800eec5114,Operator/charterer [ref],https://lngprime.com/asia/hudong-zhonghua-kicks-off-work-on-mols-lng-carrier-as-part-of-qatari-project/70973/
set,4cfe3520-4acf-40b5-a1d3-b5ea0608b957,Price,333000000
set,4cfe3520-4acf-40b5-a1d3-b5ea0608b957,Price [ref],https://lngprime.com/asia/hudong-zhonghua-kicks-off-construction-on-first-qc-max-lng-carrier/188799/
set,4cfe3520-4acf-40b5-a1d3-b5ea0608b957,Operator/charterer,QatarEnergy
set,4cfe3520-4acf-40b5-a1d3-b5ea0608b957,Operator/charterer [ref],https://lngprime.com/asia/hudong-zhonghua-kicks-off-construction-on-first-qc-max-lng-carrier/188799/
set,4e56c6ea-9986-4d8c-a56b-4912bb82fd8f,Price,333000000
set,4e56c6ea-9986-4d8c-a56b-4912bb82fd8f,Price [ref],https://lngprime.com/asia/hudong-zhonghua-kicks-off-construction-on-first-qc-max-lng-carrier/188799/
set,4e56c6ea-9986-4d8c-a56b-4912bb82fd8f,Operator/charterer,QatarEnergy
set,4e56c6ea-9986-4d8c-a56b-4912bb82fd8f,Operator/charterer [ref],https://lngprime.com/asia/hudong-zhonghua-kicks-off-construction-on-first-qc-max-lng-carrier/188799/
set,3a1cad28-e922-4f11-9df4-799e8f3ee166,Price,333000000
set,3a1cad28-e922-4f11-9df4-799e8f3ee166,Price [ref],https://lngprime.com/asia/hudong-zhonghua-kicks-off-construction-on-first-qc-max-lng-carrier/188799/
set,3a1cad28-e922-4f11-9df4-799e8f3ee166,Operator/charterer,QatarEnergy
set,3a1cad28-e922-4f11-9df4-799e8f3ee166,Operator/charterer [ref],https://lngprime.com/asia/hudong-zhonghua-kicks-off-construction-on-first-qc-max-lng-carrier/188799/
set,f144992e-ef54-4398-b575-4ce0b4d01a16,Price,333000000
set,f144992e-ef54-4398-b575-4ce0b4d01a16,Price [ref],https://lngprime.com/asia/hudong-zhonghua-kicks-off-construction-on-first-qc-max-lng-carrier/188799/
set,f144992e-ef54-4398-b575-4ce0b4d01a16,Operator/charterer,QatarEnergy
set,f144992e-ef54-4398-b575-4ce0b4d01a16,Operator/charterer [ref],https://lngprime.com/asia/hudong-zhonghua-kicks-off-construction-on-first-qc-max-lng-carrier/188799/
set,0c647c57-c523-4d1d-93b8-b4836f557555,Price,333000000
set,0c647c57-c523-4d1d-93b8-b4836f557555,Price [ref],https://lngprime.com/asia/hudong-zhonghua-kicks-off-construction-on-first-qc-max-lng-carrier/188799/
set,0c647c57-c523-4d1d-93b8-b4836f557555,Operator/charterer,QatarEnergy
set,0c647c57-c523-4d1d-93b8-b4836f557555,Operator/charterer [ref],https://lngprime.com/asia/hudong-zhonghua-kicks-off-construction-on-first-qc-max-lng-carrier/188799/
set,2f84ce5c-2628-40c0-9d3a-54eaabb5b0fc,Price,333000000
set,2f84ce5c-2628-40c0-9d3a-54eaabb5b0fc,Price [ref],https://lngprime.com/asia/hudong-zhonghua-kicks-off-construction-on-first-qc-max-lng-carrier/188799/
set,2f84ce5c-2628-40c0-9d3a-54eaabb5b0fc,Operator/charterer,QatarEnergy
set,2f84ce5c-2628-40c0-9d3a-54eaabb5b0fc,Operator/charterer [ref],https://lngprime.com/asia/hudong-zhonghua-kicks-off-construction-on-first-qc-max-lng-carrier/188799/
set,6e9b2745-3c3a-4c45-a99a-382efa8802fb,Price,230000000
set,6e9b2745-3c3a-4c45-a99a-382efa8802fb,Price [ref],https://lngprime.com/asia/qatarenergy-picks-shipowners-for-18-giant-lng-carriers/108605/
set,6e9b2745-3c3a-4c45-a99a-382efa8802fb,Operator/charterer,QatarEnergy
set,6e9b2745-3c3a-4c45-a99a-382efa8802fb,Operator/charterer [ref],https://lngprime.com/asia/qatarenergy-picks-shipowners-for-18-giant-lng-carriers/108605/
set,49c07ddd-08a0-4502-a910-f6f0a37c82f5,Price,230000000
set,49c07ddd-08a0-4502-a910-f6f0a37c82f5,Price [ref],https://lngprime.com/asia/qatarenergy-picks-shipowners-for-18-giant-lng-carriers/108605/
set,49c07ddd-08a0-4502-a910-f6f0a37c82f5,Operator/charterer,QatarEnergy
set,49c07ddd-08a0-4502-a910-f6f0a37c82f5,Operator/charterer [ref],https://lngprime.com/asia/qatarenergy-picks-shipowners-for-18-giant-lng-carriers/108605/
set,a46e8d01-6d1d-4546-962c-fe3f7c6ccd9f,Price,230000000
set,a46e8d01-6d1d-4546-962c-fe3f7c6ccd9f,Price [ref],https://lngprime.com/asia/qatarenergy-picks-shipowners-for-18-giant-lng-carriers/108605/
set,a46e8d01-6d1d-4546-962c-fe3f7c6ccd9f,Operator/charterer,QatarEnergy
set,a46e8d01-6d1d-4546-962c-fe3f7c6ccd9f,Operator/charterer [ref],https://lngprime.com/asia/qatarenergy-picks-shipowners-for-18-giant-lng-carriers/108605/
set,6faf4259-ea41-4c25-a8ff-7f094e2959cc,Price,230000000
set,6faf4259-ea41-4c25-a8ff-7f094e2959cc,Price [ref],https://lngprime.com/asia/qatarenergy-picks-shipowners-for-18-giant-lng-carriers/108605/
set,6faf4259-ea41-4c25-a8ff-7f094e2959cc,Operator/charterer,QatarEnergy
set,6faf4259-ea41-4c25-a8ff-7f094e2959cc,Operator/charterer [ref],https://lngprime.com/asia/qatarenergy-picks-shipowners-for-18-giant-lng-carriers/108605/
set,529f938a-d4d8-40c3-97cc-e2380af02a44,Price,230000000
set,529f938a-d4d8-40c3-97cc-e2380af02a44,Price [ref],https://lngprime.com/asia/qatarenergy-picks-shipowners-for-18-giant-lng-carriers/108605/
set,529f938a-d4d8-40c3-97cc-e2380af02a44,Operator/charterer,QatarEnergy
set,529f938a-d4d8-40c3-97cc-e2380af02a44,Operator/charterer [ref],https://lngprime.com/asia/qatarenergy-picks-shipowners-for-18-giant-lng-carriers/108605/
set,6ee5ded0-9522-43a3-8053-048bc2676c6d,Price,230000000
set,6ee5ded0-9522-43a3-8053-048bc2676c6d,Price [ref],https://lngprime.com/asia/qatarenergy-picks-shipowners-for-18-giant-lng-carriers/108605/
set,6ee5ded0-9522-43a3-8053-048bc2676c6d,Operator/charterer,QatarEnergy
set,6ee5ded0-9522-43a3-8053-048bc2676c6d,Operator/charterer [ref],https://lngprime.com/asia/qatarenergy-picks-shipowners-for-18-giant-lng-carriers/108605/
set,7a915085-50ad-47c1-845f-22c8c3afe3b6,Price,235000000
set,7a915085-50ad-47c1-845f-22c8c3afe3b6,Price [ref],https://lngprime.com/asia/chinas-jiangnan-to-build-lng-carrier-duo-for-470-million/77393/
set,7a915085-50ad-47c1-845f-22c8c3afe3b6,Operator/charterer,Shandong Marine Energy
set,7a915085-50ad-47c1-845f-22c8c3afe3b6,Operator/charterer [ref],https://lngprime.com/asia/chinas-jiangnan-to-build-lng-carrier-duo-for-470-million/77393/
set,77279099-6d3d-4024-9047-f1626a6b6905,Price,235000000
set,77279099-6d3d-4024-9047-f1626a6b6905,Price [ref],https://lngprime.com/asia/chinas-jiangnan-to-build-lng-carrier-duo-for-470-million/77393/
set,77279099-6d3d-4024-9047-f1626a6b6905,Operator/charterer,Shandong Marine Energy
set,77279099-6d3d-4024-9047-f1626a6b6905,Operator/charterer [ref],https://lngprime.com/asia/chinas-jiangnan-to-build-lng-carrier-duo-for-470-million/77393/
set,4781eb35-653d-4cc3-aea5-65ab8ffedfd8,Operator/charterer,Gaz-System
set,4781eb35-653d-4cc3-aea5-65ab8ffedfd8,Operator/charterer [ref],https://lngprime.com/asia/hd-hyundai-heavy-lays-keel-for-gdansk-fsru/173245/
set,ce94fff7-d09c-41db-8b6a-d2f2587f0395,Capacity,174000
set,ce94fff7-d09c-41db-8b6a-d2f2587f0395,Capacity [ref],"https://www.datocms-assets.com/146580/1783403747-igu-world-lng-report-2026.pdf, https://www.shipvault.com/ships/465070, https://shipvaultapi-gjb8c.ondigitalocean.app/api/units/465070"
set,9ddf9023-213f-4bd2-af33-f50cae0e46fd,Contract date,26-Feb-2024
set,9ddf9023-213f-4bd2-af33-f50cae0e46fd,Contract date [ref],https://lngprime.com/vessels/hyundai-samho-to-build-lng-carrier-quartet-for-1-08-billion/105722/
set,9ddf9023-213f-4bd2-af33-f50cae0e46fd,Price,270000000
set,9ddf9023-213f-4bd2-af33-f50cae0e46fd,Price [ref],https://lngprime.com/vessels/hyundai-samho-to-build-lng-carrier-quartet-for-1-08-billion/105722/
set,2975025f-9430-47f9-a882-9dae06943b0a,Contract date,26-Feb-2024
set,2975025f-9430-47f9-a882-9dae06943b0a,Contract date [ref],https://lngprime.com/vessels/hyundai-samho-to-build-lng-carrier-quartet-for-1-08-billion/105722/
set,2975025f-9430-47f9-a882-9dae06943b0a,Price,270000000
set,2975025f-9430-47f9-a882-9dae06943b0a,Price [ref],https://lngprime.com/vessels/hyundai-samho-to-build-lng-carrier-quartet-for-1-08-billion/105722/
set,f6cc4c07-dafb-456c-ad68-ea3bc521655e,Contract date,26-Feb-2024
set,f6cc4c07-dafb-456c-ad68-ea3bc521655e,Contract date [ref],https://lngprime.com/vessels/hyundai-samho-to-build-lng-carrier-quartet-for-1-08-billion/105722/
set,f6cc4c07-dafb-456c-ad68-ea3bc521655e,Price,270000000
set,f6cc4c07-dafb-456c-ad68-ea3bc521655e,Price [ref],https://lngprime.com/vessels/hyundai-samho-to-build-lng-carrier-quartet-for-1-08-billion/105722/
set,b1707a34-3ef2-4cc8-b55a-31d76c67a3d9,Contract date,26-Feb-2024
set,b1707a34-3ef2-4cc8-b55a-31d76c67a3d9,Contract date [ref],https://lngprime.com/vessels/hyundai-samho-to-build-lng-carrier-quartet-for-1-08-billion/105722/
set,b1707a34-3ef2-4cc8-b55a-31d76c67a3d9,Price,270000000
set,b1707a34-3ef2-4cc8-b55a-31d76c67a3d9,Price [ref],https://lngprime.com/vessels/hyundai-samho-to-build-lng-carrier-quartet-for-1-08-billion/105722/
set,79687cbc-580f-4443-b0f2-fb26af94a238,Contract date,29-Apr-2024
set,79687cbc-580f-4443-b0f2-fb26af94a238,Contract date [ref],https://lngprime.com/asia/qatarenergy-seals-6-billion-deal-with-chinese-shipbuilder-for-18-giant-lng-carriers/110901/
set,79687cbc-580f-4443-b0f2-fb26af94a238,Price,333000000
set,79687cbc-580f-4443-b0f2-fb26af94a238,Price [ref],https://lngprime.com/asia/qatarenergy-seals-6-billion-deal-with-chinese-shipbuilder-for-18-giant-lng-carriers/110901/
set,79687cbc-580f-4443-b0f2-fb26af94a238,Operator/charterer,QatarEnergy
set,79687cbc-580f-4443-b0f2-fb26af94a238,Operator/charterer [ref],https://lngprime.com/asia/qatarenergy-seals-6-billion-deal-with-chinese-shipbuilder-for-18-giant-lng-carriers/110901/
set,8b802d7b-48dd-441c-8381-c98a595124d0,Contract date,29-Apr-2024
set,8b802d7b-48dd-441c-8381-c98a595124d0,Contract date [ref],https://lngprime.com/asia/qatarenergy-seals-6-billion-deal-with-chinese-shipbuilder-for-18-giant-lng-carriers/110901/
set,8b802d7b-48dd-441c-8381-c98a595124d0,Price,333000000
set,8b802d7b-48dd-441c-8381-c98a595124d0,Price [ref],https://lngprime.com/asia/qatarenergy-seals-6-billion-deal-with-chinese-shipbuilder-for-18-giant-lng-carriers/110901/
set,8b802d7b-48dd-441c-8381-c98a595124d0,Operator/charterer,QatarEnergy
set,8b802d7b-48dd-441c-8381-c98a595124d0,Operator/charterer [ref],https://lngprime.com/asia/qatarenergy-seals-6-billion-deal-with-chinese-shipbuilder-for-18-giant-lng-carriers/110901/
set,6d0494e7-bc75-412b-821f-fc01bb606bfb,Contract date,29-Apr-2024
set,6d0494e7-bc75-412b-821f-fc01bb606bfb,Contract date [ref],https://lngprime.com/asia/qatarenergy-seals-6-billion-deal-with-chinese-shipbuilder-for-18-giant-lng-carriers/110901/
set,6d0494e7-bc75-412b-821f-fc01bb606bfb,Price,333000000
set,6d0494e7-bc75-412b-821f-fc01bb606bfb,Price [ref],https://lngprime.com/asia/qatarenergy-seals-6-billion-deal-with-chinese-shipbuilder-for-18-giant-lng-carriers/110901/
set,6d0494e7-bc75-412b-821f-fc01bb606bfb,Operator/charterer,QatarEnergy
set,6d0494e7-bc75-412b-821f-fc01bb606bfb,Operator/charterer [ref],https://lngprime.com/asia/qatarenergy-seals-6-billion-deal-with-chinese-shipbuilder-for-18-giant-lng-carriers/110901/
set,e5f6c789-6729-4491-a066-3b2d3edb8db9,Contract date,29-Apr-2024
set,e5f6c789-6729-4491-a066-3b2d3edb8db9,Contract date [ref],https://lngprime.com/asia/qatarenergy-seals-6-billion-deal-with-chinese-shipbuilder-for-18-giant-lng-carriers/110901/
set,e5f6c789-6729-4491-a066-3b2d3edb8db9,Price,333000000
set,e5f6c789-6729-4491-a066-3b2d3edb8db9,Price [ref],https://lngprime.com/asia/qatarenergy-seals-6-billion-deal-with-chinese-shipbuilder-for-18-giant-lng-carriers/110901/
set,e5f6c789-6729-4491-a066-3b2d3edb8db9,Operator/charterer,QatarEnergy
set,e5f6c789-6729-4491-a066-3b2d3edb8db9,Operator/charterer [ref],https://lngprime.com/asia/qatarenergy-seals-6-billion-deal-with-chinese-shipbuilder-for-18-giant-lng-carriers/110901/
set,7028d287-b3b1-4c11-b90c-e00f1d438d2d,Contract date,29-Apr-2024
set,7028d287-b3b1-4c11-b90c-e00f1d438d2d,Contract date [ref],https://lngprime.com/asia/qatarenergy-seals-6-billion-deal-with-chinese-shipbuilder-for-18-giant-lng-carriers/110901/
set,7028d287-b3b1-4c11-b90c-e00f1d438d2d,Price,333000000
set,7028d287-b3b1-4c11-b90c-e00f1d438d2d,Price [ref],https://lngprime.com/asia/qatarenergy-seals-6-billion-deal-with-chinese-shipbuilder-for-18-giant-lng-carriers/110901/
set,7028d287-b3b1-4c11-b90c-e00f1d438d2d,Operator/charterer,QatarEnergy
set,7028d287-b3b1-4c11-b90c-e00f1d438d2d,Operator/charterer [ref],https://lngprime.com/asia/qatarenergy-seals-6-billion-deal-with-chinese-shipbuilder-for-18-giant-lng-carriers/110901/
set,f4e61771-aae2-40b0-ab7c-ead787d254a9,Contract date,29-Apr-2024
set,f4e61771-aae2-40b0-ab7c-ead787d254a9,Contract date [ref],https://lngprime.com/asia/qatarenergy-seals-6-billion-deal-with-chinese-shipbuilder-for-18-giant-lng-carriers/110901/
set,f4e61771-aae2-40b0-ab7c-ead787d254a9,Price,333000000
set,f4e61771-aae2-40b0-ab7c-ead787d254a9,Price [ref],https://lngprime.com/asia/qatarenergy-seals-6-billion-deal-with-chinese-shipbuilder-for-18-giant-lng-carriers/110901/
set,f4e61771-aae2-40b0-ab7c-ead787d254a9,Operator/charterer,QatarEnergy
set,f4e61771-aae2-40b0-ab7c-ead787d254a9,Operator/charterer [ref],https://lngprime.com/asia/qatarenergy-seals-6-billion-deal-with-chinese-shipbuilder-for-18-giant-lng-carriers/110901/
set,d01b9d51-ffe0-4926-8a55-646915bcc673,Contract date,29-Apr-2024
set,d01b9d51-ffe0-4926-8a55-646915bcc673,Contract date [ref],https://lngprime.com/asia/qatarenergy-seals-6-billion-deal-with-chinese-shipbuilder-for-18-giant-lng-carriers/110901/
set,d01b9d51-ffe0-4926-8a55-646915bcc673,Price,333000000
set,d01b9d51-ffe0-4926-8a55-646915bcc673,Price [ref],https://lngprime.com/asia/qatarenergy-seals-6-billion-deal-with-chinese-shipbuilder-for-18-giant-lng-carriers/110901/
set,d01b9d51-ffe0-4926-8a55-646915bcc673,Operator/charterer,QatarEnergy
set,d01b9d51-ffe0-4926-8a55-646915bcc673,Operator/charterer [ref],https://lngprime.com/asia/qatarenergy-seals-6-billion-deal-with-chinese-shipbuilder-for-18-giant-lng-carriers/110901/
set,445f3366-5945-4342-ac58-45be680e4e2a,Capacity,174000
set,445f3366-5945-4342-ac58-45be680e4e2a,Capacity [ref],"https://www.shipvault.com/ships/490164, https://shipvaultapi-gjb8c.ondigitalocean.app/api/units/490164"
set,8c9668a9-a630-4385-8601-c9cba3c6608c,Capacity,174000
set,8c9668a9-a630-4385-8601-c9cba3c6608c,Capacity [ref],"https://www.shipvault.com/ships/490165, https://shipvaultapi-gjb8c.ondigitalocean.app/api/units/490165"
set,b060a274-cd11-4cb6-a810-7023b03d1cc5,Capacity,174000
set,b060a274-cd11-4cb6-a810-7023b03d1cc5,Capacity [ref],"https://www.shipvault.com/ships/490166, https://shipvaultapi-gjb8c.ondigitalocean.app/api/units/490166"
set,4b63b5be-3ee0-46ca-af4b-8124a6baddd3,Capacity,174000
set,4b63b5be-3ee0-46ca-af4b-8124a6baddd3,Capacity [ref],"https://www.shipvault.com/ships/490167, https://shipvaultapi-gjb8c.ondigitalocean.app/api/units/490167"
set,617374ef-ed23-433f-9b20-409be2eec42f,Contract date,22-Nov-2022
set,617374ef-ed23-433f-9b20-409be2eec42f,Contract date [ref],https://www.seapeak.com/articles/seapeak-orders-five-lng-newbuilds-against-long-term-charters/
set,7952e660-e817-4d25-bc7a-0948be867a32,Contract date,22-Nov-2022
set,7952e660-e817-4d25-bc7a-0948be867a32,Contract date [ref],https://www.seapeak.com/articles/seapeak-orders-five-lng-newbuilds-against-long-term-charters/
set,32f821b6-94c7-418e-aac3-d98920c61c7a,Contract date,22-Nov-2022
set,32f821b6-94c7-418e-aac3-d98920c61c7a,Contract date [ref],https://www.seapeak.com/articles/seapeak-orders-five-lng-newbuilds-against-long-term-charters/
set,4bfb9179-d158-4f10-b2be-97a7576225de,Contract date,22-Nov-2022
set,4bfb9179-d158-4f10-b2be-97a7576225de,Contract date [ref],https://www.seapeak.com/articles/seapeak-orders-five-lng-newbuilds-against-long-term-charters/
set,b27a5ed9-865b-43ae-bd33-0f9d6f18f6e4,Contract date,22-Nov-2022
set,b27a5ed9-865b-43ae-bd33-0f9d6f18f6e4,Contract date [ref],https://www.seapeak.com/articles/seapeak-orders-five-lng-newbuilds-against-long-term-charters/
set,3a417fb8-ba79-4d6b-a2fe-aecfca97928d,Propulsion type,X-DF
set,3a417fb8-ba79-4d6b-a2fe-aecfca97928d,Propulsion type [ref],https://www.stocktitan.net/sec-filings/SEAL/6-k-seapeak-llc-current-report-foreign-issuer-ccd346d28dcb.html
set,c9b25da7-8373-494b-89a1-931a31310cb4,Propulsion type,X-DF
set,c9b25da7-8373-494b-89a1-931a31310cb4,Propulsion type [ref],https://www.stocktitan.net/sec-filings/SEAL/6-k-seapeak-llc-current-report-foreign-issuer-ccd346d28dcb.html
set,04f8c83d-a9bc-4466-9d44-1bd9ab3cb476,Operator/charterer,Arctic LNG 2 LLC
set,04f8c83d-a9bc-4466-9d44-1bd9ab3cb476,Operator/charterer [ref],https://gcaptain.com/russian-lng-carrier-alexey-kosygin-makes-first-delivery-amid-looming-arctic-fleet-crunch/
set,730b24ed-4d22-452d-bbb3-c8d64f194552,Capacity,174000
set,730b24ed-4d22-452d-bbb3-c8d64f194552,Capacity [ref],https://splash247.com/tms-cardiff-gas-and-celsius-tied-to-1-5bn-samsung-lng-orders/
set,d59df766-a33e-4281-8ac7-5fb4558cbc51,Capacity,174000
set,d59df766-a33e-4281-8ac7-5fb4558cbc51,Capacity [ref],https://splash247.com/tms-cardiff-gas-and-celsius-tied-to-1-5bn-samsung-lng-orders/
set,12ab1ee4-5478-4fd2-90df-1c22c84264a4,Capacity,174000
set,12ab1ee4-5478-4fd2-90df-1c22c84264a4,Capacity [ref],https://splash247.com/tms-cardiff-gas-and-celsius-tied-to-1-5bn-samsung-lng-orders/
set,6234b3b7-8416-4342-9ccd-af60c6384a01,Capacity,174000
set,6234b3b7-8416-4342-9ccd-af60c6384a01,Capacity [ref],https://splash247.com/tms-cardiff-gas-and-celsius-tied-to-1-5bn-samsung-lng-orders/
set,374e9c49-407d-4c65-9b0c-4c027dad6b30,Operator/charterer,China Gas Hongda Energy Trading
set,374e9c49-407d-4c65-9b0c-4c027dad6b30,Operator/charterer [ref],https://lngprime.com/asia/dsic-to-build-two-lng-carriers-for-china-gas-jv/86496/
set,d772cfd9-0b82-4c0d-897b-9688ed1a51ea,Operator/charterer,China Gas Hongda Energy Trading
set,d772cfd9-0b82-4c0d-897b-9688ed1a51ea,Operator/charterer [ref],https://lngprime.com/asia/dsic-to-build-two-lng-carriers-for-china-gas-jv/86496/
set,e16a995a-f547-4c44-9ef6-8b9ffd96c045,Operator/charterer,China Gas Hongda Energy Trading
set,e16a995a-f547-4c44-9ef6-8b9ffd96c045,Operator/charterer [ref],https://lngprime.com/asia/dsic-to-build-two-lng-carriers-for-china-gas-jv/86496/
set,28b41426-55ea-4528-b727-35d6ad69bff7,Operator/charterer,China Gas Hongda Energy Trading
set,28b41426-55ea-4528-b727-35d6ad69bff7,Operator/charterer [ref],https://lngprime.com/asia/dsic-to-build-two-lng-carriers-for-china-gas-jv/86496/
set,374e9c49-407d-4c65-9b0c-4c027dad6b30,Price,235000000
set,374e9c49-407d-4c65-9b0c-4c027dad6b30,Price [ref],"https://lngprime.com/asia/dsic-to-build-two-lng-carriers-for-china-gas-jv/86496/, https://lngprime.com/asia/china-gas-wah-kwong-and-cssc-shipping-decide-to-order-lng-carrier-duo/107180/"
set,d772cfd9-0b82-4c0d-897b-9688ed1a51ea,Price,235000000
set,d772cfd9-0b82-4c0d-897b-9688ed1a51ea,Price [ref],"https://lngprime.com/asia/dsic-to-build-two-lng-carriers-for-china-gas-jv/86496/, https://lngprime.com/asia/china-gas-wah-kwong-and-cssc-shipping-decide-to-order-lng-carrier-duo/107180/"
set,e16a995a-f547-4c44-9ef6-8b9ffd96c045,Price,235000000
set,e16a995a-f547-4c44-9ef6-8b9ffd96c045,Price [ref],"https://lngprime.com/asia/dsic-to-build-two-lng-carriers-for-china-gas-jv/86496/, https://lngprime.com/asia/china-gas-wah-kwong-and-cssc-shipping-decide-to-order-lng-carrier-duo/107180/"
set,28b41426-55ea-4528-b727-35d6ad69bff7,Price,235000000
set,28b41426-55ea-4528-b727-35d6ad69bff7,Price [ref],"https://lngprime.com/asia/dsic-to-build-two-lng-carriers-for-china-gas-jv/86496/, https://lngprime.com/asia/china-gas-wah-kwong-and-cssc-shipping-decide-to-order-lng-carrier-duo/107180/"
set,374e9c49-407d-4c65-9b0c-4c027dad6b30,Cargo type,membrane
set,374e9c49-407d-4c65-9b0c-4c027dad6b30,Cargo type [ref],https://lngprime.com/asia/dsic-to-build-two-lng-carriers-for-china-gas-jv/86496/
set,d772cfd9-0b82-4c0d-897b-9688ed1a51ea,Cargo type,membrane
set,d772cfd9-0b82-4c0d-897b-9688ed1a51ea,Cargo type [ref],https://lngprime.com/asia/dsic-to-build-two-lng-carriers-for-china-gas-jv/86496/
set,e16a995a-f547-4c44-9ef6-8b9ffd96c045,Cargo type,membrane
set,e16a995a-f547-4c44-9ef6-8b9ffd96c045,Cargo type [ref],https://lngprime.com/asia/dsic-to-build-two-lng-carriers-for-china-gas-jv/86496/
set,28b41426-55ea-4528-b727-35d6ad69bff7,Cargo type,membrane
set,28b41426-55ea-4528-b727-35d6ad69bff7,Cargo type [ref],https://lngprime.com/asia/dsic-to-build-two-lng-carriers-for-china-gas-jv/86496/
set,b94fb71d-0154-4b52-b445-e0cda27f3aff,Contract date,29-Apr-2024
set,b94fb71d-0154-4b52-b445-e0cda27f3aff,Contract date [ref],https://lngprime.com/asia/qatarenergy-seals-6-billion-deal-with-chinese-shipbuilder-for-18-giant-lng-carriers/110901/
set,b94fb71d-0154-4b52-b445-e0cda27f3aff,Price,333000000
set,b94fb71d-0154-4b52-b445-e0cda27f3aff,Price [ref],https://lngprime.com/asia/qatarenergy-seals-6-billion-deal-with-chinese-shipbuilder-for-18-giant-lng-carriers/110901/
set,b94fb71d-0154-4b52-b445-e0cda27f3aff,Operator/charterer,QatarEnergy
set,b94fb71d-0154-4b52-b445-e0cda27f3aff,Operator/charterer [ref],https://lngprime.com/asia/qatarenergy-seals-6-billion-deal-with-chinese-shipbuilder-for-18-giant-lng-carriers/110901/
set,8fe3f5f7-aba4-427c-8fb6-a8ee92336760,Contract date,29-Apr-2024
set,8fe3f5f7-aba4-427c-8fb6-a8ee92336760,Contract date [ref],https://lngprime.com/asia/qatarenergy-seals-6-billion-deal-with-chinese-shipbuilder-for-18-giant-lng-carriers/110901/
set,8fe3f5f7-aba4-427c-8fb6-a8ee92336760,Price,333000000
set,8fe3f5f7-aba4-427c-8fb6-a8ee92336760,Price [ref],https://lngprime.com/asia/qatarenergy-seals-6-billion-deal-with-chinese-shipbuilder-for-18-giant-lng-carriers/110901/
set,8fe3f5f7-aba4-427c-8fb6-a8ee92336760,Operator/charterer,QatarEnergy
set,8fe3f5f7-aba4-427c-8fb6-a8ee92336760,Operator/charterer [ref],https://lngprime.com/asia/qatarenergy-seals-6-billion-deal-with-chinese-shipbuilder-for-18-giant-lng-carriers/110901/
set,48d8a802-5bea-417f-beae-3cfd7ec988dd,Contract date,29-Apr-2024
set,48d8a802-5bea-417f-beae-3cfd7ec988dd,Contract date [ref],https://lngprime.com/asia/qatarenergy-seals-6-billion-deal-with-chinese-shipbuilder-for-18-giant-lng-carriers/110901/
set,48d8a802-5bea-417f-beae-3cfd7ec988dd,Price,333000000
set,48d8a802-5bea-417f-beae-3cfd7ec988dd,Price [ref],https://lngprime.com/asia/qatarenergy-seals-6-billion-deal-with-chinese-shipbuilder-for-18-giant-lng-carriers/110901/
set,48d8a802-5bea-417f-beae-3cfd7ec988dd,Operator/charterer,QatarEnergy
set,48d8a802-5bea-417f-beae-3cfd7ec988dd,Operator/charterer [ref],https://lngprime.com/asia/qatarenergy-seals-6-billion-deal-with-chinese-shipbuilder-for-18-giant-lng-carriers/110901/
set,87d951d3-b19c-46b6-803f-a418a3d99773,Contract date,29-Apr-2024
set,87d951d3-b19c-46b6-803f-a418a3d99773,Contract date [ref],https://lngprime.com/asia/qatarenergy-seals-6-billion-deal-with-chinese-shipbuilder-for-18-giant-lng-carriers/110901/
set,87d951d3-b19c-46b6-803f-a418a3d99773,Price,333000000
set,87d951d3-b19c-46b6-803f-a418a3d99773,Price [ref],https://lngprime.com/asia/qatarenergy-seals-6-billion-deal-with-chinese-shipbuilder-for-18-giant-lng-carriers/110901/
set,87d951d3-b19c-46b6-803f-a418a3d99773,Operator/charterer,QatarEnergy
set,87d951d3-b19c-46b6-803f-a418a3d99773,Operator/charterer [ref],https://lngprime.com/asia/qatarenergy-seals-6-billion-deal-with-chinese-shipbuilder-for-18-giant-lng-carriers/110901/
set,6d307ee1-a594-42f8-ae93-5931a9ed14be,Contract date,29-Apr-2024
set,6d307ee1-a594-42f8-ae93-5931a9ed14be,Contract date [ref],https://lngprime.com/asia/qatarenergy-seals-6-billion-deal-with-chinese-shipbuilder-for-18-giant-lng-carriers/110901/
set,6d307ee1-a594-42f8-ae93-5931a9ed14be,Price,333000000
set,6d307ee1-a594-42f8-ae93-5931a9ed14be,Price [ref],https://lngprime.com/asia/qatarenergy-seals-6-billion-deal-with-chinese-shipbuilder-for-18-giant-lng-carriers/110901/
set,6d307ee1-a594-42f8-ae93-5931a9ed14be,Operator/charterer,QatarEnergy
set,6d307ee1-a594-42f8-ae93-5931a9ed14be,Operator/charterer [ref],https://lngprime.com/asia/qatarenergy-seals-6-billion-deal-with-chinese-shipbuilder-for-18-giant-lng-carriers/110901/
set,4ee01317-4676-4e26-8f87-ddf2e838231d,Contract date,29-Apr-2024
set,4ee01317-4676-4e26-8f87-ddf2e838231d,Contract date [ref],https://lngprime.com/asia/qatarenergy-seals-6-billion-deal-with-chinese-shipbuilder-for-18-giant-lng-carriers/110901/
set,4ee01317-4676-4e26-8f87-ddf2e838231d,Price,333000000
set,4ee01317-4676-4e26-8f87-ddf2e838231d,Price [ref],https://lngprime.com/asia/qatarenergy-seals-6-billion-deal-with-chinese-shipbuilder-for-18-giant-lng-carriers/110901/
set,4ee01317-4676-4e26-8f87-ddf2e838231d,Operator/charterer,QatarEnergy
set,4ee01317-4676-4e26-8f87-ddf2e838231d,Operator/charterer [ref],https://lngprime.com/asia/qatarenergy-seals-6-billion-deal-with-chinese-shipbuilder-for-18-giant-lng-carriers/110901/
set,ee23fd7a-9fd3-445f-8272-83f14beb6cb5,Contract date,29-Apr-2024
set,ee23fd7a-9fd3-445f-8272-83f14beb6cb5,Contract date [ref],https://lngprime.com/asia/qatarenergy-seals-6-billion-deal-with-chinese-shipbuilder-for-18-giant-lng-carriers/110901/
set,ee23fd7a-9fd3-445f-8272-83f14beb6cb5,Price,333000000
set,ee23fd7a-9fd3-445f-8272-83f14beb6cb5,Price [ref],https://lngprime.com/asia/qatarenergy-seals-6-billion-deal-with-chinese-shipbuilder-for-18-giant-lng-carriers/110901/
set,ee23fd7a-9fd3-445f-8272-83f14beb6cb5,Operator/charterer,QatarEnergy
set,ee23fd7a-9fd3-445f-8272-83f14beb6cb5,Operator/charterer [ref],https://lngprime.com/asia/qatarenergy-seals-6-billion-deal-with-chinese-shipbuilder-for-18-giant-lng-carriers/110901/
set,a7661c0f-2b05-4987-b3b0-5a91763710b3,Contract date,29-Apr-2024
set,a7661c0f-2b05-4987-b3b0-5a91763710b3,Contract date [ref],https://lngprime.com/asia/qatarenergy-seals-6-billion-deal-with-chinese-shipbuilder-for-18-giant-lng-carriers/110901/
set,a7661c0f-2b05-4987-b3b0-5a91763710b3,Price,333000000
set,a7661c0f-2b05-4987-b3b0-5a91763710b3,Price [ref],https://lngprime.com/asia/qatarenergy-seals-6-billion-deal-with-chinese-shipbuilder-for-18-giant-lng-carriers/110901/
set,a7661c0f-2b05-4987-b3b0-5a91763710b3,Operator/charterer,QatarEnergy
set,a7661c0f-2b05-4987-b3b0-5a91763710b3,Operator/charterer [ref],https://lngprime.com/asia/qatarenergy-seals-6-billion-deal-with-chinese-shipbuilder-for-18-giant-lng-carriers/110901/
set,0bddbfcb-ee6a-4f86-854e-e6086f730491,Contract date,29-Apr-2024
set,0bddbfcb-ee6a-4f86-854e-e6086f730491,Contract date [ref],https://lngprime.com/asia/qatarenergy-seals-6-billion-deal-with-chinese-shipbuilder-for-18-giant-lng-carriers/110901/
set,0bddbfcb-ee6a-4f86-854e-e6086f730491,Price,333000000
set,0bddbfcb-ee6a-4f86-854e-e6086f730491,Price [ref],https://lngprime.com/asia/qatarenergy-seals-6-billion-deal-with-chinese-shipbuilder-for-18-giant-lng-carriers/110901/
set,0bddbfcb-ee6a-4f86-854e-e6086f730491,Operator/charterer,QatarEnergy
set,0bddbfcb-ee6a-4f86-854e-e6086f730491,Operator/charterer [ref],https://lngprime.com/asia/qatarenergy-seals-6-billion-deal-with-chinese-shipbuilder-for-18-giant-lng-carriers/110901/
set,58fe6da4-234c-40a7-90dc-e9be4064e672,Capacity,174000
set,58fe6da4-234c-40a7-90dc-e9be4064e672,Capacity [ref],"https://www.shipvault.com/ships/465056, https://shipvaultapi-gjb8c.ondigitalocean.app/api/units/465056"
set,c502ab10-5f4a-437d-ad3d-9ce1bc7c0a92,Capacity,174000
set,c502ab10-5f4a-437d-ad3d-9ce1bc7c0a92,Capacity [ref],"https://www.shipvault.com/ships/469431, https://shipvaultapi-gjb8c.ondigitalocean.app/api/units/469431"
set,5aca8ea9-46dd-444f-aad4-13975c6b2939,Operator/charterer,Chevron
set,5aca8ea9-46dd-444f-aad4-13975c6b2939,Operator/charterer [ref],"https://www.mol.co.jp/en/pr/2026/26044.html, https://cyprusshippingnews.com/2026/09/14/mol-worlds-first-lng-carrier-equipped-with-wind-challenger/"
set,5812286b-da4e-4722-8aa0-a82291a176b4,Price,413000000
set,5812286b-da4e-4722-8aa0-a82291a176b4,Price [ref],"https://lngprime.com/asia/hanwha-ocean-to-build-fsru-for-413-million/127579/, https://splash247.com/mol-confirms-order-for-singapore-frsu/"
set,5812286b-da4e-4722-8aa0-a82291a176b4,Operator/charterer,MOL
set,5812286b-da4e-4722-8aa0-a82291a176b4,Operator/charterer [ref],https://splash247.com/mol-confirms-order-for-singapore-frsu/
set,c466b099-8756-4f16-b399-49ff21daeda7,Price,254000000
set,c466b099-8756-4f16-b399-49ff21daeda7,Price [ref],https://www.rivieramm.com/news-content-hub/news-content-hub/bw-lng-confirms-order-for-two-high-spec-lng-carriers-86931
set,603b9645-ab96-4c5b-b908-3efc5ca195d1,Price,254000000
set,603b9645-ab96-4c5b-b908-3efc5ca195d1,Price [ref],https://www.rivieramm.com/news-content-hub/news-content-hub/bw-lng-confirms-order-for-two-high-spec-lng-carriers-86931
set,650ddaa7-f439-4d61-b09f-d4f261627307,Operator/charterer,Tsakos Group
set,650ddaa7-f439-4d61-b09f-d4f261627307,Operator/charterer [ref],"https://www.rivieramm.com/news-content-hub/greek-major-tsakos-tied-to-us254m-single-lng-carrier-order-87924, https://lngprime.com/asia/greeces-tsakos-orders-lng-carriers-in-south-korea/178882/"
set,650ddaa7-f439-4d61-b09f-d4f261627307,Price,254000000
set,650ddaa7-f439-4d61-b09f-d4f261627307,Price [ref],https://www.rivieramm.com/news-content-hub/greek-major-tsakos-tied-to-us254m-single-lng-carrier-order-87924
set,6d814672-ec65-49af-bb6c-845b2ff813d6,Price,250000000
set,6d814672-ec65-49af-bb6c-845b2ff813d6,Price [ref],https://www.imarinenews.com/31040.html
set,43a1a089-2267-48fe-8dd6-12a185be5b93,Price,250000000
set,43a1a089-2267-48fe-8dd6-12a185be5b93,Price [ref],https://www.imarinenews.com/31040.html
set,61a682fb-b602-4534-86fd-c8e9ff43f93a,Price,250000000
set,61a682fb-b602-4534-86fd-c8e9ff43f93a,Price [ref],https://www.imarinenews.com/31040.html
set,f51da5ac-d817-4c6a-84ae-1d38e622938a,Price,250000000
set,f51da5ac-d817-4c6a-84ae-1d38e622938a,Price [ref],https://www.imarinenews.com/31040.html
set,7261580c-7f8e-443b-8b40-1ca691480d3f,Price,250000000
set,7261580c-7f8e-443b-8b40-1ca691480d3f,Price [ref],https://www.imarinenews.com/31040.html
set,5283bfc9-71bf-44cf-8ad9-c1910402ee4b,Price,250000000
set,5283bfc9-71bf-44cf-8ad9-c1910402ee4b,Price [ref],https://www.imarinenews.com/31040.html
set,862f14d3-aeee-4626-9d8f-c5a520801fde,Price,250000000
set,862f14d3-aeee-4626-9d8f-c5a520801fde,Price [ref],https://www.imarinenews.com/31040.html
set,6d814672-ec65-49af-bb6c-845b2ff813d6,Cargo type,membrane
set,6d814672-ec65-49af-bb6c-845b2ff813d6,Cargo type [ref],https://www.imarinenews.com/31040.html
set,43a1a089-2267-48fe-8dd6-12a185be5b93,Cargo type,membrane
set,43a1a089-2267-48fe-8dd6-12a185be5b93,Cargo type [ref],https://www.imarinenews.com/31040.html
set,61a682fb-b602-4534-86fd-c8e9ff43f93a,Cargo type,membrane
set,61a682fb-b602-4534-86fd-c8e9ff43f93a,Cargo type [ref],https://www.imarinenews.com/31040.html
set,f51da5ac-d817-4c6a-84ae-1d38e622938a,Cargo type,membrane
set,f51da5ac-d817-4c6a-84ae-1d38e622938a,Cargo type [ref],https://www.imarinenews.com/31040.html
set,7261580c-7f8e-443b-8b40-1ca691480d3f,Cargo type,membrane
set,7261580c-7f8e-443b-8b40-1ca691480d3f,Cargo type [ref],https://www.imarinenews.com/31040.html
set,5283bfc9-71bf-44cf-8ad9-c1910402ee4b,Cargo type,membrane
set,5283bfc9-71bf-44cf-8ad9-c1910402ee4b,Cargo type [ref],https://www.imarinenews.com/31040.html
set,862f14d3-aeee-4626-9d8f-c5a520801fde,Cargo type,membrane
set,862f14d3-aeee-4626-9d8f-c5a520801fde,Cargo type [ref],https://www.imarinenews.com/31040.html
set,20254bb9-3695-4108-95eb-1402db287bc9,Price,250300000
set,20254bb9-3695-4108-95eb-1402db287bc9,Price [ref],https://splash247.com/knutsen-stacks-lng-orderbook-higher-with-hanwha-ocean-deal/
set,919527d5-b981-44e8-9c90-a4823d388446,Contract date,11-Nov-2024
set,919527d5-b981-44e8-9c90-a4823d388446,Contract date [ref],https://en.portnews.ru/news/370159/
set,4fb6abe1-3eb4-427e-9bd0-f62e4679f72d,Contract date,11-Nov-2024
set,4fb6abe1-3eb4-427e-9bd0-f62e4679f72d,Contract date [ref],https://en.portnews.ru/news/370159/
set,56cc49d6-e55c-42cb-84e8-632d52e0bd02,Capacity,174000
set,56cc49d6-e55c-42cb-84e8-632d52e0bd02,Capacity [ref],"https://www.shipvault.com/ships/470097, https://shipvaultapi-gjb8c.ondigitalocean.app/api/units/470097"
set,9f151e4a-0f8c-42d8-943f-bfd4835c5d8a,Cargo type,membrane
set,9f151e4a-0f8c-42d8-943f-bfd4835c5d8a,Cargo type [ref],https://www.marinelink.com/news/gtt-receives-order-jiangnan-shipyard-lng-535364
set,9e37c382-87d8-4543-b744-51ac3dadf606,Cargo type,membrane
set,9e37c382-87d8-4543-b744-51ac3dadf606,Cargo type [ref],https://www.marinelink.com/news/gtt-receives-order-jiangnan-shipyard-lng-535364
set,54d529d2-39c9-405d-b6f9-054e1b8eb9b4,Operator/charterer,QatarEnergy
set,54d529d2-39c9-405d-b6f9-054e1b8eb9b4,Operator/charterer [ref],https://splash247.com/shipowners-selected-for-19-qatarenergy-lng-newbuilds/
set,6d36a90b-7533-4d8c-9d91-9b9065d27d1f,Operator/charterer,QatarEnergy
set,6d36a90b-7533-4d8c-9d91-9b9065d27d1f,Operator/charterer [ref],https://splash247.com/shipowners-selected-for-19-qatarenergy-lng-newbuilds/
set,9f163014-fbcd-43e1-b9db-f3b971823ae8,Operator/charterer,QatarEnergy
set,9f163014-fbcd-43e1-b9db-f3b971823ae8,Operator/charterer [ref],https://splash247.com/shipowners-selected-for-19-qatarenergy-lng-newbuilds/
set,95c25dbf-1e15-4f66-95ab-df25ab1609fb,Operator/charterer,QatarEnergy
set,95c25dbf-1e15-4f66-95ab-df25ab1609fb,Operator/charterer [ref],https://splash247.com/shipowners-selected-for-19-qatarenergy-lng-newbuilds/
set,6954d7bc-8741-4e1d-a500-481b3ae4d533,Operator/charterer,QatarEnergy
set,6954d7bc-8741-4e1d-a500-481b3ae4d533,Operator/charterer [ref],https://splash247.com/shipowners-selected-for-19-qatarenergy-lng-newbuilds/
set,a11b335c-d18a-45df-b845-388dedfb5875,Operator/charterer,QatarEnergy
set,a11b335c-d18a-45df-b845-388dedfb5875,Operator/charterer [ref],https://splash247.com/shipowners-selected-for-19-qatarenergy-lng-newbuilds/
set,2a04203a-13ec-44e7-877e-7d086f950c88,Operator/charterer,QatarEnergy
set,2a04203a-13ec-44e7-877e-7d086f950c88,Operator/charterer [ref],https://lngprime.com/contracts-and-tenders/qatarenergy-nakilat-seal-charter-deals-for-25-lng-carriers/108165/
set,2a04203a-13ec-44e7-877e-7d086f950c88,Contract date,24-Mar-2024
set,2a04203a-13ec-44e7-877e-7d086f950c88,Contract date [ref],https://lngprime.com/contracts-and-tenders/qatarenergy-nakilat-seal-charter-deals-for-25-lng-carriers/108165/
set,2a04203a-13ec-44e7-877e-7d086f950c88,Price,230000000
set,2a04203a-13ec-44e7-877e-7d086f950c88,Price [ref],https://lngprime.com/contracts-and-tenders/qatarenergy-nakilat-seal-charter-deals-for-25-lng-carriers/108165/
set,a911177c-96bd-4334-887e-d3aa92b1b666,Operator/charterer,QatarEnergy
set,a911177c-96bd-4334-887e-d3aa92b1b666,Operator/charterer [ref],https://lngprime.com/contracts-and-tenders/qatarenergy-nakilat-seal-charter-deals-for-25-lng-carriers/108165/
set,a911177c-96bd-4334-887e-d3aa92b1b666,Contract date,24-Mar-2024
set,a911177c-96bd-4334-887e-d3aa92b1b666,Contract date [ref],https://lngprime.com/contracts-and-tenders/qatarenergy-nakilat-seal-charter-deals-for-25-lng-carriers/108165/
set,a911177c-96bd-4334-887e-d3aa92b1b666,Price,230000000
set,a911177c-96bd-4334-887e-d3aa92b1b666,Price [ref],https://lngprime.com/contracts-and-tenders/qatarenergy-nakilat-seal-charter-deals-for-25-lng-carriers/108165/
set,53f20251-d84c-4e2d-acc3-60272f51a9ea,Operator/charterer,QatarEnergy
set,53f20251-d84c-4e2d-acc3-60272f51a9ea,Operator/charterer [ref],https://lngprime.com/contracts-and-tenders/qatarenergy-nakilat-seal-charter-deals-for-25-lng-carriers/108165/
set,53f20251-d84c-4e2d-acc3-60272f51a9ea,Contract date,24-Mar-2024
set,53f20251-d84c-4e2d-acc3-60272f51a9ea,Contract date [ref],https://lngprime.com/contracts-and-tenders/qatarenergy-nakilat-seal-charter-deals-for-25-lng-carriers/108165/
set,53f20251-d84c-4e2d-acc3-60272f51a9ea,Price,230000000
set,53f20251-d84c-4e2d-acc3-60272f51a9ea,Price [ref],https://lngprime.com/contracts-and-tenders/qatarenergy-nakilat-seal-charter-deals-for-25-lng-carriers/108165/
set,631552de-8665-4c96-abfb-a3433fe53633,Operator/charterer,QatarEnergy
set,631552de-8665-4c96-abfb-a3433fe53633,Operator/charterer [ref],https://lngprime.com/contracts-and-tenders/qatarenergy-nakilat-seal-charter-deals-for-25-lng-carriers/108165/
set,631552de-8665-4c96-abfb-a3433fe53633,Contract date,24-Mar-2024
set,631552de-8665-4c96-abfb-a3433fe53633,Contract date [ref],https://lngprime.com/contracts-and-tenders/qatarenergy-nakilat-seal-charter-deals-for-25-lng-carriers/108165/
set,631552de-8665-4c96-abfb-a3433fe53633,Price,230000000
set,631552de-8665-4c96-abfb-a3433fe53633,Price [ref],https://lngprime.com/contracts-and-tenders/qatarenergy-nakilat-seal-charter-deals-for-25-lng-carriers/108165/
set,68c01b2c-cbad-4cd1-b75a-4ff93e37cb6b,Operator/charterer,QatarEnergy
set,68c01b2c-cbad-4cd1-b75a-4ff93e37cb6b,Operator/charterer [ref],https://lngprime.com/contracts-and-tenders/qatarenergy-nakilat-seal-charter-deals-for-25-lng-carriers/108165/
set,68c01b2c-cbad-4cd1-b75a-4ff93e37cb6b,Contract date,24-Mar-2024
set,68c01b2c-cbad-4cd1-b75a-4ff93e37cb6b,Contract date [ref],https://lngprime.com/contracts-and-tenders/qatarenergy-nakilat-seal-charter-deals-for-25-lng-carriers/108165/
set,68c01b2c-cbad-4cd1-b75a-4ff93e37cb6b,Price,230000000
set,68c01b2c-cbad-4cd1-b75a-4ff93e37cb6b,Price [ref],https://lngprime.com/contracts-and-tenders/qatarenergy-nakilat-seal-charter-deals-for-25-lng-carriers/108165/
set,d7594810-66d1-498e-8d17-2a5b1c5dd85a,Operator/charterer,QatarEnergy
set,d7594810-66d1-498e-8d17-2a5b1c5dd85a,Operator/charterer [ref],https://lngprime.com/contracts-and-tenders/qatarenergy-nakilat-seal-charter-deals-for-25-lng-carriers/108165/
set,d7594810-66d1-498e-8d17-2a5b1c5dd85a,Contract date,24-Mar-2024
set,d7594810-66d1-498e-8d17-2a5b1c5dd85a,Contract date [ref],https://lngprime.com/contracts-and-tenders/qatarenergy-nakilat-seal-charter-deals-for-25-lng-carriers/108165/
set,d7594810-66d1-498e-8d17-2a5b1c5dd85a,Price,230000000
set,d7594810-66d1-498e-8d17-2a5b1c5dd85a,Price [ref],https://lngprime.com/contracts-and-tenders/qatarenergy-nakilat-seal-charter-deals-for-25-lng-carriers/108165/
set,168d4c0e-842e-466b-bf59-d12ac4908875,Operator/charterer,QatarEnergy
set,168d4c0e-842e-466b-bf59-d12ac4908875,Operator/charterer [ref],https://lngprime.com/contracts-and-tenders/qatarenergy-nakilat-seal-charter-deals-for-25-lng-carriers/108165/
set,168d4c0e-842e-466b-bf59-d12ac4908875,Contract date,24-Mar-2024
set,168d4c0e-842e-466b-bf59-d12ac4908875,Contract date [ref],https://lngprime.com/contracts-and-tenders/qatarenergy-nakilat-seal-charter-deals-for-25-lng-carriers/108165/
set,168d4c0e-842e-466b-bf59-d12ac4908875,Price,230000000
set,168d4c0e-842e-466b-bf59-d12ac4908875,Price [ref],https://lngprime.com/contracts-and-tenders/qatarenergy-nakilat-seal-charter-deals-for-25-lng-carriers/108165/
set,79c47c00-790b-4b22-9ddc-e763b90cf69b,Operator/charterer,QatarEnergy
set,79c47c00-790b-4b22-9ddc-e763b90cf69b,Operator/charterer [ref],https://lngprime.com/contracts-and-tenders/qatarenergy-nakilat-seal-charter-deals-for-25-lng-carriers/108165/
set,79c47c00-790b-4b22-9ddc-e763b90cf69b,Contract date,24-Mar-2024
set,79c47c00-790b-4b22-9ddc-e763b90cf69b,Contract date [ref],https://lngprime.com/contracts-and-tenders/qatarenergy-nakilat-seal-charter-deals-for-25-lng-carriers/108165/
set,79c47c00-790b-4b22-9ddc-e763b90cf69b,Price,230000000
set,79c47c00-790b-4b22-9ddc-e763b90cf69b,Price [ref],https://lngprime.com/contracts-and-tenders/qatarenergy-nakilat-seal-charter-deals-for-25-lng-carriers/108165/
set,ddb3a42f-a13c-4e3c-95a4-a54743277751,Operator/charterer,CNOOC
set,ddb3a42f-a13c-4e3c-95a4-a54743277751,Operator/charterer [ref],https://www.nyk.com/english/news/2022/20220502_01.html
set,ddb3a42f-a13c-4e3c-95a4-a54743277751,Contract date,28-Apr-2022
set,ddb3a42f-a13c-4e3c-95a4-a54743277751,Contract date [ref],https://www.nyk.com/english/news/2022/20220502_01.html
set,ddb3a42f-a13c-4e3c-95a4-a54743277751,Price,210000000
set,ddb3a42f-a13c-4e3c-95a4-a54743277751,Price [ref],https://splash247.com/nyk-orders-six-lng-carriers-at-hudong-zhonghua-for-cnooc-charter/
set,ddb3a42f-a13c-4e3c-95a4-a54743277751,Cargo type,membrane
set,ddb3a42f-a13c-4e3c-95a4-a54743277751,Cargo type [ref],https://www.nyk.com/english/news/2022/20220502_01.html
set,124f2180-73f3-4ed5-b708-825a5bfda751,Operator/charterer,CNOOC
set,124f2180-73f3-4ed5-b708-825a5bfda751,Operator/charterer [ref],https://www.nyk.com/english/news/2022/20220502_01.html
set,124f2180-73f3-4ed5-b708-825a5bfda751,Contract date,28-Apr-2022
set,124f2180-73f3-4ed5-b708-825a5bfda751,Contract date [ref],https://www.nyk.com/english/news/2022/20220502_01.html
set,124f2180-73f3-4ed5-b708-825a5bfda751,Price,210000000
set,124f2180-73f3-4ed5-b708-825a5bfda751,Price [ref],https://splash247.com/nyk-orders-six-lng-carriers-at-hudong-zhonghua-for-cnooc-charter/
set,124f2180-73f3-4ed5-b708-825a5bfda751,Cargo type,membrane
set,124f2180-73f3-4ed5-b708-825a5bfda751,Cargo type [ref],https://www.nyk.com/english/news/2022/20220502_01.html
set,49a413b5-358a-4533-b9be-80edaeda0a6c,Operator/charterer,CNOOC
set,49a413b5-358a-4533-b9be-80edaeda0a6c,Operator/charterer [ref],https://www.nyk.com/english/news/2022/20220502_01.html
set,49a413b5-358a-4533-b9be-80edaeda0a6c,Contract date,28-Apr-2022
set,49a413b5-358a-4533-b9be-80edaeda0a6c,Contract date [ref],https://www.nyk.com/english/news/2022/20220502_01.html
set,49a413b5-358a-4533-b9be-80edaeda0a6c,Price,210000000
set,49a413b5-358a-4533-b9be-80edaeda0a6c,Price [ref],https://splash247.com/nyk-orders-six-lng-carriers-at-hudong-zhonghua-for-cnooc-charter/
set,49a413b5-358a-4533-b9be-80edaeda0a6c,Cargo type,membrane
set,49a413b5-358a-4533-b9be-80edaeda0a6c,Cargo type [ref],https://www.nyk.com/english/news/2022/20220502_01.html
set,3bec6d39-7edb-4813-b068-ae79590d3212,Operator/charterer,CNOOC
set,3bec6d39-7edb-4813-b068-ae79590d3212,Operator/charterer [ref],https://www.nyk.com/english/news/2022/20220502_01.html
set,3bec6d39-7edb-4813-b068-ae79590d3212,Contract date,28-Apr-2022
set,3bec6d39-7edb-4813-b068-ae79590d3212,Contract date [ref],https://www.nyk.com/english/news/2022/20220502_01.html
set,3bec6d39-7edb-4813-b068-ae79590d3212,Price,210000000
set,3bec6d39-7edb-4813-b068-ae79590d3212,Price [ref],https://splash247.com/nyk-orders-six-lng-carriers-at-hudong-zhonghua-for-cnooc-charter/
set,3bec6d39-7edb-4813-b068-ae79590d3212,Cargo type,membrane
set,3bec6d39-7edb-4813-b068-ae79590d3212,Cargo type [ref],https://www.nyk.com/english/news/2022/20220502_01.html
set,707a2710-9177-44fb-9d28-cd6c76bd401e,Operator/charterer,CNOOC
set,707a2710-9177-44fb-9d28-cd6c76bd401e,Operator/charterer [ref],https://www.nyk.com/english/news/2022/20220502_01.html
set,707a2710-9177-44fb-9d28-cd6c76bd401e,Contract date,28-Apr-2022
set,707a2710-9177-44fb-9d28-cd6c76bd401e,Contract date [ref],https://www.nyk.com/english/news/2022/20220502_01.html
set,707a2710-9177-44fb-9d28-cd6c76bd401e,Price,210000000
set,707a2710-9177-44fb-9d28-cd6c76bd401e,Price [ref],https://splash247.com/nyk-orders-six-lng-carriers-at-hudong-zhonghua-for-cnooc-charter/
set,707a2710-9177-44fb-9d28-cd6c76bd401e,Cargo type,membrane
set,707a2710-9177-44fb-9d28-cd6c76bd401e,Cargo type [ref],https://www.nyk.com/english/news/2022/20220502_01.html
set,a1266b82-21b7-4bed-aade-b93481896996,Operator/charterer,CNOOC
set,a1266b82-21b7-4bed-aade-b93481896996,Operator/charterer [ref],https://www.nyk.com/english/news/2022/20220502_01.html
set,a1266b82-21b7-4bed-aade-b93481896996,Contract date,28-Apr-2022
set,a1266b82-21b7-4bed-aade-b93481896996,Contract date [ref],https://www.nyk.com/english/news/2022/20220502_01.html
set,a1266b82-21b7-4bed-aade-b93481896996,Price,210000000
set,a1266b82-21b7-4bed-aade-b93481896996,Price [ref],https://splash247.com/nyk-orders-six-lng-carriers-at-hudong-zhonghua-for-cnooc-charter/
set,a1266b82-21b7-4bed-aade-b93481896996,Cargo type,membrane
set,a1266b82-21b7-4bed-aade-b93481896996,Cargo type [ref],https://www.nyk.com/english/news/2022/20220502_01.html
set,14dd0fa7-745c-4dfc-a633-b959c889a559,Capacity,174000
set,14dd0fa7-745c-4dfc-a633-b959c889a559,Capacity [ref],"https://www.shipvault.com/ships/491555, https://shipvaultapi-gjb8c.ondigitalocean.app/api/units/491555"
set,0f87769b-2b50-4d08-b669-31b00fb422ff,Price,255000000
set,0f87769b-2b50-4d08-b669-31b00fb422ff,Price [ref],https://splash247.com/celsius-seals-samsung-heavy-lng-carrier-order-2/
set,029ab928-5300-4f04-93eb-166bc63ca2e5,Price,257000000
set,029ab928-5300-4f04-93eb-166bc63ca2e5,Price [ref],https://splash247.com/celsius-linked-to-fresh-lng-carrier-order-at-samsung-heavy/
set,228c93e3-1024-4c4d-afe3-969d4184dd0b,Price,257000000
set,228c93e3-1024-4c4d-afe3-969d4184dd0b,Price [ref],https://splash247.com/celsius-linked-to-fresh-lng-carrier-order-at-samsung-heavy/
set,1c474c1f-d3fd-46e7-a5d7-6faabb3dfc7b,Contract date,24-Sep-2022
set,1c474c1f-d3fd-46e7-a5d7-6faabb3dfc7b,Contract date [ref],https://lngprime.com/asia/cmes-orders-another-lng-carrier-duo-at-dalian-shipbuilding-inks-deal-for-more-vessels/62263/
set,1c474c1f-d3fd-46e7-a5d7-6faabb3dfc7b,Price,200000000
set,1c474c1f-d3fd-46e7-a5d7-6faabb3dfc7b,Price [ref],https://lngprime.com/asia/cmes-orders-another-lng-carrier-duo-at-dalian-shipbuilding-inks-deal-for-more-vessels/62263/
set,4eabdda5-b53e-4fd6-91db-6447b986b18e,Contract date,24-Sep-2022
set,4eabdda5-b53e-4fd6-91db-6447b986b18e,Contract date [ref],https://lngprime.com/asia/cmes-orders-another-lng-carrier-duo-at-dalian-shipbuilding-inks-deal-for-more-vessels/62263/
set,4eabdda5-b53e-4fd6-91db-6447b986b18e,Price,200000000
set,4eabdda5-b53e-4fd6-91db-6447b986b18e,Price [ref],https://lngprime.com/asia/cmes-orders-another-lng-carrier-duo-at-dalian-shipbuilding-inks-deal-for-more-vessels/62263/
set,7396f720-8efd-47e9-b153-a174c2beebe3,Operator/charterer,MOL
set,7396f720-8efd-47e9-b153-a174c2beebe3,Operator/charterer [ref],https://lngprime.com/asia/samsung-heavy-to-build-lng-carrier-duo-for-about-496-million/72449/
set,7396f720-8efd-47e9-b153-a174c2beebe3,Contract date,01-Feb-2023
set,7396f720-8efd-47e9-b153-a174c2beebe3,Contract date [ref],https://lngprime.com/asia/samsung-heavy-to-build-lng-carrier-duo-for-about-496-million/72449/
set,7396f720-8efd-47e9-b153-a174c2beebe3,Price,248000000
set,7396f720-8efd-47e9-b153-a174c2beebe3,Price [ref],https://lngprime.com/asia/samsung-heavy-to-build-lng-carrier-duo-for-about-496-million/72449/
set,147a94a8-5a5c-4d3b-a2c1-88d782f14c2d,Operator/charterer,MOL
set,147a94a8-5a5c-4d3b-a2c1-88d782f14c2d,Operator/charterer [ref],https://lngprime.com/asia/samsung-heavy-to-build-lng-carrier-duo-for-about-496-million/72449/
set,147a94a8-5a5c-4d3b-a2c1-88d782f14c2d,Contract date,01-Feb-2023
set,147a94a8-5a5c-4d3b-a2c1-88d782f14c2d,Contract date [ref],https://lngprime.com/asia/samsung-heavy-to-build-lng-carrier-duo-for-about-496-million/72449/
set,147a94a8-5a5c-4d3b-a2c1-88d782f14c2d,Price,248000000
set,147a94a8-5a5c-4d3b-a2c1-88d782f14c2d,Price [ref],https://lngprime.com/asia/samsung-heavy-to-build-lng-carrier-duo-for-about-496-million/72449/
set,ee87782b-270d-4618-97ab-014dd28d0de9,Contract date,10-Oct-2023
set,ee87782b-270d-4618-97ab-014dd28d0de9,Contract date [ref],https://lngprime.com/asia/samsung-heavy-secures-order-for-one-lng-carrier/94197/
set,ee87782b-270d-4618-97ab-014dd28d0de9,Price,260000000
set,ee87782b-270d-4618-97ab-014dd28d0de9,Price [ref],https://lngprime.com/asia/samsung-heavy-secures-order-for-one-lng-carrier/94197/
set,b0331000-591b-4959-a58d-7cef3cf3ad21,Operator/charterer,Chevron
set,b0331000-591b-4959-a58d-7cef3cf3ad21,Operator/charterer [ref],https://lngprime.com/asia/samsung-heavy-clinches-order-for-lng-carrier-duo/83710/
set,b0331000-591b-4959-a58d-7cef3cf3ad21,Contract date,13-Jun-2023
set,b0331000-591b-4959-a58d-7cef3cf3ad21,Contract date [ref],https://lngprime.com/asia/samsung-heavy-clinches-order-for-lng-carrier-duo/83710/
set,b0331000-591b-4959-a58d-7cef3cf3ad21,Price,254500000
set,b0331000-591b-4959-a58d-7cef3cf3ad21,Price [ref],https://lngprime.com/asia/samsung-heavy-clinches-order-for-lng-carrier-duo/83710/
set,effd8a4c-bd58-4304-8c3f-4fcbfce1e60e,Operator/charterer,Chevron
set,effd8a4c-bd58-4304-8c3f-4fcbfce1e60e,Operator/charterer [ref],https://lngprime.com/asia/samsung-heavy-clinches-order-for-lng-carrier-duo/83710/
set,effd8a4c-bd58-4304-8c3f-4fcbfce1e60e,Contract date,13-Jun-2023
set,effd8a4c-bd58-4304-8c3f-4fcbfce1e60e,Contract date [ref],https://lngprime.com/asia/samsung-heavy-clinches-order-for-lng-carrier-duo/83710/
set,effd8a4c-bd58-4304-8c3f-4fcbfce1e60e,Price,254500000
set,effd8a4c-bd58-4304-8c3f-4fcbfce1e60e,Price [ref],https://lngprime.com/asia/samsung-heavy-clinches-order-for-lng-carrier-duo/83710/
set,700ebb13-8e6b-47bb-add3-19f51a4fb477,IMO number,1182348
set,700ebb13-8e6b-47bb-add3-19f51a4fb477,IMO number [ref],"https://www.shipvault.com/ships/500595, https://shipvaultapi-gjb8c.ondigitalocean.app/api/units/500595"
set,700ebb13-8e6b-47bb-add3-19f51a4fb477,Hull number,Hull 2798 (SHI)
set,700ebb13-8e6b-47bb-add3-19f51a4fb477,Hull number [ref],"https://www.shipvault.com/ships/500595, https://shipvaultapi-gjb8c.ondigitalocean.app/api/units/500595"
set,1c38803d-30f9-4b79-91f3-7f26524b5576,IMO number,1182350
set,1c38803d-30f9-4b79-91f3-7f26524b5576,IMO number [ref],"https://www.shipvault.com/ships/500596, https://shipvaultapi-gjb8c.ondigitalocean.app/api/units/500596"
set,1c38803d-30f9-4b79-91f3-7f26524b5576,Hull number,Hull 2799 (SHI)
set,1c38803d-30f9-4b79-91f3-7f26524b5576,Hull number [ref],"https://www.shipvault.com/ships/500596, https://shipvaultapi-gjb8c.ondigitalocean.app/api/units/500596"
set,d2ee1661-9421-42af-a7ff-e98e1272a97d,IMO number,1182362
set,d2ee1661-9421-42af-a7ff-e98e1272a97d,IMO number [ref],"https://www.shipvault.com/ships/500597, https://shipvaultapi-gjb8c.ondigitalocean.app/api/units/500597"
set,d2ee1661-9421-42af-a7ff-e98e1272a97d,Hull number,Hull 2800 (SHI)
set,d2ee1661-9421-42af-a7ff-e98e1272a97d,Hull number [ref],"https://www.shipvault.com/ships/500597, https://shipvaultapi-gjb8c.ondigitalocean.app/api/units/500597"
set,95822930-6d40-473d-b888-6955cd434361,IMO number,1185027
set,95822930-6d40-473d-b888-6955cd434361,IMO number [ref],"https://www.shipvault.com/ships/501592, https://shipvaultapi-gjb8c.ondigitalocean.app/api/units/501592"
set,95822930-6d40-473d-b888-6955cd434361,Hull number,Hull H2954
set,95822930-6d40-473d-b888-6955cd434361,Hull number [ref],"https://www.shipvault.com/ships/501592, https://shipvaultapi-gjb8c.ondigitalocean.app/api/units/501592"
set,5cca60e4-dac7-463f-a0ab-e7d45fb915be,IMO number,1185039
set,5cca60e4-dac7-463f-a0ab-e7d45fb915be,IMO number [ref],"https://www.shipvault.com/ships/501593, https://shipvaultapi-gjb8c.ondigitalocean.app/api/units/501593"
set,5cca60e4-dac7-463f-a0ab-e7d45fb915be,Hull number,Hull H2955
set,5cca60e4-dac7-463f-a0ab-e7d45fb915be,Hull number [ref],"https://www.shipvault.com/ships/501593, https://shipvaultapi-gjb8c.ondigitalocean.app/api/units/501593"
set,82e10f09-91ef-4759-9ebe-283b50960f20,IMO number,1185041
set,82e10f09-91ef-4759-9ebe-283b50960f20,IMO number [ref],"https://www.shipvault.com/ships/501594, https://shipvaultapi-gjb8c.ondigitalocean.app/api/units/501594"
set,82e10f09-91ef-4759-9ebe-283b50960f20,Hull number,Hull H2956
set,82e10f09-91ef-4759-9ebe-283b50960f20,Hull number [ref],"https://www.shipvault.com/ships/501594, https://shipvaultapi-gjb8c.ondigitalocean.app/api/units/501594"
set,886964bd-d8e5-40d0-b0e1-83e68fdbe855,IMO number,1185053
set,886964bd-d8e5-40d0-b0e1-83e68fdbe855,IMO number [ref],"https://www.shipvault.com/ships/501595, https://shipvaultapi-gjb8c.ondigitalocean.app/api/units/501595"
set,886964bd-d8e5-40d0-b0e1-83e68fdbe855,Hull number,Hull H2957
set,886964bd-d8e5-40d0-b0e1-83e68fdbe855,Hull number [ref],"https://www.shipvault.com/ships/501595, https://shipvaultapi-gjb8c.ondigitalocean.app/api/units/501595"
set,da30d9aa-ca38-4f4f-9c63-a55494eea7e8,IMO number,1180778
set,da30d9aa-ca38-4f4f-9c63-a55494eea7e8,IMO number [ref],"https://www.shipvault.com/ships/502026, https://shipvaultapi-gjb8c.ondigitalocean.app/api/units/502026"
set,da30d9aa-ca38-4f4f-9c63-a55494eea7e8,Hull number,Hull 3639 (HDHHI)
set,da30d9aa-ca38-4f4f-9c63-a55494eea7e8,Hull number [ref],"https://www.shipvault.com/ships/502026, https://shipvaultapi-gjb8c.ondigitalocean.app/api/units/502026"
set,1b70a90b-3d08-453e-b935-d33a159f40fe,IMO number,1180780
set,1b70a90b-3d08-453e-b935-d33a159f40fe,IMO number [ref],"https://www.shipvault.com/ships/502027, https://shipvaultapi-gjb8c.ondigitalocean.app/api/units/502027"
set,1b70a90b-3d08-453e-b935-d33a159f40fe,Hull number,Hull 3640 (HDHHI)
set,1b70a90b-3d08-453e-b935-d33a159f40fe,Hull number [ref],"https://www.shipvault.com/ships/502027, https://shipvaultapi-gjb8c.ondigitalocean.app/api/units/502027"
set,5600fd4c-c59e-48e2-b54b-ffdc00ce7159,IMO number,1180792
set,5600fd4c-c59e-48e2-b54b-ffdc00ce7159,IMO number [ref],"https://www.shipvault.com/ships/502028, https://shipvaultapi-gjb8c.ondigitalocean.app/api/units/502028"
set,5600fd4c-c59e-48e2-b54b-ffdc00ce7159,Hull number,Hull 3641 (HDHHI)
set,5600fd4c-c59e-48e2-b54b-ffdc00ce7159,Hull number [ref],"https://www.shipvault.com/ships/502028, https://shipvaultapi-gjb8c.ondigitalocean.app/api/units/502028"
set,127e7c6a-b9a5-4b1b-92b2-081ddde4b1e6,IMO number,1180807
set,127e7c6a-b9a5-4b1b-92b2-081ddde4b1e6,IMO number [ref],"https://www.shipvault.com/ships/502029, https://shipvaultapi-gjb8c.ondigitalocean.app/api/units/502029"
set,127e7c6a-b9a5-4b1b-92b2-081ddde4b1e6,Hull number,Hull 3642 (HDHHI)
set,127e7c6a-b9a5-4b1b-92b2-081ddde4b1e6,Hull number [ref],"https://www.shipvault.com/ships/502029, https://shipvaultapi-gjb8c.ondigitalocean.app/api/units/502029"
set,2e16e336-c052-4788-bd22-36b435d10f9e,IMO number,1190125
set,2e16e336-c052-4788-bd22-36b435d10f9e,IMO number [ref],"https://www.shipvault.com/ships/501818, https://shipvaultapi-gjb8c.ondigitalocean.app/api/units/501818"
set,2e16e336-c052-4788-bd22-36b435d10f9e,Hull number,Hull 3659 (HDHHI)
set,2e16e336-c052-4788-bd22-36b435d10f9e,Hull number [ref],"https://www.shipvault.com/ships/501818, https://shipvaultapi-gjb8c.ondigitalocean.app/api/units/501818"
set,e69f224d-abb9-45ee-b443-46b5dbaf3423,IMO number,1190137
set,e69f224d-abb9-45ee-b443-46b5dbaf3423,IMO number [ref],"https://www.shipvault.com/ships/501819, https://shipvaultapi-gjb8c.ondigitalocean.app/api/units/501819"
set,e69f224d-abb9-45ee-b443-46b5dbaf3423,Hull number,Hull 3660 (HDHHI)
set,e69f224d-abb9-45ee-b443-46b5dbaf3423,Hull number [ref],"https://www.shipvault.com/ships/501819, https://shipvaultapi-gjb8c.ondigitalocean.app/api/units/501819"
set,4b183f99-2b6b-4e7b-9b24-449b2cb6aa17,IMO number,1182013
set,4b183f99-2b6b-4e7b-9b24-449b2cb6aa17,IMO number [ref],"https://www.shipvault.com/ships/500598, https://shipvaultapi-gjb8c.ondigitalocean.app/api/units/500598"
set,4b183f99-2b6b-4e7b-9b24-449b2cb6aa17,Hull number,Hull 8358 (HSHI)
set,4b183f99-2b6b-4e7b-9b24-449b2cb6aa17,Hull number [ref],"https://www.shipvault.com/ships/500598, https://shipvaultapi-gjb8c.ondigitalocean.app/api/units/500598"
set,47f70cda-f6d4-4efc-b4b2-4f26b417b3ca,IMO number,1182025
set,47f70cda-f6d4-4efc-b4b2-4f26b417b3ca,IMO number [ref],"https://www.shipvault.com/ships/500599, https://shipvaultapi-gjb8c.ondigitalocean.app/api/units/500599"
set,47f70cda-f6d4-4efc-b4b2-4f26b417b3ca,Hull number,Hull 8359 (HSHI)
set,47f70cda-f6d4-4efc-b4b2-4f26b417b3ca,Hull number [ref],"https://www.shipvault.com/ships/500599, https://shipvaultapi-gjb8c.ondigitalocean.app/api/units/500599"
set,dd4135fa-da24-4a8a-a186-c93c0a7f1667,IMO number,1186837
set,dd4135fa-da24-4a8a-a186-c93c0a7f1667,IMO number [ref],"https://www.shipvault.com/ships/502043, https://shipvaultapi-gjb8c.ondigitalocean.app/api/units/502043"
set,dd4135fa-da24-4a8a-a186-c93c0a7f1667,Hull number,Hull 8360 (HSHI)
set,dd4135fa-da24-4a8a-a186-c93c0a7f1667,Hull number [ref],"https://www.shipvault.com/ships/502043, https://shipvaultapi-gjb8c.ondigitalocean.app/api/units/502043"
set,5b07c3e9-6659-4cce-9cdd-932fc3f144c7,IMO number,1066245
set,5b07c3e9-6659-4cce-9cdd-932fc3f144c7,IMO number [ref],"https://www.shipvault.com/ships/462722, https://shipvaultapi-gjb8c.ondigitalocean.app/api/units/462722"
set,c8602564-cb70-4807-b2df-5276cde8265a,IMO number,1066257
set,c8602564-cb70-4807-b2df-5276cde8265a,IMO number [ref],"https://www.shipvault.com/ships/462723, https://shipvaultapi-gjb8c.ondigitalocean.app/api/units/462723"
set,22995c73-cdaf-4739-9e71-c56ead824793,Hull number,Hull 8199 (HSHI)
set,22995c73-cdaf-4739-9e71-c56ead824793,Hull number [ref],"https://www.shipvault.com/ships/457557, https://shipvaultapi-gjb8c.ondigitalocean.app/api/units/457557"
set,ccf19557-dcb6-4682-bee4-ea59eecf95f3,Hull number,Hull 2560 (Hanwha)
set,ccf19557-dcb6-4682-bee4-ea59eecf95f3,Hull number [ref],"https://www.shipvault.com/ships/465039, https://shipvaultapi-gjb8c.ondigitalocean.app/api/units/465039"
set,ee9765d9-56a1-47ff-aea6-6acd6a12049f,Hull number,Hull 8202 (HSHI)
set,ee9765d9-56a1-47ff-aea6-6acd6a12049f,Hull number [ref],"https://www.shipvault.com/ships/462871, https://shipvaultapi-gjb8c.ondigitalocean.app/api/units/462871"
set,a5c81a8a-c28f-40da-8ccd-6e42ffebb1ac,Hull number,Hull 8203 (HSHI)
set,a5c81a8a-c28f-40da-8ccd-6e42ffebb1ac,Hull number [ref],"https://www.shipvault.com/ships/462872, https://shipvaultapi-gjb8c.ondigitalocean.app/api/units/462872"
set,b45e1a28-97f4-43d0-9c49-950267f6f2f3,Hull number,Hull 8198 (HSHI)
set,b45e1a28-97f4-43d0-9c49-950267f6f2f3,Hull number [ref],"https://www.shipvault.com/ships/457556, https://shipvaultapi-gjb8c.ondigitalocean.app/api/units/457556"
set,730ed0fe-5444-4cfc-9389-ff348c621fe9,Hull number,Hull 3435 (HDHHI)
set,730ed0fe-5444-4cfc-9389-ff348c621fe9,Hull number [ref],"https://www.shipvault.com/ships/467732, https://shipvaultapi-gjb8c.ondigitalocean.app/api/units/467732"
set,1c474c1f-d3fd-46e7-a5d7-6faabb3dfc7b,Hull number,Hull G175K-04
set,1c474c1f-d3fd-46e7-a5d7-6faabb3dfc7b,Hull number [ref],"https://www.shipvault.com/ships/459925, https://shipvaultapi-gjb8c.ondigitalocean.app/api/units/459925"
set,4eabdda5-b53e-4fd6-91db-6447b986b18e,Hull number,Hull G175K-06
set,4eabdda5-b53e-4fd6-91db-6447b986b18e,Hull number [ref],"https://www.shipvault.com/ships/459927, https://shipvaultapi-gjb8c.ondigitalocean.app/api/units/459927"
set,ce5fc208-db4f-4a00-9f02-1748b12ff384,Hull number,Hull G175K-07
set,ce5fc208-db4f-4a00-9f02-1748b12ff384,Hull number [ref],"https://www.shipvault.com/ships/461880, https://shipvaultapi-gjb8c.ondigitalocean.app/api/units/461880"
set,894639ea-595c-4c40-854e-9cd17a6860b8,Hull number,Hull 2610 (SHI)
set,894639ea-595c-4c40-854e-9cd17a6860b8,Hull number [ref],"https://www.shipvault.com/ships/454342, https://shipvaultapi-gjb8c.ondigitalocean.app/api/units/454342"
set,1f67ed2e-fab2-4e21-8153-a98ad7405994,Hull number,Hull 8179 (HDHHI)
set,1f67ed2e-fab2-4e21-8153-a98ad7405994,Hull number [ref],"https://www.shipvault.com/ships/455819, https://shipvaultapi-gjb8c.ondigitalocean.app/api/units/455819"
set,5f81520e-042c-4ccf-b26e-ad97dfb5e25b,Hull number,Hull 2632 (HSHI)
set,5f81520e-042c-4ccf-b26e-ad97dfb5e25b,Hull number [ref],"https://www.shipvault.com/ships/456918, https://shipvaultapi-gjb8c.ondigitalocean.app/api/units/456918"
set,9482bd03-c2a9-45d3-986f-6ec18912eb4f,Hull number,Hull 2633 (SHI)
set,9482bd03-c2a9-45d3-986f-6ec18912eb4f,Hull number [ref],"https://www.shipvault.com/ships/456919, https://shipvaultapi-gjb8c.ondigitalocean.app/api/units/456919"
set,7c294367-984a-4461-b247-36a92d46a5a2,Capacity,174000
set,7c294367-984a-4461-b247-36a92d46a5a2,Capacity [ref],"https://www.shipvault.com/ships/487115, https://shipvaultapi-gjb8c.ondigitalocean.app/api/units/487115"
set,ef3454dc-0214-4940-af1b-7978131490dc,Capacity,174000
set,ef3454dc-0214-4940-af1b-7978131490dc,Capacity [ref],"https://www.shipvault.com/ships/487116, https://shipvaultapi-gjb8c.ondigitalocean.app/api/units/487116"
set,a0165094-9e1c-4900-b3ff-09d2fa9bb965,Capacity,180000
set,a0165094-9e1c-4900-b3ff-09d2fa9bb965,Capacity [ref],"https://www.shipvault.com/ships/487159, https://shipvaultapi-gjb8c.ondigitalocean.app/api/units/487159"
set,22ae042e-faf0-433a-88a8-432b1d4ac2c8,Hull number,Hull 8207 (HSHI)
set,22ae042e-faf0-433a-88a8-432b1d4ac2c8,Hull number [ref],"https://www.shipvault.com/ships/465071, https://shipvaultapi-gjb8c.ondigitalocean.app/api/units/465071"
set,ce94fff7-d09c-41db-8b6a-d2f2587f0395,Hull number,Hull 8206 (HSHI)
set,ce94fff7-d09c-41db-8b6a-d2f2587f0395,Hull number [ref],"https://www.shipvault.com/ships/465070, https://shipvaultapi-gjb8c.ondigitalocean.app/api/units/465070"
set,816166ad-ff4e-40f5-8495-c5e1e822df0c,Hull number,Hull 3434 (HDHHI)
set,816166ad-ff4e-40f5-8495-c5e1e822df0c,Hull number [ref],"https://www.shipvault.com/ships/466740, https://shipvaultapi-gjb8c.ondigitalocean.app/api/units/466740"
set,be641b79-1e2c-4572-a942-4e1a0349225e,Hull number,Hull 3433 (HDHHI)
set,be641b79-1e2c-4572-a942-4e1a0349225e,Hull number [ref],"https://www.shipvault.com/ships/466739, https://shipvaultapi-gjb8c.ondigitalocean.app/api/units/466739"
set,df9ff8dc-2cfb-4502-a2a4-4727491cfefa,Hull number,Hull G175K-10
set,df9ff8dc-2cfb-4502-a2a4-4727491cfefa,Hull number [ref],"https://www.shipvault.com/ships/481198, https://shipvaultapi-gjb8c.ondigitalocean.app/api/units/481198"
set,d772cfd9-0b82-4c0d-897b-9688ed1a51ea,Hull number,Hull G175K-13
set,d772cfd9-0b82-4c0d-897b-9688ed1a51ea,Hull number [ref],"https://www.shipvault.com/ships/469428, https://shipvaultapi-gjb8c.ondigitalocean.app/api/units/469428"
set,59ca4386-de72-4097-be86-e3ab51ece19d,Hull number,Hull G175K-16
set,59ca4386-de72-4097-be86-e3ab51ece19d,Hull number [ref],"https://www.shipvault.com/ships/470360, https://shipvaultapi-gjb8c.ondigitalocean.app/api/units/470360"
set,cd5f3fbc-8b2c-4e21-8907-53f32d085007,Hull number,Hull G175K-17
set,cd5f3fbc-8b2c-4e21-8907-53f32d085007,Hull number [ref],"https://www.shipvault.com/ships/470361, https://shipvaultapi-gjb8c.ondigitalocean.app/api/units/470361"
set,fa06b346-3802-4b65-93d0-f5525c5bf23e,Hull number,Hull G175K-08
set,fa06b346-3802-4b65-93d0-f5525c5bf23e,Hull number [ref],"https://www.shipvault.com/ships/461881, https://shipvaultapi-gjb8c.ondigitalocean.app/api/units/461881"
set,d120da95-cc9b-4733-8288-867166f0e997,Hull number,Hull G175K-09
set,d120da95-cc9b-4733-8288-867166f0e997,Hull number [ref],"https://www.shipvault.com/ships/481200, https://shipvaultapi-gjb8c.ondigitalocean.app/api/units/481200"
set,5d127fdf-e6a6-433c-920f-b7b713af07a0,Hull number,Hull 8174 (HSHI)
set,5d127fdf-e6a6-433c-920f-b7b713af07a0,Hull number [ref],"https://www.shipvault.com/ships/461185, https://shipvaultapi-gjb8c.ondigitalocean.app/api/units/461185"
set,4781eb35-653d-4cc3-aea5-65ab8ffedfd8,Hull number,Hull 3515 (HDHHI)
set,4781eb35-653d-4cc3-aea5-65ab8ffedfd8,Hull number [ref],"https://www.shipvault.com/ships/478328, https://shipvaultapi-gjb8c.ondigitalocean.app/api/units/478328"
set,544f06d4-11ec-4aae-acc1-7cb37c781d78,Hull number,Hull G175K-11
set,544f06d4-11ec-4aae-acc1-7cb37c781d78,Hull number [ref],"https://www.shipvault.com/ships/481199, https://shipvaultapi-gjb8c.ondigitalocean.app/api/units/481199"
set,374e9c49-407d-4c65-9b0c-4c027dad6b30,Hull number,Hull G175K-12
set,374e9c49-407d-4c65-9b0c-4c027dad6b30,Hull number [ref],"https://www.shipvault.com/ships/469427, https://shipvaultapi-gjb8c.ondigitalocean.app/api/units/469427"
set,e16a995a-f547-4c44-9ef6-8b9ffd96c045,Hull number,Hull G175K-14
set,e16a995a-f547-4c44-9ef6-8b9ffd96c045,Hull number [ref],"https://www.shipvault.com/ships/485162, https://shipvaultapi-gjb8c.ondigitalocean.app/api/units/485162"
set,28b41426-55ea-4528-b727-35d6ad69bff7,Hull number,Hull G175K-15
set,28b41426-55ea-4528-b727-35d6ad69bff7,Hull number [ref],"https://www.shipvault.com/ships/485163, https://shipvaultapi-gjb8c.ondigitalocean.app/api/units/485163"
set,b72ba253-bdb2-4997-9c35-55016d0d14cc,Price currency,USD
set,450ec4f8-7f40-462f-9e60-7b5dda334c52,Price currency,USD
set,f8222251-702e-42f5-938a-bf4bad6a7bb1,Price currency,USD
set,5d0fc3e9-d518-48f9-9b62-3239e84491b5,Price currency,USD
set,36232630-e208-4c6d-9a47-17315bbe7a71,Price currency,USD
set,95dab497-7ca3-404b-a71a-33fb7c643d3b,Price currency,USD
set,3225a4a9-aff4-49b2-b206-2252aac51ac1,Price currency,USD
set,749aafc9-4347-45ea-9f13-117694599db7,Price currency,USD
set,2883dcfa-e67c-459e-a977-331b4ada6190,Price currency,USD
set,6486997a-947c-447e-8dc9-38fa8a1c5d57,Price currency,USD
set,41ff67a8-5f42-4697-8332-e78e92ae96d5,Price currency,USD
set,ad63e3c5-fdc3-44be-a7c9-2ded87024d9e,Price currency,USD
set,06aa3e10-50ae-4cd3-855f-19ccb441401d,Price currency,USD
set,d7c6bf67-c615-455b-9b93-fcc5162b065a,Price currency,USD
set,342e97c2-c899-4e3c-9a0e-6dcc08aa9f72,Price currency,USD
set,54cbd4bc-5429-44ff-948a-719dbddb103a,Price currency,USD
set,56d14ab3-473c-463c-9820-41e8438c704a,Price currency,USD
set,3bda42fa-3f32-4a31-8833-bcf0d062ffc2,Price currency,USD
set,f926017c-6d63-446f-b102-d78c05d99bb8,Price currency,USD
set,a5a63e77-0050-4ee6-acc3-03a3fce60d03,Price currency,USD
set,b0cfc18a-5995-4054-84af-0473349eb292,Price currency,USD
set,df9ff8dc-2cfb-4502-a2a4-4727491cfefa,Price currency,USD
set,d120da95-cc9b-4733-8288-867166f0e997,Price currency,USD
set,41e766cb-a80d-4c8b-ac84-d50cb5b725e8,Price currency,USD
set,fb7483aa-7360-4552-aced-3c51bd3ff1c3,Price currency,USD
set,c4fbd181-e3c6-4042-89e1-8b92e89152f0,Price currency,USD
set,51db193f-5dc9-45f4-b08f-c90d5d363eaa,Price currency,USD
set,da30d9aa-ca38-4f4f-9c63-a55494eea7e8,Price currency,USD
set,1b70a90b-3d08-453e-b935-d33a159f40fe,Price currency,USD
set,5600fd4c-c59e-48e2-b54b-ffdc00ce7159,Price currency,USD
set,127e7c6a-b9a5-4b1b-92b2-081ddde4b1e6,Price currency,USD
set,aea4626e-774d-45cf-87f9-f1b058c637ec,Price currency,USD
set,35a965b8-b9a6-4ce6-8de1-eb88f66bcd55,Price currency,USD
set,525502c3-51f5-4ba8-8d10-b0628da3aa9c,Price currency,USD
set,e35da1e3-3fbd-4c2e-8f79-43889eb3d306,Price currency,USD
set,0ad2f1d6-3c23-4a16-ba4a-6f86356aba83,Price currency,USD
set,5c30db06-701a-4363-9bad-eb86ed67ddc7,Price currency,USD
set,69319f45-5621-4a91-98a4-9517bcf672bf,Price currency,USD
set,cd8b6ce0-0b5f-4af3-9072-8b00b4947f93,Price currency,USD
set,d26e6f42-ff89-4ae3-b92a-0a684096add7,Price currency,USD
set,37aabfb3-7390-4b66-aa8c-8b83244b64ea,Price currency,USD
set,f12f692c-1c26-4435-a67f-791b02c18402,Price currency,USD
set,9211f3bb-2d22-45a1-95f5-cb259664f51e,Price currency,USD
set,001806c5-e6e1-410b-94a6-7ecb671bf37c,Price currency,USD
set,0d530a84-a19c-4e6c-9cd9-fc1f999ce211,Price currency,USD
set,6f1f8274-b88c-4dc3-9da7-593f342adfaf,Price currency,USD
set,68bb22da-94d9-48c8-aa33-feaa6a66ba02,Price currency,USD
set,4cfe3520-4acf-40b5-a1d3-b5ea0608b957,Price currency,USD
set,4e56c6ea-9986-4d8c-a56b-4912bb82fd8f,Price currency,USD
set,3a1cad28-e922-4f11-9df4-799e8f3ee166,Price currency,USD
set,f144992e-ef54-4398-b575-4ce0b4d01a16,Price currency,USD
set,0c647c57-c523-4d1d-93b8-b4836f557555,Price currency,USD
set,2f84ce5c-2628-40c0-9d3a-54eaabb5b0fc,Price currency,USD
set,6e9b2745-3c3a-4c45-a99a-382efa8802fb,Price currency,USD
set,49c07ddd-08a0-4502-a910-f6f0a37c82f5,Price currency,USD
set,a46e8d01-6d1d-4546-962c-fe3f7c6ccd9f,Price currency,USD
set,6faf4259-ea41-4c25-a8ff-7f094e2959cc,Price currency,USD
set,529f938a-d4d8-40c3-97cc-e2380af02a44,Price currency,USD
set,6ee5ded0-9522-43a3-8053-048bc2676c6d,Price currency,USD
set,7a915085-50ad-47c1-845f-22c8c3afe3b6,Price currency,USD
set,77279099-6d3d-4024-9047-f1626a6b6905,Price currency,USD
set,ce94fff7-d09c-41db-8b6a-d2f2587f0395,Capacity units,cbm
set,9ddf9023-213f-4bd2-af33-f50cae0e46fd,Price currency,USD
set,2975025f-9430-47f9-a882-9dae06943b0a,Price currency,USD
set,f6cc4c07-dafb-456c-ad68-ea3bc521655e,Price currency,USD
set,b1707a34-3ef2-4cc8-b55a-31d76c67a3d9,Price currency,USD
set,79687cbc-580f-4443-b0f2-fb26af94a238,Price currency,USD
set,8b802d7b-48dd-441c-8381-c98a595124d0,Price currency,USD
set,6d0494e7-bc75-412b-821f-fc01bb606bfb,Price currency,USD
set,e5f6c789-6729-4491-a066-3b2d3edb8db9,Price currency,USD
set,7028d287-b3b1-4c11-b90c-e00f1d438d2d,Price currency,USD
set,f4e61771-aae2-40b0-ab7c-ead787d254a9,Price currency,USD
set,d01b9d51-ffe0-4926-8a55-646915bcc673,Price currency,USD
set,445f3366-5945-4342-ac58-45be680e4e2a,Capacity units,cbm
set,8c9668a9-a630-4385-8601-c9cba3c6608c,Capacity units,cbm
set,b060a274-cd11-4cb6-a810-7023b03d1cc5,Capacity units,cbm
set,4b63b5be-3ee0-46ca-af4b-8124a6baddd3,Capacity units,cbm
set,730b24ed-4d22-452d-bbb3-c8d64f194552,Capacity units,cbm
set,d59df766-a33e-4281-8ac7-5fb4558cbc51,Capacity units,cbm
set,12ab1ee4-5478-4fd2-90df-1c22c84264a4,Capacity units,cbm
set,6234b3b7-8416-4342-9ccd-af60c6384a01,Capacity units,cbm
set,374e9c49-407d-4c65-9b0c-4c027dad6b30,Price currency,USD
set,d772cfd9-0b82-4c0d-897b-9688ed1a51ea,Price currency,USD
set,e16a995a-f547-4c44-9ef6-8b9ffd96c045,Price currency,USD
set,28b41426-55ea-4528-b727-35d6ad69bff7,Price currency,USD
set,b94fb71d-0154-4b52-b445-e0cda27f3aff,Price currency,USD
set,8fe3f5f7-aba4-427c-8fb6-a8ee92336760,Price currency,USD
set,48d8a802-5bea-417f-beae-3cfd7ec988dd,Price currency,USD
set,87d951d3-b19c-46b6-803f-a418a3d99773,Price currency,USD
set,6d307ee1-a594-42f8-ae93-5931a9ed14be,Price currency,USD
set,4ee01317-4676-4e26-8f87-ddf2e838231d,Price currency,USD
set,ee23fd7a-9fd3-445f-8272-83f14beb6cb5,Price currency,USD
set,a7661c0f-2b05-4987-b3b0-5a91763710b3,Price currency,USD
set,0bddbfcb-ee6a-4f86-854e-e6086f730491,Price currency,USD
set,58fe6da4-234c-40a7-90dc-e9be4064e672,Capacity units,cbm
set,c502ab10-5f4a-437d-ad3d-9ce1bc7c0a92,Capacity units,cbm
set,5812286b-da4e-4722-8aa0-a82291a176b4,Price currency,USD
set,c466b099-8756-4f16-b399-49ff21daeda7,Price currency,USD
set,603b9645-ab96-4c5b-b908-3efc5ca195d1,Price currency,USD
set,650ddaa7-f439-4d61-b09f-d4f261627307,Price currency,USD
set,6d814672-ec65-49af-bb6c-845b2ff813d6,Price currency,USD
set,43a1a089-2267-48fe-8dd6-12a185be5b93,Price currency,USD
set,61a682fb-b602-4534-86fd-c8e9ff43f93a,Price currency,USD
set,f51da5ac-d817-4c6a-84ae-1d38e622938a,Price currency,USD
set,7261580c-7f8e-443b-8b40-1ca691480d3f,Price currency,USD
set,5283bfc9-71bf-44cf-8ad9-c1910402ee4b,Price currency,USD
set,862f14d3-aeee-4626-9d8f-c5a520801fde,Price currency,USD
set,20254bb9-3695-4108-95eb-1402db287bc9,Price currency,USD
set,56cc49d6-e55c-42cb-84e8-632d52e0bd02,Capacity units,cbm
set,2a04203a-13ec-44e7-877e-7d086f950c88,Price currency,USD
set,a911177c-96bd-4334-887e-d3aa92b1b666,Price currency,USD
set,53f20251-d84c-4e2d-acc3-60272f51a9ea,Price currency,USD
set,631552de-8665-4c96-abfb-a3433fe53633,Price currency,USD
set,68c01b2c-cbad-4cd1-b75a-4ff93e37cb6b,Price currency,USD
set,d7594810-66d1-498e-8d17-2a5b1c5dd85a,Price currency,USD
set,168d4c0e-842e-466b-bf59-d12ac4908875,Price currency,USD
set,79c47c00-790b-4b22-9ddc-e763b90cf69b,Price currency,USD
set,ddb3a42f-a13c-4e3c-95a4-a54743277751,Price currency,USD
set,124f2180-73f3-4ed5-b708-825a5bfda751,Price currency,USD
set,49a413b5-358a-4533-b9be-80edaeda0a6c,Price currency,USD
set,3bec6d39-7edb-4813-b068-ae79590d3212,Price currency,USD
set,707a2710-9177-44fb-9d28-cd6c76bd401e,Price currency,USD
set,a1266b82-21b7-4bed-aade-b93481896996,Price currency,USD
set,14dd0fa7-745c-4dfc-a633-b959c889a559,Capacity units,cbm
set,0f87769b-2b50-4d08-b669-31b00fb422ff,Price currency,USD
set,029ab928-5300-4f04-93eb-166bc63ca2e5,Price currency,USD
set,228c93e3-1024-4c4d-afe3-969d4184dd0b,Price currency,USD
set,1c474c1f-d3fd-46e7-a5d7-6faabb3dfc7b,Price currency,USD
set,4eabdda5-b53e-4fd6-91db-6447b986b18e,Price currency,USD
set,7396f720-8efd-47e9-b153-a174c2beebe3,Price currency,USD
set,147a94a8-5a5c-4d3b-a2c1-88d782f14c2d,Price currency,USD
set,ee87782b-270d-4618-97ab-014dd28d0de9,Price currency,USD
set,b0331000-591b-4959-a58d-7cef3cf3ad21,Price currency,USD
set,effd8a4c-bd58-4304-8c3f-4fcbfce1e60e,Price currency,USD
set,7c294367-984a-4461-b247-36a92d46a5a2,Capacity units,cbm
set,ef3454dc-0214-4940-af1b-7978131490dc,Capacity units,cbm
set,a0165094-9e1c-4900-b3ff-09d2fa9bb965,Capacity units,cbm
set,1ce36ff8-9067-46c4-9d58-eaf79f7fea42,Price,214285714
set,1ce36ff8-9067-46c4-9d58-eaf79f7fea42,Price [ref],https://www.seatrade-maritime.com/lng/asian-consortium-orders-7-lng-carriers-hyundai-qatar
set,1ce36ff8-9067-46c4-9d58-eaf79f7fea42,Price currency,USD
set,6e3bf036-f0c0-41f7-b4ae-ffa9adbb0795,Price,214285714
set,6e3bf036-f0c0-41f7-b4ae-ffa9adbb0795,Price [ref],https://www.seatrade-maritime.com/lng/asian-consortium-orders-7-lng-carriers-hyundai-qatar
set,6e3bf036-f0c0-41f7-b4ae-ffa9adbb0795,Price currency,USD
set,68653630-6c8b-463b-8be1-f93125eff8c8,Price,214285714
set,68653630-6c8b-463b-8be1-f93125eff8c8,Price [ref],https://www.seatrade-maritime.com/lng/asian-consortium-orders-7-lng-carriers-hyundai-qatar
set,68653630-6c8b-463b-8be1-f93125eff8c8,Price currency,USD
set,c3e38d82-ac7f-46bf-8b7d-ebb1a211ef6f,Price,214285714
set,c3e38d82-ac7f-46bf-8b7d-ebb1a211ef6f,Price [ref],https://www.seatrade-maritime.com/lng/asian-consortium-orders-7-lng-carriers-hyundai-qatar
set,c3e38d82-ac7f-46bf-8b7d-ebb1a211ef6f,Price currency,USD
set,919527d5-b981-44e8-9c90-a4823d388446,Price,255800000
set,919527d5-b981-44e8-9c90-a4823d388446,Price [ref],https://en.portnews.ru/news/370159/
set,919527d5-b981-44e8-9c90-a4823d388446,Price currency,USD
set,4fb6abe1-3eb4-427e-9bd0-f62e4679f72d,Price,255800000
set,4fb6abe1-3eb4-427e-9bd0-f62e4679f72d,Price [ref],https://en.portnews.ru/news/370159/
set,4fb6abe1-3eb4-427e-9bd0-f62e4679f72d,Price currency,USD
set,617374ef-ed23-433f-9b20-409be2eec42f,Price,216000000
set,617374ef-ed23-433f-9b20-409be2eec42f,Price [ref],https://www.offshore-energy.biz/seapeak-behind-order-for-five-lng-carriers-at-samsung-heavy/
set,617374ef-ed23-433f-9b20-409be2eec42f,Price currency,USD
set,7952e660-e817-4d25-bc7a-0948be867a32,Price,216000000
set,7952e660-e817-4d25-bc7a-0948be867a32,Price [ref],https://www.offshore-energy.biz/seapeak-behind-order-for-five-lng-carriers-at-samsung-heavy/
set,7952e660-e817-4d25-bc7a-0948be867a32,Price currency,USD
set,32f821b6-94c7-418e-aac3-d98920c61c7a,Price,216000000
set,32f821b6-94c7-418e-aac3-d98920c61c7a,Price [ref],https://www.offshore-energy.biz/seapeak-behind-order-for-five-lng-carriers-at-samsung-heavy/
set,32f821b6-94c7-418e-aac3-d98920c61c7a,Price currency,USD
set,4bfb9179-d158-4f10-b2be-97a7576225de,Price,216000000
set,4bfb9179-d158-4f10-b2be-97a7576225de,Price [ref],https://www.offshore-energy.biz/seapeak-behind-order-for-five-lng-carriers-at-samsung-heavy/
set,4bfb9179-d158-4f10-b2be-97a7576225de,Price currency,USD
set,b27a5ed9-865b-43ae-bd33-0f9d6f18f6e4,Price,216000000
set,b27a5ed9-865b-43ae-bd33-0f9d6f18f6e4,Price [ref],https://www.offshore-energy.biz/seapeak-behind-order-for-five-lng-carriers-at-samsung-heavy/
set,b27a5ed9-865b-43ae-bd33-0f9d6f18f6e4,Price currency,USD
set,5bad1aed-26ef-4528-a101-024342fd7663,Price,265000000
set,5bad1aed-26ef-4528-a101-024342fd7663,Price [ref],https://splash247.com/evalend-shipping-doubles-up-on-lng-carrier-orders/
set,5bad1aed-26ef-4528-a101-024342fd7663,Price currency,USD
set,c2556913-1ed3-462b-9a98-4416f7b6e3c5,Price,265000000
set,c2556913-1ed3-462b-9a98-4416f7b6e3c5,Price [ref],https://splash247.com/evalend-shipping-doubles-up-on-lng-carrier-orders/
set,c2556913-1ed3-462b-9a98-4416f7b6e3c5,Price currency,USD
set,3a417fb8-ba79-4d6b-a2fe-aecfca97928d,Price,249500000
set,3a417fb8-ba79-4d6b-a2fe-aecfca97928d,Price [ref],https://splash247.com/seapeak-returns-to-samsung-for-pair-of-lng-carriers/
set,3a417fb8-ba79-4d6b-a2fe-aecfca97928d,Price currency,USD
set,c9b25da7-8373-494b-89a1-931a31310cb4,Price,249500000
set,c9b25da7-8373-494b-89a1-931a31310cb4,Price [ref],https://splash247.com/seapeak-returns-to-samsung-for-pair-of-lng-carriers/
set,c9b25da7-8373-494b-89a1-931a31310cb4,Price currency,USD
set,f013ec6c-23e0-44cf-91fd-8adcacb64b0c,Price,251500000
set,f013ec6c-23e0-44cf-91fd-8adcacb64b0c,Price [ref],https://splash247.com/alpha-gas-inks-500m-lng-carrier-order-at-hanwha-ocean/
set,f013ec6c-23e0-44cf-91fd-8adcacb64b0c,Price currency,USD
set,8301dd30-f081-4932-a8db-f2e71a6abb31,Price,251500000
set,8301dd30-f081-4932-a8db-f2e71a6abb31,Price [ref],https://splash247.com/alpha-gas-inks-500m-lng-carrier-order-at-hanwha-ocean/
set,8301dd30-f081-4932-a8db-f2e71a6abb31,Price currency,USD
set,c09eb75e-4a92-48d2-a9ef-a057410980fc,Price,252500000
set,c09eb75e-4a92-48d2-a9ef-a057410980fc,Price [ref],https://splash247.com/maran-gas-doubles-down-with-fresh-lng-carrier-order/
set,c09eb75e-4a92-48d2-a9ef-a057410980fc,Price currency,USD
set,7945988c-233b-4166-b91b-dff77fa60dd2,Price,252500000
set,7945988c-233b-4166-b91b-dff77fa60dd2,Price [ref],https://splash247.com/maran-gas-doubles-down-with-fresh-lng-carrier-order/
set,7945988c-233b-4166-b91b-dff77fa60dd2,Price currency,USD
set,390c53b3-b290-4eb5-b9ea-b639768e430d,Price,255500000
set,390c53b3-b290-4eb5-b9ea-b639768e430d,Price [ref],https://splash247.com/sonangol-doubles-down-on-lng-with-fresh-hd-hyundai-order/
set,390c53b3-b290-4eb5-b9ea-b639768e430d,Price currency,USD
set,d8dc5cbb-ccd9-4c85-9520-4696ecb3c72d,Price,255500000
set,d8dc5cbb-ccd9-4c85-9520-4696ecb3c72d,Price [ref],https://splash247.com/sonangol-doubles-down-on-lng-with-fresh-hd-hyundai-order/
set,d8dc5cbb-ccd9-4c85-9520-4696ecb3c72d,Price currency,USD
set,c10b81ad-dedb-4a7d-8796-e8bc0123b92b,Price,248000000
set,c10b81ad-dedb-4a7d-8796-e8bc0123b92b,Price [ref],https://www.bairdmaritime.com/shipping/tankers/gas/nigeria-lng-taps-chinese-yard-for-three-vlgc-newbuildings
set,c10b81ad-dedb-4a7d-8796-e8bc0123b92b,Price currency,USD
set,b2cce65a-224e-428e-8b9e-4c7d96c687c1,Price,248000000
set,b2cce65a-224e-428e-8b9e-4c7d96c687c1,Price [ref],https://www.bairdmaritime.com/shipping/tankers/gas/nigeria-lng-taps-chinese-yard-for-three-vlgc-newbuildings
set,b2cce65a-224e-428e-8b9e-4c7d96c687c1,Price currency,USD
set,21cdb439-ce85-4cf7-b822-bb30834caff2,Price,248000000
set,21cdb439-ce85-4cf7-b822-bb30834caff2,Price [ref],https://www.bairdmaritime.com/shipping/tankers/gas/nigeria-lng-taps-chinese-yard-for-three-vlgc-newbuildings
set,21cdb439-ce85-4cf7-b822-bb30834caff2,Price currency,USD
set,967ea187-8c2f-4dcd-b492-a38e59ba4f3e,Price,256500000
set,967ea187-8c2f-4dcd-b492-a38e59ba4f3e,Price [ref],https://www.globenewswire.com/news-release/2025/12/29/3210962/20327/en/Capital-Clean-Energy-Carriers-Corp-Announces-Further-Expansion-with-an-Order-for-Three-Latest-Specification-LNG-Carriers-Delivering-in-2028-and-2029.html
set,967ea187-8c2f-4dcd-b492-a38e59ba4f3e,Price currency,USD
set,6d41c613-0c26-4dc7-a869-44b79b255709,Price,256500000
set,6d41c613-0c26-4dc7-a869-44b79b255709,Price [ref],https://www.globenewswire.com/news-release/2025/12/29/3210962/20327/en/Capital-Clean-Energy-Carriers-Corp-Announces-Further-Expansion-with-an-Order-for-Three-Latest-Specification-LNG-Carriers-Delivering-in-2028-and-2029.html
set,6d41c613-0c26-4dc7-a869-44b79b255709,Price currency,USD
set,49a6acac-790b-41a2-9c9d-1fee8a12beb9,Price,256500000
set,49a6acac-790b-41a2-9c9d-1fee8a12beb9,Price [ref],https://www.globenewswire.com/news-release/2025/12/29/3210962/20327/en/Capital-Clean-Energy-Carriers-Corp-Announces-Further-Expansion-with-an-Order-for-Three-Latest-Specification-LNG-Carriers-Delivering-in-2028-and-2029.html
set,49a6acac-790b-41a2-9c9d-1fee8a12beb9,Price currency,USD
