original order in sheet,IMO number,IMO number [ref],Name,Name [ref],Notes,Other names,Other names [ref],Hull number,Hull number [ref],Status,Researcher,Last updated,Status [ref],Shipowner,Shipowner [ref],Shipowner country/area,Shipowner country/area [ref],Shipbuilder,Shipbuilder [ref],Shipbuilder yard country/area,Shipbuilder yard country/area [ref],Yard location latitude,Yard location longitude,Yard location plus code,Yard location accuracy,Yard location lat/lon [ref],Capacity,Capacity units,Capacity [ref],Cargo type,Cargo type [ref],Vessel type,Vessel type [ref],Propulsion type,Propulsion type [ref],Delivery year,Delivery year [ref],Delivery delayed,Previous delivery year(s),Previous delivery year(s) [ref],[Original source],Operator/charterer,Operator/charterer [ref],Contract date,Contract date [ref],Price,Price currency,Price [ref]
6,9904704,https://www.igu.org/igu-reports/2025-world-lng-report,Konstantin Posiet,"https://www.shipvault.com/ships/431882, https://shipvaultapi-gjb8c.ondigitalocean.app/api/units/431882","this was part of Arctic LNG 2, which has been sanctioned; IGU originally says 2025 delivery but BL is moving to 2026 for now",Hull 045 (Zvezda),"https://www.datocms-assets.com/146580/1763396210-1747916410-igu-world-lng-report-2025.pdf, https://www.datocms-assets.com/146580/1783403747-igu-world-lng-report-2026.pdf",Hull 045 (Zvezda),https://www.igu.org/igu-reports/2025-world-lng-report,active,GEM,12/31/2024,"https://www.shipvault.com/ships/431882, https://shipvaultapi-gjb8c.ondigitalocean.app/api/units/431882",Smart LNG,https://www.igu.org/igu-reports/2025-world-lng-report,Russia,https://2021-2025.state.gov/imposing-measures-in-response-to-navalnys-death-and-two-years-of-russias-full-scale-war-against-ukraine/,Zvezda Shipbuilding,https://www.igu.org/igu-reports/2025-world-lng-report,Russia,https://www.sskzvezda.ru/,43.12037,132.3456,"48CW+88 Bolshoy Kamen, Primorsky Krai, Russia",exact,"https://www.google.com/maps/place/%D0%A1%D0%A1%D0%9A+%C2%AB%D0%97%D0%B2%D0%B5%D0%B7%D0%B4%D0%B0%C2%BB/@43.121004,132.34029,643m/data=!3m1!1e3!4m15!1m7!2m6!1sZvezda+Shipbuilding!3m4!2s39.890604,+-75.188622!4m2!1d-75.1886219!2d39.8906036!3m6!1s0x5fb3c2dbb55ec52d:0x1380efacbe890818!8m2!3d43.1207847!4d132.3458251!15sChNadmV6ZGEgU2hpcGJ1aWxkaW5nkgEIc2hpcHlhcmTgAQA!16s%2Fg%2F11f03_n1zt?entry=ttu&g_ep=EgoyMDI1MTIwMi4wIKXMDSoASAFQAw%3D%3D",172600,cbm,https://www.igu.org/igu-reports/2025-world-lng-report,membrane,"https://www.gtt.fr/news/gtt-receives-order-zvezda-tank-design-five-arc7-ice-breaking-lng-carriers, https://www.gtt.fr/news/gtt-entrusted-zvezda-tank-design-ten-arc7-ice-breaking-lng-carriers, https://www.rivieramm.com/news-content-hub/news-content-hub/gtt-tanks-chosen-for-first-15-russian-built-arctic-lng-carriers-61483",icebreaker,"https://www.novatek.ru/en/press/releases/index.php?id_4=4224, https://www.lngindustry.com/lng-shipping/11022020/smart-lng-signs-agreement-for-financing-of-icebreaking-lng-carriers/",DFDE,https://www.igu.org/igu-reports/2025-world-lng-report,2026,https://www.rivieramm.com/news-content-hub/news-content-hub/fleet-of-ice-breaking-carriers-propel-russiarsquos-arctic-lng-ambitions-61509,,,,IGU,Arctic LNG 2 LLC,"https://www.novatek.ru/en/press/releases/index.php?id_4=4224, https://www.lngindustry.com/lng-shipping/11022020/smart-lng-signs-agreement-for-financing-of-icebreaking-lng-carriers/, https://www.offshore-energy.biz/smart-lng-pens-lease-financing-deal-for-4-lng-carriers/",,,,,
19,9953262,https://www.igu.org/igu-reports/2025-world-lng-report,Hlaitan,https://www.igu.org/igu-reports/2025-world-lng-report,,Hull 1792A (Hudong),https://www.datocms-assets.com/146580/1783403747-igu-world-lng-report-2026.pdf,Hull 1792A,https://www.igu.org/igu-reports/2025-world-lng-report,active,GEM,12/31/2024,https://www.igu.org/igu-reports/2025-world-lng-report,MOL,https://www.igu.org/igu-reports/2025-world-lng-report,Japan,https://www.mol.co.jp/en/,Hudong-Zhonghua Shipbuilding,https://www.igu.org/igu-reports/2025-world-lng-report,China,https://www.shipyards.gr/shipyards/new-buildings-shipyards/newbuilding-farest-pacific-ocean/newbuilding-far-east-china-sea/china-south/hudong-zhonghua-shipbuilding-group-coltd,31.271988,121.575478,"7HCG+R4 Pudong, Shanghai, China",exact,"https://www.google.com/maps/place/Hudong-Zhonghua+Shipbuilding/@31.2720706,121.5727207,753m/data=!3m2!1e3!4b1!4m6!3m5!1s0x35b2742eceeb203d:0x37fddc7176d2cc24!8m2!3d31.2720706!4d121.5752956!16s%2Fg%2F1td0qx6d?entry=ttu&g_ep=EgoyMDI1MTIwMi4wIKXMDSoASAFQAw%3D%3D",174000,cbm,https://www.igu.org/igu-reports/2025-world-lng-report,membrane,https://www.igu.org/igu-reports/2025-world-lng-report,conventional,https://www.igu.org/igu-reports/2025-world-lng-report,X-DF,https://www.igu.org/igu-reports/2025-world-lng-report,2024,https://www.igu.org/igu-reports/2025-world-lng-report,,,,IGU,QatarEnergy,"https://www.bairdmaritime.com/shipping/tankers/gas/qatarenergy-names-newest-174000cbm-lng-carrier, https://www.bairdmaritime.com/shipping/tankers/gas/qatarenergy-names-newest-174000cbm-lng-carrier",,,,,
21,9958664,https://www.igu.org/igu-reports/2025-world-lng-report,Kongtong,https://www.igu.org/igu-reports/2025-world-lng-report,,Hull 1836A (Hudong),https://www.datocms-assets.com/146580/1783403747-igu-world-lng-report-2026.pdf,Hull 1836A,https://www.igu.org/igu-reports/2025-world-lng-report,active,GEM,12/31/2024,https://www.igu.org/igu-reports/2025-world-lng-report,United Liquefied Gas,https://www.igu.org/igu-reports/2025-world-lng-report,Hong Kong,"https://www1.hkexnews.hk/listedco/listconews/sehk/2020/0630/2020063001526.pdf, https://www.dnb.com/business-directory/company-profiles.united_liquefied_gas_shipping_(hong_kong)_co_limited.3a59504491a60237f6ee20cb8547ee65.html",Hudong-Zhonghua Shipbuilding,https://www.igu.org/igu-reports/2025-world-lng-report,China,https://www.shipyards.gr/shipyards/new-buildings-shipyards/newbuilding-farest-pacific-ocean/newbuilding-far-east-china-sea/china-south/hudong-zhonghua-shipbuilding-group-coltd,31.271988,121.575478,"7HCG+R4 Pudong, Shanghai, China",exact,"https://www.google.com/maps/place/Hudong-Zhonghua+Shipbuilding/@31.2720706,121.5727207,753m/data=!3m2!1e3!4b1!4m6!3m5!1s0x35b2742eceeb203d:0x37fddc7176d2cc24!8m2!3d31.2720706!4d121.5752956!16s%2Fg%2F1td0qx6d?entry=ttu&g_ep=EgoyMDI1MTIwMi4wIKXMDSoASAFQAw%3D%3D",174000,cbm,https://www.igu.org/igu-reports/2025-world-lng-report,membrane,https://www.igu.org/igu-reports/2025-world-lng-report,conventional,https://www.igu.org/igu-reports/2025-world-lng-report,X-DF,https://www.igu.org/igu-reports/2025-world-lng-report,2024,https://www.igu.org/igu-reports/2025-world-lng-report,,,,IGU,,,,,,,
23,9961489,https://www.igu.org/igu-reports/2025-world-lng-report,Greenergy Pearl,https://www.igu.org/igu-reports/2025-world-lng-report,,Hull 1881A (Hudong),https://www.datocms-assets.com/146580/1783403747-igu-world-lng-report-2026.pdf,Hull 1881A,https://www.igu.org/igu-reports/2025-world-lng-report,active,GEM,12/31/2024,https://www.igu.org/igu-reports/2025-world-lng-report,MOL,https://www.igu.org/igu-reports/2025-world-lng-report,Japan,"https://www.mol.co.jp/en/corporate/profile/, https://en.wikipedia.org/wiki/Mitsui_O.S.K._Lines",Hudong-Zhonghua Shipbuilding,https://www.igu.org/igu-reports/2025-world-lng-report,China,https://www.shipyards.gr/shipyards/new-buildings-shipyards/newbuilding-farest-pacific-ocean/newbuilding-far-east-china-sea/china-south/hudong-zhonghua-shipbuilding-group-coltd,31.271988,121.575478,"7HCG+R4 Pudong, Shanghai, China",exact,"https://www.google.com/maps/place/Hudong-Zhonghua+Shipbuilding/@31.2720706,121.5727207,753m/data=!3m2!1e3!4b1!4m6!3m5!1s0x35b2742eceeb203d:0x37fddc7176d2cc24!8m2!3d31.2720706!4d121.5752956!16s%2Fg%2F1td0qx6d?entry=ttu&g_ep=EgoyMDI1MTIwMi4wIKXMDSoASAFQAw%3D%3D",174000,cbm,https://www.igu.org/igu-reports/2025-world-lng-report,membrane,https://www.igu.org/igu-reports/2025-world-lng-report,conventional,https://www.igu.org/igu-reports/2025-world-lng-report,X-DF,https://www.igu.org/igu-reports/2025-world-lng-report,2024,https://www.igu.org/igu-reports/2025-world-lng-report,,,,IGU,,,,,,,
24,9903425,https://www.igu.org/igu-reports/2025-world-lng-report,Pacific Success,https://www.igu.org/igu-reports/2025-world-lng-report,,Hull 2315 (SHI),https://www.datocms-assets.com/146580/1783403747-igu-world-lng-report-2026.pdf,Hull 2315,https://www.igu.org/igu-reports/2025-world-lng-report,active,GEM,12/31/2024,https://www.igu.org/igu-reports/2025-world-lng-report,Sinokor Maritime Co Ltd,https://www.igu.org/igu-reports/2025-world-lng-report,South Korea,"https://www.emis.com/php/company-profile/KR/Sinokor_Maritime_CoLtd_en_3936625.html, https://magicport.ai/owners-managers/south-korea/sinokor-maritime-co-ltd",Samsung Heavy Industries,https://www.igu.org/igu-reports/2025-world-lng-report,South Korea,https://www.samsungshi.com/En/Default.aspx,34.89804,128.6045,"VJW3+QV Geoje-si, Gyeongsangnam-do",exact,https://www.google.com/maps/place/Samsung+Heavy+industries/data=!3m1!1e3!4m10!1m2!2m1!1ssamsung+heavy+industries!3m6!1s0x356ecd83691a8fb5:0xd4204e9a1bb0ef10!8m2!3d34.8969682!4d128.6046376!15sChhzYW1zdW5nIGhlYXZ5IGluZHVzdHJpZXOSAQhzaGlweWFyZOABAA!16s%2Fg%2F1tgcpry6?entry=ttu&g_ep=EgoyMDI1MTIwMi4wIKXMDSoASAFQAw%3D%3D,174000,cbm,https://www.igu.org/igu-reports/2025-world-lng-report,membrane,https://www.igu.org/igu-reports/2025-world-lng-report,conventional,https://www.igu.org/igu-reports/2025-world-lng-report,X-DF,https://www.igu.org/igu-reports/2025-world-lng-report,2024,https://www.igu.org/igu-reports/2025-world-lng-report,,,,IGU,,,,,,,
25,9903437,https://www.igu.org/igu-reports/2025-world-lng-report,Atlantic Success,"https://www.shipvault.com/ships/432642, https://shipvaultapi-gjb8c.ondigitalocean.app/api/units/432642",,Hull 2316 (SHI),"https://www.shipvault.com/ships/432642, https://shipvaultapi-gjb8c.ondigitalocean.app/api/units/432642",Hull 2316 (SHI),https://www.igu.org/igu-reports/2025-world-lng-report,on order,GEM,12/31/2024,https://www.igu.org/igu-reports/2025-world-lng-report,Sinokor Maritime Co Ltd,https://www.igu.org/igu-reports/2025-world-lng-report,South Korea,"https://www.emis.com/php/company-profile/KR/Sinokor_Maritime_CoLtd_en_3936625.html, https://magicport.ai/owners-managers/south-korea/sinokor-maritime-co-ltd",Samsung Heavy Industries,https://www.igu.org/igu-reports/2025-world-lng-report,South Korea,https://www.samsungshi.com/En/Default.aspx,34.89804,128.6045,"VJW3+QV Geoje-si, Gyeongsangnam-do",exact,https://www.google.com/maps/place/Samsung+Heavy+industries/data=!3m1!1e3!4m10!1m2!2m1!1ssamsung+heavy+industries!3m6!1s0x356ecd83691a8fb5:0xd4204e9a1bb0ef10!8m2!3d34.8969682!4d128.6046376!15sChhzYW1zdW5nIGhlYXZ5IGluZHVzdHJpZXOSAQhzaGlweWFyZOABAA!16s%2Fg%2F1tgcpry6?entry=ttu&g_ep=EgoyMDI1MTIwMi4wIKXMDSoASAFQAw%3D%3D,174000,cbm,https://www.igu.org/igu-reports/2025-world-lng-report,membrane,inferred,conventional,inferred,X-DF,https://www.igu.org/igu-reports/2025-world-lng-report,2026,https://www.igu.org/igu-reports/2025-world-lng-report,,,,IGU,,,,,,,
26,9903449,https://www.igu.org/igu-reports/2025-world-lng-report,Mediterranean Success,"https://www.shipvault.com/ships/432643, https://shipvaultapi-gjb8c.ondigitalocean.app/api/units/432643",,Hull 2317 (SHI),"https://www.shipvault.com/ships/432643, https://shipvaultapi-gjb8c.ondigitalocean.app/api/units/432643",Hull 2317 (SHI),https://www.igu.org/igu-reports/2025-world-lng-report,on order,GEM,12/31/2024,https://www.igu.org/igu-reports/2025-world-lng-report,Sinokor Maritime Co Ltd,https://www.igu.org/igu-reports/2025-world-lng-report,South Korea,"https://www.emis.com/php/company-profile/KR/Sinokor_Maritime_CoLtd_en_3936625.html, https://magicport.ai/owners-managers/south-korea/sinokor-maritime-co-ltd",Samsung Heavy Industries,https://www.igu.org/igu-reports/2025-world-lng-report,South Korea,https://www.samsungshi.com/En/Default.aspx,34.89804,128.6045,"VJW3+QV Geoje-si, Gyeongsangnam-do",exact,https://www.google.com/maps/place/Samsung+Heavy+industries/data=!3m1!1e3!4m10!1m2!2m1!1ssamsung+heavy+industries!3m6!1s0x356ecd83691a8fb5:0xd4204e9a1bb0ef10!8m2!3d34.8969682!4d128.6046376!15sChhzYW1zdW5nIGhlYXZ5IGluZHVzdHJpZXOSAQhzaGlweWFyZOABAA!16s%2Fg%2F1tgcpry6?entry=ttu&g_ep=EgoyMDI1MTIwMi4wIKXMDSoASAFQAw%3D%3D,174000,cbm,https://www.igu.org/igu-reports/2025-world-lng-report,membrane,inferred,conventional,inferred,X-DF,https://www.igu.org/igu-reports/2025-world-lng-report,2027,https://www.igu.org/igu-reports/2025-world-lng-report,,,,IGU,,,,,,,
27,9903451,https://www.igu.org/igu-reports/2025-world-lng-report,Caribbean Success,"https://www.shipvault.com/ships/432644, https://shipvaultapi-gjb8c.ondigitalocean.app/api/units/432644",,Hull 2318 (SHI),"https://www.shipvault.com/ships/432644, https://shipvaultapi-gjb8c.ondigitalocean.app/api/units/432644",Hull 2318 (SHI),https://www.igu.org/igu-reports/2025-world-lng-report,on order,GEM,12/31/2024,https://www.igu.org/igu-reports/2025-world-lng-report,Sinokor Maritime Co Ltd,https://www.igu.org/igu-reports/2025-world-lng-report,South Korea,"https://www.emis.com/php/company-profile/KR/Sinokor_Maritime_CoLtd_en_3936625.html, https://magicport.ai/owners-managers/south-korea/sinokor-maritime-co-ltd",Samsung Heavy Industries,https://www.igu.org/igu-reports/2025-world-lng-report,South Korea,https://www.samsungshi.com/En/Default.aspx,34.89804,128.6045,"VJW3+QV Geoje-si, Gyeongsangnam-do",exact,https://www.google.com/maps/place/Samsung+Heavy+industries/data=!3m1!1e3!4m10!1m2!2m1!1ssamsung+heavy+industries!3m6!1s0x356ecd83691a8fb5:0xd4204e9a1bb0ef10!8m2!3d34.8969682!4d128.6046376!15sChhzYW1zdW5nIGhlYXZ5IGluZHVzdHJpZXOSAQhzaGlweWFyZOABAA!16s%2Fg%2F1tgcpry6?entry=ttu&g_ep=EgoyMDI1MTIwMi4wIKXMDSoASAFQAw%3D%3D,174000,cbm,https://www.igu.org/igu-reports/2025-world-lng-report,membrane,inferred,conventional,inferred,X-DF,https://www.igu.org/igu-reports/2025-world-lng-report,2027,https://www.igu.org/igu-reports/2025-world-lng-report,,,,IGU,,,,,,,
39,9961398,https://www.igu.org/igu-reports/2025-world-lng-report,Maran Gas Syros,https://www.vesselfinder.com/vessels/details/9961398,,Hull 2537 (Hanwha),https://www.datocms-assets.com/146580/1783403747-igu-world-lng-report-2026.pdf,Hull 2537 (Hanwha),https://www.marinevesseltraffic.com/vessels/HANWHA-OCEAN-2537/CURRENT-POSITION/9961398/1,active,GEM,12/31/2024,https://www.vesselfinder.com/vessels/details/9961398,Maran Gas Maritime,https://www.igu.org/igu-reports/2025-world-lng-report,Greece,"https://www.sigtto.org/membership/member-stories/maran-gas-maritime-inc-mgm/, https://magicport.ai/owners-managers/greece/maran-gas-maritime-inc",Hanwha Ocean,https://www.igu.org/igu-reports/2025-world-lng-report,South Korea,https://www.hanwha.com/companies/hanwha-ocean.do,34.87385,128.6966,"VMCW+V7 Geoje-si, Gyeongsangnam-do",exact,https://www.google.com/maps/place/Hanwha+Ocean/data=!3m1!1e3!4m10!1m2!2m1!1sHanwha+Ocean!3m6!1s0x356ecd1d7a72f7db:0x3bfe90e7d8bf93f0!8m2!3d34.8721913!4d128.6956963!15sCgxIYW53aGEgT2NlYW5aDiIMaGFud2hhIG9jZWFukgEfc2hpcGJ1aWxkaW5nX2FuZF9yZXBhaXJfY29tcGFueZoBI0NoWkRTVWhOTUc5blMwVkpRMEZuVFVSUmRYVkVTMWhuRUFF4AEA-gEECAAQLA!16s%2Fg%2F11swmd6_76?entry=ttu&g_ep=EgoyMDI1MTIwMi4wIKXMDSoASAFQAw%3D%3D,174000,cbm,https://www.igu.org/igu-reports/2025-world-lng-report,membrane,https://www.datocms-assets.com/146580/1783403747-igu-world-lng-report-2026.pdf,conventional,https://www.datocms-assets.com/146580/1783403747-igu-world-lng-report-2026.pdf,ME-GI,https://www.igu.org/igu-reports/2025-world-lng-report,2025,https://www.igu.org/igu-reports/2025-world-lng-report,,,,IGU,,,,,,,
43,9970569,https://www.igu.org/igu-reports/2025-world-lng-report,Venture Pelican,"https://www.shipvault.com/ships/455308, https://shipvaultapi-gjb8c.ondigitalocean.app/api/units/455308",,Hull 2541 (Hanwha),"https://www.shipvault.com/ships/455308, https://shipvaultapi-gjb8c.ondigitalocean.app/api/units/455308",Hull 2541 (Hanwha),https://www.igu.org/igu-reports/2025-world-lng-report,active,GEM,12/31/2024,"https://www.shipvault.com/ships/455308, https://shipvaultapi-gjb8c.ondigitalocean.app/api/units/455308",Venture Global,https://www.igu.org/igu-reports/2025-world-lng-report,,,Hanwha Ocean,https://www.igu.org/igu-reports/2025-world-lng-report,South Korea,https://www.hanwha.com/companies/hanwha-ocean.do,34.87385,128.6966,"VMCW+V7 Geoje-si, Gyeongsangnam-do",exact,https://www.google.com/maps/place/Hanwha+Ocean/data=!3m1!1e3!4m10!1m2!2m1!1sHanwha+Ocean!3m6!1s0x356ecd1d7a72f7db:0x3bfe90e7d8bf93f0!8m2!3d34.8721913!4d128.6956963!15sCgxIYW53aGEgT2NlYW5aDiIMaGFud2hhIG9jZWFukgEfc2hpcGJ1aWxkaW5nX2FuZF9yZXBhaXJfY29tcGFueZoBI0NoWkRTVWhOTUc5blMwVkpRMEZuVFVSUmRYVkVTMWhuRUFF4AEA-gEECAAQLA!16s%2Fg%2F11swmd6_76?entry=ttu&g_ep=EgoyMDI1MTIwMi4wIKXMDSoASAFQAw%3D%3D,200000,cbm,https://www.igu.org/igu-reports/2025-world-lng-report,membrane,https://www.datocms-assets.com/146580/1783403747-igu-world-lng-report-2026.pdf,conventional,https://www.datocms-assets.com/146580/1783403747-igu-world-lng-report-2026.pdf,ME-GA,https://www.datocms-assets.com/146580/1783403747-igu-world-lng-report-2026.pdf,2025,"https://www.shipvault.com/ships/455308, https://shipvaultapi-gjb8c.ondigitalocean.app/api/units/455308",,,,IGU,,,,,,,
44,9970571,https://www.igu.org/igu-reports/2025-world-lng-report,Venture Iberia,"https://www.shipvault.com/ships/455309, https://shipvaultapi-gjb8c.ondigitalocean.app/api/units/455309",,Hull 2542 (Hanwha),"https://www.shipvault.com/ships/455309, https://shipvaultapi-gjb8c.ondigitalocean.app/api/units/455309",Hull 2542 (Hanwha),https://www.igu.org/igu-reports/2025-world-lng-report,active,GEM,12/31/2024,"https://www.shipvault.com/ships/455309, https://shipvaultapi-gjb8c.ondigitalocean.app/api/units/455309",Venture Global,https://www.igu.org/igu-reports/2025-world-lng-report,,,Hanwha Ocean,https://www.igu.org/igu-reports/2025-world-lng-report,South Korea,https://www.hanwha.com/companies/hanwha-ocean.do,34.87385,128.6966,"VMCW+V7 Geoje-si, Gyeongsangnam-do",exact,https://www.google.com/maps/place/Hanwha+Ocean/data=!3m1!1e3!4m10!1m2!2m1!1sHanwha+Ocean!3m6!1s0x356ecd1d7a72f7db:0x3bfe90e7d8bf93f0!8m2!3d34.8721913!4d128.6956963!15sCgxIYW53aGEgT2NlYW5aDiIMaGFud2hhIG9jZWFukgEfc2hpcGJ1aWxkaW5nX2FuZF9yZXBhaXJfY29tcGFueZoBI0NoWkRTVWhOTUc5blMwVkpRMEZuVFVSUmRYVkVTMWhuRUFF4AEA-gEECAAQLA!16s%2Fg%2F11swmd6_76?entry=ttu&g_ep=EgoyMDI1MTIwMi4wIKXMDSoASAFQAw%3D%3D,174000,cbm,https://www.datocms-assets.com/146580/1783403747-igu-world-lng-report-2026.pdf,membrane,https://www.datocms-assets.com/146580/1783403747-igu-world-lng-report-2026.pdf,conventional,https://www.datocms-assets.com/146580/1783403747-igu-world-lng-report-2026.pdf,ME-GA,https://www.datocms-assets.com/146580/1783403747-igu-world-lng-report-2026.pdf,2025,"https://www.shipvault.com/ships/455309, https://shipvaultapi-gjb8c.ondigitalocean.app/api/units/455309",,,,IGU,,,,,,,
45,9970583,https://www.igu.org/igu-reports/2025-world-lng-report,Venture Cameron,"https://www.shipvault.com/ships/455310, https://shipvaultapi-gjb8c.ondigitalocean.app/api/units/455310",,Hull 2543 (Hanwha),"https://www.shipvault.com/ships/455310, https://shipvaultapi-gjb8c.ondigitalocean.app/api/units/455310",Hull 2543 (Hanwha),https://www.igu.org/igu-reports/2025-world-lng-report,active,GEM,12/31/2024,"https://www.shipvault.com/ships/455310, https://shipvaultapi-gjb8c.ondigitalocean.app/api/units/455310",Venture Global,https://www.igu.org/igu-reports/2025-world-lng-report,,,Hanwha Ocean,https://www.igu.org/igu-reports/2025-world-lng-report,South Korea,https://www.hanwha.com/companies/hanwha-ocean.do,34.87385,128.6966,"VMCW+V7 Geoje-si, Gyeongsangnam-do",exact,https://www.google.com/maps/place/Hanwha+Ocean/data=!3m1!1e3!4m10!1m2!2m1!1sHanwha+Ocean!3m6!1s0x356ecd1d7a72f7db:0x3bfe90e7d8bf93f0!8m2!3d34.8721913!4d128.6956963!15sCgxIYW53aGEgT2NlYW5aDiIMaGFud2hhIG9jZWFukgEfc2hpcGJ1aWxkaW5nX2FuZF9yZXBhaXJfY29tcGFueZoBI0NoWkRTVWhOTUc5blMwVkpRMEZuVFVSUmRYVkVTMWhuRUFF4AEA-gEECAAQLA!16s%2Fg%2F11swmd6_76?entry=ttu&g_ep=EgoyMDI1MTIwMi4wIKXMDSoASAFQAw%3D%3D,200000,cbm,https://www.igu.org/igu-reports/2025-world-lng-report,,,conventional,https://www.datocms-assets.com/146580/1783403747-igu-world-lng-report-2026.pdf,ME-GI,https://www.igu.org/igu-reports/2025-world-lng-report,2026,https://www.igu.org/igu-reports/2025-world-lng-report,,,,IGU,,,,,,,
47,9976939,https://www.igu.org/igu-reports/2025-world-lng-report,Al Kharrarah,"https://www.shipvault.com/ships/457495, https://shipvaultapi-gjb8c.ondigitalocean.app/api/units/457495",,Hull 2549 (Hanwha),"https://www.shipvault.com/ships/457495, https://shipvaultapi-gjb8c.ondigitalocean.app/api/units/457495",Hull 2549 (Hanwha),https://www.igu.org/igu-reports/2025-world-lng-report,active,GEM,12/31/2024,"https://www.shipvault.com/ships/457495, https://shipvaultapi-gjb8c.ondigitalocean.app/api/units/457495",K3 Consortium,https://www.igu.org/igu-reports/2025-world-lng-report,,,Hanwha Ocean,https://www.igu.org/igu-reports/2025-world-lng-report,South Korea,https://www.hanwha.com/companies/hanwha-ocean.do,34.87385,128.6966,"VMCW+V7 Geoje-si, Gyeongsangnam-do",exact,https://www.google.com/maps/place/Hanwha+Ocean/data=!3m1!1e3!4m10!1m2!2m1!1sHanwha+Ocean!3m6!1s0x356ecd1d7a72f7db:0x3bfe90e7d8bf93f0!8m2!3d34.8721913!4d128.6956963!15sCgxIYW53aGEgT2NlYW5aDiIMaGFud2hhIG9jZWFukgEfc2hpcGJ1aWxkaW5nX2FuZF9yZXBhaXJfY29tcGFueZoBI0NoWkRTVWhOTUc5blMwVkpRMEZuVFVSUmRYVkVTMWhuRUFF4AEA-gEECAAQLA!16s%2Fg%2F11swmd6_76?entry=ttu&g_ep=EgoyMDI1MTIwMi4wIKXMDSoASAFQAw%3D%3D,174000,cbm,https://www.igu.org/igu-reports/2025-world-lng-report,membrane,https://www.datocms-assets.com/146580/1783403747-igu-world-lng-report-2026.pdf,conventional,https://www.datocms-assets.com/146580/1783403747-igu-world-lng-report-2026.pdf,ME-GA,https://www.igu.org/igu-reports/2025-world-lng-report,2025,"https://www.shipvault.com/ships/457495, https://shipvaultapi-gjb8c.ondigitalocean.app/api/units/457495",,,,IGU,,,,,,,
48,9970674,https://www.igu.org/igu-reports/2025-world-lng-report,Archy Vanguard,"https://www.shipvault.com/ships/464056, https://shipvaultapi-gjb8c.ondigitalocean.app/api/units/464056",,Hull 2550 (Hanwha),"https://www.shipvault.com/ships/464056, https://shipvaultapi-gjb8c.ondigitalocean.app/api/units/464056",Hull 2550 (Hanwha),https://www.igu.org/igu-reports/2025-world-lng-report,active,GEM,12/31/2024,"https://www.shipvault.com/ships/464056, https://shipvaultapi-gjb8c.ondigitalocean.app/api/units/464056",MOL,https://www.igu.org/igu-reports/2025-world-lng-report,,,Hanwha Ocean,https://www.igu.org/igu-reports/2025-world-lng-report,South Korea,https://www.hanwha.com/companies/hanwha-ocean.do,34.87385,128.6966,"VMCW+V7 Geoje-si, Gyeongsangnam-do",exact,https://www.google.com/maps/place/Hanwha+Ocean/data=!3m1!1e3!4m10!1m2!2m1!1sHanwha+Ocean!3m6!1s0x356ecd1d7a72f7db:0x3bfe90e7d8bf93f0!8m2!3d34.8721913!4d128.6956963!15sCgxIYW53aGEgT2NlYW5aDiIMaGFud2hhIG9jZWFukgEfc2hpcGJ1aWxkaW5nX2FuZF9yZXBhaXJfY29tcGFueZoBI0NoWkRTVWhOTUc5blMwVkpRMEZuVFVSUmRYVkVTMWhuRUFF4AEA-gEECAAQLA!16s%2Fg%2F11swmd6_76?entry=ttu&g_ep=EgoyMDI1MTIwMi4wIKXMDSoASAFQAw%3D%3D,174000,cbm,https://www.igu.org/igu-reports/2025-world-lng-report,membrane,https://www.datocms-assets.com/146580/1783403747-igu-world-lng-report-2026.pdf,conventional,https://www.datocms-assets.com/146580/1783403747-igu-world-lng-report-2026.pdf,ME-GA,https://www.igu.org/igu-reports/2025-world-lng-report,2025,"https://www.shipvault.com/ships/464056, https://shipvaultapi-gjb8c.ondigitalocean.app/api/units/464056",,,,IGU,,,,,,,
49,9970686,https://www.igu.org/igu-reports/2025-world-lng-report,Harmonic Breeze,"https://www.shipvault.com/ships/459086, https://shipvaultapi-gjb8c.ondigitalocean.app/api/units/459086",IGU says 2025 delivery but public sources say 2026,Hull 2551 (Hanwha),"https://www.shipvault.com/ships/459086, https://shipvaultapi-gjb8c.ondigitalocean.app/api/units/459086",Hull 2551 (Hanwha),https://www.igu.org/igu-reports/2025-world-lng-report,active,GEM,12/18/2025,"https://www.shipvault.com/ships/459086, https://shipvaultapi-gjb8c.ondigitalocean.app/api/units/459086",MOL,https://www.igu.org/igu-reports/2025-world-lng-report,,,Hanwha Ocean,https://www.igu.org/igu-reports/2025-world-lng-report,South Korea,https://www.hanwha.com/companies/hanwha-ocean.do,34.87385,128.6966,"VMCW+V7 Geoje-si, Gyeongsangnam-do",exact,https://www.google.com/maps/place/Hanwha+Ocean/data=!3m1!1e3!4m10!1m2!2m1!1sHanwha+Ocean!3m6!1s0x356ecd1d7a72f7db:0x3bfe90e7d8bf93f0!8m2!3d34.8721913!4d128.6956963!15sCgxIYW53aGEgT2NlYW5aDiIMaGFud2hhIG9jZWFukgEfc2hpcGJ1aWxkaW5nX2FuZF9yZXBhaXJfY29tcGFueZoBI0NoWkRTVWhOTUc5blMwVkpRMEZuVFVSUmRYVkVTMWhuRUFF4AEA-gEECAAQLA!16s%2Fg%2F11swmd6_76?entry=ttu&g_ep=EgoyMDI1MTIwMi4wIKXMDSoASAFQAw%3D%3D,174000,cbm,https://www.igu.org/igu-reports/2025-world-lng-report,,,conventional,https://www.datocms-assets.com/146580/1783403747-igu-world-lng-report-2026.pdf,ME-GA,https://www.igu.org/igu-reports/2025-world-lng-report,2026,https://system.new-vessels.com/Ship-15954543-.html,,,,IGU,,,,,,,
50,9974606,https://www.igu.org/igu-reports/2025-world-lng-report,Lake Modro,"https://www.shipvault.com/ships/457498, https://shipvaultapi-gjb8c.ondigitalocean.app/api/units/457498",,Hull 2552 (Hanwha),"https://www.shipvault.com/ships/457498, https://shipvaultapi-gjb8c.ondigitalocean.app/api/units/457498",Hull 2552 (Hanwha),https://www.igu.org/igu-reports/2025-world-lng-report,active,GEM,12/31/2024,"https://www.shipvault.com/ships/457498, https://shipvaultapi-gjb8c.ondigitalocean.app/api/units/457498",Maran Gas Maritime,https://www.igu.org/igu-reports/2025-world-lng-report,,,Hanwha Ocean,https://www.igu.org/igu-reports/2025-world-lng-report,South Korea,https://www.hanwha.com/companies/hanwha-ocean.do,34.87385,128.6966,"VMCW+V7 Geoje-si, Gyeongsangnam-do",exact,https://www.google.com/maps/place/Hanwha+Ocean/data=!3m1!1e3!4m10!1m2!2m1!1sHanwha+Ocean!3m6!1s0x356ecd1d7a72f7db:0x3bfe90e7d8bf93f0!8m2!3d34.8721913!4d128.6956963!15sCgxIYW53aGEgT2NlYW5aDiIMaGFud2hhIG9jZWFukgEfc2hpcGJ1aWxkaW5nX2FuZF9yZXBhaXJfY29tcGFueZoBI0NoWkRTVWhOTUc5blMwVkpRMEZuVFVSUmRYVkVTMWhuRUFF4AEA-gEECAAQLA!16s%2Fg%2F11swmd6_76?entry=ttu&g_ep=EgoyMDI1MTIwMi4wIKXMDSoASAFQAw%3D%3D,174000,cbm,https://www.igu.org/igu-reports/2025-world-lng-report,,,conventional,https://www.datocms-assets.com/146580/1783403747-igu-world-lng-report-2026.pdf,ME-GI,https://www.igu.org/igu-reports/2025-world-lng-report,2026,https://www.igu.org/igu-reports/2025-world-lng-report,,,,IGU,,,,,,,
51,9974618,https://www.igu.org/igu-reports/2025-world-lng-report,Lake Morskie Oko,"https://www.shipvault.com/ships/457499, https://shipvaultapi-gjb8c.ondigitalocean.app/api/units/457499",,Hull 2553 (Hanwha),"https://www.shipvault.com/ships/457499, https://shipvaultapi-gjb8c.ondigitalocean.app/api/units/457499",Hull 2553 (Hanwha),https://www.igu.org/igu-reports/2025-world-lng-report,active,GEM,12/31/2024,"https://www.shipvault.com/ships/457499, https://shipvaultapi-gjb8c.ondigitalocean.app/api/units/457499",Maran Gas Maritime,https://www.igu.org/igu-reports/2025-world-lng-report,,,Hanwha Ocean,https://www.igu.org/igu-reports/2025-world-lng-report,South Korea,https://www.hanwha.com/companies/hanwha-ocean.do,34.87385,128.6966,"VMCW+V7 Geoje-si, Gyeongsangnam-do",exact,https://www.google.com/maps/place/Hanwha+Ocean/data=!3m1!1e3!4m10!1m2!2m1!1sHanwha+Ocean!3m6!1s0x356ecd1d7a72f7db:0x3bfe90e7d8bf93f0!8m2!3d34.8721913!4d128.6956963!15sCgxIYW53aGEgT2NlYW5aDiIMaGFud2hhIG9jZWFukgEfc2hpcGJ1aWxkaW5nX2FuZF9yZXBhaXJfY29tcGFueZoBI0NoWkRTVWhOTUc5blMwVkpRMEZuVFVSUmRYVkVTMWhuRUFF4AEA-gEECAAQLA!16s%2Fg%2F11swmd6_76?entry=ttu&g_ep=EgoyMDI1MTIwMi4wIKXMDSoASAFQAw%3D%3D,174000,cbm,https://www.igu.org/igu-reports/2025-world-lng-report,,,conventional,https://www.datocms-assets.com/146580/1783403747-igu-world-lng-report-2026.pdf,ME-GI,https://www.igu.org/igu-reports/2025-world-lng-report,2026,https://www.igu.org/igu-reports/2025-world-lng-report,,,,IGU,,,,,,,
53,9986051,https://www.igu.org/igu-reports/2025-world-lng-report,Al Sakhamah,"https://www.shipvault.com/ships/465038, https://shipvaultapi-gjb8c.ondigitalocean.app/api/units/465038",,Hull 2559 (Hanwha),"https://www.shipvault.com/ships/465038, https://shipvaultapi-gjb8c.ondigitalocean.app/api/units/465038",Hull 2559 (Hanwha),https://www.igu.org/igu-reports/2025-world-lng-report,active,GEM,12/31/2024,"https://www.shipvault.com/ships/465038, https://shipvaultapi-gjb8c.ondigitalocean.app/api/units/465038",K3 Consortium,https://www.igu.org/igu-reports/2025-world-lng-report,,,Hanwha Ocean,https://www.igu.org/igu-reports/2025-world-lng-report,South Korea,https://www.hanwha.com/companies/hanwha-ocean.do,34.87385,128.6966,"VMCW+V7 Geoje-si, Gyeongsangnam-do",exact,https://www.google.com/maps/place/Hanwha+Ocean/data=!3m1!1e3!4m10!1m2!2m1!1sHanwha+Ocean!3m6!1s0x356ecd1d7a72f7db:0x3bfe90e7d8bf93f0!8m2!3d34.8721913!4d128.6956963!15sCgxIYW53aGEgT2NlYW5aDiIMaGFud2hhIG9jZWFukgEfc2hpcGJ1aWxkaW5nX2FuZF9yZXBhaXJfY29tcGFueZoBI0NoWkRTVWhOTUc5blMwVkpRMEZuVFVSUmRYVkVTMWhuRUFF4AEA-gEECAAQLA!16s%2Fg%2F11swmd6_76?entry=ttu&g_ep=EgoyMDI1MTIwMi4wIKXMDSoASAFQAw%3D%3D,174000,cbm,https://www.igu.org/igu-reports/2025-world-lng-report,membrane,https://www.datocms-assets.com/146580/1783403747-igu-world-lng-report-2026.pdf,conventional,https://www.datocms-assets.com/146580/1783403747-igu-world-lng-report-2026.pdf,ME-GA,https://www.igu.org/igu-reports/2025-world-lng-report,2025,"https://www.shipvault.com/ships/465038, https://shipvaultapi-gjb8c.ondigitalocean.app/api/units/465038",,,,IGU,,,,,,,
54,9986104,https://www.igu.org/igu-reports/2025-world-lng-report,Al Galayel,"https://www.shipvault.com/ships/465040, https://shipvaultapi-gjb8c.ondigitalocean.app/api/units/465040",,Hull 2561 (Hanwha),"https://www.shipvault.com/ships/465040, https://shipvaultapi-gjb8c.ondigitalocean.app/api/units/465040",Hull 2561 (Hanwha),https://www.igu.org/igu-reports/2025-world-lng-report,active,GEM,12/31/2024,"https://www.shipvault.com/ships/465040, https://shipvaultapi-gjb8c.ondigitalocean.app/api/units/465040",K3 Consortium,https://www.igu.org/igu-reports/2025-world-lng-report,,,Hanwha Ocean,https://www.igu.org/igu-reports/2025-world-lng-report,South Korea,https://www.hanwha.com/companies/hanwha-ocean.do,34.87385,128.6966,"VMCW+V7 Geoje-si, Gyeongsangnam-do",exact,https://www.google.com/maps/place/Hanwha+Ocean/data=!3m1!1e3!4m10!1m2!2m1!1sHanwha+Ocean!3m6!1s0x356ecd1d7a72f7db:0x3bfe90e7d8bf93f0!8m2!3d34.8721913!4d128.6956963!15sCgxIYW53aGEgT2NlYW5aDiIMaGFud2hhIG9jZWFukgEfc2hpcGJ1aWxkaW5nX2FuZF9yZXBhaXJfY29tcGFueZoBI0NoWkRTVWhOTUc5blMwVkpRMEZuVFVSUmRYVkVTMWhuRUFF4AEA-gEECAAQLA!16s%2Fg%2F11swmd6_76?entry=ttu&g_ep=EgoyMDI1MTIwMi4wIKXMDSoASAFQAw%3D%3D,174000,cbm,https://www.igu.org/igu-reports/2025-world-lng-report,membrane,https://www.datocms-assets.com/146580/1783403747-igu-world-lng-report-2026.pdf,conventional,https://www.datocms-assets.com/146580/1783403747-igu-world-lng-report-2026.pdf,ME-GA,https://www.igu.org/igu-reports/2025-world-lng-report,2025,"https://www.shipvault.com/ships/465040, https://shipvaultapi-gjb8c.ondigitalocean.app/api/units/465040",,,,IGU,,,,,,,
55,9986063,https://www.igu.org/igu-reports/2025-world-lng-report,Bu Nakhlah,"https://www.shipvault.com/ships/465041, https://shipvaultapi-gjb8c.ondigitalocean.app/api/units/465041",,Hull 2562 (Hanwha),"https://www.shipvault.com/ships/465041, https://shipvaultapi-gjb8c.ondigitalocean.app/api/units/465041",Hull 2562 (Hanwha),https://www.igu.org/igu-reports/2025-world-lng-report,active,GEM,12/31/2024,"https://www.shipvault.com/ships/465041, https://shipvaultapi-gjb8c.ondigitalocean.app/api/units/465041",K3 Consortium,https://www.igu.org/igu-reports/2025-world-lng-report,,,Hanwha Ocean,https://www.igu.org/igu-reports/2025-world-lng-report,South Korea,https://www.hanwha.com/companies/hanwha-ocean.do,34.87385,128.6966,"VMCW+V7 Geoje-si, Gyeongsangnam-do",exact,https://www.google.com/maps/place/Hanwha+Ocean/data=!3m1!1e3!4m10!1m2!2m1!1sHanwha+Ocean!3m6!1s0x356ecd1d7a72f7db:0x3bfe90e7d8bf93f0!8m2!3d34.8721913!4d128.6956963!15sCgxIYW53aGEgT2NlYW5aDiIMaGFud2hhIG9jZWFukgEfc2hpcGJ1aWxkaW5nX2FuZF9yZXBhaXJfY29tcGFueZoBI0NoWkRTVWhOTUc5blMwVkpRMEZuVFVSUmRYVkVTMWhuRUFF4AEA-gEECAAQLA!16s%2Fg%2F11swmd6_76?entry=ttu&g_ep=EgoyMDI1MTIwMi4wIKXMDSoASAFQAw%3D%3D,174000,cbm,https://www.igu.org/igu-reports/2025-world-lng-report,membrane,https://www.datocms-assets.com/146580/1783403747-igu-world-lng-report-2026.pdf,conventional,https://www.datocms-assets.com/146580/1783403747-igu-world-lng-report-2026.pdf,ME-GA,https://www.igu.org/igu-reports/2025-world-lng-report,2025,"https://www.shipvault.com/ships/465041, https://shipvaultapi-gjb8c.ondigitalocean.app/api/units/465041",,,,IGU,,,,,,,
56,9986099,https://www.igu.org/igu-reports/2025-world-lng-report,Al Sene,"https://www.shipvault.com/ships/465042, https://shipvaultapi-gjb8c.ondigitalocean.app/api/units/465042",,Hull 2563 (Hanwha),"https://www.shipvault.com/ships/465042, https://shipvaultapi-gjb8c.ondigitalocean.app/api/units/465042",Hull 2563 (Hanwha),https://www.igu.org/igu-reports/2025-world-lng-report,active,GEM,12/31/2024,"https://www.shipvault.com/ships/465042, https://shipvaultapi-gjb8c.ondigitalocean.app/api/units/465042",K3 Consortium,https://www.igu.org/igu-reports/2025-world-lng-report,,,Hanwha Ocean,https://www.igu.org/igu-reports/2025-world-lng-report,South Korea,https://www.hanwha.com/companies/hanwha-ocean.do,34.87385,128.6966,"VMCW+V7 Geoje-si, Gyeongsangnam-do",exact,https://www.google.com/maps/place/Hanwha+Ocean/data=!3m1!1e3!4m10!1m2!2m1!1sHanwha+Ocean!3m6!1s0x356ecd1d7a72f7db:0x3bfe90e7d8bf93f0!8m2!3d34.8721913!4d128.6956963!15sCgxIYW53aGEgT2NlYW5aDiIMaGFud2hhIG9jZWFukgEfc2hpcGJ1aWxkaW5nX2FuZF9yZXBhaXJfY29tcGFueZoBI0NoWkRTVWhOTUc5blMwVkpRMEZuVFVSUmRYVkVTMWhuRUFF4AEA-gEECAAQLA!16s%2Fg%2F11swmd6_76?entry=ttu&g_ep=EgoyMDI1MTIwMi4wIKXMDSoASAFQAw%3D%3D,174000,cbm,https://www.igu.org/igu-reports/2025-world-lng-report,membrane,https://www.datocms-assets.com/146580/1783403747-igu-world-lng-report-2026.pdf,conventional,https://www.datocms-assets.com/146580/1783403747-igu-world-lng-report-2026.pdf,ME-GA,https://www.igu.org/igu-reports/2025-world-lng-report,2025,"https://www.shipvault.com/ships/465042, https://shipvaultapi-gjb8c.ondigitalocean.app/api/units/465042",,,,IGU,,,,,,,
57,9986116,https://www.igu.org/igu-reports/2025-world-lng-report,Shafallah,"https://www.shipvault.com/ships/465043, https://shipvaultapi-gjb8c.ondigitalocean.app/api/units/465043",,Hull 2564 (Hanwha); QatarGas LNG 37,"https://www.shipvault.com/ships/465043, https://shipvaultapi-gjb8c.ondigitalocean.app/api/units/465043, https://www.datocms-assets.com/146580/1783403747-igu-world-lng-report-2026.pdf",Hull 2564 (Hanwha),https://www.igu.org/igu-reports/2025-world-lng-report,active,GEM,12/31/2024,"https://www.shipvault.com/ships/465043, https://shipvaultapi-gjb8c.ondigitalocean.app/api/units/465043",K3 Consortium,https://www.igu.org/igu-reports/2025-world-lng-report,,,Hanwha Ocean,https://www.igu.org/igu-reports/2025-world-lng-report,South Korea,https://www.hanwha.com/companies/hanwha-ocean.do,34.87385,128.6966,"VMCW+V7 Geoje-si, Gyeongsangnam-do",exact,https://www.google.com/maps/place/Hanwha+Ocean/data=!3m1!1e3!4m10!1m2!2m1!1sHanwha+Ocean!3m6!1s0x356ecd1d7a72f7db:0x3bfe90e7d8bf93f0!8m2!3d34.8721913!4d128.6956963!15sCgxIYW53aGEgT2NlYW5aDiIMaGFud2hhIG9jZWFukgEfc2hpcGJ1aWxkaW5nX2FuZF9yZXBhaXJfY29tcGFueZoBI0NoWkRTVWhOTUc5blMwVkpRMEZuVFVSUmRYVkVTMWhuRUFF4AEA-gEECAAQLA!16s%2Fg%2F11swmd6_76?entry=ttu&g_ep=EgoyMDI1MTIwMi4wIKXMDSoASAFQAw%3D%3D,174000,cbm,https://www.igu.org/igu-reports/2025-world-lng-report,membrane,https://www.datocms-assets.com/146580/1783403747-igu-world-lng-report-2026.pdf,conventional,https://www.datocms-assets.com/146580/1783403747-igu-world-lng-report-2026.pdf,ME-GA,https://www.igu.org/igu-reports/2025-world-lng-report,2025,"https://www.shipvault.com/ships/465043, https://shipvaultapi-gjb8c.ondigitalocean.app/api/units/465043",,,,IGU,,,,,,,
58,9986075,https://www.igu.org/igu-reports/2025-world-lng-report,Hasbah,"https://www.shipvault.com/ships/465044, https://shipvaultapi-gjb8c.ondigitalocean.app/api/units/465044",,Hull 2565 (Hanwha),"https://www.shipvault.com/ships/465044, https://shipvaultapi-gjb8c.ondigitalocean.app/api/units/465044",Hull 2565 (Hanwha),https://www.igu.org/igu-reports/2025-world-lng-report,active,GEM,12/31/2024,"https://www.shipvault.com/ships/465044, https://shipvaultapi-gjb8c.ondigitalocean.app/api/units/465044",K3 Consortium,https://www.igu.org/igu-reports/2025-world-lng-report,,,Hanwha Ocean,https://www.igu.org/igu-reports/2025-world-lng-report,South Korea,https://www.hanwha.com/companies/hanwha-ocean.do,34.87385,128.6966,"VMCW+V7 Geoje-si, Gyeongsangnam-do",exact,https://www.google.com/maps/place/Hanwha+Ocean/data=!3m1!1e3!4m10!1m2!2m1!1sHanwha+Ocean!3m6!1s0x356ecd1d7a72f7db:0x3bfe90e7d8bf93f0!8m2!3d34.8721913!4d128.6956963!15sCgxIYW53aGEgT2NlYW5aDiIMaGFud2hhIG9jZWFukgEfc2hpcGJ1aWxkaW5nX2FuZF9yZXBhaXJfY29tcGFueZoBI0NoWkRTVWhOTUc5blMwVkpRMEZuVFVSUmRYVkVTMWhuRUFF4AEA-gEECAAQLA!16s%2Fg%2F11swmd6_76?entry=ttu&g_ep=EgoyMDI1MTIwMi4wIKXMDSoASAFQAw%3D%3D,174000,cbm,https://www.igu.org/igu-reports/2025-world-lng-report,,,conventional,https://www.datocms-assets.com/146580/1783403747-igu-world-lng-report-2026.pdf,ME-GA,https://www.igu.org/igu-reports/2025-world-lng-report,2026,https://www.igu.org/igu-reports/2025-world-lng-report,,,,IGU,,,,,,,
59,9991850,https://www.igu.org/igu-reports/2025-world-lng-report,Esteem Fuji,https://www.marinetraffic.com/en/ais/details/ships/shipid:9824245/mmsi:249656000/imo:9991850/vessel:ESTEEM%20FUJI,,Hull 2566 (Hanwha),https://www.datocms-assets.com/146580/1783403747-igu-world-lng-report-2026.pdf,Hull 2566 (Hanwha),https://www.igu.org/igu-reports/2025-world-lng-report,active,GEM,12/31/2024,https://www.igu.org/igu-reports/2025-world-lng-report,Meiji Shipping,https://www.igu.org/igu-reports/2025-world-lng-report,,,Hanwha Ocean,https://www.igu.org/igu-reports/2025-world-lng-report,South Korea,https://www.hanwha.com/companies/hanwha-ocean.do,34.87385,128.6966,"VMCW+V7 Geoje-si, Gyeongsangnam-do",exact,https://www.google.com/maps/place/Hanwha+Ocean/data=!3m1!1e3!4m10!1m2!2m1!1sHanwha+Ocean!3m6!1s0x356ecd1d7a72f7db:0x3bfe90e7d8bf93f0!8m2!3d34.8721913!4d128.6956963!15sCgxIYW53aGEgT2NlYW5aDiIMaGFud2hhIG9jZWFukgEfc2hpcGJ1aWxkaW5nX2FuZF9yZXBhaXJfY29tcGFueZoBI0NoWkRTVWhOTUc5blMwVkpRMEZuVFVSUmRYVkVTMWhuRUFF4AEA-gEECAAQLA!16s%2Fg%2F11swmd6_76?entry=ttu&g_ep=EgoyMDI1MTIwMi4wIKXMDSoASAFQAw%3D%3D,174000,cbm,https://www.igu.org/igu-reports/2025-world-lng-report,membrane,https://www.datocms-assets.com/146580/1783403747-igu-world-lng-report-2026.pdf,conventional,https://www.datocms-assets.com/146580/1783403747-igu-world-lng-report-2026.pdf,X-DF,https://www.igu.org/igu-reports/2025-world-lng-report,2025,https://www.marinetraffic.com/en/ais/details/ships/shipid:9824245/mmsi:249656000/imo:9991850/vessel:ESTEEM%20FUJI,,,,IGU,,,,,,,
60,9991862,https://www.igu.org/igu-reports/2025-world-lng-report,Esteem Cormorant,"https://www.shipvault.com/ships/465046, https://shipvaultapi-gjb8c.ondigitalocean.app/api/units/465046",,Hull 2567 (Hanwha),"https://www.shipvault.com/ships/465046, https://shipvaultapi-gjb8c.ondigitalocean.app/api/units/465046",Hull 2567 (Hanwha),https://www.igu.org/igu-reports/2025-world-lng-report,active,GEM,12/31/2024,"https://www.shipvault.com/ships/465046, https://shipvaultapi-gjb8c.ondigitalocean.app/api/units/465046",Meiji Shipping,https://www.igu.org/igu-reports/2025-world-lng-report,,,Hanwha Ocean,https://www.igu.org/igu-reports/2025-world-lng-report,South Korea,https://www.hanwha.com/companies/hanwha-ocean.do,34.87385,128.6966,"VMCW+V7 Geoje-si, Gyeongsangnam-do",exact,https://www.google.com/maps/place/Hanwha+Ocean/data=!3m1!1e3!4m10!1m2!2m1!1sHanwha+Ocean!3m6!1s0x356ecd1d7a72f7db:0x3bfe90e7d8bf93f0!8m2!3d34.8721913!4d128.6956963!15sCgxIYW53aGEgT2NlYW5aDiIMaGFud2hhIG9jZWFukgEfc2hpcGJ1aWxkaW5nX2FuZF9yZXBhaXJfY29tcGFueZoBI0NoWkRTVWhOTUc5blMwVkpRMEZuVFVSUmRYVkVTMWhuRUFF4AEA-gEECAAQLA!16s%2Fg%2F11swmd6_76?entry=ttu&g_ep=EgoyMDI1MTIwMi4wIKXMDSoASAFQAw%3D%3D,174000,cbm,https://www.igu.org/igu-reports/2025-world-lng-report,,,conventional,https://www.datocms-assets.com/146580/1783403747-igu-world-lng-report-2026.pdf,X-DF,https://www.igu.org/igu-reports/2025-world-lng-report,2026,https://www.igu.org/igu-reports/2025-world-lng-report,,,,IGU,,,,,,,
61,9991874,https://www.igu.org/igu-reports/2025-world-lng-report,Esteem Denali,"https://www.shipvault.com/ships/465047, https://shipvaultapi-gjb8c.ondigitalocean.app/api/units/465047",,Hull 2568 (Hanwha),"https://www.shipvault.com/ships/465047, https://shipvaultapi-gjb8c.ondigitalocean.app/api/units/465047",Hull 2568 (Hanwha),https://www.igu.org/igu-reports/2025-world-lng-report,on order,GEM,12/31/2024,https://www.igu.org/igu-reports/2025-world-lng-report,Meiji Shipping,https://www.igu.org/igu-reports/2025-world-lng-report,,,Hanwha Ocean,https://www.igu.org/igu-reports/2025-world-lng-report,South Korea,https://www.hanwha.com/companies/hanwha-ocean.do,34.87385,128.6966,"VMCW+V7 Geoje-si, Gyeongsangnam-do",exact,https://www.google.com/maps/place/Hanwha+Ocean/data=!3m1!1e3!4m10!1m2!2m1!1sHanwha+Ocean!3m6!1s0x356ecd1d7a72f7db:0x3bfe90e7d8bf93f0!8m2!3d34.8721913!4d128.6956963!15sCgxIYW53aGEgT2NlYW5aDiIMaGFud2hhIG9jZWFukgEfc2hpcGJ1aWxkaW5nX2FuZF9yZXBhaXJfY29tcGFueZoBI0NoWkRTVWhOTUc5blMwVkpRMEZuVFVSUmRYVkVTMWhuRUFF4AEA-gEECAAQLA!16s%2Fg%2F11swmd6_76?entry=ttu&g_ep=EgoyMDI1MTIwMi4wIKXMDSoASAFQAw%3D%3D,174000,cbm,https://www.igu.org/igu-reports/2025-world-lng-report,,,conventional,https://www.datocms-assets.com/146580/1783403747-igu-world-lng-report-2026.pdf,X-DF,https://www.igu.org/igu-reports/2025-world-lng-report,2026,https://www.igu.org/igu-reports/2025-world-lng-report,,,,IGU,,,,,,,
62,9991903,https://www.igu.org/igu-reports/2025-world-lng-report,Esteem Penguin,"https://www.shipvault.com/ships/465048, https://shipvaultapi-gjb8c.ondigitalocean.app/api/units/465048",,Hull 2569 (Hanwha),"https://www.shipvault.com/ships/465048, https://shipvaultapi-gjb8c.ondigitalocean.app/api/units/465048",Hull 2569 (Hanwha),https://www.igu.org/igu-reports/2025-world-lng-report,on order,GEM,12/31/2024,https://www.igu.org/igu-reports/2025-world-lng-report,Meiji Shipping,https://www.igu.org/igu-reports/2025-world-lng-report,,,Hanwha Ocean,https://www.igu.org/igu-reports/2025-world-lng-report,South Korea,https://www.hanwha.com/companies/hanwha-ocean.do,34.87385,128.6966,"VMCW+V7 Geoje-si, Gyeongsangnam-do",exact,https://www.google.com/maps/place/Hanwha+Ocean/data=!3m1!1e3!4m10!1m2!2m1!1sHanwha+Ocean!3m6!1s0x356ecd1d7a72f7db:0x3bfe90e7d8bf93f0!8m2!3d34.8721913!4d128.6956963!15sCgxIYW53aGEgT2NlYW5aDiIMaGFud2hhIG9jZWFukgEfc2hpcGJ1aWxkaW5nX2FuZF9yZXBhaXJfY29tcGFueZoBI0NoWkRTVWhOTUc5blMwVkpRMEZuVFVSUmRYVkVTMWhuRUFF4AEA-gEECAAQLA!16s%2Fg%2F11swmd6_76?entry=ttu&g_ep=EgoyMDI1MTIwMi4wIKXMDSoASAFQAw%3D%3D,174000,cbm,https://www.igu.org/igu-reports/2025-world-lng-report,,,conventional,https://www.datocms-assets.com/146580/1783403747-igu-world-lng-report-2026.pdf,X-DF,https://www.igu.org/igu-reports/2025-world-lng-report,2026,https://www.igu.org/igu-reports/2025-world-lng-report,,,,IGU,,,,,,,
63,9991915,https://www.igu.org/igu-reports/2025-world-lng-report,Seri Dian,"https://www.shipvault.com/ships/465049, https://shipvaultapi-gjb8c.ondigitalocean.app/api/units/465049",,Hull 2570 (Hanwha),"https://www.shipvault.com/ships/465049, https://shipvaultapi-gjb8c.ondigitalocean.app/api/units/465049",Hull 2570 (Hanwha),https://www.igu.org/igu-reports/2025-world-lng-report,active,GEM,12/31/2024,"https://www.shipvault.com/ships/465049, https://shipvaultapi-gjb8c.ondigitalocean.app/api/units/465049",MISC,https://www.igu.org/igu-reports/2025-world-lng-report,Malaysia,"https://www.misc.com.my/contact-us/, https://www.miscgroup.com/awcontent/Web/Documents/IntegratedAnnualReport/Integrated-Annual-Report-2025.pdf, https://en.wikipedia.org/wiki/MISC_Berhad",Hanwha Ocean,https://www.igu.org/igu-reports/2025-world-lng-report,South Korea,https://www.hanwha.com/companies/hanwha-ocean.do,34.87385,128.6966,"VMCW+V7 Geoje-si, Gyeongsangnam-do",exact,https://www.google.com/maps/place/Hanwha+Ocean/data=!3m1!1e3!4m10!1m2!2m1!1sHanwha+Ocean!3m6!1s0x356ecd1d7a72f7db:0x3bfe90e7d8bf93f0!8m2!3d34.8721913!4d128.6956963!15sCgxIYW53aGEgT2NlYW5aDiIMaGFud2hhIG9jZWFukgEfc2hpcGJ1aWxkaW5nX2FuZF9yZXBhaXJfY29tcGFueZoBI0NoWkRTVWhOTUc5blMwVkpRMEZuVFVSUmRYVkVTMWhuRUFF4AEA-gEECAAQLA!16s%2Fg%2F11swmd6_76?entry=ttu&g_ep=EgoyMDI1MTIwMi4wIKXMDSoASAFQAw%3D%3D,174000,cbm,https://www.igu.org/igu-reports/2025-world-lng-report,,,conventional,https://www.datocms-assets.com/146580/1783403747-igu-world-lng-report-2026.pdf,X-DF,https://www.igu.org/igu-reports/2025-world-lng-report,2026,https://www.igu.org/igu-reports/2025-world-lng-report,,,,IGU,,,,,,,
64,9991927,https://www.igu.org/igu-reports/2025-world-lng-report,Seri Dayang,"https://www.shipvault.com/ships/465050, https://shipvaultapi-gjb8c.ondigitalocean.app/api/units/465050",,Hull 2571 (Hanwha),"https://www.shipvault.com/ships/465050, https://shipvaultapi-gjb8c.ondigitalocean.app/api/units/465050",Hull 2571 (Hanwha),https://www.igu.org/igu-reports/2025-world-lng-report,active,GEM,12/31/2024,"https://www.shipvault.com/ships/465050, https://shipvaultapi-gjb8c.ondigitalocean.app/api/units/465050",MISC,https://www.igu.org/igu-reports/2025-world-lng-report,Malaysia,"https://www.misc.com.my/contact-us/, https://www.miscgroup.com/awcontent/Web/Documents/IntegratedAnnualReport/Integrated-Annual-Report-2025.pdf, https://en.wikipedia.org/wiki/MISC_Berhad",Hanwha Ocean,https://www.igu.org/igu-reports/2025-world-lng-report,South Korea,https://www.hanwha.com/companies/hanwha-ocean.do,34.87385,128.6966,"VMCW+V7 Geoje-si, Gyeongsangnam-do",exact,https://www.google.com/maps/place/Hanwha+Ocean/data=!3m1!1e3!4m10!1m2!2m1!1sHanwha+Ocean!3m6!1s0x356ecd1d7a72f7db:0x3bfe90e7d8bf93f0!8m2!3d34.8721913!4d128.6956963!15sCgxIYW53aGEgT2NlYW5aDiIMaGFud2hhIG9jZWFukgEfc2hpcGJ1aWxkaW5nX2FuZF9yZXBhaXJfY29tcGFueZoBI0NoWkRTVWhOTUc5blMwVkpRMEZuVFVSUmRYVkVTMWhuRUFF4AEA-gEECAAQLA!16s%2Fg%2F11swmd6_76?entry=ttu&g_ep=EgoyMDI1MTIwMi4wIKXMDSoASAFQAw%3D%3D,174000,cbm,https://www.igu.org/igu-reports/2025-world-lng-report,,,conventional,https://www.datocms-assets.com/146580/1783403747-igu-world-lng-report-2026.pdf,X-DF,https://www.igu.org/igu-reports/2025-world-lng-report,2026,https://www.igu.org/igu-reports/2025-world-lng-report,,,,IGU,,,,,,,
65,9991939,https://www.igu.org/igu-reports/2025-world-lng-report,Al Thurayya,"https://www.shipvault.com/ships/465051, https://shipvaultapi-gjb8c.ondigitalocean.app/api/units/465051",,Hull 2572 (Hanwha),"https://www.shipvault.com/ships/465051, https://shipvaultapi-gjb8c.ondigitalocean.app/api/units/465051",Hull 2572 (Hanwha),https://www.igu.org/igu-reports/2025-world-lng-report,active,GEM,12/31/2024,"https://www.shipvault.com/ships/465051, https://shipvaultapi-gjb8c.ondigitalocean.app/api/units/465051",TMS Cardiff Gas,https://www.igu.org/igu-reports/2025-world-lng-report,Greece,https://system.new-vessels.com/orderer-45411-TMS_Cardiff_Gas_Ltd.html,Hanwha Ocean,https://www.igu.org/igu-reports/2025-world-lng-report,South Korea,https://www.hanwha.com/companies/hanwha-ocean.do,34.87385,128.6966,"VMCW+V7 Geoje-si, Gyeongsangnam-do",exact,https://www.google.com/maps/place/Hanwha+Ocean/data=!3m1!1e3!4m10!1m2!2m1!1sHanwha+Ocean!3m6!1s0x356ecd1d7a72f7db:0x3bfe90e7d8bf93f0!8m2!3d34.8721913!4d128.6956963!15sCgxIYW53aGEgT2NlYW5aDiIMaGFud2hhIG9jZWFukgEfc2hpcGJ1aWxkaW5nX2FuZF9yZXBhaXJfY29tcGFueZoBI0NoWkRTVWhOTUc5blMwVkpRMEZuVFVSUmRYVkVTMWhuRUFF4AEA-gEECAAQLA!16s%2Fg%2F11swmd6_76?entry=ttu&g_ep=EgoyMDI1MTIwMi4wIKXMDSoASAFQAw%3D%3D,174000,cbm,https://www.igu.org/igu-reports/2025-world-lng-report,,,conventional,https://www.datocms-assets.com/146580/1783403747-igu-world-lng-report-2026.pdf,X-DF,https://www.igu.org/igu-reports/2025-world-lng-report,2026,https://www.igu.org/igu-reports/2025-world-lng-report,,,,IGU,,,,,,,
66,9991941,https://www.igu.org/igu-reports/2025-world-lng-report,Al Majhoulah,"https://www.shipvault.com/ships/465052, https://shipvaultapi-gjb8c.ondigitalocean.app/api/units/465052",,Hull 2573 (Hanwha),"https://www.shipvault.com/ships/465052, https://shipvaultapi-gjb8c.ondigitalocean.app/api/units/465052",Hull 2573 (Hanwha),https://www.igu.org/igu-reports/2025-world-lng-report,active,GEM,12/31/2024,"https://www.shipvault.com/ships/465052, https://shipvaultapi-gjb8c.ondigitalocean.app/api/units/465052",TMS Cardiff Gas,https://www.igu.org/igu-reports/2025-world-lng-report,Greece,https://system.new-vessels.com/orderer-45411-TMS_Cardiff_Gas_Ltd.html,Hanwha Ocean,https://www.igu.org/igu-reports/2025-world-lng-report,South Korea,https://www.hanwha.com/companies/hanwha-ocean.do,34.87385,128.6966,"VMCW+V7 Geoje-si, Gyeongsangnam-do",exact,https://www.google.com/maps/place/Hanwha+Ocean/data=!3m1!1e3!4m10!1m2!2m1!1sHanwha+Ocean!3m6!1s0x356ecd1d7a72f7db:0x3bfe90e7d8bf93f0!8m2!3d34.8721913!4d128.6956963!15sCgxIYW53aGEgT2NlYW5aDiIMaGFud2hhIG9jZWFukgEfc2hpcGJ1aWxkaW5nX2FuZF9yZXBhaXJfY29tcGFueZoBI0NoWkRTVWhOTUc5blMwVkpRMEZuVFVSUmRYVkVTMWhuRUFF4AEA-gEECAAQLA!16s%2Fg%2F11swmd6_76?entry=ttu&g_ep=EgoyMDI1MTIwMi4wIKXMDSoASAFQAw%3D%3D,174000,cbm,https://www.igu.org/igu-reports/2025-world-lng-report,,,conventional,https://www.datocms-assets.com/146580/1783403747-igu-world-lng-report-2026.pdf,X-DF,https://www.igu.org/igu-reports/2025-world-lng-report,2026,https://www.igu.org/igu-reports/2025-world-lng-report,,,,IGU,,,,,,,
67,9997634,https://www.igu.org/igu-reports/2025-world-lng-report,Venture Manatee,"https://www.shipvault.com/ships/465053, https://shipvaultapi-gjb8c.ondigitalocean.app/api/units/465053",,Hull 2574 (Hanwha),"https://www.shipvault.com/ships/465053, https://shipvaultapi-gjb8c.ondigitalocean.app/api/units/465053",Hull 2574 (Hanwha),https://www.igu.org/igu-reports/2025-world-lng-report,on order,GEM,12/31/2024,https://www.igu.org/igu-reports/2025-world-lng-report,Venture Global,https://www.igu.org/igu-reports/2025-world-lng-report,,,Hanwha Ocean,https://www.igu.org/igu-reports/2025-world-lng-report,South Korea,https://www.hanwha.com/companies/hanwha-ocean.do,34.87385,128.6966,"VMCW+V7 Geoje-si, Gyeongsangnam-do",exact,https://www.google.com/maps/place/Hanwha+Ocean/data=!3m1!1e3!4m10!1m2!2m1!1sHanwha+Ocean!3m6!1s0x356ecd1d7a72f7db:0x3bfe90e7d8bf93f0!8m2!3d34.8721913!4d128.6956963!15sCgxIYW53aGEgT2NlYW5aDiIMaGFud2hhIG9jZWFukgEfc2hpcGJ1aWxkaW5nX2FuZF9yZXBhaXJfY29tcGFueZoBI0NoWkRTVWhOTUc5blMwVkpRMEZuVFVSUmRYVkVTMWhuRUFF4AEA-gEECAAQLA!16s%2Fg%2F11swmd6_76?entry=ttu&g_ep=EgoyMDI1MTIwMi4wIKXMDSoASAFQAw%3D%3D,200000,cbm,https://www.igu.org/igu-reports/2025-world-lng-report,,,conventional,https://www.datocms-assets.com/146580/1783403747-igu-world-lng-report-2026.pdf,ME-GI,https://www.igu.org/igu-reports/2025-world-lng-report,2026,https://www.igu.org/igu-reports/2025-world-lng-report,,,,IGU,,,,,,,
74,1022043,"https://www.shipvault.com/ships/470097, https://shipvaultapi-gjb8c.ondigitalocean.app/api/units/470097",Maran Gas Poliegos,"https://www.shipvault.com/ships/470097, https://shipvaultapi-gjb8c.ondigitalocean.app/api/units/470097",,Hull 2582 (Hanwha),"https://www.shipvault.com/ships/470097, https://shipvaultapi-gjb8c.ondigitalocean.app/api/units/470097",Hull 2582 (Hanwha),"https://www.shipvault.com/ships/470097, https://shipvaultapi-gjb8c.ondigitalocean.app/api/units/470097",on order,SFOC,12/8/2025,"https://www.shipvault.com/ships/470097, https://shipvaultapi-gjb8c.ondigitalocean.app/api/units/470097",Maran Gas Maritime,"https://www.shipvault.com/ships/470097, https://shipvaultapi-gjb8c.ondigitalocean.app/api/units/470097",Greece,"https://magicport.ai/owners-managers/greece/maran-gas-maritime-inc, https://lngprime.com/europe/greeces-maran-gas-welcomes-lng-carrier-john-a-angelicoussis-to-its-fleet/47566/",Hanwha Ocean,"https://www.shipvault.com/ships/470097, https://shipvaultapi-gjb8c.ondigitalocean.app/api/units/470097",South Korea,https://www.hanwha.com/companies/hanwha-ocean.do,34.87385,128.6966,"VMCW+V7 Geoje-si, Gyeongsangnam-do",exact,https://www.google.com/maps/place/Hanwha+Ocean/data=!3m1!1e3!4m10!1m2!2m1!1sHanwha+Ocean!3m6!1s0x356ecd1d7a72f7db:0x3bfe90e7d8bf93f0!8m2!3d34.8721913!4d128.6956963!15sCgxIYW53aGEgT2NlYW5aDiIMaGFud2hhIG9jZWFukgEfc2hpcGJ1aWxkaW5nX2FuZF9yZXBhaXJfY29tcGFueZoBI0NoWkRTVWhOTUc5blMwVkpRMEZuVFVSUmRYVkVTMWhuRUFF4AEA-gEECAAQLA!16s%2Fg%2F11swmd6_76?entry=ttu&g_ep=EgoyMDI1MTIwMi4wIKXMDSoASAFQAw%3D%3D,,,,,,,,,,2027,"https://www.shipvault.com/ships/470097, https://shipvaultapi-gjb8c.ondigitalocean.app/api/units/470097",,,,Clarkson,,,1-Mar-2023,"https://www.shipvault.com/ships/470097, https://shipvaultapi-gjb8c.ondigitalocean.app/api/units/470097",256000000.00,USD,"https://www.shipvault.com/ships/470097, https://shipvaultapi-gjb8c.ondigitalocean.app/api/units/470097"
77,9948724,https://www.igu.org/igu-reports/2025-world-lng-report,Celsius Greenwich,https://www.igu.org/igu-reports/2025-world-lng-report,,Hull 2584 (SHI),https://www.datocms-assets.com/146580/1783403747-igu-world-lng-report-2026.pdf,Hull 2584,https://www.igu.org/igu-reports/2025-world-lng-report,active,GEM,12/31/2024,https://www.igu.org/igu-reports/2025-world-lng-report,Celsius Shipping,https://www.igu.org/igu-reports/2025-world-lng-report,Denmark,"https://magicport.ai/owners-managers/denmark/celsius-shipping-aps, https://lngprime.com/vessels/denmarks-celsius-orders-four-lng-carriers-in-china/69940/, https://lngprime.com/asia/celsius-takes-delivery-of-new-lng-tanker/127252/",Samsung Heavy Industries,https://www.igu.org/igu-reports/2025-world-lng-report,South Korea,https://www.samsungshi.com/En/Default.aspx,34.89804,128.6045,"VJW3+QV Geoje-si, Gyeongsangnam-do",exact,https://www.google.com/maps/place/Samsung+Heavy+industries/data=!3m1!1e3!4m10!1m2!2m1!1ssamsung+heavy+industries!3m6!1s0x356ecd83691a8fb5:0xd4204e9a1bb0ef10!8m2!3d34.8969682!4d128.6046376!15sChhzYW1zdW5nIGhlYXZ5IGluZHVzdHJpZXOSAQhzaGlweWFyZOABAA!16s%2Fg%2F1tgcpry6?entry=ttu&g_ep=EgoyMDI1MTIwMi4wIKXMDSoASAFQAw%3D%3D,180000,cbm,https://www.igu.org/igu-reports/2025-world-lng-report,membrane,https://www.igu.org/igu-reports/2025-world-lng-report,conventional,https://www.igu.org/igu-reports/2025-world-lng-report,ME-GA,https://www.igu.org/igu-reports/2025-world-lng-report,2024,https://www.igu.org/igu-reports/2025-world-lng-report,,,,IGU,,,,,,,
80,1069821,https://www.igu.org/igu-reports/2025-world-lng-report,Al Nasraniya,"https://www.shipvault.com/ships/476659, https://shipvaultapi-gjb8c.ondigitalocean.app/api/units/476659, https://www.marinetraffic.org/ship-owner-manager-ism-data/AL-NASRANIYA/1069821/538011621",,Hull 2585 (Hanwha),"https://www.shipvault.com/ships/476659, https://shipvaultapi-gjb8c.ondigitalocean.app/api/units/476659",Hull 2585 (Hanwha),https://www.igu.org/igu-reports/2025-world-lng-report,on order,GEM,12/31/2024,https://www.igu.org/igu-reports/2025-world-lng-report,Nakilat,https://www.igu.org/igu-reports/2025-world-lng-report,,,Hanwha Ocean,https://www.igu.org/igu-reports/2025-world-lng-report,South Korea,https://www.hanwha.com/companies/hanwha-ocean.do,34.87385,128.6966,"VMCW+V7 Geoje-si, Gyeongsangnam-do",exact,https://www.google.com/maps/place/Hanwha+Ocean/data=!3m1!1e3!4m10!1m2!2m1!1sHanwha+Ocean!3m6!1s0x356ecd1d7a72f7db:0x3bfe90e7d8bf93f0!8m2!3d34.8721913!4d128.6956963!15sCgxIYW53aGEgT2NlYW5aDiIMaGFud2hhIG9jZWFukgEfc2hpcGJ1aWxkaW5nX2FuZF9yZXBhaXJfY29tcGFueZoBI0NoWkRTVWhOTUc5blMwVkpRMEZuVFVSUmRYVkVTMWhuRUFF4AEA-gEECAAQLA!16s%2Fg%2F11swmd6_76?entry=ttu&g_ep=EgoyMDI1MTIwMi4wIKXMDSoASAFQAw%3D%3D,174000,cbm,https://www.igu.org/igu-reports/2025-world-lng-report,,,,,X-DF,https://www.igu.org/igu-reports/2025-world-lng-report,2028,https://www.igu.org/igu-reports/2025-world-lng-report,,,,IGU,,,,,,,
81,1069845,https://www.igu.org/igu-reports/2025-world-lng-report,Al Yousifiya,"https://www.shipvault.com/ships/476660, https://shipvaultapi-gjb8c.ondigitalocean.app/api/units/476660, https://www.marinetraffic.org/ship-owner-manager-ism-data/AL-YOUSIFIYA/1069845/1",,Hull 2586 (Hanwha),"https://www.shipvault.com/ships/476660, https://shipvaultapi-gjb8c.ondigitalocean.app/api/units/476660",Hull 2586 (Hanwha),https://www.igu.org/igu-reports/2025-world-lng-report,on order,GEM,12/31/2024,https://www.igu.org/igu-reports/2025-world-lng-report,Nakilat,https://www.igu.org/igu-reports/2025-world-lng-report,,,Hanwha Ocean,https://www.igu.org/igu-reports/2025-world-lng-report,South Korea,https://www.hanwha.com/companies/hanwha-ocean.do,34.87385,128.6966,"VMCW+V7 Geoje-si, Gyeongsangnam-do",exact,https://www.google.com/maps/place/Hanwha+Ocean/data=!3m1!1e3!4m10!1m2!2m1!1sHanwha+Ocean!3m6!1s0x356ecd1d7a72f7db:0x3bfe90e7d8bf93f0!8m2!3d34.8721913!4d128.6956963!15sCgxIYW53aGEgT2NlYW5aDiIMaGFud2hhIG9jZWFukgEfc2hpcGJ1aWxkaW5nX2FuZF9yZXBhaXJfY29tcGFueZoBI0NoWkRTVWhOTUc5blMwVkpRMEZuVFVSUmRYVkVTMWhuRUFF4AEA-gEECAAQLA!16s%2Fg%2F11swmd6_76?entry=ttu&g_ep=EgoyMDI1MTIwMi4wIKXMDSoASAFQAw%3D%3D,174000,cbm,https://www.igu.org/igu-reports/2025-world-lng-report,,,,,X-DF,https://www.igu.org/igu-reports/2025-world-lng-report,2028,https://www.igu.org/igu-reports/2025-world-lng-report,,,,IGU,,,,,,,
82,1069869,https://www.igu.org/igu-reports/2025-world-lng-report,Athba,"https://www.shipvault.com/ships/476661, https://shipvaultapi-gjb8c.ondigitalocean.app/api/units/476661, https://www.marinetraffic.org/ship-owner-manager-ism-data/ATHBA/1069869/1",,Hull 2587 (Hanwha),"https://www.shipvault.com/ships/476661, https://shipvaultapi-gjb8c.ondigitalocean.app/api/units/476661",Hull 2587 (Hanwha),https://www.igu.org/igu-reports/2025-world-lng-report,on order,GEM,12/31/2024,https://www.igu.org/igu-reports/2025-world-lng-report,Nakilat,https://www.igu.org/igu-reports/2025-world-lng-report,,,Hanwha Ocean,https://www.igu.org/igu-reports/2025-world-lng-report,South Korea,https://www.hanwha.com/companies/hanwha-ocean.do,34.87385,128.6966,"VMCW+V7 Geoje-si, Gyeongsangnam-do",exact,https://www.google.com/maps/place/Hanwha+Ocean/data=!3m1!1e3!4m10!1m2!2m1!1sHanwha+Ocean!3m6!1s0x356ecd1d7a72f7db:0x3bfe90e7d8bf93f0!8m2!3d34.8721913!4d128.6956963!15sCgxIYW53aGEgT2NlYW5aDiIMaGFud2hhIG9jZWFukgEfc2hpcGJ1aWxkaW5nX2FuZF9yZXBhaXJfY29tcGFueZoBI0NoWkRTVWhOTUc5blMwVkpRMEZuVFVSUmRYVkVTMWhuRUFF4AEA-gEECAAQLA!16s%2Fg%2F11swmd6_76?entry=ttu&g_ep=EgoyMDI1MTIwMi4wIKXMDSoASAFQAw%3D%3D,174000,cbm,https://www.igu.org/igu-reports/2025-world-lng-report,,,,,X-DF,https://www.igu.org/igu-reports/2025-world-lng-report,2028,https://www.igu.org/igu-reports/2025-world-lng-report,,,,IGU,,,,,,,
83,1069871,https://www.igu.org/igu-reports/2025-world-lng-report,E Qab,"https://www.shipvault.com/ships/476662, https://shipvaultapi-gjb8c.ondigitalocean.app/api/units/476662, https://www.marinetraffic.org/ship-owner-manager-ism-data/E-QAB/1069871/1",,Hull 2588 (Hanwha),"https://www.shipvault.com/ships/476662, https://shipvaultapi-gjb8c.ondigitalocean.app/api/units/476662",Hull 2588 (Hanwha),https://www.igu.org/igu-reports/2025-world-lng-report,on order,GEM,12/31/2024,https://www.igu.org/igu-reports/2025-world-lng-report,Nakilat,https://www.igu.org/igu-reports/2025-world-lng-report,,,Hanwha Ocean,https://www.igu.org/igu-reports/2025-world-lng-report,South Korea,https://www.hanwha.com/companies/hanwha-ocean.do,34.87385,128.6966,"VMCW+V7 Geoje-si, Gyeongsangnam-do",exact,https://www.google.com/maps/place/Hanwha+Ocean/data=!3m1!1e3!4m10!1m2!2m1!1sHanwha+Ocean!3m6!1s0x356ecd1d7a72f7db:0x3bfe90e7d8bf93f0!8m2!3d34.8721913!4d128.6956963!15sCgxIYW53aGEgT2NlYW5aDiIMaGFud2hhIG9jZWFukgEfc2hpcGJ1aWxkaW5nX2FuZF9yZXBhaXJfY29tcGFueZoBI0NoWkRTVWhOTUc5blMwVkpRMEZuVFVSUmRYVkVTMWhuRUFF4AEA-gEECAAQLA!16s%2Fg%2F11swmd6_76?entry=ttu&g_ep=EgoyMDI1MTIwMi4wIKXMDSoASAFQAw%3D%3D,174000,cbm,https://www.igu.org/igu-reports/2025-world-lng-report,,,,,X-DF,https://www.igu.org/igu-reports/2025-world-lng-report,2028,https://www.igu.org/igu-reports/2025-world-lng-report,,,,IGU,,,,,,,
84,1069895,https://www.igu.org/igu-reports/2025-world-lng-report,Ghash Sham,"https://www.shipvault.com/ships/478215, https://shipvaultapi-gjb8c.ondigitalocean.app/api/units/478215, https://www.marinetraffic.org/ship-owner-manager-ism-data/GHASH-SHAM/1069895/1",,Hull 2589 (Hanwha),"https://www.shipvault.com/ships/478215, https://shipvaultapi-gjb8c.ondigitalocean.app/api/units/478215",Hull 2589 (Hanwha),https://www.igu.org/igu-reports/2025-world-lng-report,on order,GEM,12/31/2024,https://www.igu.org/igu-reports/2025-world-lng-report,Nakilat,https://www.igu.org/igu-reports/2025-world-lng-report,,,Hanwha Ocean,https://www.igu.org/igu-reports/2025-world-lng-report,South Korea,https://www.hanwha.com/companies/hanwha-ocean.do,34.87385,128.6966,"VMCW+V7 Geoje-si, Gyeongsangnam-do",exact,https://www.google.com/maps/place/Hanwha+Ocean/data=!3m1!1e3!4m10!1m2!2m1!1sHanwha+Ocean!3m6!1s0x356ecd1d7a72f7db:0x3bfe90e7d8bf93f0!8m2!3d34.8721913!4d128.6956963!15sCgxIYW53aGEgT2NlYW5aDiIMaGFud2hhIG9jZWFukgEfc2hpcGJ1aWxkaW5nX2FuZF9yZXBhaXJfY29tcGFueZoBI0NoWkRTVWhOTUc5blMwVkpRMEZuVFVSUmRYVkVTMWhuRUFF4AEA-gEECAAQLA!16s%2Fg%2F11swmd6_76?entry=ttu&g_ep=EgoyMDI1MTIwMi4wIKXMDSoASAFQAw%3D%3D,174000,cbm,https://www.igu.org/igu-reports/2025-world-lng-report,,,,,X-DF,https://www.igu.org/igu-reports/2025-world-lng-report,2028,https://www.igu.org/igu-reports/2025-world-lng-report,,,,IGU,,,,,,,
85,1069924,https://www.igu.org/igu-reports/2025-world-lng-report,Al Egdah,"https://www.shipvault.com/ships/478216, https://shipvaultapi-gjb8c.ondigitalocean.app/api/units/478216, https://www.marinetraffic.org/ship-owner-manager-ism-data/AL-EGDAH/1069924/1",,Hull 2590 (Hanwha),"https://www.shipvault.com/ships/478216, https://shipvaultapi-gjb8c.ondigitalocean.app/api/units/478216",Hull 2590 (Hanwha),https://www.igu.org/igu-reports/2025-world-lng-report,on order,GEM,12/31/2024,https://www.igu.org/igu-reports/2025-world-lng-report,Nakilat,https://www.igu.org/igu-reports/2025-world-lng-report,,,Hanwha Ocean,https://www.igu.org/igu-reports/2025-world-lng-report,South Korea,https://www.hanwha.com/companies/hanwha-ocean.do,34.87385,128.6966,"VMCW+V7 Geoje-si, Gyeongsangnam-do",exact,https://www.google.com/maps/place/Hanwha+Ocean/data=!3m1!1e3!4m10!1m2!2m1!1sHanwha+Ocean!3m6!1s0x356ecd1d7a72f7db:0x3bfe90e7d8bf93f0!8m2!3d34.8721913!4d128.6956963!15sCgxIYW53aGEgT2NlYW5aDiIMaGFud2hhIG9jZWFukgEfc2hpcGJ1aWxkaW5nX2FuZF9yZXBhaXJfY29tcGFueZoBI0NoWkRTVWhOTUc5blMwVkpRMEZuVFVSUmRYVkVTMWhuRUFF4AEA-gEECAAQLA!16s%2Fg%2F11swmd6_76?entry=ttu&g_ep=EgoyMDI1MTIwMi4wIKXMDSoASAFQAw%3D%3D,174000,cbm,https://www.igu.org/igu-reports/2025-world-lng-report,,,,,X-DF,https://www.igu.org/igu-reports/2025-world-lng-report,2028,https://www.igu.org/igu-reports/2025-world-lng-report,,,,IGU,,,,,,,
86,1069936,https://www.igu.org/igu-reports/2025-world-lng-report,Al Khbaib,"https://www.shipvault.com/ships/478217, https://shipvaultapi-gjb8c.ondigitalocean.app/api/units/478217, https://www.marinetraffic.org/ship-owner-manager-ism-data/AL-KHBAIB/1069936/1",,Hull 2591 (Hanwha),"https://www.shipvault.com/ships/478217, https://shipvaultapi-gjb8c.ondigitalocean.app/api/units/478217",Hull 2591 (Hanwha),https://www.igu.org/igu-reports/2025-world-lng-report,on order,GEM,12/31/2024,https://www.igu.org/igu-reports/2025-world-lng-report,Nakilat,https://www.igu.org/igu-reports/2025-world-lng-report,,,Hanwha Ocean,https://www.igu.org/igu-reports/2025-world-lng-report,South Korea,https://www.hanwha.com/companies/hanwha-ocean.do,34.87385,128.6966,"VMCW+V7 Geoje-si, Gyeongsangnam-do",exact,https://www.google.com/maps/place/Hanwha+Ocean/data=!3m1!1e3!4m10!1m2!2m1!1sHanwha+Ocean!3m6!1s0x356ecd1d7a72f7db:0x3bfe90e7d8bf93f0!8m2!3d34.8721913!4d128.6956963!15sCgxIYW53aGEgT2NlYW5aDiIMaGFud2hhIG9jZWFukgEfc2hpcGJ1aWxkaW5nX2FuZF9yZXBhaXJfY29tcGFueZoBI0NoWkRTVWhOTUc5blMwVkpRMEZuVFVSUmRYVkVTMWhuRUFF4AEA-gEECAAQLA!16s%2Fg%2F11swmd6_76?entry=ttu&g_ep=EgoyMDI1MTIwMi4wIKXMDSoASAFQAw%3D%3D,174000,cbm,https://www.igu.org/igu-reports/2025-world-lng-report,,,,,X-DF,https://www.igu.org/igu-reports/2025-world-lng-report,2028,https://www.igu.org/igu-reports/2025-world-lng-report,,,,IGU,,,,,,,
87,9956587,https://www.igu.org/igu-reports/2025-world-lng-report,Orion Spirit,https://www.igu.org/igu-reports/2025-world-lng-report,,Hull 2592 (SHI),https://www.datocms-assets.com/146580/1783403747-igu-world-lng-report-2026.pdf,Hull 2592,https://www.igu.org/igu-reports/2025-world-lng-report,active,GEM,12/31/2024,https://www.igu.org/igu-reports/2025-world-lng-report,JP Morgan,https://www.igu.org/igu-reports/2025-world-lng-report,,,Samsung Heavy Industries,https://www.igu.org/igu-reports/2025-world-lng-report,South Korea,https://www.samsungshi.com/En/Default.aspx,34.89804,128.6045,"VJW3+QV Geoje-si, Gyeongsangnam-do",exact,https://www.google.com/maps/place/Samsung+Heavy+industries/data=!3m1!1e3!4m10!1m2!2m1!1ssamsung+heavy+industries!3m6!1s0x356ecd83691a8fb5:0xd4204e9a1bb0ef10!8m2!3d34.8969682!4d128.6046376!15sChhzYW1zdW5nIGhlYXZ5IGluZHVzdHJpZXOSAQhzaGlweWFyZOABAA!16s%2Fg%2F1tgcpry6?entry=ttu&g_ep=EgoyMDI1MTIwMi4wIKXMDSoASAFQAw%3D%3D,174000,cbm,https://www.igu.org/igu-reports/2025-world-lng-report,membrane,https://www.igu.org/igu-reports/2025-world-lng-report,conventional,https://www.igu.org/igu-reports/2025-world-lng-report,ME-GA,https://www.igu.org/igu-reports/2025-world-lng-report,2024,https://www.igu.org/igu-reports/2025-world-lng-report,,,,IGU,,,,,,,
88,1069948,https://www.igu.org/igu-reports/2025-world-lng-report,Khowzan,"https://www.shipvault.com/ships/478218, https://shipvaultapi-gjb8c.ondigitalocean.app/api/units/478218, https://www.marinetraffic.org/ship-owner-manager-ism-data/KHOWZAN/1069948/1",,Hull 2592 (Hanwha),"https://www.shipvault.com/ships/478218, https://shipvaultapi-gjb8c.ondigitalocean.app/api/units/478218",Hull 2592 (Hanwha),https://www.igu.org/igu-reports/2025-world-lng-report,on order,GEM,12/31/2024,https://www.igu.org/igu-reports/2025-world-lng-report,Nakilat,https://www.igu.org/igu-reports/2025-world-lng-report,,,Hanwha Ocean,https://www.igu.org/igu-reports/2025-world-lng-report,South Korea,https://www.hanwha.com/companies/hanwha-ocean.do,34.87385,128.6966,"VMCW+V7 Geoje-si, Gyeongsangnam-do",exact,https://www.google.com/maps/place/Hanwha+Ocean/data=!3m1!1e3!4m10!1m2!2m1!1sHanwha+Ocean!3m6!1s0x356ecd1d7a72f7db:0x3bfe90e7d8bf93f0!8m2!3d34.8721913!4d128.6956963!15sCgxIYW53aGEgT2NlYW5aDiIMaGFud2hhIG9jZWFukgEfc2hpcGJ1aWxkaW5nX2FuZF9yZXBhaXJfY29tcGFueZoBI0NoWkRTVWhOTUc5blMwVkpRMEZuVFVSUmRYVkVTMWhuRUFF4AEA-gEECAAQLA!16s%2Fg%2F11swmd6_76?entry=ttu&g_ep=EgoyMDI1MTIwMi4wIKXMDSoASAFQAw%3D%3D,174000,cbm,https://www.igu.org/igu-reports/2025-world-lng-report,,,,,X-DF,https://www.igu.org/igu-reports/2025-world-lng-report,2028,https://www.igu.org/igu-reports/2025-world-lng-report,,,,IGU,,,,,,,
108,9972672,https://www.igu.org/igu-reports/2025-world-lng-report,Athos LNG,https://www.igu.org/igu-reports/2025-world-lng-report,,Hull 2635 (SHI),https://www.datocms-assets.com/146580/1783403747-igu-world-lng-report-2026.pdf,Hull 2635,https://www.igu.org/igu-reports/2025-world-lng-report,active,GEM,12/31/2024,https://www.igu.org/igu-reports/2025-world-lng-report,TMS Cardiff Gas,https://www.igu.org/igu-reports/2025-world-lng-report,Greece,https://system.new-vessels.com/orderer-45411-TMS_Cardiff_Gas_Ltd.html,Samsung Heavy Industries,https://www.igu.org/igu-reports/2025-world-lng-report,South Korea,https://www.samsungshi.com/En/Default.aspx,34.89804,128.6045,"VJW3+QV Geoje-si, Gyeongsangnam-do",exact,https://www.google.com/maps/place/Samsung+Heavy+industries/data=!3m1!1e3!4m10!1m2!2m1!1ssamsung+heavy+industries!3m6!1s0x356ecd83691a8fb5:0xd4204e9a1bb0ef10!8m2!3d34.8969682!4d128.6046376!15sChhzYW1zdW5nIGhlYXZ5IGluZHVzdHJpZXOSAQhzaGlweWFyZOABAA!16s%2Fg%2F1tgcpry6?entry=ttu&g_ep=EgoyMDI1MTIwMi4wIKXMDSoASAFQAw%3D%3D,174000,cbm,https://www.igu.org/igu-reports/2025-world-lng-report,membrane,https://www.igu.org/igu-reports/2025-world-lng-report,conventional,https://www.igu.org/igu-reports/2025-world-lng-report,ME-GA,https://www.igu.org/igu-reports/2025-world-lng-report,2024,https://www.igu.org/igu-reports/2025-world-lng-report,,,,IGU,,,,,,,
109,9972684,https://www.igu.org/igu-reports/2025-world-lng-report,Spirit LNG,"https://www.shipvault.com/ships/456923, https://shipvaultapi-gjb8c.ondigitalocean.app/api/units/456923",,Hull 2636 (SHI),"https://www.shipvault.com/ships/456923, https://shipvaultapi-gjb8c.ondigitalocean.app/api/units/456923",Hull 2636 (SHI),https://www.igu.org/igu-reports/2025-world-lng-report,active,GEM,12/31/2024,"https://www.shipvault.com/ships/456923, https://shipvaultapi-gjb8c.ondigitalocean.app/api/units/456923",TMS Cardiff Gas,https://www.igu.org/igu-reports/2025-world-lng-report,Greece,https://system.new-vessels.com/orderer-45411-TMS_Cardiff_Gas_Ltd.html,Samsung Heavy Industries,https://www.igu.org/igu-reports/2025-world-lng-report,South Korea,https://www.samsungshi.com/En/Default.aspx,34.89804,128.6045,"VJW3+QV Geoje-si, Gyeongsangnam-do",exact,https://www.google.com/maps/place/Samsung+Heavy+industries/data=!3m1!1e3!4m10!1m2!2m1!1ssamsung+heavy+industries!3m6!1s0x356ecd83691a8fb5:0xd4204e9a1bb0ef10!8m2!3d34.8969682!4d128.6046376!15sChhzYW1zdW5nIGhlYXZ5IGluZHVzdHJpZXOSAQhzaGlweWFyZOABAA!16s%2Fg%2F1tgcpry6?entry=ttu&g_ep=EgoyMDI1MTIwMi4wIKXMDSoASAFQAw%3D%3D,174000,cbm,https://www.igu.org/igu-reports/2025-world-lng-report,,,conventional,https://www.datocms-assets.com/146580/1783403747-igu-world-lng-report-2026.pdf,ME-GA,https://www.igu.org/igu-reports/2025-world-lng-report,2026,https://www.igu.org/igu-reports/2025-world-lng-report,,,,IGU,,,,,,,
113,9981049,https://www.igu.org/igu-reports/2025-world-lng-report,Qtaifan,"https://www.shipvault.com/ships/457608, https://shipvaultapi-gjb8c.ondigitalocean.app/api/units/457608",,Hull 2640 (SHI),"https://www.shipvault.com/ships/457608, https://shipvaultapi-gjb8c.ondigitalocean.app/api/units/457608",Hull 2640 (SHI),https://www.igu.org/igu-reports/2025-world-lng-report,active,GEM,12/31/2024,"https://www.shipvault.com/ships/457608, https://shipvaultapi-gjb8c.ondigitalocean.app/api/units/457608",JP Morgan,https://www.igu.org/igu-reports/2025-world-lng-report,,,Samsung Heavy Industries,https://www.igu.org/igu-reports/2025-world-lng-report,South Korea,https://www.samsungshi.com/En/Default.aspx,34.89804,128.6045,"VJW3+QV Geoje-si, Gyeongsangnam-do",exact,https://www.google.com/maps/place/Samsung+Heavy+industries/data=!3m1!1e3!4m10!1m2!2m1!1ssamsung+heavy+industries!3m6!1s0x356ecd83691a8fb5:0xd4204e9a1bb0ef10!8m2!3d34.8969682!4d128.6046376!15sChhzYW1zdW5nIGhlYXZ5IGluZHVzdHJpZXOSAQhzaGlweWFyZOABAA!16s%2Fg%2F1tgcpry6?entry=ttu&g_ep=EgoyMDI1MTIwMi4wIKXMDSoASAFQAw%3D%3D,174000,cbm,https://www.igu.org/igu-reports/2025-world-lng-report,membrane,https://www.datocms-assets.com/146580/1783403747-igu-world-lng-report-2026.pdf,conventional,https://www.datocms-assets.com/146580/1783403747-igu-world-lng-report-2026.pdf,ME-GA,https://www.igu.org/igu-reports/2025-world-lng-report,2025,"https://www.shipvault.com/ships/457608, https://shipvaultapi-gjb8c.ondigitalocean.app/api/units/457608",,,,IGU,,,,,,,
119,9977323,https://www.igu.org/igu-reports/2025-world-lng-report,Umm Heesh,"https://www.shipvault.com/ships/457614, https://shipvaultapi-gjb8c.ondigitalocean.app/api/units/457614",,Hull 2646 (SHI),"https://www.shipvault.com/ships/457614, https://shipvaultapi-gjb8c.ondigitalocean.app/api/units/457614",Hull 2646 (SHI),https://www.igu.org/igu-reports/2025-world-lng-report,active,GEM,12/31/2024,"https://www.shipvault.com/ships/457614, https://shipvaultapi-gjb8c.ondigitalocean.app/api/units/457614",JP Morgan,https://www.igu.org/igu-reports/2025-world-lng-report,,,Samsung Heavy Industries,https://www.igu.org/igu-reports/2025-world-lng-report,South Korea,https://www.samsungshi.com/En/Default.aspx,34.89804,128.6045,"VJW3+QV Geoje-si, Gyeongsangnam-do",exact,https://www.google.com/maps/place/Samsung+Heavy+industries/data=!3m1!1e3!4m10!1m2!2m1!1ssamsung+heavy+industries!3m6!1s0x356ecd83691a8fb5:0xd4204e9a1bb0ef10!8m2!3d34.8969682!4d128.6046376!15sChhzYW1zdW5nIGhlYXZ5IGluZHVzdHJpZXOSAQhzaGlweWFyZOABAA!16s%2Fg%2F1tgcpry6?entry=ttu&g_ep=EgoyMDI1MTIwMi4wIKXMDSoASAFQAw%3D%3D,174000,cbm,https://www.igu.org/igu-reports/2025-world-lng-report,,,conventional,https://www.datocms-assets.com/146580/1783403747-igu-world-lng-report-2026.pdf,ME-GA,https://www.igu.org/igu-reports/2025-world-lng-report,2026,https://www.igu.org/igu-reports/2025-world-lng-report,,,,IGU,,,,,,,
120,9977335,https://www.igu.org/igu-reports/2025-world-lng-report,Umm Al Shubrum,"https://www.shipvault.com/ships/457615, https://shipvaultapi-gjb8c.ondigitalocean.app/api/units/457615","delivery year initially 2025 but still on order as of Dec 18, so changing to 2026",Hull 2647 (SHI),"https://www.shipvault.com/ships/457615, https://shipvaultapi-gjb8c.ondigitalocean.app/api/units/457615",Hull 2647 (SHI),https://www.igu.org/igu-reports/2025-world-lng-report,active,GEM,12/17/2025,"https://www.shipvault.com/ships/457615, https://shipvaultapi-gjb8c.ondigitalocean.app/api/units/457615",JP Morgan,https://www.igu.org/igu-reports/2025-world-lng-report,,,Samsung Heavy Industries,https://www.igu.org/igu-reports/2025-world-lng-report,South Korea,https://www.samsungshi.com/En/Default.aspx,34.89804,128.6045,"VJW3+QV Geoje-si, Gyeongsangnam-do",exact,https://www.google.com/maps/place/Samsung+Heavy+industries/data=!3m1!1e3!4m10!1m2!2m1!1ssamsung+heavy+industries!3m6!1s0x356ecd83691a8fb5:0xd4204e9a1bb0ef10!8m2!3d34.8969682!4d128.6046376!15sChhzYW1zdW5nIGhlYXZ5IGluZHVzdHJpZXOSAQhzaGlweWFyZOABAA!16s%2Fg%2F1tgcpry6?entry=ttu&g_ep=EgoyMDI1MTIwMi4wIKXMDSoASAFQAw%3D%3D,174000,cbm,https://www.igu.org/igu-reports/2025-world-lng-report,,,conventional,https://www.datocms-assets.com/146580/1783403747-igu-world-lng-report-2026.pdf,ME-GA,https://www.igu.org/igu-reports/2025-world-lng-report,2026,https://system.new-vessels.com/Ship-14695411-Id'Asah.html,,,,IGU,,,,,,,
122,9988023,https://www.igu.org/igu-reports/2025-world-lng-report,Minerva Eleonora,"https://www.shipvault.com/ships/461095, https://shipvaultapi-gjb8c.ondigitalocean.app/api/units/461095",,Hull 2652 (SHI),"https://www.shipvault.com/ships/461095, https://shipvaultapi-gjb8c.ondigitalocean.app/api/units/461095",Hull 2652 (SHI),https://www.igu.org/igu-reports/2025-world-lng-report,active,GEM,12/31/2024,"https://www.shipvault.com/ships/461095, https://shipvaultapi-gjb8c.ondigitalocean.app/api/units/461095",Minerva Marine,https://www.igu.org/igu-reports/2025-world-lng-report,,,Samsung Heavy Industries,https://www.igu.org/igu-reports/2025-world-lng-report,South Korea,https://www.samsungshi.com/En/Default.aspx,34.89804,128.6045,"VJW3+QV Geoje-si, Gyeongsangnam-do",exact,https://www.google.com/maps/place/Samsung+Heavy+industries/data=!3m1!1e3!4m10!1m2!2m1!1ssamsung+heavy+industries!3m6!1s0x356ecd83691a8fb5:0xd4204e9a1bb0ef10!8m2!3d34.8969682!4d128.6046376!15sChhzYW1zdW5nIGhlYXZ5IGluZHVzdHJpZXOSAQhzaGlweWFyZOABAA!16s%2Fg%2F1tgcpry6?entry=ttu&g_ep=EgoyMDI1MTIwMi4wIKXMDSoASAFQAw%3D%3D,174000,cbm,https://www.igu.org/igu-reports/2025-world-lng-report,,,conventional,https://www.datocms-assets.com/146580/1783403747-igu-world-lng-report-2026.pdf,ME-GA,https://www.igu.org/igu-reports/2025-world-lng-report,2026,https://www.igu.org/igu-reports/2025-world-lng-report,,,,IGU,,,,,,,
123,9988035,https://www.igu.org/igu-reports/2025-world-lng-report,Minerva Roxanne,"https://www.shipvault.com/ships/461096, https://shipvaultapi-gjb8c.ondigitalocean.app/api/units/461096",,Hull 2653 (SHI),"https://www.shipvault.com/ships/461096, https://shipvaultapi-gjb8c.ondigitalocean.app/api/units/461096",Hull 2653 (SHI),https://www.igu.org/igu-reports/2025-world-lng-report,active,GEM,12/31/2024,"https://www.shipvault.com/ships/461096, https://shipvaultapi-gjb8c.ondigitalocean.app/api/units/461096",Minerva Marine,https://www.igu.org/igu-reports/2025-world-lng-report,,,Samsung Heavy Industries,https://www.igu.org/igu-reports/2025-world-lng-report,South Korea,https://www.samsungshi.com/En/Default.aspx,34.89804,128.6045,"VJW3+QV Geoje-si, Gyeongsangnam-do",exact,https://www.google.com/maps/place/Samsung+Heavy+industries/data=!3m1!1e3!4m10!1m2!2m1!1ssamsung+heavy+industries!3m6!1s0x356ecd83691a8fb5:0xd4204e9a1bb0ef10!8m2!3d34.8969682!4d128.6046376!15sChhzYW1zdW5nIGhlYXZ5IGluZHVzdHJpZXOSAQhzaGlweWFyZOABAA!16s%2Fg%2F1tgcpry6?entry=ttu&g_ep=EgoyMDI1MTIwMi4wIKXMDSoASAFQAw%3D%3D,174000,cbm,https://www.igu.org/igu-reports/2025-world-lng-report,,,conventional,https://www.datocms-assets.com/146580/1783403747-igu-world-lng-report-2026.pdf,ME-GA,https://www.igu.org/igu-reports/2025-world-lng-report,2026,https://www.igu.org/igu-reports/2025-world-lng-report,,,,IGU,,,,,,,
129,1019668,https://www.igu.org/igu-reports/2025-world-lng-report,Gamy Vanguard,"https://www.shipvault.com/ships/463994, https://shipvaultapi-gjb8c.ondigitalocean.app/api/units/463994",,Hull 2662 (SHI),"https://www.shipvault.com/ships/463994, https://shipvaultapi-gjb8c.ondigitalocean.app/api/units/463994",Hull 2662 (SHI),https://www.igu.org/igu-reports/2025-world-lng-report,on order,GEM,12/31/2024,https://www.igu.org/igu-reports/2025-world-lng-report,MOL,https://www.igu.org/igu-reports/2025-world-lng-report,,,Samsung Heavy Industries,https://www.igu.org/igu-reports/2025-world-lng-report,South Korea,https://www.samsungshi.com/En/Default.aspx,34.89804,128.6045,"VJW3+QV Geoje-si, Gyeongsangnam-do",exact,https://www.google.com/maps/place/Samsung+Heavy+industries/data=!3m1!1e3!4m10!1m2!2m1!1ssamsung+heavy+industries!3m6!1s0x356ecd83691a8fb5:0xd4204e9a1bb0ef10!8m2!3d34.8969682!4d128.6046376!15sChhzYW1zdW5nIGhlYXZ5IGluZHVzdHJpZXOSAQhzaGlweWFyZOABAA!16s%2Fg%2F1tgcpry6?entry=ttu&g_ep=EgoyMDI1MTIwMi4wIKXMDSoASAFQAw%3D%3D,174000,cbm,https://www.igu.org/igu-reports/2025-world-lng-report,,,conventional,https://www.datocms-assets.com/146580/1783403747-igu-world-lng-report-2026.pdf,ME-GA,https://www.igu.org/igu-reports/2025-world-lng-report,2026,https://www.igu.org/igu-reports/2025-world-lng-report,,,,IGU,,,,,,,
131,1023401,https://www.igu.org/igu-reports/2025-world-lng-report,Diamond Gas Jade,"https://www.shipvault.com/ships/465878, https://shipvaultapi-gjb8c.ondigitalocean.app/api/units/465878",,Hull 2664 (SHI),"https://www.shipvault.com/ships/465878, https://shipvaultapi-gjb8c.ondigitalocean.app/api/units/465878",Hull 2664 (SHI),https://www.igu.org/igu-reports/2025-world-lng-report,on order,GEM,12/31/2024,https://www.igu.org/igu-reports/2025-world-lng-report,K Line,https://www.igu.org/igu-reports/2025-world-lng-report,,,Samsung Heavy Industries,https://www.igu.org/igu-reports/2025-world-lng-report,South Korea,https://www.samsungshi.com/En/Default.aspx,34.89804,128.6045,"VJW3+QV Geoje-si, Gyeongsangnam-do",exact,https://www.google.com/maps/place/Samsung+Heavy+industries/data=!3m1!1e3!4m10!1m2!2m1!1ssamsung+heavy+industries!3m6!1s0x356ecd83691a8fb5:0xd4204e9a1bb0ef10!8m2!3d34.8969682!4d128.6046376!15sChhzYW1zdW5nIGhlYXZ5IGluZHVzdHJpZXOSAQhzaGlweWFyZOABAA!16s%2Fg%2F1tgcpry6?entry=ttu&g_ep=EgoyMDI1MTIwMi4wIKXMDSoASAFQAw%3D%3D,174000,cbm,https://www.igu.org/igu-reports/2025-world-lng-report,,,conventional,https://www.datocms-assets.com/146580/1783403747-igu-world-lng-report-2026.pdf,ME-GA,https://www.igu.org/igu-reports/2025-world-lng-report,2026,https://www.igu.org/igu-reports/2025-world-lng-report,,,,IGU,,,,,,,
132,1023413,https://www.igu.org/igu-reports/2025-world-lng-report,Toho Emerald,"https://www.shipvault.com/ships/465879, https://shipvaultapi-gjb8c.ondigitalocean.app/api/units/465879",,Hull 2665 (SHI),"https://www.shipvault.com/ships/465879, https://shipvaultapi-gjb8c.ondigitalocean.app/api/units/465879",Hull 2665 (SHI),https://www.igu.org/igu-reports/2025-world-lng-report,on order,GEM,12/31/2024,https://www.igu.org/igu-reports/2025-world-lng-report,K Line,https://www.igu.org/igu-reports/2025-world-lng-report,,,Samsung Heavy Industries,https://www.igu.org/igu-reports/2025-world-lng-report,South Korea,https://www.samsungshi.com/En/Default.aspx,34.89804,128.6045,"VJW3+QV Geoje-si, Gyeongsangnam-do",exact,https://www.google.com/maps/place/Samsung+Heavy+industries/data=!3m1!1e3!4m10!1m2!2m1!1ssamsung+heavy+industries!3m6!1s0x356ecd83691a8fb5:0xd4204e9a1bb0ef10!8m2!3d34.8969682!4d128.6046376!15sChhzYW1zdW5nIGhlYXZ5IGluZHVzdHJpZXOSAQhzaGlweWFyZOABAA!16s%2Fg%2F1tgcpry6?entry=ttu&g_ep=EgoyMDI1MTIwMi4wIKXMDSoASAFQAw%3D%3D,174000,cbm,https://www.igu.org/igu-reports/2025-world-lng-report,,,conventional,https://www.datocms-assets.com/146580/1783403747-igu-world-lng-report-2026.pdf,ME-GA,https://www.igu.org/igu-reports/2025-world-lng-report,2026,https://www.igu.org/igu-reports/2025-world-lng-report,,,,IGU,,,,,,,
135,1041439,https://www.igu.org/igu-reports/2025-world-lng-report,Barthy Vanguard,"https://www.shipvault.com/ships/471277, https://shipvaultapi-gjb8c.ondigitalocean.app/api/units/471277",,Hull 2687 (SHI),"https://www.shipvault.com/ships/471277, https://shipvaultapi-gjb8c.ondigitalocean.app/api/units/471277",Hull 2687 (SHI),https://www.igu.org/igu-reports/2025-world-lng-report,on order,GEM,12/31/2024,https://www.igu.org/igu-reports/2025-world-lng-report,MOL,https://www.igu.org/igu-reports/2025-world-lng-report,,,Samsung Heavy Industries,https://www.igu.org/igu-reports/2025-world-lng-report,South Korea,https://www.samsungshi.com/En/Default.aspx,34.89804,128.6045,"VJW3+QV Geoje-si, Gyeongsangnam-do",exact,https://www.google.com/maps/place/Samsung+Heavy+industries/data=!3m1!1e3!4m10!1m2!2m1!1ssamsung+heavy+industries!3m6!1s0x356ecd83691a8fb5:0xd4204e9a1bb0ef10!8m2!3d34.8969682!4d128.6046376!15sChhzYW1zdW5nIGhlYXZ5IGluZHVzdHJpZXOSAQhzaGlweWFyZOABAA!16s%2Fg%2F1tgcpry6?entry=ttu&g_ep=EgoyMDI1MTIwMi4wIKXMDSoASAFQAw%3D%3D,174000,cbm,https://www.igu.org/igu-reports/2025-world-lng-report,,,conventional,https://www.datocms-assets.com/146580/1783403747-igu-world-lng-report-2026.pdf,ME-GA,https://www.igu.org/igu-reports/2025-world-lng-report,2027,https://www.igu.org/igu-reports/2025-world-lng-report,,,,IGU,,,,,,,
136,1069950,https://www.igu.org/igu-reports/2025-world-lng-report,Al Ghafat,"https://www.shipvault.com/ships/478219, https://shipvaultapi-gjb8c.ondigitalocean.app/api/units/478219, https://www.marinetraffic.org/ship-owner-manager-ism-data/AL-GHAFAT/1069950/1",,Hull 2693 (Hanwha),https://www.datocms-assets.com/146580/1763396210-1747916410-igu-world-lng-report-2025.pdf,Hull 2693 (Hanwha),https://www.igu.org/igu-reports/2025-world-lng-report,on order,GEM,12/31/2024,https://www.igu.org/igu-reports/2025-world-lng-report,K Line / Hyundai Glovis,https://www.igu.org/igu-reports/2025-world-lng-report,,,Hanwha Ocean,https://www.igu.org/igu-reports/2025-world-lng-report,South Korea,https://www.hanwha.com/companies/hanwha-ocean.do,34.87385,128.6966,"VMCW+V7 Geoje-si, Gyeongsangnam-do",exact,https://www.google.com/maps/place/Hanwha+Ocean/data=!3m1!1e3!4m10!1m2!2m1!1sHanwha+Ocean!3m6!1s0x356ecd1d7a72f7db:0x3bfe90e7d8bf93f0!8m2!3d34.8721913!4d128.6956963!15sCgxIYW53aGEgT2NlYW5aDiIMaGFud2hhIG9jZWFukgEfc2hpcGJ1aWxkaW5nX2FuZF9yZXBhaXJfY29tcGFueZoBI0NoWkRTVWhOTUc5blMwVkpRMEZuVFVSUmRYVkVTMWhuRUFF4AEA-gEECAAQLA!16s%2Fg%2F11swmd6_76?entry=ttu&g_ep=EgoyMDI1MTIwMi4wIKXMDSoASAFQAw%3D%3D,174000,cbm,https://www.igu.org/igu-reports/2025-world-lng-report,,,conventional,https://www.datocms-assets.com/146580/1783403747-igu-world-lng-report-2026.pdf,X-DF,https://www.igu.org/igu-reports/2025-world-lng-report,2028,https://www.igu.org/igu-reports/2025-world-lng-report,,,,IGU,,,,,,,
138,1069962,https://www.igu.org/igu-reports/2025-world-lng-report,Al Sidriya,"https://www.shipvault.com/ships/478220, https://shipvaultapi-gjb8c.ondigitalocean.app/api/units/478220, https://www.marinetraffic.org/ship-owner-manager-ism-data/AL-SIDRIYA/1069962/1",,Hull 2694 (Hanwha),https://www.datocms-assets.com/146580/1763396210-1747916410-igu-world-lng-report-2025.pdf,Hull 2694 (Hanwha),https://www.igu.org/igu-reports/2025-world-lng-report,on order,GEM,12/31/2024,https://www.igu.org/igu-reports/2025-world-lng-report,K Line / Hyundai Glovis,https://www.igu.org/igu-reports/2025-world-lng-report,,,Hanwha Ocean,https://www.igu.org/igu-reports/2025-world-lng-report,South Korea,https://www.hanwha.com/companies/hanwha-ocean.do,34.87385,128.6966,"VMCW+V7 Geoje-si, Gyeongsangnam-do",exact,https://www.google.com/maps/place/Hanwha+Ocean/data=!3m1!1e3!4m10!1m2!2m1!1sHanwha+Ocean!3m6!1s0x356ecd1d7a72f7db:0x3bfe90e7d8bf93f0!8m2!3d34.8721913!4d128.6956963!15sCgxIYW53aGEgT2NlYW5aDiIMaGFud2hhIG9jZWFukgEfc2hpcGJ1aWxkaW5nX2FuZF9yZXBhaXJfY29tcGFueZoBI0NoWkRTVWhOTUc5blMwVkpRMEZuVFVSUmRYVkVTMWhuRUFF4AEA-gEECAAQLA!16s%2Fg%2F11swmd6_76?entry=ttu&g_ep=EgoyMDI1MTIwMi4wIKXMDSoASAFQAw%3D%3D,174000,cbm,https://www.igu.org/igu-reports/2025-world-lng-report,,,conventional,https://www.datocms-assets.com/146580/1783403747-igu-world-lng-report-2026.pdf,X-DF,https://www.igu.org/igu-reports/2025-world-lng-report,2028,https://www.igu.org/igu-reports/2025-world-lng-report,,,,IGU,,,,,,,
139,1070727,https://www.igu.org/igu-reports/2025-world-lng-report,Lekhraib,"https://www.shipvault.com/ships/479139, https://shipvaultapi-gjb8c.ondigitalocean.app/api/units/479139, https://www.marinetraffic.org/ship-owner-manager-ism-data/LEKHRAIB/1070727/477262100",,Hull 2694 (SHI),"https://www.shipvault.com/ships/479139, https://shipvaultapi-gjb8c.ondigitalocean.app/api/units/479139",Hull 2694 (SHI),https://www.igu.org/igu-reports/2025-world-lng-report,on order,GEM,12/31/2024,https://www.igu.org/igu-reports/2025-world-lng-report,CMES,https://www.igu.org/igu-reports/2025-world-lng-report,,,Samsung Heavy Industries,https://www.igu.org/igu-reports/2025-world-lng-report,South Korea,https://www.samsungshi.com/En/Default.aspx,34.89804,128.6045,"VJW3+QV Geoje-si, Gyeongsangnam-do",exact,https://www.google.com/maps/place/Samsung+Heavy+industries/data=!3m1!1e3!4m10!1m2!2m1!1ssamsung+heavy+industries!3m6!1s0x356ecd83691a8fb5:0xd4204e9a1bb0ef10!8m2!3d34.8969682!4d128.6046376!15sChhzYW1zdW5nIGhlYXZ5IGluZHVzdHJpZXOSAQhzaGlweWFyZOABAA!16s%2Fg%2F1tgcpry6?entry=ttu&g_ep=EgoyMDI1MTIwMi4wIKXMDSoASAFQAw%3D%3D,174000,cbm,https://www.igu.org/igu-reports/2025-world-lng-report,,,conventional,https://www.datocms-assets.com/146580/1783403747-igu-world-lng-report-2026.pdf,X-DF,https://www.igu.org/igu-reports/2025-world-lng-report,2028,https://www.igu.org/igu-reports/2025-world-lng-report,,,,IGU,,,,,,,
140,1069974,https://www.igu.org/igu-reports/2025-world-lng-report,Ain Snan,"https://www.shipvault.com/ships/478221, https://shipvaultapi-gjb8c.ondigitalocean.app/api/units/478221, https://www.marinetraffic.org/ship-owner-manager-ism-data/AIN-SNAN/1069974/1",,Hull 2695 (Hanwha),https://www.datocms-assets.com/146580/1763396210-1747916410-igu-world-lng-report-2025.pdf,Hull 2695 (Hanwha),https://www.igu.org/igu-reports/2025-world-lng-report,on order,GEM,12/31/2024,https://www.igu.org/igu-reports/2025-world-lng-report,K Line / Hyundai Glovis,https://www.igu.org/igu-reports/2025-world-lng-report,,,Hanwha Ocean,https://www.igu.org/igu-reports/2025-world-lng-report,South Korea,https://www.hanwha.com/companies/hanwha-ocean.do,34.87385,128.6966,"VMCW+V7 Geoje-si, Gyeongsangnam-do",exact,https://www.google.com/maps/place/Hanwha+Ocean/data=!3m1!1e3!4m10!1m2!2m1!1sHanwha+Ocean!3m6!1s0x356ecd1d7a72f7db:0x3bfe90e7d8bf93f0!8m2!3d34.8721913!4d128.6956963!15sCgxIYW53aGEgT2NlYW5aDiIMaGFud2hhIG9jZWFukgEfc2hpcGJ1aWxkaW5nX2FuZF9yZXBhaXJfY29tcGFueZoBI0NoWkRTVWhOTUc5blMwVkpRMEZuVFVSUmRYVkVTMWhuRUFF4AEA-gEECAAQLA!16s%2Fg%2F11swmd6_76?entry=ttu&g_ep=EgoyMDI1MTIwMi4wIKXMDSoASAFQAw%3D%3D,174000,cbm,https://www.igu.org/igu-reports/2025-world-lng-report,,,conventional,https://www.datocms-assets.com/146580/1783403747-igu-world-lng-report-2026.pdf,X-DF,https://www.igu.org/igu-reports/2025-world-lng-report,2028,https://www.igu.org/igu-reports/2025-world-lng-report,,,,IGU,,,,,,,
142,1069986,https://www.igu.org/igu-reports/2025-world-lng-report,Al Wasmi,"https://www.shipvault.com/ships/478222, https://shipvaultapi-gjb8c.ondigitalocean.app/api/units/478222, https://www.marinetraffic.org/ship-owner-manager-ism-data/AL-WASMI/1069986/1",,Hull 2696 (Hanwha),https://www.datocms-assets.com/146580/1763396210-1747916410-igu-world-lng-report-2025.pdf,Hull 2696 (Hanwha),https://www.igu.org/igu-reports/2025-world-lng-report,on order,GEM,12/31/2024,https://www.igu.org/igu-reports/2025-world-lng-report,K Line / Hyundai Glovis,https://www.igu.org/igu-reports/2025-world-lng-report,,,Hanwha Ocean,https://www.igu.org/igu-reports/2025-world-lng-report,South Korea,https://www.hanwha.com/companies/hanwha-ocean.do,34.87385,128.6966,"VMCW+V7 Geoje-si, Gyeongsangnam-do",exact,https://www.google.com/maps/place/Hanwha+Ocean/data=!3m1!1e3!4m10!1m2!2m1!1sHanwha+Ocean!3m6!1s0x356ecd1d7a72f7db:0x3bfe90e7d8bf93f0!8m2!3d34.8721913!4d128.6956963!15sCgxIYW53aGEgT2NlYW5aDiIMaGFud2hhIG9jZWFukgEfc2hpcGJ1aWxkaW5nX2FuZF9yZXBhaXJfY29tcGFueZoBI0NoWkRTVWhOTUc5blMwVkpRMEZuVFVSUmRYVkVTMWhuRUFF4AEA-gEECAAQLA!16s%2Fg%2F11swmd6_76?entry=ttu&g_ep=EgoyMDI1MTIwMi4wIKXMDSoASAFQAw%3D%3D,174000,cbm,https://www.igu.org/igu-reports/2025-world-lng-report,,,conventional,https://www.datocms-assets.com/146580/1783403747-igu-world-lng-report-2026.pdf,X-DF,https://www.igu.org/igu-reports/2025-world-lng-report,2028,https://www.igu.org/igu-reports/2025-world-lng-report,,,,IGU,,,,,,,
143,1070739,https://www.igu.org/igu-reports/2025-world-lng-report,Wadi Al Askar,"https://www.shipvault.com/ships/479141, https://shipvaultapi-gjb8c.ondigitalocean.app/api/units/479141, https://www.marinetraffic.org/ship-owner-manager-ism-data/WADI-AL-ASKAR/1070739/1",,Hull 2696 (SHI),"https://www.shipvault.com/ships/479141, https://shipvaultapi-gjb8c.ondigitalocean.app/api/units/479141",Hull 2696 (SHI),https://www.igu.org/igu-reports/2025-world-lng-report,on order,GEM,12/31/2024,https://www.igu.org/igu-reports/2025-world-lng-report,CMES,https://www.igu.org/igu-reports/2025-world-lng-report,,,Samsung Heavy Industries,https://www.igu.org/igu-reports/2025-world-lng-report,South Korea,https://www.samsungshi.com/En/Default.aspx,34.89804,128.6045,"VJW3+QV Geoje-si, Gyeongsangnam-do",exact,https://www.google.com/maps/place/Samsung+Heavy+industries/data=!3m1!1e3!4m10!1m2!2m1!1ssamsung+heavy+industries!3m6!1s0x356ecd83691a8fb5:0xd4204e9a1bb0ef10!8m2!3d34.8969682!4d128.6046376!15sChhzYW1zdW5nIGhlYXZ5IGluZHVzdHJpZXOSAQhzaGlweWFyZOABAA!16s%2Fg%2F1tgcpry6?entry=ttu&g_ep=EgoyMDI1MTIwMi4wIKXMDSoASAFQAw%3D%3D,174000,cbm,https://www.igu.org/igu-reports/2025-world-lng-report,,,conventional,https://www.datocms-assets.com/146580/1783403747-igu-world-lng-report-2026.pdf,X-DF,https://www.igu.org/igu-reports/2025-world-lng-report,2028,https://www.igu.org/igu-reports/2025-world-lng-report,,,,IGU,,,,,,,
144,1063401,https://www.igu.org/igu-reports/2025-world-lng-report,E'saila,"https://www.shipvault.com/ships/479142, https://shipvaultapi-gjb8c.ondigitalocean.app/api/units/479142",,Hull 2697 (SHI),"https://www.shipvault.com/ships/479142, https://shipvaultapi-gjb8c.ondigitalocean.app/api/units/479142",Hull 2697 (SHI),https://www.igu.org/igu-reports/2025-world-lng-report,on order,GEM,12/31/2024,https://www.igu.org/igu-reports/2025-world-lng-report,MISC,https://www.igu.org/igu-reports/2025-world-lng-report,Malaysia,"https://www.misc.com.my/contact-us/, https://www.miscgroup.com/awcontent/Web/Documents/IntegratedAnnualReport/Integrated-Annual-Report-2025.pdf, https://en.wikipedia.org/wiki/MISC_Berhad",Samsung Heavy Industries,https://www.igu.org/igu-reports/2025-world-lng-report,South Korea,https://www.samsungshi.com/En/Default.aspx,34.89804,128.6045,"VJW3+QV Geoje-si, Gyeongsangnam-do",exact,https://www.google.com/maps/place/Samsung+Heavy+industries/data=!3m1!1e3!4m10!1m2!2m1!1ssamsung+heavy+industries!3m6!1s0x356ecd83691a8fb5:0xd4204e9a1bb0ef10!8m2!3d34.8969682!4d128.6046376!15sChhzYW1zdW5nIGhlYXZ5IGluZHVzdHJpZXOSAQhzaGlweWFyZOABAA!16s%2Fg%2F1tgcpry6?entry=ttu&g_ep=EgoyMDI1MTIwMi4wIKXMDSoASAFQAw%3D%3D,174000,cbm,https://www.igu.org/igu-reports/2025-world-lng-report,,,conventional,https://www.datocms-assets.com/146580/1783403747-igu-world-lng-report-2026.pdf,X-DF,https://www.igu.org/igu-reports/2025-world-lng-report,2027,"https://www.shipvault.com/ships/479142, https://shipvaultapi-gjb8c.ondigitalocean.app/api/units/479142, https://www.datocms-assets.com/146580/1783403747-igu-world-lng-report-2026.pdf",yes,2026,https://www.datocms-assets.com/146580/1763396210-1747916410-igu-world-lng-report-2025.pdf,IGU,,,,,,,
146,1070741,https://www.igu.org/igu-reports/2025-world-lng-report,Al Shaheen,"https://www.shipvault.com/ships/479144, https://shipvaultapi-gjb8c.ondigitalocean.app/api/units/479144, https://www.marinetraffic.org/ship-owner-manager-ism-data/AL-SHAHEEN/1070741/1",,Hull 2699 (SHI),"https://www.shipvault.com/ships/479144, https://shipvaultapi-gjb8c.ondigitalocean.app/api/units/479144",Hull 2699 (SHI),https://www.igu.org/igu-reports/2025-world-lng-report,on order,GEM,12/31/2024,https://www.igu.org/igu-reports/2025-world-lng-report,CMES,https://www.igu.org/igu-reports/2025-world-lng-report,,,Samsung Heavy Industries,https://www.igu.org/igu-reports/2025-world-lng-report,South Korea,https://www.samsungshi.com/En/Default.aspx,34.89804,128.6045,"VJW3+QV Geoje-si, Gyeongsangnam-do",exact,https://www.google.com/maps/place/Samsung+Heavy+industries/data=!3m1!1e3!4m10!1m2!2m1!1ssamsung+heavy+industries!3m6!1s0x356ecd83691a8fb5:0xd4204e9a1bb0ef10!8m2!3d34.8969682!4d128.6046376!15sChhzYW1zdW5nIGhlYXZ5IGluZHVzdHJpZXOSAQhzaGlweWFyZOABAA!16s%2Fg%2F1tgcpry6?entry=ttu&g_ep=EgoyMDI1MTIwMi4wIKXMDSoASAFQAw%3D%3D,174000,cbm,https://www.igu.org/igu-reports/2025-world-lng-report,,,conventional,https://www.datocms-assets.com/146580/1783403747-igu-world-lng-report-2026.pdf,X-DF,https://www.igu.org/igu-reports/2025-world-lng-report,2028,https://www.igu.org/igu-reports/2025-world-lng-report,,,,IGU,,,,,,,
147,1063425,https://www.igu.org/igu-reports/2025-world-lng-report,Al Seej,"https://www.shipvault.com/ships/479145, https://shipvaultapi-gjb8c.ondigitalocean.app/api/units/479145",,Hull 2700 (SHI),"https://www.shipvault.com/ships/479145, https://shipvaultapi-gjb8c.ondigitalocean.app/api/units/479145",Hull 2700 (SHI),https://www.igu.org/igu-reports/2025-world-lng-report,on order,GEM,12/31/2024,https://www.igu.org/igu-reports/2025-world-lng-report,MISC,https://www.igu.org/igu-reports/2025-world-lng-report,Malaysia,"https://www.misc.com.my/contact-us/, https://www.miscgroup.com/awcontent/Web/Documents/IntegratedAnnualReport/Integrated-Annual-Report-2025.pdf, https://en.wikipedia.org/wiki/MISC_Berhad",Samsung Heavy Industries,https://www.igu.org/igu-reports/2025-world-lng-report,South Korea,https://www.samsungshi.com/En/Default.aspx,34.89804,128.6045,"VJW3+QV Geoje-si, Gyeongsangnam-do",exact,https://www.google.com/maps/place/Samsung+Heavy+industries/data=!3m1!1e3!4m10!1m2!2m1!1ssamsung+heavy+industries!3m6!1s0x356ecd83691a8fb5:0xd4204e9a1bb0ef10!8m2!3d34.8969682!4d128.6046376!15sChhzYW1zdW5nIGhlYXZ5IGluZHVzdHJpZXOSAQhzaGlweWFyZOABAA!16s%2Fg%2F1tgcpry6?entry=ttu&g_ep=EgoyMDI1MTIwMi4wIKXMDSoASAFQAw%3D%3D,174000,cbm,https://www.igu.org/igu-reports/2025-world-lng-report,,,conventional,https://www.datocms-assets.com/146580/1783403747-igu-world-lng-report-2026.pdf,X-DF,https://www.igu.org/igu-reports/2025-world-lng-report,2027,https://www.igu.org/igu-reports/2025-world-lng-report,,,,IGU,,,,,,,
150,1070806,https://www.igu.org/igu-reports/2025-world-lng-report,Libsayer,https://www.marinetraffic.org/ship-owner-manager-ism-data/LIBSAYER/1070806/1,,Hull 2702 (SHI),"https://www.datocms-assets.com/146580/1763396210-1747916410-igu-world-lng-report-2025.pdf, https://www.datocms-assets.com/146580/1783403747-igu-world-lng-report-2026.pdf",Hull 2702 (SHI),https://www.igu.org/igu-reports/2025-world-lng-report,on order,GEM,12/31/2024,https://www.igu.org/igu-reports/2025-world-lng-report,CMES,https://www.igu.org/igu-reports/2025-world-lng-report,,,Samsung Heavy Industries,https://www.igu.org/igu-reports/2025-world-lng-report,South Korea,https://www.samsungshi.com/En/Default.aspx,34.89804,128.6045,"VJW3+QV Geoje-si, Gyeongsangnam-do",exact,https://www.google.com/maps/place/Samsung+Heavy+industries/data=!3m1!1e3!4m10!1m2!2m1!1ssamsung+heavy+industries!3m6!1s0x356ecd83691a8fb5:0xd4204e9a1bb0ef10!8m2!3d34.8969682!4d128.6046376!15sChhzYW1zdW5nIGhlYXZ5IGluZHVzdHJpZXOSAQhzaGlweWFyZOABAA!16s%2Fg%2F1tgcpry6?entry=ttu&g_ep=EgoyMDI1MTIwMi4wIKXMDSoASAFQAw%3D%3D,174000,cbm,https://www.igu.org/igu-reports/2025-world-lng-report,,,conventional,https://www.datocms-assets.com/146580/1783403747-igu-world-lng-report-2026.pdf,X-DF,https://www.igu.org/igu-reports/2025-world-lng-report,2028,https://www.igu.org/igu-reports/2025-world-lng-report,,,,IGU,,,,,,,
154,1070820,https://www.igu.org/igu-reports/2025-world-lng-report,Al Nouf,"https://www.shipvault.com/ships/479151, https://shipvaultapi-gjb8c.ondigitalocean.app/api/units/479151, https://www.marinetraffic.org/ship-owner-manager-ism-data/AL-NOUF/1070820/1",,Hull 2706 (SHI),"https://www.shipvault.com/ships/479151, https://shipvaultapi-gjb8c.ondigitalocean.app/api/units/479151",Hull 2706 (SHI),https://www.igu.org/igu-reports/2025-world-lng-report,on order,GEM,12/31/2024,https://www.igu.org/igu-reports/2025-world-lng-report,CMES,https://www.igu.org/igu-reports/2025-world-lng-report,,,Samsung Heavy Industries,https://www.igu.org/igu-reports/2025-world-lng-report,South Korea,https://www.samsungshi.com/En/Default.aspx,34.89804,128.6045,"VJW3+QV Geoje-si, Gyeongsangnam-do",exact,https://www.google.com/maps/place/Samsung+Heavy+industries/data=!3m1!1e3!4m10!1m2!2m1!1ssamsung+heavy+industries!3m6!1s0x356ecd83691a8fb5:0xd4204e9a1bb0ef10!8m2!3d34.8969682!4d128.6046376!15sChhzYW1zdW5nIGhlYXZ5IGluZHVzdHJpZXOSAQhzaGlweWFyZOABAA!16s%2Fg%2F1tgcpry6?entry=ttu&g_ep=EgoyMDI1MTIwMi4wIKXMDSoASAFQAw%3D%3D,174000,cbm,https://www.igu.org/igu-reports/2025-world-lng-report,,,conventional,https://www.datocms-assets.com/146580/1783403747-igu-world-lng-report-2026.pdf,X-DF,https://www.igu.org/igu-reports/2025-world-lng-report,2028,https://www.igu.org/igu-reports/2025-world-lng-report,,,,IGU,,,,,,,
170,9926908,https://www.igu.org/igu-reports/2025-world-lng-report,New Brave,https://www.igu.org/igu-reports/2025-world-lng-report,,Hull 3221 (HDHHI),https://www.datocms-assets.com/146580/1783403747-igu-world-lng-report-2026.pdf,Hull 3221,https://www.igu.org/igu-reports/2025-world-lng-report,active,GEM,12/31/2024,https://www.igu.org/igu-reports/2025-world-lng-report,Pan Ocean,https://www.igu.org/igu-reports/2025-world-lng-report,,,HD Hyundai Heavy Industries,https://www.igu.org/igu-reports/2025-world-lng-report,South Korea,https://www.hd.com/en/main,35.51613,129.4383,GC8Q+M6 Ulsan,exact,https://www.google.com/maps/place/HD+Hyundai+Heavy+Industries+Ulsan+Shipyard/data=!3m1!1e3!4m10!1m2!2m1!1sHD+Hyundai!3m6!1s0x3567ce56ebbfb645:0xd94a696f9fca5d90!8m2!3d35.5167468!4d129.4380269!15sCgpIRCBIeXVuZGFpkgEIc2hpcHlhcmTgAQA!16s%2Fg%2F1tfhd8y1?entry=ttu&g_ep=EgoyMDI1MTIwMi4wIKXMDSoASAFQAw%3D%3D,174000,cbm,https://www.igu.org/igu-reports/2025-world-lng-report,membrane,https://www.igu.org/igu-reports/2025-world-lng-report,conventional,https://www.igu.org/igu-reports/2025-world-lng-report,ME-GA,https://www.igu.org/igu-reports/2025-world-lng-report,2024,https://www.igu.org/igu-reports/2025-world-lng-report,,,,IGU,,,,,,,
171,9926910,https://www.igu.org/igu-reports/2025-world-lng-report,New Nature,https://www.igu.org/igu-reports/2025-world-lng-report,,Hull 3222 (HDHHI),https://www.datocms-assets.com/146580/1783403747-igu-world-lng-report-2026.pdf,Hull 3222,https://www.igu.org/igu-reports/2025-world-lng-report,active,GEM,12/31/2024,https://www.igu.org/igu-reports/2025-world-lng-report,Pan Ocean,https://www.igu.org/igu-reports/2025-world-lng-report,,,HD Hyundai Heavy Industries,https://www.igu.org/igu-reports/2025-world-lng-report,South Korea,https://www.hd.com/en/main,35.51613,129.4383,GC8Q+M6 Ulsan,exact,https://www.google.com/maps/place/HD+Hyundai+Heavy+Industries+Ulsan+Shipyard/data=!3m1!1e3!4m10!1m2!2m1!1sHD+Hyundai!3m6!1s0x3567ce56ebbfb645:0xd94a696f9fca5d90!8m2!3d35.5167468!4d129.4380269!15sCgpIRCBIeXVuZGFpkgEIc2hpcHlhcmTgAQA!16s%2Fg%2F1tfhd8y1?entry=ttu&g_ep=EgoyMDI1MTIwMi4wIKXMDSoASAFQAw%3D%3D,174000,cbm,https://www.igu.org/igu-reports/2025-world-lng-report,membrane,https://www.igu.org/igu-reports/2025-world-lng-report,conventional,https://www.igu.org/igu-reports/2025-world-lng-report,ME-GA,https://www.igu.org/igu-reports/2025-world-lng-report,2024,https://www.igu.org/igu-reports/2025-world-lng-report,,,,IGU,,,,,,,
172,9947500,https://www.igu.org/igu-reports/2025-world-lng-report,New Green ST,https://www.igu.org/igu-reports/2025-world-lng-report,,Hull 3224 (HDHHI),https://www.datocms-assets.com/146580/1783403747-igu-world-lng-report-2026.pdf,Hull 3224,https://www.igu.org/igu-reports/2025-world-lng-report,active,GEM,12/31/2024,https://www.igu.org/igu-reports/2025-world-lng-report,Pan Ocean,https://www.igu.org/igu-reports/2025-world-lng-report,,,HD Hyundai Heavy Industries,https://www.igu.org/igu-reports/2025-world-lng-report,South Korea,https://www.hd.com/en/main,35.51613,129.4383,GC8Q+M6 Ulsan,exact,https://www.google.com/maps/place/HD+Hyundai+Heavy+Industries+Ulsan+Shipyard/data=!3m1!1e3!4m10!1m2!2m1!1sHD+Hyundai!3m6!1s0x3567ce56ebbfb645:0xd94a696f9fca5d90!8m2!3d35.5167468!4d129.4380269!15sCgpIRCBIeXVuZGFpkgEIc2hpcHlhcmTgAQA!16s%2Fg%2F1tfhd8y1?entry=ttu&g_ep=EgoyMDI1MTIwMi4wIKXMDSoASAFQAw%3D%3D,174000,cbm,https://www.igu.org/igu-reports/2025-world-lng-report,membrane,https://www.igu.org/igu-reports/2025-world-lng-report,conventional,https://www.igu.org/igu-reports/2025-world-lng-report,X-DF,https://www.igu.org/igu-reports/2025-world-lng-report,2024,https://www.igu.org/igu-reports/2025-world-lng-report,,,,IGU,,,,,,,
173,9943504,https://www.igu.org/igu-reports/2025-world-lng-report,Clean Future,https://www.igu.org/igu-reports/2025-world-lng-report,,Hull 3293 (HDHHI),https://www.datocms-assets.com/146580/1783403747-igu-world-lng-report-2026.pdf,Hull 3293,https://www.igu.org/igu-reports/2025-world-lng-report,active,GEM,12/31/2024,https://www.igu.org/igu-reports/2025-world-lng-report,Dynagas,https://www.igu.org/igu-reports/2025-world-lng-report,,,HD Hyundai Heavy Industries,https://www.igu.org/igu-reports/2025-world-lng-report,South Korea,https://www.hd.com/en/main,35.51613,129.4383,GC8Q+M6 Ulsan,exact,https://www.google.com/maps/place/HD+Hyundai+Heavy+Industries+Ulsan+Shipyard/data=!3m1!1e3!4m10!1m2!2m1!1sHD+Hyundai!3m6!1s0x3567ce56ebbfb645:0xd94a696f9fca5d90!8m2!3d35.5167468!4d129.4380269!15sCgpIRCBIeXVuZGFpkgEIc2hpcHlhcmTgAQA!16s%2Fg%2F1tfhd8y1?entry=ttu&g_ep=EgoyMDI1MTIwMi4wIKXMDSoASAFQAw%3D%3D,200000,cbm,https://www.igu.org/igu-reports/2025-world-lng-report,membrane,https://www.igu.org/igu-reports/2025-world-lng-report,conventional,https://www.igu.org/igu-reports/2025-world-lng-report,ME-GA,https://www.igu.org/igu-reports/2025-world-lng-report,2024,https://www.igu.org/igu-reports/2025-world-lng-report,,,,IGU,,,,,,,
174,9937957,https://www.igu.org/igu-reports/2025-world-lng-report,Puteri Santubong,https://www.igu.org/igu-reports/2025-world-lng-report,,Hull 3295 (HDHHI),https://www.datocms-assets.com/146580/1783403747-igu-world-lng-report-2026.pdf,Hull 3295,https://www.igu.org/igu-reports/2025-world-lng-report,active,GEM,12/31/2024,https://www.igu.org/igu-reports/2025-world-lng-report,Hyundai LNG Shipping,https://www.igu.org/igu-reports/2025-world-lng-report,South Korea,https://www.emis.com/php/company-profile/KR/Hyundai_Lng_Shipping_CoLtd_en_4269939.html,HD Hyundai Heavy Industries,https://www.igu.org/igu-reports/2025-world-lng-report,South Korea,https://www.hd.com/en/main,35.51613,129.4383,GC8Q+M6 Ulsan,exact,https://www.google.com/maps/place/HD+Hyundai+Heavy+Industries+Ulsan+Shipyard/data=!3m1!1e3!4m10!1m2!2m1!1sHD+Hyundai!3m6!1s0x3567ce56ebbfb645:0xd94a696f9fca5d90!8m2!3d35.5167468!4d129.4380269!15sCgpIRCBIeXVuZGFpkgEIc2hpcHlhcmTgAQA!16s%2Fg%2F1tfhd8y1?entry=ttu&g_ep=EgoyMDI1MTIwMi4wIKXMDSoASAFQAw%3D%3D,174000,cbm,https://www.igu.org/igu-reports/2025-world-lng-report,membrane,https://www.igu.org/igu-reports/2025-world-lng-report,conventional,https://www.igu.org/igu-reports/2025-world-lng-report,X-DF,https://www.igu.org/igu-reports/2025-world-lng-report,2024,https://www.igu.org/igu-reports/2025-world-lng-report,,,,IGU,,,,,,,
176,9947598,https://www.igu.org/igu-reports/2025-world-lng-report,Puteri Ledang,https://www.igu.org/igu-reports/2025-world-lng-report,,Hull 3297 (HDHHI),https://www.datocms-assets.com/146580/1783403747-igu-world-lng-report-2026.pdf,Hull 3297,https://www.igu.org/igu-reports/2025-world-lng-report,active,GEM,12/31/2024,https://www.igu.org/igu-reports/2025-world-lng-report,Hyundai LNG Shipping,https://www.igu.org/igu-reports/2025-world-lng-report,South Korea,https://www.emis.com/php/company-profile/KR/Hyundai_Lng_Shipping_CoLtd_en_4269939.html,HD Hyundai Heavy Industries,https://www.igu.org/igu-reports/2025-world-lng-report,South Korea,https://www.hd.com/en/main,35.51613,129.4383,GC8Q+M6 Ulsan,exact,https://www.google.com/maps/place/HD+Hyundai+Heavy+Industries+Ulsan+Shipyard/data=!3m1!1e3!4m10!1m2!2m1!1sHD+Hyundai!3m6!1s0x3567ce56ebbfb645:0xd94a696f9fca5d90!8m2!3d35.5167468!4d129.4380269!15sCgpIRCBIeXVuZGFpkgEIc2hpcHlhcmTgAQA!16s%2Fg%2F1tfhd8y1?entry=ttu&g_ep=EgoyMDI1MTIwMi4wIKXMDSoASAFQAw%3D%3D,174000,cbm,https://www.igu.org/igu-reports/2025-world-lng-report,membrane,https://www.igu.org/igu-reports/2025-world-lng-report,conventional,https://www.igu.org/igu-reports/2025-world-lng-report,ME-GA,https://www.igu.org/igu-reports/2025-world-lng-report,2024,https://www.igu.org/igu-reports/2025-world-lng-report,,,,IGU,,,,,,,
177,9947603,https://www.igu.org/igu-reports/2025-world-lng-report,Puteri Mahsuri,https://www.igu.org/igu-reports/2025-world-lng-report,,Hull 3298 (HDHHI),https://www.datocms-assets.com/146580/1783403747-igu-world-lng-report-2026.pdf,Hull 3298,https://www.igu.org/igu-reports/2025-world-lng-report,active,GEM,12/31/2024,https://www.igu.org/igu-reports/2025-world-lng-report,Hyundai LNG Shipping,https://www.igu.org/igu-reports/2025-world-lng-report,South Korea,https://www.emis.com/php/company-profile/KR/Hyundai_Lng_Shipping_CoLtd_en_4269939.html,HD Hyundai Heavy Industries,https://www.igu.org/igu-reports/2025-world-lng-report,South Korea,https://www.hd.com/en/main,35.51613,129.4383,GC8Q+M6 Ulsan,exact,https://www.google.com/maps/place/HD+Hyundai+Heavy+Industries+Ulsan+Shipyard/data=!3m1!1e3!4m10!1m2!2m1!1sHD+Hyundai!3m6!1s0x3567ce56ebbfb645:0xd94a696f9fca5d90!8m2!3d35.5167468!4d129.4380269!15sCgpIRCBIeXVuZGFpkgEIc2hpcHlhcmTgAQA!16s%2Fg%2F1tfhd8y1?entry=ttu&g_ep=EgoyMDI1MTIwMi4wIKXMDSoASAFQAw%3D%3D,174000,cbm,https://www.igu.org/igu-reports/2025-world-lng-report,membrane,https://www.igu.org/igu-reports/2025-world-lng-report,conventional,https://www.igu.org/igu-reports/2025-world-lng-report,ME-GA,https://www.igu.org/igu-reports/2025-world-lng-report,2024,https://www.igu.org/igu-reports/2025-world-lng-report,,,,IGU,,,,,,,
179,9957725,https://www.igu.org/igu-reports/2025-world-lng-report,Assos,https://www.igu.org/igu-reports/2025-world-lng-report,,Hull 3341 (HDHHI),https://www.datocms-assets.com/146580/1783403747-igu-world-lng-report-2026.pdf,Hull 3341,https://www.igu.org/igu-reports/2025-world-lng-report,active,GEM,12/31/2024,https://www.igu.org/igu-reports/2025-world-lng-report,Capital Gas,https://www.igu.org/igu-reports/2025-world-lng-report,Greece,"https://magicport.ai/owners-managers/greece/capital-gas-ship-management, https://stockanalysis.com/stocks/ccec/company/, https://www.rivieramm.com/news-content-hub/capital-gas-enhances-fleet-reliability-amid-greek-lng-expansion-82819",HD Hyundai Heavy Industries,https://www.igu.org/igu-reports/2025-world-lng-report,South Korea,https://www.hd.com/en/main,35.51613,129.4383,GC8Q+M6 Ulsan,exact,https://www.google.com/maps/place/HD+Hyundai+Heavy+Industries+Ulsan+Shipyard/data=!3m1!1e3!4m10!1m2!2m1!1sHD+Hyundai!3m6!1s0x3567ce56ebbfb645:0xd94a696f9fca5d90!8m2!3d35.5167468!4d129.4380269!15sCgpIRCBIeXVuZGFpkgEIc2hpcHlhcmTgAQA!16s%2Fg%2F1tfhd8y1?entry=ttu&g_ep=EgoyMDI1MTIwMi4wIKXMDSoASAFQAw%3D%3D,174000,cbm,https://www.igu.org/igu-reports/2025-world-lng-report,membrane,https://www.igu.org/igu-reports/2025-world-lng-report,conventional,https://www.igu.org/igu-reports/2025-world-lng-report,ME-GA,https://www.igu.org/igu-reports/2025-world-lng-report,2024,https://www.igu.org/igu-reports/2025-world-lng-report,,,,IGU,,,,,,,
181,9975533,https://www.igu.org/igu-reports/2025-world-lng-report,Puteri Sarawak,"https://www.shipvault.com/ships/467719, https://shipvaultapi-gjb8c.ondigitalocean.app/api/units/467719",,Hull 3371 (HDHHI),"https://www.shipvault.com/ships/467719, https://shipvaultapi-gjb8c.ondigitalocean.app/api/units/467719",Hull 3371 (HDHHI),https://www.igu.org/igu-reports/2025-world-lng-report,active,GEM,12/31/2024,"https://www.shipvault.com/ships/467719, https://shipvaultapi-gjb8c.ondigitalocean.app/api/units/467719",SK Shipping,https://www.igu.org/igu-reports/2025-world-lng-report,South Korea,"https://en.wikipedia.org/wiki/SK_Shipping, https://splash247.com/sk-shipping-takes-aim-at-asia-lng-top-spot-in-h-line-tanker-swap/",HD Hyundai Heavy Industries,https://www.igu.org/igu-reports/2025-world-lng-report,South Korea,https://www.hd.com/en/main,35.51613,129.4383,GC8Q+M6 Ulsan,exact,https://www.google.com/maps/place/HD+Hyundai+Heavy+Industries+Ulsan+Shipyard/data=!3m1!1e3!4m10!1m2!2m1!1sHD+Hyundai!3m6!1s0x3567ce56ebbfb645:0xd94a696f9fca5d90!8m2!3d35.5167468!4d129.4380269!15sCgpIRCBIeXVuZGFpkgEIc2hpcHlhcmTgAQA!16s%2Fg%2F1tfhd8y1?entry=ttu&g_ep=EgoyMDI1MTIwMi4wIKXMDSoASAFQAw%3D%3D,174000,cbm,https://www.igu.org/igu-reports/2025-world-lng-report,membrane,https://www.datocms-assets.com/146580/1783403747-igu-world-lng-report-2026.pdf,conventional,https://www.datocms-assets.com/146580/1783403747-igu-world-lng-report-2026.pdf,ME-GA,https://www.igu.org/igu-reports/2025-world-lng-report,2025,"https://www.shipvault.com/ships/467719, https://shipvaultapi-gjb8c.ondigitalocean.app/api/units/467719",,,,IGU,,,,,,,
184,9981403,https://www.igu.org/igu-reports/2025-world-lng-report,Barzan,https://www.shipvault.com/ships/458163,,Hull 3385 (HDHHI),"https://www.shipvault.com/ships/458163, https://shipvaultapi-gjb8c.ondigitalocean.app/api/units/458163",Hull 3385 (HDHHI),https://www.igu.org/igu-reports/2025-world-lng-report,active,GEM,12/31/2024,https://www.shipvault.com/ships/458163,Knutsen OAS,https://www.igu.org/igu-reports/2025-world-lng-report,Norway,https://www.imarinenews.com/35664.html,HD Hyundai Heavy Industries,https://www.igu.org/igu-reports/2025-world-lng-report,South Korea,https://www.hd.com/en/main,35.51613,129.4383,GC8Q+M6 Ulsan,exact,https://www.google.com/maps/place/HD+Hyundai+Heavy+Industries+Ulsan+Shipyard/data=!3m1!1e3!4m10!1m2!2m1!1sHD+Hyundai!3m6!1s0x3567ce56ebbfb645:0xd94a696f9fca5d90!8m2!3d35.5167468!4d129.4380269!15sCgpIRCBIeXVuZGFpkgEIc2hpcHlhcmTgAQA!16s%2Fg%2F1tfhd8y1?entry=ttu&g_ep=EgoyMDI1MTIwMi4wIKXMDSoASAFQAw%3D%3D,174000,cbm,https://www.igu.org/igu-reports/2025-world-lng-report,,,conventional,https://www.datocms-assets.com/146580/1783403747-igu-world-lng-report-2026.pdf,X-DF,https://www.igu.org/igu-reports/2025-world-lng-report,2026,https://www.igu.org/igu-reports/2025-world-lng-report,,,,IGU,,,,,,,
185,9981415,https://www.igu.org/igu-reports/2025-world-lng-report,Umm Wishah,"https://www.shipvault.com/ships/458164, https://shipvaultapi-gjb8c.ondigitalocean.app/api/units/458164",,Hull 3386 (HDHHI),"https://www.shipvault.com/ships/458164, https://shipvaultapi-gjb8c.ondigitalocean.app/api/units/458164",Hull 3386 (HDHHI),https://www.igu.org/igu-reports/2025-world-lng-report,active,GEM,12/31/2024,"https://www.shipvault.com/ships/458164, https://shipvaultapi-gjb8c.ondigitalocean.app/api/units/458164",Knutsen OAS,https://www.igu.org/igu-reports/2025-world-lng-report,Norway,https://www.imarinenews.com/35664.html,HD Hyundai Heavy Industries,https://www.igu.org/igu-reports/2025-world-lng-report,South Korea,https://www.hd.com/en/main,35.51613,129.4383,GC8Q+M6 Ulsan,exact,https://www.google.com/maps/place/HD+Hyundai+Heavy+Industries+Ulsan+Shipyard/data=!3m1!1e3!4m10!1m2!2m1!1sHD+Hyundai!3m6!1s0x3567ce56ebbfb645:0xd94a696f9fca5d90!8m2!3d35.5167468!4d129.4380269!15sCgpIRCBIeXVuZGFpkgEIc2hpcHlhcmTgAQA!16s%2Fg%2F1tfhd8y1?entry=ttu&g_ep=EgoyMDI1MTIwMi4wIKXMDSoASAFQAw%3D%3D,174000,cbm,https://www.igu.org/igu-reports/2025-world-lng-report,,,conventional,https://www.datocms-assets.com/146580/1783403747-igu-world-lng-report-2026.pdf,X-DF,https://www.igu.org/igu-reports/2025-world-lng-report,2026,https://www.igu.org/igu-reports/2025-world-lng-report,,,,IGU,,,,,,,
186,9981427,https://www.igu.org/igu-reports/2025-world-lng-report,Al Nigyan,https://lngprime.com/asia/knutsen-takes-delivery-of-qatarenergy-lng-tanker/195695/,,Hull 3387 (HDHHI),"https://www.datocms-assets.com/146580/1763396210-1747916410-igu-world-lng-report-2025.pdf, https://www.datocms-assets.com/146580/1783403747-igu-world-lng-report-2026.pdf",Hull 3387 (HDHHI),https://www.igu.org/igu-reports/2025-world-lng-report,on order,GEM,12/31/2024,https://www.igu.org/igu-reports/2025-world-lng-report,Knutsen OAS,https://www.igu.org/igu-reports/2025-world-lng-report,Norway,https://www.imarinenews.com/35664.html,HD Hyundai Heavy Industries,https://www.igu.org/igu-reports/2025-world-lng-report,South Korea,https://www.hd.com/en/main,35.51613,129.4383,GC8Q+M6 Ulsan,exact,https://www.google.com/maps/place/HD+Hyundai+Heavy+Industries+Ulsan+Shipyard/data=!3m1!1e3!4m10!1m2!2m1!1sHD+Hyundai!3m6!1s0x3567ce56ebbfb645:0xd94a696f9fca5d90!8m2!3d35.5167468!4d129.4380269!15sCgpIRCBIeXVuZGFpkgEIc2hpcHlhcmTgAQA!16s%2Fg%2F1tfhd8y1?entry=ttu&g_ep=EgoyMDI1MTIwMi4wIKXMDSoASAFQAw%3D%3D,174000,cbm,https://www.igu.org/igu-reports/2025-world-lng-report,,,conventional,https://www.datocms-assets.com/146580/1783403747-igu-world-lng-report-2026.pdf,X-DF,https://www.igu.org/igu-reports/2025-world-lng-report,2026,https://www.igu.org/igu-reports/2025-world-lng-report,,,,IGU,,,,,,,
189,9981491,https://www.igu.org/igu-reports/2025-world-lng-report,Al Zuwair,"https://www.shipvault.com/ships/459079, https://shipvaultapi-gjb8c.ondigitalocean.app/api/units/459079",,Hull 3395 (HDHHI),"https://www.shipvault.com/ships/459079, https://shipvaultapi-gjb8c.ondigitalocean.app/api/units/459079",Hull 3395 (HDHHI),https://www.igu.org/igu-reports/2025-world-lng-report,active,GEM,12/31/2024,"https://www.shipvault.com/ships/459079, https://shipvaultapi-gjb8c.ondigitalocean.app/api/units/459079","MISC, NYK Line, K Line, China LNG",https://www.igu.org/igu-reports/2025-world-lng-report,Japan,"https://www.nyk.com/english/profile/profile/, https://en.wikipedia.org/wiki/Nippon_Yusen",HD Hyundai Heavy Industries,https://www.igu.org/igu-reports/2025-world-lng-report,South Korea,https://www.hd.com/en/main,35.51613,129.4383,GC8Q+M6 Ulsan,exact,https://www.google.com/maps/place/HD+Hyundai+Heavy+Industries+Ulsan+Shipyard/data=!3m1!1e3!4m10!1m2!2m1!1sHD+Hyundai!3m6!1s0x3567ce56ebbfb645:0xd94a696f9fca5d90!8m2!3d35.5167468!4d129.4380269!15sCgpIRCBIeXVuZGFpkgEIc2hpcHlhcmTgAQA!16s%2Fg%2F1tfhd8y1?entry=ttu&g_ep=EgoyMDI1MTIwMi4wIKXMDSoASAFQAw%3D%3D,174000,cbm,https://www.igu.org/igu-reports/2025-world-lng-report,membrane,https://www.datocms-assets.com/146580/1783403747-igu-world-lng-report-2026.pdf,conventional,https://www.datocms-assets.com/146580/1783403747-igu-world-lng-report-2026.pdf,X-DF,https://www.igu.org/igu-reports/2025-world-lng-report,2025,"https://www.shipvault.com/ships/459079, https://shipvaultapi-gjb8c.ondigitalocean.app/api/units/459079",,,,IGU,,,,,214285714.00,USD,https://www.seatrade-maritime.com/lng/asian-consortium-orders-7-lng-carriers-hyundai-qatar
190,9981506,https://www.igu.org/igu-reports/2025-world-lng-report,Sharq,"https://www.shipvault.com/ships/459080, https://shipvaultapi-gjb8c.ondigitalocean.app/api/units/459080",,Hull 3396 (HDHHI),"https://www.shipvault.com/ships/459080, https://shipvaultapi-gjb8c.ondigitalocean.app/api/units/459080",Hull 3396 (HDHHI),https://www.igu.org/igu-reports/2025-world-lng-report,active,GEM,12/31/2024,"https://www.shipvault.com/ships/459080, https://shipvaultapi-gjb8c.ondigitalocean.app/api/units/459080","MISC, NYK Line, K Line, China LNG",https://www.igu.org/igu-reports/2025-world-lng-report,Japan,"https://www.nyk.com/english/profile/profile/, https://en.wikipedia.org/wiki/Nippon_Yusen",HD Hyundai Heavy Industries,https://www.igu.org/igu-reports/2025-world-lng-report,South Korea,https://www.hd.com/en/main,35.51613,129.4383,GC8Q+M6 Ulsan,exact,https://www.google.com/maps/place/HD+Hyundai+Heavy+Industries+Ulsan+Shipyard/data=!3m1!1e3!4m10!1m2!2m1!1sHD+Hyundai!3m6!1s0x3567ce56ebbfb645:0xd94a696f9fca5d90!8m2!3d35.5167468!4d129.4380269!15sCgpIRCBIeXVuZGFpkgEIc2hpcHlhcmTgAQA!16s%2Fg%2F1tfhd8y1?entry=ttu&g_ep=EgoyMDI1MTIwMi4wIKXMDSoASAFQAw%3D%3D,174000,cbm,https://www.igu.org/igu-reports/2025-world-lng-report,membrane,https://www.datocms-assets.com/146580/1783403747-igu-world-lng-report-2026.pdf,conventional,https://www.datocms-assets.com/146580/1783403747-igu-world-lng-report-2026.pdf,X-DF,https://www.igu.org/igu-reports/2025-world-lng-report,2025,"https://www.shipvault.com/ships/459080, https://shipvaultapi-gjb8c.ondigitalocean.app/api/units/459080",,,,IGU,,,,,214285714.00,USD,https://www.seatrade-maritime.com/lng/asian-consortium-orders-7-lng-carriers-hyundai-qatar
192,9981520,https://www.igu.org/igu-reports/2025-world-lng-report,Halwan,"https://www.shipvault.com/ships/459082, https://shipvaultapi-gjb8c.ondigitalocean.app/api/units/459082",,Hull 3398 (HDHHI),"https://www.shipvault.com/ships/459082, https://shipvaultapi-gjb8c.ondigitalocean.app/api/units/459082",Hull 3398 (HDHHI),https://www.igu.org/igu-reports/2025-world-lng-report,active,GEM,12/31/2024,"https://www.shipvault.com/ships/459082, https://shipvaultapi-gjb8c.ondigitalocean.app/api/units/459082","MISC, NYK Line, K Line, China LNG",https://www.igu.org/igu-reports/2025-world-lng-report,Japan,"https://www.nyk.com/english/profile/profile/, https://en.wikipedia.org/wiki/Nippon_Yusen",HD Hyundai Heavy Industries,https://www.igu.org/igu-reports/2025-world-lng-report,South Korea,https://www.hd.com/en/main,35.51613,129.4383,GC8Q+M6 Ulsan,exact,https://www.google.com/maps/place/HD+Hyundai+Heavy+Industries+Ulsan+Shipyard/data=!3m1!1e3!4m10!1m2!2m1!1sHD+Hyundai!3m6!1s0x3567ce56ebbfb645:0xd94a696f9fca5d90!8m2!3d35.5167468!4d129.4380269!15sCgpIRCBIeXVuZGFpkgEIc2hpcHlhcmTgAQA!16s%2Fg%2F1tfhd8y1?entry=ttu&g_ep=EgoyMDI1MTIwMi4wIKXMDSoASAFQAw%3D%3D,174000,cbm,https://www.igu.org/igu-reports/2025-world-lng-report,,,conventional,https://www.datocms-assets.com/146580/1783403747-igu-world-lng-report-2026.pdf,X-DF,https://www.igu.org/igu-reports/2025-world-lng-report,2026,https://www.igu.org/igu-reports/2025-world-lng-report,,,,IGU,,,,,214285714.00,USD,https://www.seatrade-maritime.com/lng/asian-consortium-orders-7-lng-carriers-hyundai-qatar
193,9981532,https://www.igu.org/igu-reports/2025-world-lng-report,Al Thumaid,"https://www.shipvault.com/ships/459083, https://shipvaultapi-gjb8c.ondigitalocean.app/api/units/459083",,Hull 3399 (HDHHI),"https://www.shipvault.com/ships/459083, https://shipvaultapi-gjb8c.ondigitalocean.app/api/units/459083",Hull 3399 (HDHHI),https://www.igu.org/igu-reports/2025-world-lng-report,on order,GEM,12/31/2024,https://www.igu.org/igu-reports/2025-world-lng-report,"MISC, NYK Line, K Line, China LNG",https://www.igu.org/igu-reports/2025-world-lng-report,Japan,"https://www.nyk.com/english/profile/profile/, https://en.wikipedia.org/wiki/Nippon_Yusen",HD Hyundai Heavy Industries,https://www.igu.org/igu-reports/2025-world-lng-report,South Korea,https://www.hd.com/en/main,35.51613,129.4383,GC8Q+M6 Ulsan,exact,https://www.google.com/maps/place/HD+Hyundai+Heavy+Industries+Ulsan+Shipyard/data=!3m1!1e3!4m10!1m2!2m1!1sHD+Hyundai!3m6!1s0x3567ce56ebbfb645:0xd94a696f9fca5d90!8m2!3d35.5167468!4d129.4380269!15sCgpIRCBIeXVuZGFpkgEIc2hpcHlhcmTgAQA!16s%2Fg%2F1tfhd8y1?entry=ttu&g_ep=EgoyMDI1MTIwMi4wIKXMDSoASAFQAw%3D%3D,174000,cbm,https://www.igu.org/igu-reports/2025-world-lng-report,,,conventional,https://www.datocms-assets.com/146580/1783403747-igu-world-lng-report-2026.pdf,X-DF,https://www.igu.org/igu-reports/2025-world-lng-report,2026,https://www.igu.org/igu-reports/2025-world-lng-report,,,,IGU,QatarEnergy,"https://www.nyk.com/english/news/2022/20220810_01.html, https://www.seatrade-maritime.com/lng/asian-consortium-orders-7-lng-carriers-hyundai-qatar",10-Aug-2022,https://www.nyk.com/english/news/2022/20220810_01.html,214285714.00,USD,https://www.seatrade-maritime.com/lng/asian-consortium-orders-7-lng-carriers-hyundai-qatar
194,9981544,https://www.igu.org/igu-reports/2025-world-lng-report,Al Mazrooah,"https://www.shipvault.com/ships/459084, https://shipvaultapi-gjb8c.ondigitalocean.app/api/units/459084",,Hull 3400 (HDHHI),"https://www.shipvault.com/ships/459084, https://shipvaultapi-gjb8c.ondigitalocean.app/api/units/459084",Hull 3400 (HDHHI),https://www.igu.org/igu-reports/2025-world-lng-report,on order,GEM,12/31/2024,https://www.igu.org/igu-reports/2025-world-lng-report,"MISC, NYK Line, K Line, China LNG",https://www.igu.org/igu-reports/2025-world-lng-report,Japan,"https://www.nyk.com/english/profile/profile/, https://en.wikipedia.org/wiki/Nippon_Yusen",HD Hyundai Heavy Industries,https://www.igu.org/igu-reports/2025-world-lng-report,South Korea,https://www.hd.com/en/main,35.51613,129.4383,GC8Q+M6 Ulsan,exact,https://www.google.com/maps/place/HD+Hyundai+Heavy+Industries+Ulsan+Shipyard/data=!3m1!1e3!4m10!1m2!2m1!1sHD+Hyundai!3m6!1s0x3567ce56ebbfb645:0xd94a696f9fca5d90!8m2!3d35.5167468!4d129.4380269!15sCgpIRCBIeXVuZGFpkgEIc2hpcHlhcmTgAQA!16s%2Fg%2F1tfhd8y1?entry=ttu&g_ep=EgoyMDI1MTIwMi4wIKXMDSoASAFQAw%3D%3D,174000,cbm,https://www.igu.org/igu-reports/2025-world-lng-report,,,conventional,https://www.datocms-assets.com/146580/1783403747-igu-world-lng-report-2026.pdf,X-DF,https://www.igu.org/igu-reports/2025-world-lng-report,2026,https://www.igu.org/igu-reports/2025-world-lng-report,,,,IGU,QatarEnergy,"https://www.nyk.com/english/news/2022/20220810_01.html, https://www.seatrade-maritime.com/lng/asian-consortium-orders-7-lng-carriers-hyundai-qatar",10-Aug-2022,https://www.nyk.com/english/news/2022/20220810_01.html,214285714.00,USD,https://www.seatrade-maritime.com/lng/asian-consortium-orders-7-lng-carriers-hyundai-qatar
195,9981556,https://www.igu.org/igu-reports/2025-world-lng-report,Qaffal,"https://www.shipvault.com/ships/459085, https://shipvaultapi-gjb8c.ondigitalocean.app/api/units/459085",,Hull 3401 (HDHHI),"https://www.shipvault.com/ships/459085, https://shipvaultapi-gjb8c.ondigitalocean.app/api/units/459085",Hull 3401 (HDHHI),https://www.igu.org/igu-reports/2025-world-lng-report,on order,GEM,12/31/2024,https://www.igu.org/igu-reports/2025-world-lng-report,"MISC, NYK Line, K Line, China LNG",https://www.igu.org/igu-reports/2025-world-lng-report,Japan,"https://www.nyk.com/english/profile/profile/, https://en.wikipedia.org/wiki/Nippon_Yusen",HD Hyundai Heavy Industries,https://www.igu.org/igu-reports/2025-world-lng-report,South Korea,https://www.hd.com/en/main,35.51613,129.4383,GC8Q+M6 Ulsan,exact,https://www.google.com/maps/place/HD+Hyundai+Heavy+Industries+Ulsan+Shipyard/data=!3m1!1e3!4m10!1m2!2m1!1sHD+Hyundai!3m6!1s0x3567ce56ebbfb645:0xd94a696f9fca5d90!8m2!3d35.5167468!4d129.4380269!15sCgpIRCBIeXVuZGFpkgEIc2hpcHlhcmTgAQA!16s%2Fg%2F1tfhd8y1?entry=ttu&g_ep=EgoyMDI1MTIwMi4wIKXMDSoASAFQAw%3D%3D,174000,cbm,https://www.igu.org/igu-reports/2025-world-lng-report,,,conventional,https://www.datocms-assets.com/146580/1783403747-igu-world-lng-report-2026.pdf,X-DF,https://www.igu.org/igu-reports/2025-world-lng-report,2026,https://www.igu.org/igu-reports/2025-world-lng-report,,,,IGU,QatarEnergy,"https://www.nyk.com/english/news/2022/20220810_01.html, https://www.seatrade-maritime.com/lng/asian-consortium-orders-7-lng-carriers-hyundai-qatar",10-Aug-2022,https://www.nyk.com/english/news/2022/20220810_01.html,214285714.00,USD,https://www.seatrade-maritime.com/lng/asian-consortium-orders-7-lng-carriers-hyundai-qatar
196,9984209,https://www.igu.org/igu-reports/2025-world-lng-report,Excelerate Acadia,"https://www.shipvault.com/ships/460369, https://shipvaultapi-gjb8c.ondigitalocean.app/api/units/460369",,Hull 3407 (HDHHI),"https://www.shipvault.com/ships/460369, https://shipvaultapi-gjb8c.ondigitalocean.app/api/units/460369",Hull 3407 (HDHHI),https://www.igu.org/igu-reports/2025-world-lng-report,active,GEM,12/31/2024,"https://www.shipvault.com/ships/460369, https://shipvaultapi-gjb8c.ondigitalocean.app/api/units/460369",Excelerate Energy,https://www.igu.org/igu-reports/2025-world-lng-report,,,HD Hyundai Heavy Industries,https://www.igu.org/igu-reports/2025-world-lng-report,South Korea,https://www.hd.com/en/main,35.51613,129.4383,GC8Q+M6 Ulsan,exact,https://www.google.com/maps/place/HD+Hyundai+Heavy+Industries+Ulsan+Shipyard/data=!3m1!1e3!4m10!1m2!2m1!1sHD+Hyundai!3m6!1s0x3567ce56ebbfb645:0xd94a696f9fca5d90!8m2!3d35.5167468!4d129.4380269!15sCgpIRCBIeXVuZGFpkgEIc2hpcHlhcmTgAQA!16s%2Fg%2F1tfhd8y1?entry=ttu&g_ep=EgoyMDI1MTIwMi4wIKXMDSoASAFQAw%3D%3D,174000,cbm,https://www.igu.org/igu-reports/2025-world-lng-report,,,FSRU,https://www.datocms-assets.com/146580/1783403747-igu-world-lng-report-2026.pdf,DFDE,https://www.igu.org/igu-reports/2025-world-lng-report,2026,https://www.igu.org/igu-reports/2025-world-lng-report,,,,IGU,,,,,,,
201,1017165,https://www.igu.org/igu-reports/2025-world-lng-report,Clean Astraeus,"https://www.shipvault.com/ships/462869, https://shipvaultapi-gjb8c.ondigitalocean.app/api/units/462869",,Hull 3452 (HDHHI),"https://www.shipvault.com/ships/462869, https://shipvaultapi-gjb8c.ondigitalocean.app/api/units/462869",Hull 3452 (HDHHI),https://www.igu.org/igu-reports/2025-world-lng-report,on order,GEM,12/31/2024,https://www.igu.org/igu-reports/2025-world-lng-report,Dynagas,https://www.igu.org/igu-reports/2025-world-lng-report,,,HD Hyundai Heavy Industries,https://www.igu.org/igu-reports/2025-world-lng-report,South Korea,https://www.hd.com/en/main,35.51613,129.4383,GC8Q+M6 Ulsan,exact,https://www.google.com/maps/place/HD+Hyundai+Heavy+Industries+Ulsan+Shipyard/data=!3m1!1e3!4m10!1m2!2m1!1sHD+Hyundai!3m6!1s0x3567ce56ebbfb645:0xd94a696f9fca5d90!8m2!3d35.5167468!4d129.4380269!15sCgpIRCBIeXVuZGFpkgEIc2hpcHlhcmTgAQA!16s%2Fg%2F1tfhd8y1?entry=ttu&g_ep=EgoyMDI1MTIwMi4wIKXMDSoASAFQAw%3D%3D,200000,cbm,https://www.igu.org/igu-reports/2025-world-lng-report,,,conventional,https://www.datocms-assets.com/146580/1783403747-igu-world-lng-report-2026.pdf,ME-GA,https://www.igu.org/igu-reports/2025-world-lng-report,2027,https://www.igu.org/igu-reports/2025-world-lng-report,,,,IGU,,,17-Jan-2023,https://lngprime.com/asia/hyundai-heavy-to-build-lng-carrier-trio-worth-about-783-million/70995/,261000000.00,USD,https://lngprime.com/asia/hyundai-heavy-to-build-lng-carrier-trio-worth-about-783-million/70995/
202,1017177,https://www.igu.org/igu-reports/2025-world-lng-report,Clean Azeus,"https://www.shipvault.com/ships/462870, https://shipvaultapi-gjb8c.ondigitalocean.app/api/units/462870",,Hull 3453 (HDHHI),"https://www.shipvault.com/ships/462870, https://shipvaultapi-gjb8c.ondigitalocean.app/api/units/462870",Hull 3453 (HDHHI),https://www.igu.org/igu-reports/2025-world-lng-report,on order,GEM,12/31/2024,https://www.igu.org/igu-reports/2025-world-lng-report,Dynagas,https://www.igu.org/igu-reports/2025-world-lng-report,,,HD Hyundai Heavy Industries,https://www.igu.org/igu-reports/2025-world-lng-report,South Korea,https://www.hd.com/en/main,35.51613,129.4383,GC8Q+M6 Ulsan,exact,https://www.google.com/maps/place/HD+Hyundai+Heavy+Industries+Ulsan+Shipyard/data=!3m1!1e3!4m10!1m2!2m1!1sHD+Hyundai!3m6!1s0x3567ce56ebbfb645:0xd94a696f9fca5d90!8m2!3d35.5167468!4d129.4380269!15sCgpIRCBIeXVuZGFpkgEIc2hpcHlhcmTgAQA!16s%2Fg%2F1tfhd8y1?entry=ttu&g_ep=EgoyMDI1MTIwMi4wIKXMDSoASAFQAw%3D%3D,200000,cbm,https://www.igu.org/igu-reports/2025-world-lng-report,,,conventional,https://www.datocms-assets.com/146580/1783403747-igu-world-lng-report-2026.pdf,ME-GA,https://www.igu.org/igu-reports/2025-world-lng-report,2027,https://www.igu.org/igu-reports/2025-world-lng-report,,,,IGU,,,,,,,
207,1048918,https://www.igu.org/igu-reports/2025-world-lng-report,Al Ghuwair,"https://www.shipvault.com/ships/478305, https://shipvaultapi-gjb8c.ondigitalocean.app/api/units/478305, https://www.marinetraffic.org/ship-owner-manager-ism-data/AL-GHUWAIR/1048918/538000000",,Hull 3476 (HDHHI),"https://www.shipvault.com/ships/478305, https://shipvaultapi-gjb8c.ondigitalocean.app/api/units/478305",Hull 3476 (HDHHI),https://www.igu.org/igu-reports/2025-world-lng-report,on order,GEM,12/31/2024,https://www.igu.org/igu-reports/2025-world-lng-report,Nakilat,https://www.igu.org/igu-reports/2025-world-lng-report,,,HD Hyundai Heavy Industries,https://www.igu.org/igu-reports/2025-world-lng-report,South Korea,https://www.hd.com/en/main,35.51613,129.4383,GC8Q+M6 Ulsan,exact,https://www.google.com/maps/place/HD+Hyundai+Heavy+Industries+Ulsan+Shipyard/data=!3m1!1e3!4m10!1m2!2m1!1sHD+Hyundai!3m6!1s0x3567ce56ebbfb645:0xd94a696f9fca5d90!8m2!3d35.5167468!4d129.4380269!15sCgpIRCBIeXVuZGFpkgEIc2hpcHlhcmTgAQA!16s%2Fg%2F1tfhd8y1?entry=ttu&g_ep=EgoyMDI1MTIwMi4wIKXMDSoASAFQAw%3D%3D,174000,cbm,https://www.igu.org/igu-reports/2025-world-lng-report,,,conventional,https://www.datocms-assets.com/146580/1783403747-igu-world-lng-report-2026.pdf,X-DF,https://www.igu.org/igu-reports/2025-world-lng-report,2027,https://www.igu.org/igu-reports/2025-world-lng-report,,,,IGU,QatarEnergy,"https://www.offshore-energy.biz/qatarenergy-chooses-nakilat-to-own-and-operate-up-to-25-newbuild-lng-carriers/, https://www.rivieramm.com/news-content-hub/news-content-hub/qatars-nakilat-to-order-up-to-25-lng-carriers-79599",27-Sep-2023,https://lngprime.com/asia/qatarenergy-hd-hyundai-heavy-ink-3-9-billion-deal-for-17-lng-carriers/93096/,229000000.00,USD,https://lngprime.com/asia/qatarenergy-hd-hyundai-heavy-ink-3-9-billion-deal-for-17-lng-carriers/93096/
208,1048920,https://www.igu.org/igu-reports/2025-world-lng-report,Wadi Sultana,"https://www.shipvault.com/ships/478306, https://shipvaultapi-gjb8c.ondigitalocean.app/api/units/478306, https://www.marinetraffic.org/ship-owner-manager-ism-data/WADI-SULTANA/1048920/1",,Hull 3477 (HDHHI),"https://www.shipvault.com/ships/478306, https://shipvaultapi-gjb8c.ondigitalocean.app/api/units/478306",Hull 3477 (HDHHI),https://www.igu.org/igu-reports/2025-world-lng-report,on order,GEM,12/31/2024,https://www.igu.org/igu-reports/2025-world-lng-report,Nakilat,https://www.igu.org/igu-reports/2025-world-lng-report,,,HD Hyundai Heavy Industries,https://www.igu.org/igu-reports/2025-world-lng-report,South Korea,https://www.hd.com/en/main,35.51613,129.4383,GC8Q+M6 Ulsan,exact,https://www.google.com/maps/place/HD+Hyundai+Heavy+Industries+Ulsan+Shipyard/data=!3m1!1e3!4m10!1m2!2m1!1sHD+Hyundai!3m6!1s0x3567ce56ebbfb645:0xd94a696f9fca5d90!8m2!3d35.5167468!4d129.4380269!15sCgpIRCBIeXVuZGFpkgEIc2hpcHlhcmTgAQA!16s%2Fg%2F1tfhd8y1?entry=ttu&g_ep=EgoyMDI1MTIwMi4wIKXMDSoASAFQAw%3D%3D,174000,cbm,https://www.igu.org/igu-reports/2025-world-lng-report,,,conventional,https://www.datocms-assets.com/146580/1783403747-igu-world-lng-report-2026.pdf,X-DF,https://www.igu.org/igu-reports/2025-world-lng-report,2027,https://www.igu.org/igu-reports/2025-world-lng-report,,,,IGU,QatarEnergy,"https://www.offshore-energy.biz/qatarenergy-chooses-nakilat-to-own-and-operate-up-to-25-newbuild-lng-carriers/, https://www.rivieramm.com/news-content-hub/news-content-hub/qatars-nakilat-to-order-up-to-25-lng-carriers-79599",27-Sep-2023,https://lngprime.com/asia/qatarenergy-hd-hyundai-heavy-ink-3-9-billion-deal-for-17-lng-carriers/93096/,229000000.00,USD,https://lngprime.com/asia/qatarenergy-hd-hyundai-heavy-ink-3-9-billion-deal-for-17-lng-carriers/93096/
209,1048932,https://www.igu.org/igu-reports/2025-world-lng-report,Lesha,"https://www.shipvault.com/ships/478307, https://shipvaultapi-gjb8c.ondigitalocean.app/api/units/478307, https://www.marinetraffic.org/ship-owner-manager-ism-data/LESHA/1048932/1",,Hull 3478 (HDHHI),"https://www.shipvault.com/ships/478307, https://shipvaultapi-gjb8c.ondigitalocean.app/api/units/478307",Hull 3478 (HDHHI),https://www.igu.org/igu-reports/2025-world-lng-report,on order,GEM,12/31/2024,https://www.igu.org/igu-reports/2025-world-lng-report,Nakilat,https://www.igu.org/igu-reports/2025-world-lng-report,,,HD Hyundai Heavy Industries,https://www.igu.org/igu-reports/2025-world-lng-report,South Korea,https://www.hd.com/en/main,35.51613,129.4383,GC8Q+M6 Ulsan,exact,https://www.google.com/maps/place/HD+Hyundai+Heavy+Industries+Ulsan+Shipyard/data=!3m1!1e3!4m10!1m2!2m1!1sHD+Hyundai!3m6!1s0x3567ce56ebbfb645:0xd94a696f9fca5d90!8m2!3d35.5167468!4d129.4380269!15sCgpIRCBIeXVuZGFpkgEIc2hpcHlhcmTgAQA!16s%2Fg%2F1tfhd8y1?entry=ttu&g_ep=EgoyMDI1MTIwMi4wIKXMDSoASAFQAw%3D%3D,174000,cbm,https://www.igu.org/igu-reports/2025-world-lng-report,,,conventional,https://www.datocms-assets.com/146580/1783403747-igu-world-lng-report-2026.pdf,X-DF,https://www.igu.org/igu-reports/2025-world-lng-report,2027,https://www.igu.org/igu-reports/2025-world-lng-report,,,,IGU,QatarEnergy,"https://www.offshore-energy.biz/qatarenergy-chooses-nakilat-to-own-and-operate-up-to-25-newbuild-lng-carriers/, https://www.rivieramm.com/news-content-hub/news-content-hub/qatars-nakilat-to-order-up-to-25-lng-carriers-79599",27-Sep-2023,https://lngprime.com/asia/qatarenergy-hd-hyundai-heavy-ink-3-9-billion-deal-for-17-lng-carriers/93096/,229000000.00,USD,https://lngprime.com/asia/qatarenergy-hd-hyundai-heavy-ink-3-9-billion-deal-for-17-lng-carriers/93096/
210,1048944,https://www.igu.org/igu-reports/2025-world-lng-report,Al Jazi,"https://www.shipvault.com/ships/478308, https://shipvaultapi-gjb8c.ondigitalocean.app/api/units/478308, https://www.marinetraffic.org/ship-owner-manager-ism-data/AL-JAZI/1048944/1",,Hull 3479 (HDHHI),"https://www.shipvault.com/ships/478308, https://shipvaultapi-gjb8c.ondigitalocean.app/api/units/478308",Hull 3479 (HDHHI),https://www.igu.org/igu-reports/2025-world-lng-report,on order,GEM,12/31/2024,https://www.igu.org/igu-reports/2025-world-lng-report,Nakilat,https://www.igu.org/igu-reports/2025-world-lng-report,,,HD Hyundai Heavy Industries,https://www.igu.org/igu-reports/2025-world-lng-report,South Korea,https://www.hd.com/en/main,35.51613,129.4383,GC8Q+M6 Ulsan,exact,https://www.google.com/maps/place/HD+Hyundai+Heavy+Industries+Ulsan+Shipyard/data=!3m1!1e3!4m10!1m2!2m1!1sHD+Hyundai!3m6!1s0x3567ce56ebbfb645:0xd94a696f9fca5d90!8m2!3d35.5167468!4d129.4380269!15sCgpIRCBIeXVuZGFpkgEIc2hpcHlhcmTgAQA!16s%2Fg%2F1tfhd8y1?entry=ttu&g_ep=EgoyMDI1MTIwMi4wIKXMDSoASAFQAw%3D%3D,174000,cbm,https://www.igu.org/igu-reports/2025-world-lng-report,,,conventional,https://www.datocms-assets.com/146580/1783403747-igu-world-lng-report-2026.pdf,X-DF,https://www.igu.org/igu-reports/2025-world-lng-report,2027,https://www.igu.org/igu-reports/2025-world-lng-report,,,,IGU,QatarEnergy,"https://www.offshore-energy.biz/qatarenergy-chooses-nakilat-to-own-and-operate-up-to-25-newbuild-lng-carriers/, https://www.rivieramm.com/news-content-hub/news-content-hub/qatars-nakilat-to-order-up-to-25-lng-carriers-79599",27-Sep-2023,https://lngprime.com/asia/qatarenergy-hd-hyundai-heavy-ink-3-9-billion-deal-for-17-lng-carriers/93096/,229000000.00,USD,https://lngprime.com/asia/qatarenergy-hd-hyundai-heavy-ink-3-9-billion-deal-for-17-lng-carriers/93096/
211,1048956,https://www.igu.org/igu-reports/2025-world-lng-report,Al Mashrab,"https://www.shipvault.com/ships/478309, https://shipvaultapi-gjb8c.ondigitalocean.app/api/units/478309, https://www.marinetraffic.org/ship-owner-manager-ism-data/AL-MASHRAB/1048956/1",,Hull 3480 (HDHHI),"https://www.shipvault.com/ships/478309, https://shipvaultapi-gjb8c.ondigitalocean.app/api/units/478309",Hull 3480 (HDHHI),https://www.igu.org/igu-reports/2025-world-lng-report,on order,GEM,12/31/2024,https://www.igu.org/igu-reports/2025-world-lng-report,Nakilat,https://www.igu.org/igu-reports/2025-world-lng-report,,,HD Hyundai Heavy Industries,https://www.igu.org/igu-reports/2025-world-lng-report,South Korea,https://www.hd.com/en/main,35.51613,129.4383,GC8Q+M6 Ulsan,exact,https://www.google.com/maps/place/HD+Hyundai+Heavy+Industries+Ulsan+Shipyard/data=!3m1!1e3!4m10!1m2!2m1!1sHD+Hyundai!3m6!1s0x3567ce56ebbfb645:0xd94a696f9fca5d90!8m2!3d35.5167468!4d129.4380269!15sCgpIRCBIeXVuZGFpkgEIc2hpcHlhcmTgAQA!16s%2Fg%2F1tfhd8y1?entry=ttu&g_ep=EgoyMDI1MTIwMi4wIKXMDSoASAFQAw%3D%3D,174000,cbm,https://www.igu.org/igu-reports/2025-world-lng-report,,,conventional,https://www.datocms-assets.com/146580/1783403747-igu-world-lng-report-2026.pdf,X-DF,https://www.igu.org/igu-reports/2025-world-lng-report,2027,https://www.igu.org/igu-reports/2025-world-lng-report,,,,IGU,QatarEnergy,"https://www.offshore-energy.biz/qatarenergy-chooses-nakilat-to-own-and-operate-up-to-25-newbuild-lng-carriers/, https://www.rivieramm.com/news-content-hub/news-content-hub/qatars-nakilat-to-order-up-to-25-lng-carriers-79599",27-Sep-2023,https://lngprime.com/asia/qatarenergy-hd-hyundai-heavy-ink-3-9-billion-deal-for-17-lng-carriers/93096/,229000000.00,USD,https://lngprime.com/asia/qatarenergy-hd-hyundai-heavy-ink-3-9-billion-deal-for-17-lng-carriers/93096/
212,1048982,https://www.igu.org/igu-reports/2025-world-lng-report,Al Mirzam,"https://www.shipvault.com/ships/478310, https://shipvaultapi-gjb8c.ondigitalocean.app/api/units/478310, https://www.marinetraffic.org/ship-owner-manager-ism-data/AL-MIRZAM/1048982/1",,Hull 3481 (HDHHI),"https://www.shipvault.com/ships/478310, https://shipvaultapi-gjb8c.ondigitalocean.app/api/units/478310",Hull 3481 (HDHHI),https://www.igu.org/igu-reports/2025-world-lng-report,on order,GEM,12/31/2024,https://www.igu.org/igu-reports/2025-world-lng-report,Nakilat,https://www.igu.org/igu-reports/2025-world-lng-report,,,HD Hyundai Heavy Industries,https://www.igu.org/igu-reports/2025-world-lng-report,South Korea,https://www.hd.com/en/main,35.51613,129.4383,GC8Q+M6 Ulsan,exact,https://www.google.com/maps/place/HD+Hyundai+Heavy+Industries+Ulsan+Shipyard/data=!3m1!1e3!4m10!1m2!2m1!1sHD+Hyundai!3m6!1s0x3567ce56ebbfb645:0xd94a696f9fca5d90!8m2!3d35.5167468!4d129.4380269!15sCgpIRCBIeXVuZGFpkgEIc2hpcHlhcmTgAQA!16s%2Fg%2F1tfhd8y1?entry=ttu&g_ep=EgoyMDI1MTIwMi4wIKXMDSoASAFQAw%3D%3D,174000,cbm,https://www.igu.org/igu-reports/2025-world-lng-report,,,conventional,https://www.datocms-assets.com/146580/1783403747-igu-world-lng-report-2026.pdf,X-DF,https://www.igu.org/igu-reports/2025-world-lng-report,2027,https://www.igu.org/igu-reports/2025-world-lng-report,,,,IGU,QatarEnergy,"https://www.offshore-energy.biz/qatarenergy-chooses-nakilat-to-own-and-operate-up-to-25-newbuild-lng-carriers/, https://www.rivieramm.com/news-content-hub/news-content-hub/qatars-nakilat-to-order-up-to-25-lng-carriers-79599",27-Sep-2023,https://lngprime.com/asia/qatarenergy-hd-hyundai-heavy-ink-3-9-billion-deal-for-17-lng-carriers/93096/,229000000.00,USD,https://lngprime.com/asia/qatarenergy-hd-hyundai-heavy-ink-3-9-billion-deal-for-17-lng-carriers/93096/
213,1048994,https://www.igu.org/igu-reports/2025-world-lng-report,Maqdeem,"https://www.shipvault.com/ships/478311, https://shipvaultapi-gjb8c.ondigitalocean.app/api/units/478311, https://www.marinetraffic.org/ship-owner-manager-ism-data/MAQDEEM/1048994/1",,Hull 3482 (HDHHI),"https://www.shipvault.com/ships/478311, https://shipvaultapi-gjb8c.ondigitalocean.app/api/units/478311",Hull 3482 (HDHHI),https://www.igu.org/igu-reports/2025-world-lng-report,on order,GEM,12/31/2024,https://www.igu.org/igu-reports/2025-world-lng-report,Nakilat,https://www.igu.org/igu-reports/2025-world-lng-report,,,HD Hyundai Heavy Industries,https://www.igu.org/igu-reports/2025-world-lng-report,South Korea,https://www.hd.com/en/main,35.51613,129.4383,GC8Q+M6 Ulsan,exact,https://www.google.com/maps/place/HD+Hyundai+Heavy+Industries+Ulsan+Shipyard/data=!3m1!1e3!4m10!1m2!2m1!1sHD+Hyundai!3m6!1s0x3567ce56ebbfb645:0xd94a696f9fca5d90!8m2!3d35.5167468!4d129.4380269!15sCgpIRCBIeXVuZGFpkgEIc2hpcHlhcmTgAQA!16s%2Fg%2F1tfhd8y1?entry=ttu&g_ep=EgoyMDI1MTIwMi4wIKXMDSoASAFQAw%3D%3D,174000,cbm,https://www.igu.org/igu-reports/2025-world-lng-report,,,conventional,https://www.datocms-assets.com/146580/1783403747-igu-world-lng-report-2026.pdf,X-DF,https://www.igu.org/igu-reports/2025-world-lng-report,2027,https://www.igu.org/igu-reports/2025-world-lng-report,,,,IGU,QatarEnergy,"https://www.offshore-energy.biz/qatarenergy-chooses-nakilat-to-own-and-operate-up-to-25-newbuild-lng-carriers/, https://www.rivieramm.com/news-content-hub/news-content-hub/qatars-nakilat-to-order-up-to-25-lng-carriers-79599",27-Sep-2023,https://lngprime.com/asia/qatarenergy-hd-hyundai-heavy-ink-3-9-billion-deal-for-17-lng-carriers/93096/,229000000.00,USD,https://lngprime.com/asia/qatarenergy-hd-hyundai-heavy-ink-3-9-billion-deal-for-17-lng-carriers/93096/
214,1049003,https://www.igu.org/igu-reports/2025-world-lng-report,Al Rufaa,"https://www.shipvault.com/ships/478312, https://shipvaultapi-gjb8c.ondigitalocean.app/api/units/478312, https://www.marinetraffic.org/ship-owner-manager-ism-data/AL-RUFAA/1049003/1",,Hull 3483 (HDHHI),"https://www.shipvault.com/ships/478312, https://shipvaultapi-gjb8c.ondigitalocean.app/api/units/478312",Hull 3483 (HDHHI),https://www.igu.org/igu-reports/2025-world-lng-report,on order,GEM,12/31/2024,https://www.igu.org/igu-reports/2025-world-lng-report,Nakilat,https://www.igu.org/igu-reports/2025-world-lng-report,,,HD Hyundai Heavy Industries,https://www.igu.org/igu-reports/2025-world-lng-report,South Korea,https://www.hd.com/en/main,35.51613,129.4383,GC8Q+M6 Ulsan,exact,https://www.google.com/maps/place/HD+Hyundai+Heavy+Industries+Ulsan+Shipyard/data=!3m1!1e3!4m10!1m2!2m1!1sHD+Hyundai!3m6!1s0x3567ce56ebbfb645:0xd94a696f9fca5d90!8m2!3d35.5167468!4d129.4380269!15sCgpIRCBIeXVuZGFpkgEIc2hpcHlhcmTgAQA!16s%2Fg%2F1tfhd8y1?entry=ttu&g_ep=EgoyMDI1MTIwMi4wIKXMDSoASAFQAw%3D%3D,174000,cbm,https://www.igu.org/igu-reports/2025-world-lng-report,,,conventional,https://www.datocms-assets.com/146580/1783403747-igu-world-lng-report-2026.pdf,X-DF,https://www.igu.org/igu-reports/2025-world-lng-report,2027,https://www.igu.org/igu-reports/2025-world-lng-report,,,,IGU,QatarEnergy,"https://www.offshore-energy.biz/qatarenergy-chooses-nakilat-to-own-and-operate-up-to-25-newbuild-lng-carriers/, https://www.rivieramm.com/news-content-hub/news-content-hub/qatars-nakilat-to-order-up-to-25-lng-carriers-79599",27-Sep-2023,https://lngprime.com/asia/qatarenergy-hd-hyundai-heavy-ink-3-9-billion-deal-for-17-lng-carriers/93096/,229000000.00,USD,https://lngprime.com/asia/qatarenergy-hd-hyundai-heavy-ink-3-9-billion-deal-for-17-lng-carriers/93096/
215,1049015,https://www.igu.org/igu-reports/2025-world-lng-report,Al Nekhsh,"https://www.shipvault.com/ships/478313, https://shipvaultapi-gjb8c.ondigitalocean.app/api/units/478313, https://www.marinetraffic.org/ship-owner-manager-ism-data/AL-NEKHSH/1049015/1",,Hull 3484 (HDHHI),"https://www.shipvault.com/ships/478313, https://shipvaultapi-gjb8c.ondigitalocean.app/api/units/478313",Hull 3484 (HDHHI),https://www.igu.org/igu-reports/2025-world-lng-report,on order,GEM,12/31/2024,https://www.igu.org/igu-reports/2025-world-lng-report,Nakilat,https://www.igu.org/igu-reports/2025-world-lng-report,,,HD Hyundai Heavy Industries,https://www.igu.org/igu-reports/2025-world-lng-report,South Korea,https://www.hd.com/en/main,35.51613,129.4383,GC8Q+M6 Ulsan,exact,https://www.google.com/maps/place/HD+Hyundai+Heavy+Industries+Ulsan+Shipyard/data=!3m1!1e3!4m10!1m2!2m1!1sHD+Hyundai!3m6!1s0x3567ce56ebbfb645:0xd94a696f9fca5d90!8m2!3d35.5167468!4d129.4380269!15sCgpIRCBIeXVuZGFpkgEIc2hpcHlhcmTgAQA!16s%2Fg%2F1tfhd8y1?entry=ttu&g_ep=EgoyMDI1MTIwMi4wIKXMDSoASAFQAw%3D%3D,174000,cbm,https://www.igu.org/igu-reports/2025-world-lng-report,,,conventional,https://www.datocms-assets.com/146580/1783403747-igu-world-lng-report-2026.pdf,X-DF,https://www.igu.org/igu-reports/2025-world-lng-report,2027,https://www.igu.org/igu-reports/2025-world-lng-report,,,,IGU,QatarEnergy,"https://www.offshore-energy.biz/qatarenergy-chooses-nakilat-to-own-and-operate-up-to-25-newbuild-lng-carriers/, https://www.rivieramm.com/news-content-hub/news-content-hub/qatars-nakilat-to-order-up-to-25-lng-carriers-79599",27-Sep-2023,https://lngprime.com/asia/qatarenergy-hd-hyundai-heavy-ink-3-9-billion-deal-for-17-lng-carriers/93096/,229000000.00,USD,https://lngprime.com/asia/qatarenergy-hd-hyundai-heavy-ink-3-9-billion-deal-for-17-lng-carriers/93096/
216,1049027,https://www.igu.org/igu-reports/2025-world-lng-report,Leh'saien,"https://www.shipvault.com/ships/478314, https://shipvaultapi-gjb8c.ondigitalocean.app/api/units/478314, https://www.marinetraffic.org/ship-owner-manager-ism-data/LEH'SAIEN/1049027/1",,Hull 3485 (HDHHI),"https://www.shipvault.com/ships/478314, https://shipvaultapi-gjb8c.ondigitalocean.app/api/units/478314",Hull 3485 (HDHHI),https://www.igu.org/igu-reports/2025-world-lng-report,on order,GEM,12/31/2024,https://www.igu.org/igu-reports/2025-world-lng-report,Nakilat,https://www.igu.org/igu-reports/2025-world-lng-report,,,HD Hyundai Heavy Industries,https://www.igu.org/igu-reports/2025-world-lng-report,South Korea,https://www.hd.com/en/main,35.51613,129.4383,GC8Q+M6 Ulsan,exact,https://www.google.com/maps/place/HD+Hyundai+Heavy+Industries+Ulsan+Shipyard/data=!3m1!1e3!4m10!1m2!2m1!1sHD+Hyundai!3m6!1s0x3567ce56ebbfb645:0xd94a696f9fca5d90!8m2!3d35.5167468!4d129.4380269!15sCgpIRCBIeXVuZGFpkgEIc2hpcHlhcmTgAQA!16s%2Fg%2F1tfhd8y1?entry=ttu&g_ep=EgoyMDI1MTIwMi4wIKXMDSoASAFQAw%3D%3D,174000,cbm,https://www.igu.org/igu-reports/2025-world-lng-report,,,conventional,https://www.datocms-assets.com/146580/1783403747-igu-world-lng-report-2026.pdf,X-DF,https://www.igu.org/igu-reports/2025-world-lng-report,2027,https://www.igu.org/igu-reports/2025-world-lng-report,,,,IGU,QatarEnergy,"https://www.offshore-energy.biz/qatarenergy-chooses-nakilat-to-own-and-operate-up-to-25-newbuild-lng-carriers/, https://www.rivieramm.com/news-content-hub/news-content-hub/qatars-nakilat-to-order-up-to-25-lng-carriers-79599",27-Sep-2023,https://lngprime.com/asia/qatarenergy-hd-hyundai-heavy-ink-3-9-billion-deal-for-17-lng-carriers/93096/,229000000.00,USD,https://lngprime.com/asia/qatarenergy-hd-hyundai-heavy-ink-3-9-billion-deal-for-17-lng-carriers/93096/
217,1049039,https://www.igu.org/igu-reports/2025-world-lng-report,Le'shara,"https://www.shipvault.com/ships/478315, https://shipvaultapi-gjb8c.ondigitalocean.app/api/units/478315, https://www.marinetraffic.org/ship-owner-manager-ism-data/LE'SHARA/1049039/1",,Hull 3486 (HDHHI),"https://www.shipvault.com/ships/478315, https://shipvaultapi-gjb8c.ondigitalocean.app/api/units/478315",Hull 3486 (HDHHI),https://www.igu.org/igu-reports/2025-world-lng-report,on order,GEM,12/31/2024,https://www.igu.org/igu-reports/2025-world-lng-report,Nakilat,https://www.igu.org/igu-reports/2025-world-lng-report,,,HD Hyundai Heavy Industries,https://www.igu.org/igu-reports/2025-world-lng-report,South Korea,https://www.hd.com/en/main,35.51613,129.4383,GC8Q+M6 Ulsan,exact,https://www.google.com/maps/place/HD+Hyundai+Heavy+Industries+Ulsan+Shipyard/data=!3m1!1e3!4m10!1m2!2m1!1sHD+Hyundai!3m6!1s0x3567ce56ebbfb645:0xd94a696f9fca5d90!8m2!3d35.5167468!4d129.4380269!15sCgpIRCBIeXVuZGFpkgEIc2hpcHlhcmTgAQA!16s%2Fg%2F1tfhd8y1?entry=ttu&g_ep=EgoyMDI1MTIwMi4wIKXMDSoASAFQAw%3D%3D,174000,cbm,https://www.igu.org/igu-reports/2025-world-lng-report,,,conventional,https://www.datocms-assets.com/146580/1783403747-igu-world-lng-report-2026.pdf,X-DF,https://www.igu.org/igu-reports/2025-world-lng-report,2027,https://www.igu.org/igu-reports/2025-world-lng-report,,,,IGU,QatarEnergy,"https://www.offshore-energy.biz/qatarenergy-chooses-nakilat-to-own-and-operate-up-to-25-newbuild-lng-carriers/, https://www.rivieramm.com/news-content-hub/news-content-hub/qatars-nakilat-to-order-up-to-25-lng-carriers-79599",27-Sep-2023,https://lngprime.com/asia/qatarenergy-hd-hyundai-heavy-ink-3-9-billion-deal-for-17-lng-carriers/93096/,229000000.00,USD,https://lngprime.com/asia/qatarenergy-hd-hyundai-heavy-ink-3-9-billion-deal-for-17-lng-carriers/93096/
218,1049041,https://www.igu.org/igu-reports/2025-world-lng-report,Librega,"https://www.shipvault.com/ships/478316, https://shipvaultapi-gjb8c.ondigitalocean.app/api/units/478316, https://www.marinetraffic.org/ship-owner-manager-ism-data/LIBREGA/1049041/1",,Hull 3487 (HDHHI),"https://www.shipvault.com/ships/478316, https://shipvaultapi-gjb8c.ondigitalocean.app/api/units/478316",Hull 3487 (HDHHI),https://www.igu.org/igu-reports/2025-world-lng-report,on order,GEM,12/31/2024,https://www.igu.org/igu-reports/2025-world-lng-report,Nakilat,https://www.igu.org/igu-reports/2025-world-lng-report,,,HD Hyundai Heavy Industries,https://www.igu.org/igu-reports/2025-world-lng-report,South Korea,https://www.hd.com/en/main,35.51613,129.4383,GC8Q+M6 Ulsan,exact,https://www.google.com/maps/place/HD+Hyundai+Heavy+Industries+Ulsan+Shipyard/data=!3m1!1e3!4m10!1m2!2m1!1sHD+Hyundai!3m6!1s0x3567ce56ebbfb645:0xd94a696f9fca5d90!8m2!3d35.5167468!4d129.4380269!15sCgpIRCBIeXVuZGFpkgEIc2hpcHlhcmTgAQA!16s%2Fg%2F1tfhd8y1?entry=ttu&g_ep=EgoyMDI1MTIwMi4wIKXMDSoASAFQAw%3D%3D,174000,cbm,https://www.igu.org/igu-reports/2025-world-lng-report,,,conventional,https://www.datocms-assets.com/146580/1783403747-igu-world-lng-report-2026.pdf,X-DF,https://www.igu.org/igu-reports/2025-world-lng-report,2027,https://www.igu.org/igu-reports/2025-world-lng-report,,,,IGU,QatarEnergy,"https://www.offshore-energy.biz/qatarenergy-chooses-nakilat-to-own-and-operate-up-to-25-newbuild-lng-carriers/, https://www.rivieramm.com/news-content-hub/news-content-hub/qatars-nakilat-to-order-up-to-25-lng-carriers-79599",27-Sep-2023,https://lngprime.com/asia/qatarenergy-hd-hyundai-heavy-ink-3-9-billion-deal-for-17-lng-carriers/93096/,229000000.00,USD,https://lngprime.com/asia/qatarenergy-hd-hyundai-heavy-ink-3-9-billion-deal-for-17-lng-carriers/93096/
219,1049053,https://www.igu.org/igu-reports/2025-world-lng-report,Eshairej,"https://www.shipvault.com/ships/478317, https://shipvaultapi-gjb8c.ondigitalocean.app/api/units/478317, https://www.marinetraffic.org/ship-owner-manager-ism-data/ESHAIREJ/1049053/1",,Hull 3488 (HDHHI),"https://www.shipvault.com/ships/478317, https://shipvaultapi-gjb8c.ondigitalocean.app/api/units/478317",Hull 3488 (HDHHI),https://www.igu.org/igu-reports/2025-world-lng-report,on order,GEM,12/31/2024,https://www.igu.org/igu-reports/2025-world-lng-report,Nakilat,https://www.igu.org/igu-reports/2025-world-lng-report,,,HD Hyundai Heavy Industries,https://www.igu.org/igu-reports/2025-world-lng-report,South Korea,https://www.hd.com/en/main,35.51613,129.4383,GC8Q+M6 Ulsan,exact,https://www.google.com/maps/place/HD+Hyundai+Heavy+Industries+Ulsan+Shipyard/data=!3m1!1e3!4m10!1m2!2m1!1sHD+Hyundai!3m6!1s0x3567ce56ebbfb645:0xd94a696f9fca5d90!8m2!3d35.5167468!4d129.4380269!15sCgpIRCBIeXVuZGFpkgEIc2hpcHlhcmTgAQA!16s%2Fg%2F1tfhd8y1?entry=ttu&g_ep=EgoyMDI1MTIwMi4wIKXMDSoASAFQAw%3D%3D,174000,cbm,https://www.igu.org/igu-reports/2025-world-lng-report,,,conventional,https://www.datocms-assets.com/146580/1783403747-igu-world-lng-report-2026.pdf,X-DF,https://www.igu.org/igu-reports/2025-world-lng-report,2027,https://www.igu.org/igu-reports/2025-world-lng-report,,,,IGU,QatarEnergy,"https://www.offshore-energy.biz/qatarenergy-chooses-nakilat-to-own-and-operate-up-to-25-newbuild-lng-carriers/, https://www.rivieramm.com/news-content-hub/news-content-hub/qatars-nakilat-to-order-up-to-25-lng-carriers-79599",27-Sep-2023,https://lngprime.com/asia/qatarenergy-hd-hyundai-heavy-ink-3-9-billion-deal-for-17-lng-carriers/93096/,229000000.00,USD,https://lngprime.com/asia/qatarenergy-hd-hyundai-heavy-ink-3-9-billion-deal-for-17-lng-carriers/93096/
220,1049065,https://www.igu.org/igu-reports/2025-world-lng-report,Mneefa,"https://www.shipvault.com/ships/478318, https://shipvaultapi-gjb8c.ondigitalocean.app/api/units/478318, https://www.marinetraffic.org/ship-owner-manager-ism-data/MNEEFA/1049065/1",,Hull 3489 (HDHHI),"https://www.shipvault.com/ships/478318, https://shipvaultapi-gjb8c.ondigitalocean.app/api/units/478318",Hull 3489 (HDHHI),https://www.igu.org/igu-reports/2025-world-lng-report,on order,GEM,12/31/2024,https://www.igu.org/igu-reports/2025-world-lng-report,Nakilat,https://www.igu.org/igu-reports/2025-world-lng-report,,,HD Hyundai Heavy Industries,https://www.igu.org/igu-reports/2025-world-lng-report,South Korea,https://www.hd.com/en/main,35.51613,129.4383,GC8Q+M6 Ulsan,exact,https://www.google.com/maps/place/HD+Hyundai+Heavy+Industries+Ulsan+Shipyard/data=!3m1!1e3!4m10!1m2!2m1!1sHD+Hyundai!3m6!1s0x3567ce56ebbfb645:0xd94a696f9fca5d90!8m2!3d35.5167468!4d129.4380269!15sCgpIRCBIeXVuZGFpkgEIc2hpcHlhcmTgAQA!16s%2Fg%2F1tfhd8y1?entry=ttu&g_ep=EgoyMDI1MTIwMi4wIKXMDSoASAFQAw%3D%3D,174000,cbm,https://www.igu.org/igu-reports/2025-world-lng-report,,,conventional,https://www.datocms-assets.com/146580/1783403747-igu-world-lng-report-2026.pdf,X-DF,https://www.igu.org/igu-reports/2025-world-lng-report,2027,https://www.igu.org/igu-reports/2025-world-lng-report,,,,IGU,QatarEnergy,"https://www.offshore-energy.biz/qatarenergy-chooses-nakilat-to-own-and-operate-up-to-25-newbuild-lng-carriers/, https://www.rivieramm.com/news-content-hub/news-content-hub/qatars-nakilat-to-order-up-to-25-lng-carriers-79599",27-Sep-2023,https://lngprime.com/asia/qatarenergy-hd-hyundai-heavy-ink-3-9-billion-deal-for-17-lng-carriers/93096/,229000000.00,USD,https://lngprime.com/asia/qatarenergy-hd-hyundai-heavy-ink-3-9-billion-deal-for-17-lng-carriers/93096/
221,1049089,https://www.igu.org/igu-reports/2025-world-lng-report,Ezhara,"https://www.shipvault.com/ships/478319, https://shipvaultapi-gjb8c.ondigitalocean.app/api/units/478319, https://www.marinetraffic.org/ship-owner-manager-ism-data/EZHARA/1049089/1",,Hull 3490 (HDHHI),"https://www.shipvault.com/ships/478319, https://shipvaultapi-gjb8c.ondigitalocean.app/api/units/478319",Hull 3490 (HDHHI),https://www.igu.org/igu-reports/2025-world-lng-report,on order,GEM,12/31/2024,https://www.igu.org/igu-reports/2025-world-lng-report,Nakilat,https://www.igu.org/igu-reports/2025-world-lng-report,,,HD Hyundai Heavy Industries,https://www.igu.org/igu-reports/2025-world-lng-report,South Korea,https://www.hd.com/en/main,35.51613,129.4383,GC8Q+M6 Ulsan,exact,https://www.google.com/maps/place/HD+Hyundai+Heavy+Industries+Ulsan+Shipyard/data=!3m1!1e3!4m10!1m2!2m1!1sHD+Hyundai!3m6!1s0x3567ce56ebbfb645:0xd94a696f9fca5d90!8m2!3d35.5167468!4d129.4380269!15sCgpIRCBIeXVuZGFpkgEIc2hpcHlhcmTgAQA!16s%2Fg%2F1tfhd8y1?entry=ttu&g_ep=EgoyMDI1MTIwMi4wIKXMDSoASAFQAw%3D%3D,174000,cbm,https://www.igu.org/igu-reports/2025-world-lng-report,,,conventional,https://www.datocms-assets.com/146580/1783403747-igu-world-lng-report-2026.pdf,X-DF,https://www.igu.org/igu-reports/2025-world-lng-report,2027,https://www.igu.org/igu-reports/2025-world-lng-report,,,,IGU,QatarEnergy,"https://www.offshore-energy.biz/qatarenergy-chooses-nakilat-to-own-and-operate-up-to-25-newbuild-lng-carriers/, https://www.rivieramm.com/news-content-hub/news-content-hub/qatars-nakilat-to-order-up-to-25-lng-carriers-79599",27-Sep-2023,https://lngprime.com/asia/qatarenergy-hd-hyundai-heavy-ink-3-9-billion-deal-for-17-lng-carriers/93096/,229000000.00,USD,https://lngprime.com/asia/qatarenergy-hd-hyundai-heavy-ink-3-9-billion-deal-for-17-lng-carriers/93096/
222,1049091,https://www.igu.org/igu-reports/2025-world-lng-report,Izghawa,"https://www.shipvault.com/ships/478320, https://shipvaultapi-gjb8c.ondigitalocean.app/api/units/478320, https://www.marinetraffic.org/ship-owner-manager-ism-data/IZGHAWA/1049091/1",,Hull 3491 (HDHHI),"https://www.shipvault.com/ships/478320, https://shipvaultapi-gjb8c.ondigitalocean.app/api/units/478320",Hull 3491 (HDHHI),https://www.igu.org/igu-reports/2025-world-lng-report,on order,GEM,12/31/2024,https://www.igu.org/igu-reports/2025-world-lng-report,Nakilat,https://www.igu.org/igu-reports/2025-world-lng-report,,,HD Hyundai Heavy Industries,https://www.igu.org/igu-reports/2025-world-lng-report,South Korea,https://www.hd.com/en/main,35.51613,129.4383,GC8Q+M6 Ulsan,exact,https://www.google.com/maps/place/HD+Hyundai+Heavy+Industries+Ulsan+Shipyard/data=!3m1!1e3!4m10!1m2!2m1!1sHD+Hyundai!3m6!1s0x3567ce56ebbfb645:0xd94a696f9fca5d90!8m2!3d35.5167468!4d129.4380269!15sCgpIRCBIeXVuZGFpkgEIc2hpcHlhcmTgAQA!16s%2Fg%2F1tfhd8y1?entry=ttu&g_ep=EgoyMDI1MTIwMi4wIKXMDSoASAFQAw%3D%3D,174000,cbm,https://www.igu.org/igu-reports/2025-world-lng-report,,,conventional,https://www.datocms-assets.com/146580/1783403747-igu-world-lng-report-2026.pdf,X-DF,https://www.igu.org/igu-reports/2025-world-lng-report,2028,https://www.igu.org/igu-reports/2025-world-lng-report,,,,IGU,QatarEnergy,"https://www.offshore-energy.biz/qatarenergy-chooses-nakilat-to-own-and-operate-up-to-25-newbuild-lng-carriers/, https://www.rivieramm.com/news-content-hub/news-content-hub/qatars-nakilat-to-order-up-to-25-lng-carriers-79599",27-Sep-2023,https://lngprime.com/asia/qatarenergy-hd-hyundai-heavy-ink-3-9-billion-deal-for-17-lng-carriers/93096/,229000000.00,USD,https://lngprime.com/asia/qatarenergy-hd-hyundai-heavy-ink-3-9-billion-deal-for-17-lng-carriers/93096/
223,1049118,https://www.igu.org/igu-reports/2025-world-lng-report,Al Wa'ab,"https://www.shipvault.com/ships/478321, https://shipvaultapi-gjb8c.ondigitalocean.app/api/units/478321, https://www.marinetraffic.org/ship-owner-manager-ism-data/AL-WA'AB/1049118/1",,Hull 3492 (HDHHI),"https://www.shipvault.com/ships/478321, https://shipvaultapi-gjb8c.ondigitalocean.app/api/units/478321",Hull 3492 (HDHHI),https://www.igu.org/igu-reports/2025-world-lng-report,on order,GEM,12/31/2024,https://www.igu.org/igu-reports/2025-world-lng-report,Nakilat,https://www.igu.org/igu-reports/2025-world-lng-report,,,HD Hyundai Heavy Industries,https://www.igu.org/igu-reports/2025-world-lng-report,South Korea,https://www.hd.com/en/main,35.51613,129.4383,GC8Q+M6 Ulsan,exact,https://www.google.com/maps/place/HD+Hyundai+Heavy+Industries+Ulsan+Shipyard/data=!3m1!1e3!4m10!1m2!2m1!1sHD+Hyundai!3m6!1s0x3567ce56ebbfb645:0xd94a696f9fca5d90!8m2!3d35.5167468!4d129.4380269!15sCgpIRCBIeXVuZGFpkgEIc2hpcHlhcmTgAQA!16s%2Fg%2F1tfhd8y1?entry=ttu&g_ep=EgoyMDI1MTIwMi4wIKXMDSoASAFQAw%3D%3D,174000,cbm,https://www.igu.org/igu-reports/2025-world-lng-report,,,conventional,https://www.datocms-assets.com/146580/1783403747-igu-world-lng-report-2026.pdf,X-DF,https://www.igu.org/igu-reports/2025-world-lng-report,2028,https://www.igu.org/igu-reports/2025-world-lng-report,,,,IGU,QatarEnergy,"https://www.offshore-energy.biz/qatarenergy-chooses-nakilat-to-own-and-operate-up-to-25-newbuild-lng-carriers/, https://www.rivieramm.com/news-content-hub/news-content-hub/qatars-nakilat-to-order-up-to-25-lng-carriers-79599",27-Sep-2023,https://lngprime.com/asia/qatarenergy-hd-hyundai-heavy-ink-3-9-billion-deal-for-17-lng-carriers/93096/,229000000.00,USD,https://lngprime.com/asia/qatarenergy-hd-hyundai-heavy-ink-3-9-billion-deal-for-17-lng-carriers/93096/
231,9992220,https://www.igu.org/igu-reports/2025-world-lng-report,Parthenon LNG,"https://www.shipvault.com/ships/428603, https://shipvaultapi-gjb8c.ondigitalocean.app/api/units/428603",,Hull 8182 (HSHI),"https://www.shipvault.com/ships/428603, https://shipvaultapi-gjb8c.ondigitalocean.app/api/units/428603",Hull 8182 (HSHI),https://www.igu.org/igu-reports/2025-world-lng-report,active,GEM,12/31/2024,"https://www.shipvault.com/ships/428603, https://shipvaultapi-gjb8c.ondigitalocean.app/api/units/428603",TMS Cardiff Gas,https://www.igu.org/igu-reports/2025-world-lng-report,Greece,https://system.new-vessels.com/orderer-45411-TMS_Cardiff_Gas_Ltd.html,HD Hyundai Samho,https://www.igu.org/igu-reports/2025-world-lng-report,South Korea,https://www.hshi.co.kr/eng/,34.75031,126.3875,"Q92P+7M Yeongam-gun, Jeollanam-do",exact,https://www.google.com/maps/place/Hyundai+Samho+Heavy+Industries+Entrance/data=!3m1!1e3!4m10!1m2!2m1!1sHyundai+Samho+Heavy+Industries!3m6!1s0x3573a4568dfe21d7:0x865a025eb9b373b5!8m2!3d34.75066!4d126.386691!15sCh5IeXVuZGFpIFNhbWhvIEhlYXZ5IEluZHVzdHJpZXOSAQhidXNfc3RvcOABAA!16s%2Fg%2F11b77sqk26?entry=ttu&g_ep=EgoyMDI1MTIwMi4wIKXMDSoASAFQAw%3D%3D,174000,cbm,https://www.igu.org/igu-reports/2025-world-lng-report,,,conventional,https://www.datocms-assets.com/146580/1783403747-igu-world-lng-report-2026.pdf,X-DF,https://www.igu.org/igu-reports/2025-world-lng-report,2026,https://www.igu.org/igu-reports/2025-world-lng-report,,,,IGU,,,,,,,
232,9976109,https://www.igu.org/igu-reports/2025-world-lng-report,Puteri Selangor,"https://www.shipvault.com/ships/456920, https://shipvaultapi-gjb8c.ondigitalocean.app/api/units/456920",,Hull 8188 (HSHI),"https://www.shipvault.com/ships/456920, https://shipvaultapi-gjb8c.ondigitalocean.app/api/units/456920",Hull 8188 (HSHI),https://www.igu.org/igu-reports/2025-world-lng-report,active,GEM,12/31/2024,"https://www.shipvault.com/ships/456920, https://shipvaultapi-gjb8c.ondigitalocean.app/api/units/456920",SK Shipping,https://www.igu.org/igu-reports/2025-world-lng-report,South Korea,"https://en.wikipedia.org/wiki/SK_Shipping, https://splash247.com/sk-shipping-takes-aim-at-asia-lng-top-spot-in-h-line-tanker-swap/",HD Hyundai Samho,https://www.igu.org/igu-reports/2025-world-lng-report,South Korea,https://www.hshi.co.kr/eng/,34.75031,126.3875,"Q92P+7M Yeongam-gun, Jeollanam-do",exact,https://www.google.com/maps/place/Hyundai+Samho+Heavy+Industries+Entrance/data=!3m1!1e3!4m10!1m2!2m1!1sHyundai+Samho+Heavy+Industries!3m6!1s0x3573a4568dfe21d7:0x865a025eb9b373b5!8m2!3d34.75066!4d126.386691!15sCh5IeXVuZGFpIFNhbWhvIEhlYXZ5IEluZHVzdHJpZXOSAQhidXNfc3RvcOABAA!16s%2Fg%2F11b77sqk26?entry=ttu&g_ep=EgoyMDI1MTIwMi4wIKXMDSoASAFQAw%3D%3D,174000,cbm,https://www.igu.org/igu-reports/2025-world-lng-report,membrane,https://www.datocms-assets.com/146580/1783403747-igu-world-lng-report-2026.pdf,conventional,https://www.datocms-assets.com/146580/1783403747-igu-world-lng-report-2026.pdf,ME-GA,https://www.igu.org/igu-reports/2025-world-lng-report,2025,"https://www.shipvault.com/ships/456920, https://shipvaultapi-gjb8c.ondigitalocean.app/api/units/456920",,,,IGU,,,,,,,
233,9976111,https://www.igu.org/igu-reports/2025-world-lng-report,Puteri Terengganu,"https://www.shipvault.com/ships/456921, https://shipvaultapi-gjb8c.ondigitalocean.app/api/units/456921",,Hull 8189 (HSHI),"https://www.shipvault.com/ships/456921, https://shipvaultapi-gjb8c.ondigitalocean.app/api/units/456921",Hull 8189 (HSHI),https://www.igu.org/igu-reports/2025-world-lng-report,active,GEM,12/31/2024,"https://www.shipvault.com/ships/456921, https://shipvaultapi-gjb8c.ondigitalocean.app/api/units/456921",SK Shipping,https://www.igu.org/igu-reports/2025-world-lng-report,South Korea,"https://en.wikipedia.org/wiki/SK_Shipping, https://splash247.com/sk-shipping-takes-aim-at-asia-lng-top-spot-in-h-line-tanker-swap/",HD Hyundai Samho,https://www.igu.org/igu-reports/2025-world-lng-report,South Korea,https://www.hshi.co.kr/eng/,34.75031,126.3875,"Q92P+7M Yeongam-gun, Jeollanam-do",exact,https://www.google.com/maps/place/Hyundai+Samho+Heavy+Industries+Entrance/data=!3m1!1e3!4m10!1m2!2m1!1sHyundai+Samho+Heavy+Industries!3m6!1s0x3573a4568dfe21d7:0x865a025eb9b373b5!8m2!3d34.75066!4d126.386691!15sCh5IeXVuZGFpIFNhbWhvIEhlYXZ5IEluZHVzdHJpZXOSAQhidXNfc3RvcOABAA!16s%2Fg%2F11b77sqk26?entry=ttu&g_ep=EgoyMDI1MTIwMi4wIKXMDSoASAFQAw%3D%3D,174000,cbm,https://www.igu.org/igu-reports/2025-world-lng-report,membrane,https://www.datocms-assets.com/146580/1783403747-igu-world-lng-report-2026.pdf,conventional,https://www.datocms-assets.com/146580/1783403747-igu-world-lng-report-2026.pdf,ME-GA,https://www.igu.org/igu-reports/2025-world-lng-report,2025,"https://www.shipvault.com/ships/456921, https://shipvaultapi-gjb8c.ondigitalocean.app/api/units/456921",,,,IGU,,,,,,,
235,9992232,https://www.igu.org/igu-reports/2025-world-lng-report,Olympus LNG,"https://www.shipvault.com/ships/458170, https://shipvaultapi-gjb8c.ondigitalocean.app/api/units/458170",,Hull 8200 (HSHI),"https://www.shipvault.com/ships/458170, https://shipvaultapi-gjb8c.ondigitalocean.app/api/units/458170",Hull 8200 (HSHI),https://www.igu.org/igu-reports/2025-world-lng-report,active,GEM,12/31/2024,"https://www.shipvault.com/ships/458170, https://shipvaultapi-gjb8c.ondigitalocean.app/api/units/458170",TMS Cardiff Gas,https://www.igu.org/igu-reports/2025-world-lng-report,Greece,https://system.new-vessels.com/orderer-45411-TMS_Cardiff_Gas_Ltd.html,HD Hyundai Samho,https://www.igu.org/igu-reports/2025-world-lng-report,South Korea,https://www.hshi.co.kr/eng/,34.75031,126.3875,"Q92P+7M Yeongam-gun, Jeollanam-do",exact,https://www.google.com/maps/place/Hyundai+Samho+Heavy+Industries+Entrance/data=!3m1!1e3!4m10!1m2!2m1!1sHyundai+Samho+Heavy+Industries!3m6!1s0x3573a4568dfe21d7:0x865a025eb9b373b5!8m2!3d34.75066!4d126.386691!15sCh5IeXVuZGFpIFNhbWhvIEhlYXZ5IEluZHVzdHJpZXOSAQhidXNfc3RvcOABAA!16s%2Fg%2F11b77sqk26?entry=ttu&g_ep=EgoyMDI1MTIwMi4wIKXMDSoASAFQAw%3D%3D,174000,cbm,https://www.igu.org/igu-reports/2025-world-lng-report,,,conventional,https://www.datocms-assets.com/146580/1783403747-igu-world-lng-report-2026.pdf,X-DF,https://www.igu.org/igu-reports/2025-world-lng-report,2026,https://www.igu.org/igu-reports/2025-world-lng-report,,,,IGU,,,,,,,
236,9992244,https://www.igu.org/igu-reports/2025-world-lng-report,Frontier LNG,"https://www.shipvault.com/ships/458171, https://shipvaultapi-gjb8c.ondigitalocean.app/api/units/458171",,Hull 8201 (HSHI),"https://www.shipvault.com/ships/458171, https://shipvaultapi-gjb8c.ondigitalocean.app/api/units/458171",Hull 8201 (HSHI),https://www.igu.org/igu-reports/2025-world-lng-report,active,GEM,12/31/2024,"https://www.shipvault.com/ships/458171, https://shipvaultapi-gjb8c.ondigitalocean.app/api/units/458171",TMS Cardiff Gas,https://www.igu.org/igu-reports/2025-world-lng-report,Greece,https://system.new-vessels.com/orderer-45411-TMS_Cardiff_Gas_Ltd.html,HD Hyundai Samho,https://www.igu.org/igu-reports/2025-world-lng-report,South Korea,https://www.hshi.co.kr/eng/,34.75031,126.3875,"Q92P+7M Yeongam-gun, Jeollanam-do",exact,https://www.google.com/maps/place/Hyundai+Samho+Heavy+Industries+Entrance/data=!3m1!1e3!4m10!1m2!2m1!1sHyundai+Samho+Heavy+Industries!3m6!1s0x3573a4568dfe21d7:0x865a025eb9b373b5!8m2!3d34.75066!4d126.386691!15sCh5IeXVuZGFpIFNhbWhvIEhlYXZ5IEluZHVzdHJpZXOSAQhidXNfc3RvcOABAA!16s%2Fg%2F11b77sqk26?entry=ttu&g_ep=EgoyMDI1MTIwMi4wIKXMDSoASAFQAw%3D%3D,174000,cbm,https://www.igu.org/igu-reports/2025-world-lng-report,,,conventional,https://www.datocms-assets.com/146580/1783403747-igu-world-lng-report-2026.pdf,X-DF,https://www.igu.org/igu-reports/2025-world-lng-report,2026,https://www.igu.org/igu-reports/2025-world-lng-report,,,,IGU,,,,,,,
237,9992880,https://www.igu.org/igu-reports/2025-world-lng-report,Muscat LNG,"https://www.shipvault.com/ships/461955, https://shipvaultapi-gjb8c.ondigitalocean.app/api/units/461955",,Hull 8204 (HSHI),"https://www.shipvault.com/ships/461955, https://shipvaultapi-gjb8c.ondigitalocean.app/api/units/461955",Hull 8204 (HSHI),https://www.igu.org/igu-reports/2025-world-lng-report,active,GEM,12/31/2024,"https://www.shipvault.com/ships/461955, https://shipvaultapi-gjb8c.ondigitalocean.app/api/units/461955",Asyad Shipping,https://www.igu.org/igu-reports/2025-world-lng-report,,,HD Hyundai Samho,https://www.igu.org/igu-reports/2025-world-lng-report,South Korea,https://www.hshi.co.kr/eng/,34.75031,126.3875,"Q92P+7M Yeongam-gun, Jeollanam-do",exact,https://www.google.com/maps/place/Hyundai+Samho+Heavy+Industries+Entrance/data=!3m1!1e3!4m10!1m2!2m1!1sHyundai+Samho+Heavy+Industries!3m6!1s0x3573a4568dfe21d7:0x865a025eb9b373b5!8m2!3d34.75066!4d126.386691!15sCh5IeXVuZGFpIFNhbWhvIEhlYXZ5IEluZHVzdHJpZXOSAQhidXNfc3RvcOABAA!16s%2Fg%2F11b77sqk26?entry=ttu&g_ep=EgoyMDI1MTIwMi4wIKXMDSoASAFQAw%3D%3D,174000,cbm,https://www.igu.org/igu-reports/2025-world-lng-report,,,conventional,https://www.datocms-assets.com/146580/1783403747-igu-world-lng-report-2026.pdf,ME-GA,https://www.igu.org/igu-reports/2025-world-lng-report,2026,https://www.igu.org/igu-reports/2025-world-lng-report,,,,IGU,,,,,,,
238,9992878,https://www.igu.org/igu-reports/2025-world-lng-report,Musandam LNG,"https://www.shipvault.com/ships/461956, https://shipvaultapi-gjb8c.ondigitalocean.app/api/units/461956",,Hull 8205 (HSHI),"https://www.shipvault.com/ships/461956, https://shipvaultapi-gjb8c.ondigitalocean.app/api/units/461956",Hull 8205 (HSHI),https://www.igu.org/igu-reports/2025-world-lng-report,active,GEM,12/31/2024,"https://www.shipvault.com/ships/461956, https://shipvaultapi-gjb8c.ondigitalocean.app/api/units/461956",Asyad Shipping,https://www.igu.org/igu-reports/2025-world-lng-report,,,HD Hyundai Samho,https://www.igu.org/igu-reports/2025-world-lng-report,South Korea,https://www.hshi.co.kr/eng/,34.75031,126.3875,"Q92P+7M Yeongam-gun, Jeollanam-do",exact,https://www.google.com/maps/place/Hyundai+Samho+Heavy+Industries+Entrance/data=!3m1!1e3!4m10!1m2!2m1!1sHyundai+Samho+Heavy+Industries!3m6!1s0x3573a4568dfe21d7:0x865a025eb9b373b5!8m2!3d34.75066!4d126.386691!15sCh5IeXVuZGFpIFNhbWhvIEhlYXZ5IEluZHVzdHJpZXOSAQhidXNfc3RvcOABAA!16s%2Fg%2F11b77sqk26?entry=ttu&g_ep=EgoyMDI1MTIwMi4wIKXMDSoASAFQAw%3D%3D,174000,cbm,https://www.igu.org/igu-reports/2025-world-lng-report,,,conventional,https://www.datocms-assets.com/146580/1783403747-igu-world-lng-report-2026.pdf,ME-GA,https://www.igu.org/igu-reports/2025-world-lng-report,2026,https://www.igu.org/igu-reports/2025-world-lng-report,,,,IGU,,,,,,,
239,1023877,https://www.igu.org/igu-reports/2025-world-lng-report,Diamond Gas Nexus,https://www.marinetraffic.org/ship-owner-manager-ism-data/DIAMOND-GAS-NEXUS/1023877/563334400,,Hull 8208 (HSHI),"https://www.datocms-assets.com/146580/1763396210-1747916410-igu-world-lng-report-2025.pdf, https://www.datocms-assets.com/146580/1783403747-igu-world-lng-report-2026.pdf",Hull 8208 (HSHI),https://www.igu.org/igu-reports/2025-world-lng-report,on order,GEM,12/31/2024,https://www.igu.org/igu-reports/2025-world-lng-report,NYK Line,https://www.igu.org/igu-reports/2025-world-lng-report,Japan,"https://www.nyk.com/english/profile/profile/, https://en.wikipedia.org/wiki/Nippon_Yusen",HD Hyundai Samho,https://www.igu.org/igu-reports/2025-world-lng-report,South Korea,https://www.hshi.co.kr/eng/,34.75031,126.3875,"Q92P+7M Yeongam-gun, Jeollanam-do",exact,https://www.google.com/maps/place/Hyundai+Samho+Heavy+Industries+Entrance/data=!3m1!1e3!4m10!1m2!2m1!1sHyundai+Samho+Heavy+Industries!3m6!1s0x3573a4568dfe21d7:0x865a025eb9b373b5!8m2!3d34.75066!4d126.386691!15sCh5IeXVuZGFpIFNhbWhvIEhlYXZ5IEluZHVzdHJpZXOSAQhidXNfc3RvcOABAA!16s%2Fg%2F11b77sqk26?entry=ttu&g_ep=EgoyMDI1MTIwMi4wIKXMDSoASAFQAw%3D%3D,174000,cbm,https://www.igu.org/igu-reports/2025-world-lng-report,,,conventional,https://www.datocms-assets.com/146580/1783403747-igu-world-lng-report-2026.pdf,X-DF,https://www.igu.org/igu-reports/2025-world-lng-report,2027,https://www.igu.org/igu-reports/2025-world-lng-report,,,,IGU,,,,,,,
240,1023889,https://www.igu.org/igu-reports/2025-world-lng-report,Grace Himawari,https://www.marinetraffic.org/ship-owner-manager-ism-data/GRACE-HIMAWARI/1023889/1,,Hull 8209 (HSHI),"https://www.datocms-assets.com/146580/1763396210-1747916410-igu-world-lng-report-2025.pdf, https://www.datocms-assets.com/146580/1783403747-igu-world-lng-report-2026.pdf",Hull 8209 (HSHI),https://www.igu.org/igu-reports/2025-world-lng-report,on order,GEM,12/31/2024,https://www.igu.org/igu-reports/2025-world-lng-report,NYK Line,https://www.igu.org/igu-reports/2025-world-lng-report,Japan,"https://www.nyk.com/english/profile/profile/, https://en.wikipedia.org/wiki/Nippon_Yusen",HD Hyundai Samho,https://www.igu.org/igu-reports/2025-world-lng-report,South Korea,https://www.hshi.co.kr/eng/,34.75031,126.3875,"Q92P+7M Yeongam-gun, Jeollanam-do",exact,https://www.google.com/maps/place/Hyundai+Samho+Heavy+Industries+Entrance/data=!3m1!1e3!4m10!1m2!2m1!1sHyundai+Samho+Heavy+Industries!3m6!1s0x3573a4568dfe21d7:0x865a025eb9b373b5!8m2!3d34.75066!4d126.386691!15sCh5IeXVuZGFpIFNhbWhvIEhlYXZ5IEluZHVzdHJpZXOSAQhidXNfc3RvcOABAA!16s%2Fg%2F11b77sqk26?entry=ttu&g_ep=EgoyMDI1MTIwMi4wIKXMDSoASAFQAw%3D%3D,174000,cbm,https://www.igu.org/igu-reports/2025-world-lng-report,,,conventional,https://www.datocms-assets.com/146580/1783403747-igu-world-lng-report-2026.pdf,X-DF,https://www.igu.org/igu-reports/2025-world-lng-report,2027,https://www.igu.org/igu-reports/2025-world-lng-report,,,,IGU,,,,,,,
242,1023906,https://www.igu.org/igu-reports/2025-world-lng-report,Grace Gerbera,https://www.marinetraffic.org/ship-owner-manager-ism-data/GRACE-GERBERA/1023906/1,"2027 delivery date seems to be confirmed, but was originally 2025 in IGU",Hull 8238 (HSHI),"https://www.datocms-assets.com/146580/1763396210-1747916410-igu-world-lng-report-2025.pdf, https://www.datocms-assets.com/146580/1783403747-igu-world-lng-report-2026.pdf",Hull 8238 (HSHI),https://www.igu.org/igu-reports/2025-world-lng-report,on order,GEM,12/18/2025,http://www.chinashipbuilding.cn/ship.aspx?pklujyukkpp4SFBBcanmkhTk8Pl4EN,NYK Line,https://www.igu.org/igu-reports/2025-world-lng-report,Japan,"https://www.nyk.com/english/profile/profile/, https://en.wikipedia.org/wiki/Nippon_Yusen",HD Hyundai Samho,https://www.igu.org/igu-reports/2025-world-lng-report,South Korea,https://www.hshi.co.kr/eng/,34.75031,126.3875,"Q92P+7M Yeongam-gun, Jeollanam-do",exact,https://www.google.com/maps/place/Hyundai+Samho+Heavy+Industries+Entrance/data=!3m1!1e3!4m10!1m2!2m1!1sHyundai+Samho+Heavy+Industries!3m6!1s0x3573a4568dfe21d7:0x865a025eb9b373b5!8m2!3d34.75066!4d126.386691!15sCh5IeXVuZGFpIFNhbWhvIEhlYXZ5IEluZHVzdHJpZXOSAQhidXNfc3RvcOABAA!16s%2Fg%2F11b77sqk26?entry=ttu&g_ep=EgoyMDI1MTIwMi4wIKXMDSoASAFQAw%3D%3D,174000,cbm,https://www.igu.org/igu-reports/2025-world-lng-report,,,conventional,https://www.datocms-assets.com/146580/1783403747-igu-world-lng-report-2026.pdf,X-DF,https://www.igu.org/igu-reports/2025-world-lng-report,2027,"http://www.chinashipbuilding.cn/ship.aspx?pklujyukkpp4SFBBcanmkhTk8Pl4EN, https://www.marinelink.com/news/maritime/hyundai-samho-heavy-industries",,,,IGU,,,,,,,
243,1023918,https://www.igu.org/igu-reports/2025-world-lng-report,Ferdy Vanguard,https://www.marinetraffic.org/ship-owner-manager-ism-data/FERDY-VANGUARD/1023918/1,,Hull 8239 (HSHI),"https://www.datocms-assets.com/146580/1763396210-1747916410-igu-world-lng-report-2025.pdf, https://www.datocms-assets.com/146580/1783403747-igu-world-lng-report-2026.pdf",Hull 8239 (HSHI),https://www.igu.org/igu-reports/2025-world-lng-report,on order,GEM,12/18/2025,http://www.chinashipbuilding.cn/shipyard.aspx?pklujyukkpp4BbccCanmkhTk8Pl4ENaORDERBOOK4c,NYK Line,https://www.igu.org/igu-reports/2025-world-lng-report,Japan,"https://www.nyk.com/english/profile/profile/, https://en.wikipedia.org/wiki/Nippon_Yusen",HD Hyundai Samho,https://www.igu.org/igu-reports/2025-world-lng-report,South Korea,https://www.hshi.co.kr/eng/,34.75031,126.3875,"Q92P+7M Yeongam-gun, Jeollanam-do",exact,https://www.google.com/maps/place/Hyundai+Samho+Heavy+Industries+Entrance/data=!3m1!1e3!4m10!1m2!2m1!1sHyundai+Samho+Heavy+Industries!3m6!1s0x3573a4568dfe21d7:0x865a025eb9b373b5!8m2!3d34.75066!4d126.386691!15sCh5IeXVuZGFpIFNhbWhvIEhlYXZ5IEluZHVzdHJpZXOSAQhidXNfc3RvcOABAA!16s%2Fg%2F11b77sqk26?entry=ttu&g_ep=EgoyMDI1MTIwMi4wIKXMDSoASAFQAw%3D%3D,174000,cbm,https://www.igu.org/igu-reports/2025-world-lng-report,,,conventional,https://www.datocms-assets.com/146580/1783403747-igu-world-lng-report-2026.pdf,X-DF,https://www.igu.org/igu-reports/2025-world-lng-report,2027,http://www.chinashipbuilding.cn/shipyard.aspx?pklujyukkpp4BbccCanmkhTk8Pl4ENaORDERBOOK4c,,,,IGU,,,,,,,
257,9953274,https://www.igu.org/igu-reports/2025-world-lng-report,Limail,https://www.marinetraffic.com/en/ais/details/ships/shipid:9034461/mmsi:636023560/imo:9953274/vessel:LIMAIL,,Hull H1793A (Hudong),https://www.datocms-assets.com/146580/1783403747-igu-world-lng-report-2026.pdf,Hull H1793A,https://www.igu.org/igu-reports/2025-world-lng-report,active,GEM,12/18/2025,https://www.marinetraffic.com/en/ais/details/ships/shipid:9034461/mmsi:636023560/imo:9953274/vessel:LIMAIL,"MOL, COSCO",https://www.igu.org/igu-reports/2025-world-lng-report,,,Hudong-Zhonghua Shipbuilding,https://www.igu.org/igu-reports/2025-world-lng-report,China,https://www.shipyards.gr/shipyards/new-buildings-shipyards/newbuilding-farest-pacific-ocean/newbuilding-far-east-china-sea/china-south/hudong-zhonghua-shipbuilding-group-coltd,31.271988,121.575478,"7HCG+R4 Pudong, Shanghai, China",exact,"https://www.google.com/maps/place/Hudong-Zhonghua+Shipbuilding/@31.2720706,121.5727207,753m/data=!3m2!1e3!4b1!4m6!3m5!1s0x35b2742eceeb203d:0x37fddc7176d2cc24!8m2!3d31.2720706!4d121.5752956!16s%2Fg%2F1td0qx6d?entry=ttu&g_ep=EgoyMDI1MTIwMi4wIKXMDSoASAFQAw%3D%3D",174000,cbm,https://www.igu.org/igu-reports/2025-world-lng-report,membrane,https://www.datocms-assets.com/146580/1783403747-igu-world-lng-report-2026.pdf,conventional,https://www.datocms-assets.com/146580/1783403747-igu-world-lng-report-2026.pdf,X-DF,https://www.igu.org/igu-reports/2025-world-lng-report,2025,https://www.marinetraffic.com/en/ais/details/ships/shipid:9034461/mmsi:636023560/imo:9953274/vessel:LIMAIL,,,,IGU,,,,,,,
258,9986570,https://www.igu.org/igu-reports/2025-world-lng-report,Al Sabsab,"https://www.shipvault.com/ships/462933, https://shipvaultapi-gjb8c.ondigitalocean.app/api/units/462933, https://www.marinetraffic.org/ship-owner-manager-ism-data/AL-SABSAB/9986570/636025823",,Hull H1794A (Hudong),"https://www.shipvault.com/ships/462933, https://shipvaultapi-gjb8c.ondigitalocean.app/api/units/462933",Hull H1794A,https://www.igu.org/igu-reports/2025-world-lng-report,on order,GEM,12/31/2024,https://www.igu.org/igu-reports/2025-world-lng-report,"MOL, COSCO",https://www.igu.org/igu-reports/2025-world-lng-report,,,Hudong-Zhonghua Shipbuilding,https://www.igu.org/igu-reports/2025-world-lng-report,China,https://www.shipyards.gr/shipyards/new-buildings-shipyards/newbuilding-farest-pacific-ocean/newbuilding-far-east-china-sea/china-south/hudong-zhonghua-shipbuilding-group-coltd,31.271988,121.575478,"7HCG+R4 Pudong, Shanghai, China",exact,"https://www.google.com/maps/place/Hudong-Zhonghua+Shipbuilding/@31.2720706,121.5727207,753m/data=!3m2!1e3!4b1!4m6!3m5!1s0x35b2742eceeb203d:0x37fddc7176d2cc24!8m2!3d31.2720706!4d121.5752956!16s%2Fg%2F1td0qx6d?entry=ttu&g_ep=EgoyMDI1MTIwMi4wIKXMDSoASAFQAw%3D%3D",174000,cbm,https://www.igu.org/igu-reports/2025-world-lng-report,,,conventional,https://www.datocms-assets.com/146580/1783403747-igu-world-lng-report-2026.pdf,X-DF,https://www.igu.org/igu-reports/2025-world-lng-report,2027,https://www.igu.org/igu-reports/2025-world-lng-report,,,,IGU,,,,,,,
259,9986582,https://www.igu.org/igu-reports/2025-world-lng-report,Al Fanar,https://www.marinetraffic.org/ship-owner-manager-ism-data/AL-FANAR/9986582/636025824,,Hull H1795A (Hudong),"https://www.datocms-assets.com/146580/1763396210-1747916410-igu-world-lng-report-2025.pdf, https://www.datocms-assets.com/146580/1783403747-igu-world-lng-report-2026.pdf",Hull H1795A,https://www.igu.org/igu-reports/2025-world-lng-report,on order,GEM,12/31/2024,https://www.igu.org/igu-reports/2025-world-lng-report,"MOL, COSCO",https://www.igu.org/igu-reports/2025-world-lng-report,,,Hudong-Zhonghua Shipbuilding,https://www.igu.org/igu-reports/2025-world-lng-report,China,https://www.shipyards.gr/shipyards/new-buildings-shipyards/newbuilding-farest-pacific-ocean/newbuilding-far-east-china-sea/china-south/hudong-zhonghua-shipbuilding-group-coltd,31.271988,121.575478,"7HCG+R4 Pudong, Shanghai, China",exact,"https://www.google.com/maps/place/Hudong-Zhonghua+Shipbuilding/@31.2720706,121.5727207,753m/data=!3m2!1e3!4b1!4m6!3m5!1s0x35b2742eceeb203d:0x37fddc7176d2cc24!8m2!3d31.2720706!4d121.5752956!16s%2Fg%2F1td0qx6d?entry=ttu&g_ep=EgoyMDI1MTIwMi4wIKXMDSoASAFQAw%3D%3D",174000,cbm,https://www.igu.org/igu-reports/2025-world-lng-report,,,conventional,https://www.datocms-assets.com/146580/1783403747-igu-world-lng-report-2026.pdf,X-DF,https://www.igu.org/igu-reports/2025-world-lng-report,2027,https://www.igu.org/igu-reports/2025-world-lng-report,,,,IGU,,,,,,,
263,9986623,https://www.igu.org/igu-reports/2025-world-lng-report,Fat'h Al Khair,"https://www.shipvault.com/ships/462938, https://shipvaultapi-gjb8c.ondigitalocean.app/api/units/462938",,Hull H1799A (Hudong); Fath Al Khair,https://www.datocms-assets.com/146580/1783403747-igu-world-lng-report-2026.pdf,Hull H1799A,https://www.igu.org/igu-reports/2025-world-lng-report,active,GEM,12/31/2024,"https://www.shipvault.com/ships/462938, https://shipvaultapi-gjb8c.ondigitalocean.app/api/units/462938","MISC, NYK Line, K Line, China LNG",https://www.igu.org/igu-reports/2025-world-lng-report,Japan,"https://www.nyk.com/english/profile/profile/, https://en.wikipedia.org/wiki/Nippon_Yusen",Hudong-Zhonghua Shipbuilding,https://www.igu.org/igu-reports/2025-world-lng-report,China,https://www.shipyards.gr/shipyards/new-buildings-shipyards/newbuilding-farest-pacific-ocean/newbuilding-far-east-china-sea/china-south/hudong-zhonghua-shipbuilding-group-coltd,31.271988,121.575478,"7HCG+R4 Pudong, Shanghai, China",exact,"https://www.google.com/maps/place/Hudong-Zhonghua+Shipbuilding/@31.2720706,121.5727207,753m/data=!3m2!1e3!4b1!4m6!3m5!1s0x35b2742eceeb203d:0x37fddc7176d2cc24!8m2!3d31.2720706!4d121.5752956!16s%2Fg%2F1td0qx6d?entry=ttu&g_ep=EgoyMDI1MTIwMi4wIKXMDSoASAFQAw%3D%3D",174000,cbm,https://www.igu.org/igu-reports/2025-world-lng-report,membrane,https://www.datocms-assets.com/146580/1783403747-igu-world-lng-report-2026.pdf,conventional,https://www.datocms-assets.com/146580/1783403747-igu-world-lng-report-2026.pdf,X-DF,https://www.igu.org/igu-reports/2025-world-lng-report,2025,"https://www.shipvault.com/ships/462938, https://shipvaultapi-gjb8c.ondigitalocean.app/api/units/462938",,,,IGU,,,,,,,
264,9986635,https://www.igu.org/igu-reports/2025-world-lng-report,Mihzem,"https://www.shipvault.com/ships/462939, https://shipvaultapi-gjb8c.ondigitalocean.app/api/units/462939",,Hull H1800A (Hudong); QatarGas LNG 36,"https://www.shipvault.com/ships/462939, https://shipvaultapi-gjb8c.ondigitalocean.app/api/units/462939, https://www.datocms-assets.com/146580/1783403747-igu-world-lng-report-2026.pdf",Hull H1800A,https://www.igu.org/igu-reports/2025-world-lng-report,active,GEM,12/31/2024,"https://www.shipvault.com/ships/462939, https://shipvaultapi-gjb8c.ondigitalocean.app/api/units/462939","MISC, NYK Line, K Line, China LNG",https://www.igu.org/igu-reports/2025-world-lng-report,Japan,"https://www.nyk.com/english/profile/profile/, https://en.wikipedia.org/wiki/Nippon_Yusen",Hudong-Zhonghua Shipbuilding,https://www.igu.org/igu-reports/2025-world-lng-report,China,https://www.shipyards.gr/shipyards/new-buildings-shipyards/newbuilding-farest-pacific-ocean/newbuilding-far-east-china-sea/china-south/hudong-zhonghua-shipbuilding-group-coltd,31.271988,121.575478,"7HCG+R4 Pudong, Shanghai, China",exact,"https://www.google.com/maps/place/Hudong-Zhonghua+Shipbuilding/@31.2720706,121.5727207,753m/data=!3m2!1e3!4b1!4m6!3m5!1s0x35b2742eceeb203d:0x37fddc7176d2cc24!8m2!3d31.2720706!4d121.5752956!16s%2Fg%2F1td0qx6d?entry=ttu&g_ep=EgoyMDI1MTIwMi4wIKXMDSoASAFQAw%3D%3D",174000,cbm,https://www.igu.org/igu-reports/2025-world-lng-report,membrane,https://www.datocms-assets.com/146580/1783403747-igu-world-lng-report-2026.pdf,conventional,https://www.datocms-assets.com/146580/1783403747-igu-world-lng-report-2026.pdf,X-DF,https://www.igu.org/igu-reports/2025-world-lng-report,2025,"https://www.shipvault.com/ships/462939, https://shipvaultapi-gjb8c.ondigitalocean.app/api/units/462939",,,,IGU,,,,,,,
265,9986647,https://www.igu.org/igu-reports/2025-world-lng-report,Idd Al Shargi,"https://www.shipvault.com/ships/462940, https://shipvaultapi-gjb8c.ondigitalocean.app/api/units/462940",,Hull H1801A (Hudong); QatarGas LNG 52,"https://www.shipvault.com/ships/462940, https://shipvaultapi-gjb8c.ondigitalocean.app/api/units/462940, https://www.datocms-assets.com/146580/1783403747-igu-world-lng-report-2026.pdf",Hull H1801A,https://www.igu.org/igu-reports/2025-world-lng-report,active,GEM,12/31/2024,"https://www.shipvault.com/ships/462940, https://shipvaultapi-gjb8c.ondigitalocean.app/api/units/462940","MISC, NYK Line, K Line, China LNG",https://www.igu.org/igu-reports/2025-world-lng-report,Japan,"https://www.nyk.com/english/profile/profile/, https://en.wikipedia.org/wiki/Nippon_Yusen",Hudong-Zhonghua Shipbuilding,https://www.igu.org/igu-reports/2025-world-lng-report,China,https://www.shipyards.gr/shipyards/new-buildings-shipyards/newbuilding-farest-pacific-ocean/newbuilding-far-east-china-sea/china-south/hudong-zhonghua-shipbuilding-group-coltd,31.271988,121.575478,"7HCG+R4 Pudong, Shanghai, China",exact,"https://www.google.com/maps/place/Hudong-Zhonghua+Shipbuilding/@31.2720706,121.5727207,753m/data=!3m2!1e3!4b1!4m6!3m5!1s0x35b2742eceeb203d:0x37fddc7176d2cc24!8m2!3d31.2720706!4d121.5752956!16s%2Fg%2F1td0qx6d?entry=ttu&g_ep=EgoyMDI1MTIwMi4wIKXMDSoASAFQAw%3D%3D",174000,cbm,https://www.igu.org/igu-reports/2025-world-lng-report,membrane,https://www.datocms-assets.com/146580/1783403747-igu-world-lng-report-2026.pdf,conventional,https://www.datocms-assets.com/146580/1783403747-igu-world-lng-report-2026.pdf,X-DF,https://www.igu.org/igu-reports/2025-world-lng-report,2025,"https://www.shipvault.com/ships/462940, https://shipvaultapi-gjb8c.ondigitalocean.app/api/units/462940",,,,IGU,,,,,,,
276,9979761,https://www.igu.org/igu-reports/2025-world-lng-report,Ocean Inspiration,https://www.marinetraffic.com/en/ais/details/ships/shipid:9418797/mmsi:477134800/imo:9979761/vessel:OCEAN_INSPIRATION,,Hull H1892A (Hudong),https://www.datocms-assets.com/146580/1783403747-igu-world-lng-report-2026.pdf,Hull H1892A,https://www.igu.org/igu-reports/2025-world-lng-report,active,GEM,12/17/2025,https://www.marinetraffic.com/en/ais/details/ships/shipid:9418797/mmsi:477134800/imo:9979761/vessel:OCEAN_INSPIRATION,COSCO,https://www.igu.org/igu-reports/2025-world-lng-report,China,https://en.wikipedia.org/wiki/COSCO_Shipping,Hudong-Zhonghua Shipbuilding,https://www.igu.org/igu-reports/2025-world-lng-report,China,https://www.shipyards.gr/shipyards/new-buildings-shipyards/newbuilding-farest-pacific-ocean/newbuilding-far-east-china-sea/china-south/hudong-zhonghua-shipbuilding-group-coltd,31.271988,121.575478,"7HCG+R4 Pudong, Shanghai, China",exact,"https://www.google.com/maps/place/Hudong-Zhonghua+Shipbuilding/@31.2720706,121.5727207,753m/data=!3m2!1e3!4b1!4m6!3m5!1s0x35b2742eceeb203d:0x37fddc7176d2cc24!8m2!3d31.2720706!4d121.5752956!16s%2Fg%2F1td0qx6d?entry=ttu&g_ep=EgoyMDI1MTIwMi4wIKXMDSoASAFQAw%3D%3D",174000,cbm,https://www.igu.org/igu-reports/2025-world-lng-report,membrane,https://www.datocms-assets.com/146580/1783403747-igu-world-lng-report-2026.pdf,conventional,https://www.datocms-assets.com/146580/1783403747-igu-world-lng-report-2026.pdf,X-DF,https://www.igu.org/igu-reports/2025-world-lng-report,2025,https://www.igu.org/igu-reports/2025-world-lng-report,,,,IGU,,,,,,,
289,1024754,https://www.igu.org/igu-reports/2025-world-lng-report,Tianshan,"https://www.shipvault.com/ships/467899, https://shipvaultapi-gjb8c.ondigitalocean.app/api/units/467899",,Hull H1909A (Hudong),"https://www.shipvault.com/ships/467899, https://shipvaultapi-gjb8c.ondigitalocean.app/api/units/467899",Hull H1909A,https://www.igu.org/igu-reports/2025-world-lng-report,active,GEM,12/31/2024,"https://www.shipvault.com/ships/467899, https://shipvaultapi-gjb8c.ondigitalocean.app/api/units/467899",United Liquefied Gas,https://www.igu.org/igu-reports/2025-world-lng-report,Hong Kong,https://www1.hkexnews.hk/listedco/listconews/sehk/2020/0630/2020063001526.pdf,Hudong-Zhonghua Shipbuilding,https://www.igu.org/igu-reports/2025-world-lng-report,China,https://www.shipyards.gr/shipyards/new-buildings-shipyards/newbuilding-farest-pacific-ocean/newbuilding-far-east-china-sea/china-south/hudong-zhonghua-shipbuilding-group-coltd,31.271988,121.575478,"7HCG+R4 Pudong, Shanghai, China",exact,"https://www.google.com/maps/place/Hudong-Zhonghua+Shipbuilding/@31.2720706,121.5727207,753m/data=!3m2!1e3!4b1!4m6!3m5!1s0x35b2742eceeb203d:0x37fddc7176d2cc24!8m2!3d31.2720706!4d121.5752956!16s%2Fg%2F1td0qx6d?entry=ttu&g_ep=EgoyMDI1MTIwMi4wIKXMDSoASAFQAw%3D%3D",174000,cbm,https://www.igu.org/igu-reports/2025-world-lng-report,,,conventional,https://www.datocms-assets.com/146580/1783403747-igu-world-lng-report-2026.pdf,X-DF,https://www.igu.org/igu-reports/2025-world-lng-report,2026,https://www.igu.org/igu-reports/2025-world-lng-report,,,,IGU,,,,,,,
318,1040693,https://www.igu.org/igu-reports/2025-world-lng-report,Yangze LNG 01,"https://www.shipvault.com/ships/475022, https://shipvaultapi-gjb8c.ondigitalocean.app/api/units/475022",,Hull YZJ2022-1475,"https://www.shipvault.com/ships/475022, https://shipvaultapi-gjb8c.ondigitalocean.app/api/units/475022",Hull YZJ2022-1475,https://www.igu.org/igu-reports/2025-world-lng-report,on order,GEM,12/31/2024,https://www.igu.org/igu-reports/2025-world-lng-report,Yangzijiang Shipbuilding,https://www.tradewindsnews.com/gas/yangzijiang-opts-to-build-its-first-lng-carrier-duo-speculatively-as-buyer-evaporates/2-1-1692004,,,Yangzijiang Shipbuilding,https://www.igu.org/igu-reports/2025-world-lng-report,China,https://www.trusteddocks.com/company-group/102275-yangzijiang-shipbuilding-group-ltd,31.95775,120.166811,"X558+4PJ, Jingjiang, Taizhou, Jiangsu, China, 214533",exact,https://www.trusteddocks.com/company-group/102275-yangzijiang-shipbuilding-group-ltd,175000,cbm,https://www.igu.org/igu-reports/2025-world-lng-report,,,conventional,https://www.datocms-assets.com/146580/1783403747-igu-world-lng-report-2026.pdf,ME-GA,https://www.igu.org/igu-reports/2025-world-lng-report,2026,https://www.igu.org/igu-reports/2025-world-lng-report,,,,IGU,,,,,,,
377,9343106,https://www.igu.org/igu-reports/2025-world-lng-report,LNGT Karadeniz,https://www.datocms-assets.com/146580/1783403747-igu-world-lng-report-2026.pdf,,Alto Acrux,https://www.datocms-assets.com/146580/1763396210-1747916410-igu-world-lng-report-2025.pdf,,,active,GEM,12/31/2024,https://www.igu.org/igu-reports/2025-world-lng-report,Karadeniz,https://www.igu.org/igu-reports/2025-world-lng-report,,,Mitsubishi Heavy Industries,https://www.igu.org/igu-reports/2025-world-lng-report,Japan,https://www.mhi.com/,35.412837,139.668503,"CM8G+QG Yokohama, Kanagawa, Japan",exact,"https://www.google.com/maps/place/Mitsubishi+Heavy+Industries+Yokohama+Dockyard+%26+Machinery+Works/@35.5677012,139.4295502,45835m/data=!3m1!1e3!4m10!1m2!2m1!1sMitsubishi+Heavy+Industries!3m6!1s0x601842bd2acc85ff:0x1c719ae9bbc013df!8m2!3d35.4169184!4d139.6762959!15sChtNaXRzdWJpc2hpIEhlYXZ5IEluZHVzdHJpZXMiA4gBAZIBCHNoaXB5YXJk4AEA!16s%2Fg%2F11btvwmdj6?entry=ttu&g_ep=EgoyMDI1MTIwMi4wIKXMDSoASAFQAw%3D%3D",147798,cbm,https://www.igu.org/igu-reports/2025-world-lng-report,spherical,https://www.igu.org/igu-reports/2025-world-lng-report,conventional,https://www.igu.org/igu-reports/2025-world-lng-report,steam,https://www.igu.org/igu-reports/2025-world-lng-report,2008,https://www.igu.org/igu-reports/2025-world-lng-report,,,,IGU,,,,,,,
385,9957737,https://www.igu.org/igu-reports/2025-world-lng-report,Apostolos,https://www.igu.org/igu-reports/2025-world-lng-report,,Hull 3342 (HDHHI),https://www.datocms-assets.com/146580/1783403747-igu-world-lng-report-2026.pdf,,,active,GEM,12/31/2024,https://www.igu.org/igu-reports/2025-world-lng-report,Capital Gas,https://www.igu.org/igu-reports/2025-world-lng-report,Greece,"https://magicport.ai/owners-managers/greece/capital-gas-ship-management, https://stockanalysis.com/stocks/ccec/company/, https://www.rivieramm.com/news-content-hub/capital-gas-enhances-fleet-reliability-amid-greek-lng-expansion-82819",HD Hyundai Heavy Industries,https://www.igu.org/igu-reports/2025-world-lng-report,South Korea,https://www.hd.com/en/main,35.51613,129.4383,GC8Q+M6 Ulsan,exact,https://www.google.com/maps/place/HD+Hyundai+Heavy+Industries+Ulsan+Shipyard/data=!3m1!1e3!4m10!1m2!2m1!1sHD+Hyundai!3m6!1s0x3567ce56ebbfb645:0xd94a696f9fca5d90!8m2!3d35.5167468!4d129.4380269!15sCgpIRCBIeXVuZGFpkgEIc2hpcHlhcmTgAQA!16s%2Fg%2F1tfhd8y1?entry=ttu&g_ep=EgoyMDI1MTIwMi4wIKXMDSoASAFQAw%3D%3D,174000,cbm,https://www.igu.org/igu-reports/2025-world-lng-report,membrane,https://www.igu.org/igu-reports/2025-world-lng-report,conventional,https://www.igu.org/igu-reports/2025-world-lng-report,ME-GA,https://www.igu.org/igu-reports/2025-world-lng-report,2024,https://www.igu.org/igu-reports/2025-world-lng-report,,,,IGU,,,,,,,
459,9307205,https://www.igu.org/igu-reports/2025-world-lng-report,LNG Scorpio,"https://www.vesseltracker.com/en/Ships/Lng-Scorpio-9307205.html, https://www.marinetraffic.org/ship-owner-manager-ism-data/LNG-SCORPIO/9307205/352006648","part of Russian dark fleet, renamed and under new Chinese ownership (originally owned by TMS Cardiff Gas)",Condor LNG; CCH LNG; LNG Soars; Methane Lydon Volney,"https://www.igu.org/igu-reports/2025-world-lng-report, https://www.datocms-assets.com/146580/1783403747-igu-world-lng-report-2026.pdf",,,active,GEM,1/5/2026,https://www.igu.org/igu-reports/2025-world-lng-report,Pacific Gas,https://www.bloomberg.com/news/articles/2025-10-24/china-s-pacific-gas-owns-lng-ship-skirting-russian-sanctions,China,https://www.bloomberg.com/news/articles/2025-10-24/china-s-pacific-gas-owns-lng-ship-skirting-russian-sanctions,Samsung Heavy Industries,https://www.igu.org/igu-reports/2025-world-lng-report,South Korea,https://www.samsungshi.com/En/Default.aspx,34.89804,128.6045,"VJW3+QV Geoje-si, Gyeongsangnam-do",exact,https://www.google.com/maps/place/Samsung+Heavy+industries/data=!3m1!1e3!4m10!1m2!2m1!1ssamsung+heavy+industries!3m6!1s0x356ecd83691a8fb5:0xd4204e9a1bb0ef10!8m2!3d34.8969682!4d128.6046376!15sChhzYW1zdW5nIGhlYXZ5IGluZHVzdHJpZXOSAQhzaGlweWFyZOABAA!16s%2Fg%2F1tgcpry6?entry=ttu&g_ep=EgoyMDI1MTIwMi4wIKXMDSoASAFQAw%3D%3D,145000,cbm,https://www.igu.org/igu-reports/2025-world-lng-report,membrane,https://www.igu.org/igu-reports/2025-world-lng-report,conventional,https://www.igu.org/igu-reports/2025-world-lng-report,steam,https://www.igu.org/igu-reports/2025-world-lng-report,2006,https://www.igu.org/igu-reports/2025-world-lng-report,,,,IGU,,,,,,,
507,1058327,https://www.igu.org/igu-reports/2025-world-lng-report,Prime Creativity,https://www.marinetraffic.org/ship-owner-manager-ism-data/PRIME-CREATIVITY/1058327/1,,Dalian No 1 G175K-10,"https://www.datocms-assets.com/146580/1763396210-1747916410-igu-world-lng-report-2025.pdf, https://www.datocms-assets.com/146580/1783403747-igu-world-lng-report-2026.pdf",Hull G175K-10,"https://www.shipvault.com/ships/481198, https://shipvaultapi-gjb8c.ondigitalocean.app/api/units/481198",on order,GEM,12/31/2024,https://www.igu.org/igu-reports/2025-world-lng-report,China Energy Shipping,https://www.igu.org/igu-reports/2025-world-lng-report,,,DSIC (Dalian Shipbuilding Industry Co),https://www.igu.org/igu-reports/2025-world-lng-report,China,http://www.dsic.cn/English/CorporateProfile/AboutUs/index.htm,38.937861,121.638613,"WJMP+FX6, Binhai St, Xigang District, Dalian, Dalian, Liaoning, China, 116006",exact,"https://www.google.com/maps/place/Dalian+Shipbuilding+Heavy+Industry+Co.,Ltd./@38.9301597,121.6171177,2740m/data=!3m1!1e3!4m15!1m7!2m6!1sDalian+Shipbuilding+Industry+Co!3m4!2s60.153931,+24.928542!4m2!1d24.9285418!2d60.1539309!3m6!1s0x3585f55b64d083c7:0x46a88d8ffb6405f2!8m2!3d38.9336592!4d121.6374032!15sCh9EYWxpYW4gU2hpcGJ1aWxkaW5nIEluZHVzdHJ5IENvkgEHY29tcGFueeABAA!16s%2Fg%2F1tf_qtz_?entry=ttu&g_ep=EgoyMDI1MTIwMi4wIKXMDSoASAFQAw%3D%3D",175000,cbm,https://www.igu.org/igu-reports/2025-world-lng-report,,,conventional,https://www.datocms-assets.com/146580/1783403747-igu-world-lng-report-2026.pdf,X-DF,https://www.igu.org/igu-reports/2025-world-lng-report,2027,https://www.igu.org/igu-reports/2025-world-lng-report,,,,IGU,Sinopec,https://lngprime.com/asia/dsic-seals-700-million-lng-shipbuilding-deal-with-cosco-and-sinopec/90380/,31-Aug-2023,https://lngprime.com/asia/dsic-seals-700-million-lng-shipbuilding-deal-with-cosco-and-sinopec/90380/,233300000.00,USD,https://lngprime.com/asia/dsic-seals-700-million-lng-shipbuilding-deal-with-cosco-and-sinopec/90380/
508,1069194,https://www.igu.org/igu-reports/2025-world-lng-report,Prime Glory,https://www.marinetraffic.org/ship-owner-manager-ism-data/PRIME-GLORY/1069194/1,,Dalian No 1 G175K-11,"https://www.datocms-assets.com/146580/1763396210-1747916410-igu-world-lng-report-2025.pdf, https://www.datocms-assets.com/146580/1783403747-igu-world-lng-report-2026.pdf",Hull G175K-11,"https://www.shipvault.com/ships/481199, https://shipvaultapi-gjb8c.ondigitalocean.app/api/units/481199",on order,GEM,12/31/2024,https://www.igu.org/igu-reports/2025-world-lng-report,COSCO,https://www.igu.org/igu-reports/2025-world-lng-report,China,https://en.wikipedia.org/wiki/COSCO_Shipping,DSIC (Dalian Shipbuilding Industry Co),https://www.igu.org/igu-reports/2025-world-lng-report,China,http://www.dsic.cn/English/CorporateProfile/AboutUs/index.htm,38.937861,121.638613,"WJMP+FX6, Binhai St, Xigang District, Dalian, Dalian, Liaoning, China, 116006",exact,"https://www.google.com/maps/place/Dalian+Shipbuilding+Heavy+Industry+Co.,Ltd./@38.9301597,121.6171177,2740m/data=!3m1!1e3!4m15!1m7!2m6!1sDalian+Shipbuilding+Industry+Co!3m4!2s60.153931,+24.928542!4m2!1d24.9285418!2d60.1539309!3m6!1s0x3585f55b64d083c7:0x46a88d8ffb6405f2!8m2!3d38.9336592!4d121.6374032!15sCh9EYWxpYW4gU2hpcGJ1aWxkaW5nIEluZHVzdHJ5IENvkgEHY29tcGFueeABAA!16s%2Fg%2F1tf_qtz_?entry=ttu&g_ep=EgoyMDI1MTIwMi4wIKXMDSoASAFQAw%3D%3D",175000,cbm,https://www.igu.org/igu-reports/2025-world-lng-report,,,conventional,https://www.datocms-assets.com/146580/1783403747-igu-world-lng-report-2026.pdf,X-DF,https://www.igu.org/igu-reports/2025-world-lng-report,2028,https://www.igu.org/igu-reports/2025-world-lng-report,,,,IGU,,,,,,,
509,1030557,https://www.igu.org/igu-reports/2025-world-lng-report,Friendship Venture,"https://www.shipvault.com/ships/469427, https://shipvaultapi-gjb8c.ondigitalocean.app/api/units/469427, https://www.marinetraffic.org/ship-owner-manager-ism-data/FRIENDSHIP-VENTURE/1030557/636025371",,Dalian No 1 G175K-12,"https://www.datocms-assets.com/146580/1763396210-1747916410-igu-world-lng-report-2025.pdf, https://www.datocms-assets.com/146580/1783403747-igu-world-lng-report-2026.pdf",Hull G175K-12,"https://www.shipvault.com/ships/469427, https://shipvaultapi-gjb8c.ondigitalocean.app/api/units/469427",on order,GEM,12/31/2024,https://www.igu.org/igu-reports/2025-world-lng-report,"Wah Kwong, China Gas, CSSC",https://www.igu.org/igu-reports/2025-world-lng-report,,,DSIC (Dalian Shipbuilding Industry Co),https://www.igu.org/igu-reports/2025-world-lng-report,China,http://www.dsic.cn/English/CorporateProfile/AboutUs/index.htm,38.937861,121.638613,"WJMP+FX6, Binhai St, Xigang District, Dalian, Dalian, Liaoning, China, 116006",exact,"https://www.google.com/maps/place/Dalian+Shipbuilding+Heavy+Industry+Co.,Ltd./@38.9301597,121.6171177,2740m/data=!3m1!1e3!4m15!1m7!2m6!1sDalian+Shipbuilding+Industry+Co!3m4!2s60.153931,+24.928542!4m2!1d24.9285418!2d60.1539309!3m6!1s0x3585f55b64d083c7:0x46a88d8ffb6405f2!8m2!3d38.9336592!4d121.6374032!15sCh9EYWxpYW4gU2hpcGJ1aWxkaW5nIEluZHVzdHJ5IENvkgEHY29tcGFueeABAA!16s%2Fg%2F1tf_qtz_?entry=ttu&g_ep=EgoyMDI1MTIwMi4wIKXMDSoASAFQAw%3D%3D",175000,cbm,https://www.igu.org/igu-reports/2025-world-lng-report,membrane,https://lngprime.com/asia/dsic-to-build-two-lng-carriers-for-china-gas-jv/86496/,conventional,https://www.datocms-assets.com/146580/1783403747-igu-world-lng-report-2026.pdf,X-DF,https://www.igu.org/igu-reports/2025-world-lng-report,2028,https://www.igu.org/igu-reports/2025-world-lng-report,,,,IGU,China Gas Hongda Energy Trading,https://lngprime.com/asia/dsic-to-build-two-lng-carriers-for-china-gas-jv/86496/,,,,,
510,1030569,https://www.igu.org/igu-reports/2025-world-lng-report,Alliance Venture,"https://www.shipvault.com/ships/469428, https://shipvaultapi-gjb8c.ondigitalocean.app/api/units/469428, https://www.marinetraffic.org/ship-owner-manager-ism-data/ALLIANCE-VENTURE/1030569/1",,Dalian No 1 G175K-13,"https://www.datocms-assets.com/146580/1763396210-1747916410-igu-world-lng-report-2025.pdf, https://www.datocms-assets.com/146580/1783403747-igu-world-lng-report-2026.pdf",Hull G175K-13,"https://www.shipvault.com/ships/469428, https://shipvaultapi-gjb8c.ondigitalocean.app/api/units/469428",on order,GEM,12/31/2024,https://www.igu.org/igu-reports/2025-world-lng-report,"Wah Kwong, China Gas, CSSC",https://www.igu.org/igu-reports/2025-world-lng-report,,,DSIC (Dalian Shipbuilding Industry Co),https://www.igu.org/igu-reports/2025-world-lng-report,China,http://www.dsic.cn/English/CorporateProfile/AboutUs/index.htm,38.937861,121.638613,"WJMP+FX6, Binhai St, Xigang District, Dalian, Dalian, Liaoning, China, 116006",exact,"https://www.google.com/maps/place/Dalian+Shipbuilding+Heavy+Industry+Co.,Ltd./@38.9301597,121.6171177,2740m/data=!3m1!1e3!4m15!1m7!2m6!1sDalian+Shipbuilding+Industry+Co!3m4!2s60.153931,+24.928542!4m2!1d24.9285418!2d60.1539309!3m6!1s0x3585f55b64d083c7:0x46a88d8ffb6405f2!8m2!3d38.9336592!4d121.6374032!15sCh9EYWxpYW4gU2hpcGJ1aWxkaW5nIEluZHVzdHJ5IENvkgEHY29tcGFueeABAA!16s%2Fg%2F1tf_qtz_?entry=ttu&g_ep=EgoyMDI1MTIwMi4wIKXMDSoASAFQAw%3D%3D",175000,cbm,https://www.igu.org/igu-reports/2025-world-lng-report,membrane,https://lngprime.com/asia/dsic-to-build-two-lng-carriers-for-china-gas-jv/86496/,conventional,https://www.datocms-assets.com/146580/1783403747-igu-world-lng-report-2026.pdf,X-DF,https://www.igu.org/igu-reports/2025-world-lng-report,2027,https://www.igu.org/igu-reports/2025-world-lng-report,,,,IGU,China Gas Hongda Energy Trading,https://lngprime.com/asia/dsic-to-build-two-lng-carriers-for-china-gas-jv/86496/,,,,,
517,1013511,https://www.igu.org/igu-reports/2025-world-lng-report,Sea Charity,"https://www.shipvault.com/ships/461880, https://shipvaultapi-gjb8c.ondigitalocean.app/api/units/461880",,Dalian No 1 G175K-7,"https://www.datocms-assets.com/146580/1763396210-1747916410-igu-world-lng-report-2025.pdf, https://www.datocms-assets.com/146580/1783403747-igu-world-lng-report-2026.pdf",Hull G175K-07,"https://www.shipvault.com/ships/461880, https://shipvaultapi-gjb8c.ondigitalocean.app/api/units/461880",on order,GEM,12/31/2024,https://www.igu.org/igu-reports/2025-world-lng-report,China Merchants Energy Shipping,https://www.igu.org/igu-reports/2025-world-lng-report,,,DSIC (Dalian Shipbuilding Industry Co),https://www.igu.org/igu-reports/2025-world-lng-report,China,http://www.dsic.cn/English/CorporateProfile/AboutUs/index.htm,38.937861,121.638613,"WJMP+FX6, Binhai St, Xigang District, Dalian, Dalian, Liaoning, China, 116006",exact,"https://www.google.com/maps/place/Dalian+Shipbuilding+Heavy+Industry+Co.,Ltd./@38.9301597,121.6171177,2740m/data=!3m1!1e3!4m15!1m7!2m6!1sDalian+Shipbuilding+Industry+Co!3m4!2s60.153931,+24.928542!4m2!1d24.9285418!2d60.1539309!3m6!1s0x3585f55b64d083c7:0x46a88d8ffb6405f2!8m2!3d38.9336592!4d121.6374032!15sCh9EYWxpYW4gU2hpcGJ1aWxkaW5nIEluZHVzdHJ5IENvkgEHY29tcGFueeABAA!16s%2Fg%2F1tf_qtz_?entry=ttu&g_ep=EgoyMDI1MTIwMi4wIKXMDSoASAFQAw%3D%3D",175000,cbm,https://www.igu.org/igu-reports/2025-world-lng-report,,,conventional,https://www.datocms-assets.com/146580/1783403747-igu-world-lng-report-2026.pdf,X-DF,https://www.igu.org/igu-reports/2025-world-lng-report,2026,https://www.igu.org/igu-reports/2025-world-lng-report,,,,IGU,,,,,,,
519,1058315,https://www.igu.org/igu-reports/2025-world-lng-report,Prime Unity,https://www.marinetraffic.org/ship-owner-manager-ism-data/PRIME-UNITY/1058315/1,,Dalian No 1 G175K-9,"https://www.datocms-assets.com/146580/1763396210-1747916410-igu-world-lng-report-2025.pdf, https://www.datocms-assets.com/146580/1783403747-igu-world-lng-report-2026.pdf",Hull G175K-09,"https://www.shipvault.com/ships/481200, https://shipvaultapi-gjb8c.ondigitalocean.app/api/units/481200",on order,GEM,12/31/2024,https://www.igu.org/igu-reports/2025-world-lng-report,China Energy Shipping,https://www.igu.org/igu-reports/2025-world-lng-report,,,DSIC (Dalian Shipbuilding Industry Co),https://www.igu.org/igu-reports/2025-world-lng-report,China,http://www.dsic.cn/English/CorporateProfile/AboutUs/index.htm,38.937861,121.638613,"WJMP+FX6, Binhai St, Xigang District, Dalian, Dalian, Liaoning, China, 116006",exact,"https://www.google.com/maps/place/Dalian+Shipbuilding+Heavy+Industry+Co.,Ltd./@38.9301597,121.6171177,2740m/data=!3m1!1e3!4m15!1m7!2m6!1sDalian+Shipbuilding+Industry+Co!3m4!2s60.153931,+24.928542!4m2!1d24.9285418!2d60.1539309!3m6!1s0x3585f55b64d083c7:0x46a88d8ffb6405f2!8m2!3d38.9336592!4d121.6374032!15sCh9EYWxpYW4gU2hpcGJ1aWxkaW5nIEluZHVzdHJ5IENvkgEHY29tcGFueeABAA!16s%2Fg%2F1tf_qtz_?entry=ttu&g_ep=EgoyMDI1MTIwMi4wIKXMDSoASAFQAw%3D%3D",175000,cbm,https://www.igu.org/igu-reports/2025-world-lng-report,,,conventional,https://www.datocms-assets.com/146580/1783403747-igu-world-lng-report-2026.pdf,X-DF,https://www.igu.org/igu-reports/2025-world-lng-report,2027,https://www.igu.org/igu-reports/2025-world-lng-report,,,,IGU,Sinopec,https://lngprime.com/asia/dsic-seals-700-million-lng-shipbuilding-deal-with-cosco-and-sinopec/90380/,31-Aug-2023,https://lngprime.com/asia/dsic-seals-700-million-lng-shipbuilding-deal-with-cosco-and-sinopec/90380/,233300000.00,USD,https://lngprime.com/asia/dsic-seals-700-million-lng-shipbuilding-deal-with-cosco-and-sinopec/90380/
535,9216298,https://www.igu.org/igu-reports/2025-world-lng-report,Arctic Vostok,https://www.datocms-assets.com/146580/1783403747-igu-world-lng-report-2026.pdf,,East Energy,https://www.datocms-assets.com/146580/1763396210-1747916410-igu-world-lng-report-2025.pdf,,,active,GEM,12/31/2024,https://www.igu.org/igu-reports/2025-world-lng-report,Nur Global Shipping,https://www.igu.org/igu-reports/2025-world-lng-report,,,HD Hyundai Heavy Industries,https://www.igu.org/igu-reports/2025-world-lng-report,South Korea,https://www.hd.com/en/main,35.51613,129.4383,GC8Q+M6 Ulsan,exact,https://www.google.com/maps/place/HD+Hyundai+Heavy+Industries+Ulsan+Shipyard/data=!3m1!1e3!4m10!1m2!2m1!1sHD+Hyundai!3m6!1s0x3567ce56ebbfb645:0xd94a696f9fca5d90!8m2!3d35.5167468!4d129.4380269!15sCgpIRCBIeXVuZGFpkgEIc2hpcHlhcmTgAQA!16s%2Fg%2F1tfhd8y1?entry=ttu&g_ep=EgoyMDI1MTIwMi4wIKXMDSoASAFQAw%3D%3D,137000,cbm,https://www.igu.org/igu-reports/2025-world-lng-report,spherical,https://www.igu.org/igu-reports/2025-world-lng-report,conventional,https://www.igu.org/igu-reports/2025-world-lng-report,steam,https://www.igu.org/igu-reports/2025-world-lng-report,2002,https://www.igu.org/igu-reports/2025-world-lng-report,,,,IGU,,,,,,,
562,9245720,https://www.igu.org/igu-reports/2025-world-lng-report,Arunika Jaya,https://www.datocms-assets.com/146580/1783403747-igu-world-lng-report-2026.pdf,,Energy Frontier,"https://www.shipvault.com/ships/116125, https://shipvaultapi-gjb8c.ondigitalocean.app/api/units/116125",,,active,GEM,12/31/2024,https://www.igu.org/igu-reports/2025-world-lng-report,Tokyo Gas,https://www.igu.org/igu-reports/2025-world-lng-report,,,Kawasaki Heavy Industries,https://www.igu.org/igu-reports/2025-world-lng-report,Japan,https://www.khi.co.jp/corporate/network/sakaide.html,34.327891,133.832534,"8RHM+63 Sakaide, Kagawa, Japan",exact,"https://www.google.com/maps/place/Kawasaki+Heavy+Industries+Sakaide+Works/@34.3281037,133.8301629,727m/data=!3m2!1e3!4b1!4m6!3m5!1s0x3553defcdee0be77:0x45602ea060d2d040!8m2!3d34.3281037!4d133.8327378!16s%2Fg%2F11btww0875?entry=ttu&g_ep=EgoyMDI1MTIwMi4wIKXMDSoASAFQAw%3D%3D",147000,cbm,https://www.igu.org/igu-reports/2025-world-lng-report,spherical,https://www.igu.org/igu-reports/2025-world-lng-report,conventional,https://www.igu.org/igu-reports/2025-world-lng-report,steam,https://www.igu.org/igu-reports/2025-world-lng-report,2003,https://www.igu.org/igu-reports/2025-world-lng-report,,,,IGU,,,,,,,
639,1056410,https://www.igu.org/igu-reports/2025-world-lng-report,Solidarity,https://www.marinetraffic.org/ship-owner-manager-ism-data/SOLIDARITY/1056410/1,,Gdansk FSRU,"https://www.datocms-assets.com/146580/1763396210-1747916410-igu-world-lng-report-2025.pdf, https://www.datocms-assets.com/146580/1783403747-igu-world-lng-report-2026.pdf",Hull 3515 (HDHHI),"https://www.shipvault.com/ships/478328, https://shipvaultapi-gjb8c.ondigitalocean.app/api/units/478328",on order,GEM,12/31/2024,https://www.igu.org/igu-reports/2025-world-lng-report,MOL,https://www.igu.org/igu-reports/2025-world-lng-report,,,HD Hyundai Heavy Industries,https://www.igu.org/igu-reports/2025-world-lng-report,South Korea,https://www.hd.com/en/main,35.51613,129.4383,GC8Q+M6 Ulsan,exact,https://www.google.com/maps/place/HD+Hyundai+Heavy+Industries+Ulsan+Shipyard/data=!3m1!1e3!4m10!1m2!2m1!1sHD+Hyundai!3m6!1s0x3567ce56ebbfb645:0xd94a696f9fca5d90!8m2!3d35.5167468!4d129.4380269!15sCgpIRCBIeXVuZGFpkgEIc2hpcHlhcmTgAQA!16s%2Fg%2F1tfhd8y1?entry=ttu&g_ep=EgoyMDI1MTIwMi4wIKXMDSoASAFQAw%3D%3D,174000,cbm,https://www.igu.org/igu-reports/2025-world-lng-report,,,,,DFDE,https://www.igu.org/igu-reports/2025-world-lng-report,2027,https://www.igu.org/igu-reports/2025-world-lng-report,,,,IGU,,,,,,,
648,9253105,https://www.igu.org/igu-reports/2025-world-lng-report,SC Serenity,https://www.datocms-assets.com/146580/1783403747-igu-world-lng-report-2026.pdf,,Golar Arctic,"https://www.shipvault.com/ships/116640, https://shipvaultapi-gjb8c.ondigitalocean.app/api/units/116640",,,active,GEM,12/31/2024,https://www.igu.org/igu-reports/2025-world-lng-report,Golar,https://www.igu.org/igu-reports/2025-world-lng-report,,,Hanwha Ocean,https://www.igu.org/igu-reports/2025-world-lng-report,South Korea,https://www.hanwha.com/companies/hanwha-ocean.do,34.87385,128.6966,"VMCW+V7 Geoje-si, Gyeongsangnam-do",exact,https://www.google.com/maps/place/Hanwha+Ocean/data=!3m1!1e3!4m10!1m2!2m1!1sHanwha+Ocean!3m6!1s0x356ecd1d7a72f7db:0x3bfe90e7d8bf93f0!8m2!3d34.8721913!4d128.6956963!15sCgxIYW53aGEgT2NlYW5aDiIMaGFud2hhIG9jZWFukgEfc2hpcGJ1aWxkaW5nX2FuZF9yZXBhaXJfY29tcGFueZoBI0NoWkRTVWhOTUc5blMwVkpRMEZuVFVSUmRYVkVTMWhuRUFF4AEA-gEECAAQLA!16s%2Fg%2F11swmd6_76?entry=ttu&g_ep=EgoyMDI1MTIwMi4wIKXMDSoASAFQAw%3D%3D,140000,cbm,https://www.igu.org/igu-reports/2025-world-lng-report,membrane,https://www.igu.org/igu-reports/2025-world-lng-report,conventional,https://www.igu.org/igu-reports/2025-world-lng-report,steam,https://www.igu.org/igu-reports/2025-world-lng-report,2003,https://www.igu.org/igu-reports/2025-world-lng-report,,,,IGU,,,,,,,
649,9655808,https://www.igu.org/igu-reports/2025-world-lng-report,Italis LNG,https://www.datocms-assets.com/146580/1783403747-igu-world-lng-report-2026.pdf,,Golar Tundra,https://www.datocms-assets.com/146580/1783403747-igu-world-lng-report-2026.pdf,,,active,GEM,12/31/2024,https://www.igu.org/igu-reports/2025-world-lng-report,Snam,https://www.igu.org/igu-reports/2025-world-lng-report,,,Samsung Heavy Industries,https://www.igu.org/igu-reports/2025-world-lng-report,South Korea,https://www.samsungshi.com/En/Default.aspx,34.89804,128.6045,"VJW3+QV Geoje-si, Gyeongsangnam-do",exact,https://www.google.com/maps/place/Samsung+Heavy+industries/data=!3m1!1e3!4m10!1m2!2m1!1ssamsung+heavy+industries!3m6!1s0x356ecd83691a8fb5:0xd4204e9a1bb0ef10!8m2!3d34.8969682!4d128.6046376!15sChhzYW1zdW5nIGhlYXZ5IGluZHVzdHJpZXOSAQhzaGlweWFyZOABAA!16s%2Fg%2F1tgcpry6?entry=ttu&g_ep=EgoyMDI1MTIwMi4wIKXMDSoASAFQAw%3D%3D,170000,cbm,https://www.igu.org/igu-reports/2025-world-lng-report,membrane,https://www.igu.org/igu-reports/2025-world-lng-report,FSRU,https://www.igu.org/igu-reports/2025-world-lng-report,DFDE,https://www.igu.org/igu-reports/2025-world-lng-report,2015,https://www.igu.org/igu-reports/2025-world-lng-report,,,,IGU,,,,,,,
686,9250725,https://www.igu.org/igu-reports/2025-world-lng-report,Hongkong Energy,https://www.datocms-assets.com/146580/1783403747-igu-world-lng-report-2026.pdf,,Ergy,"https://www.vesseltracker.com/en/Ships/Ergy-9250725.html, https://www.shipvault.com/ships/116466, https://shipvaultapi-gjb8c.ondigitalocean.app/api/units/116466",,,active,GEM,12/31/2024,https://www.igu.org/igu-reports/2025-world-lng-report,Energy Sinokor Merchant Marine,https://www.igu.org/igu-reports/2025-world-lng-report,,,Hanwha Ocean,https://www.igu.org/igu-reports/2025-world-lng-report,South Korea,https://www.hanwha.com/companies/hanwha-ocean.do,34.87385,128.6966,"VMCW+V7 Geoje-si, Gyeongsangnam-do",exact,https://www.google.com/maps/place/Hanwha+Ocean/data=!3m1!1e3!4m10!1m2!2m1!1sHanwha+Ocean!3m6!1s0x356ecd1d7a72f7db:0x3bfe90e7d8bf93f0!8m2!3d34.8721913!4d128.6956963!15sCgxIYW53aGEgT2NlYW5aDiIMaGFud2hhIG9jZWFukgEfc2hpcGJ1aWxkaW5nX2FuZF9yZXBhaXJfY29tcGFueZoBI0NoWkRTVWhOTUc5blMwVkpRMEZuVFVSUmRYVkVTMWhuRUFF4AEA-gEECAAQLA!16s%2Fg%2F11swmd6_76?entry=ttu&g_ep=EgoyMDI1MTIwMi4wIKXMDSoASAFQAw%3D%3D,140500,cbm,https://www.igu.org/igu-reports/2025-world-lng-report,membrane,https://www.igu.org/igu-reports/2025-world-lng-report,conventional,https://www.igu.org/igu-reports/2025-world-lng-report,steam,https://www.igu.org/igu-reports/2025-world-lng-report,2004,https://www.igu.org/igu-reports/2025-world-lng-report,,,,IGU,,,,,,,
719,9306495,https://www.igu.org/igu-reports/2025-world-lng-report,Karadeniz LNGT Powership Anatolia,https://www.igu.org/igu-reports/2025-world-lng-report,,LNG Unity; Provalys,https://www.datocms-assets.com/146580/1783403747-igu-world-lng-report-2026.pdf,,,active,GEM,12/31/2024,https://www.igu.org/igu-reports/2025-world-lng-report,Karpowership,https://www.igu.org/igu-reports/2025-world-lng-report,,,Chantiers de l'Atlantique,https://www.igu.org/igu-reports/2025-world-lng-report,France,https://chantiers-atlantique.com/en/,47.284334,-2.182615,"7RM8+PW Saint-Nazaire, France",exact,https://maps.app.goo.gl/aXheTTWUa76FHyui7,154472,cbm,https://www.igu.org/igu-reports/2025-world-lng-report,membrane,https://www.igu.org/igu-reports/2025-world-lng-report,conventional,https://www.igu.org/igu-reports/2025-world-lng-report,DFDE,https://www.igu.org/igu-reports/2025-world-lng-report,2006,https://www.igu.org/igu-reports/2025-world-lng-report,,,,IGU,,,,,,,
720,9043677,https://www.igu.org/igu-reports/2025-world-lng-report,Karmol LNGT Powership Africa,https://www.igu.org/igu-reports/2025-world-lng-report,,Dwiputra,https://www.datocms-assets.com/146580/1783403747-igu-world-lng-report-2026.pdf,,,active,GEM,12/31/2024,https://www.igu.org/igu-reports/2025-world-lng-report,"Karpowership, MOL",https://www.igu.org/igu-reports/2025-world-lng-report,,,Mitsubishi Heavy Industries,https://www.igu.org/igu-reports/2025-world-lng-report,Japan,https://www.mhi.com/,35.412837,139.668503,"CM8G+QG Yokohama, Kanagawa, Japan",exact,"https://www.google.com/maps/place/Mitsubishi+Heavy+Industries+Yokohama+Dockyard+%26+Machinery+Works/@35.5677012,139.4295502,45835m/data=!3m1!1e3!4m10!1m2!2m1!1sMitsubishi+Heavy+Industries!3m6!1s0x601842bd2acc85ff:0x1c719ae9bbc013df!8m2!3d35.4169184!4d139.6762959!15sChtNaXRzdWJpc2hpIEhlYXZ5IEluZHVzdHJpZXMiA4gBAZIBCHNoaXB5YXJk4AEA!16s%2Fg%2F11btvwmdj6?entry=ttu&g_ep=EgoyMDI1MTIwMi4wIKXMDSoASAFQAw%3D%3D",127386,cbm,https://www.igu.org/igu-reports/2025-world-lng-report,spherical,https://www.igu.org/igu-reports/2025-world-lng-report,FSRU,https://www.igu.org/igu-reports/2025-world-lng-report,steam,https://www.igu.org/igu-reports/2025-world-lng-report,1994,https://www.igu.org/igu-reports/2025-world-lng-report,,,,IGU,,,,,,,
721,8608872,"https://www.shipvault.com/ships/94117, https://shipvaultapi-gjb8c.ondigitalocean.app/api/units/94117",LNGT Antarctica,"https://www.offshoreshipadvisor.com/lngt-antarctica-8608872-636023902/, https://www.vesseltracker.com/en/Ships/Lngt-Antarctica-8608872.html",,Karmol LNGT Powership Antarctica; Karadeniz LNGT Antarctica; Northwest Sanderling,"https://www.lngindustry.com/regasification/28052025/karpowership-celebrates-fsru-undocking-with-karmol-and-seatrium/, https://www.datocms-assets.com/146580/1783403747-igu-world-lng-report-2026.pdf",,,active,SFOC,12/8/2025,"https://www.shipvault.com/ships/94117, https://shipvaultapi-gjb8c.ondigitalocean.app/api/units/94117","Karpowership, MOL",https://www.shipvault.com/ships/94117,Türkiye,https://sg.linkedin.com/company/karmol,Seatrium Admiralty,https://www.linkedin.com/posts/mitsuiosklines_mol-shipping-karmol-activity-7339139472439091200-BUI2,Singapore,https://www.seatrium.com/contact.php,1.460397,103.822336,FR5F+X4 Singapore,exact,"https://www.google.com/maps/place/Seatrium+Admiralty+Yard/@1.4599064,103.8202387,880m/data=!3m3!1e3!4b1!5s0x31da14a126761839:0xb47327862c8bd1f8!4m6!3m5!1s0x31da135f137bd455:0x596644212af2476c!8m2!3d1.4599064!4d103.8228136!16s%2Fg%2F1tdcjgp8?entry=ttu&g_ep=EgoyMDI1MTIwMi4wIKXMDSoASAFQAw%3D%3D",125000,cbm,https://www.datocms-assets.com/146580/1783403747-igu-world-lng-report-2026.pdf,spherical,https://www.datocms-assets.com/146580/1783403747-igu-world-lng-report-2026.pdf,FSRU,"https://investors.seatrium.com/newsroom/Seatrium_Secures_FSRU_Conversion_Contract_from_Kinetics,_a_Karpowership_Initiative_3_July_2025.pdf",steam,https://www.datocms-assets.com/146580/1783403747-igu-world-lng-report-2026.pdf,1989,"https://www.shipvault.com/ships/94117, https://shipvaultapi-gjb8c.ondigitalocean.app/api/units/94117",,,,Clarkson,,,01-Jan-1986,clarkson,,,
722,8608705,https://www.igu.org/igu-reports/2025-world-lng-report,Karmol LNGT Powership Asia,https://www.igu.org/igu-reports/2025-world-lng-report,,Northwest Shearwater,https://www.datocms-assets.com/146580/1783403747-igu-world-lng-report-2026.pdf,,,active,GEM,12/31/2024,https://www.igu.org/igu-reports/2025-world-lng-report,"Karpowership, MOL",https://www.igu.org/igu-reports/2025-world-lng-report,,,Kawasaki Heavy Industries,https://www.igu.org/igu-reports/2025-world-lng-report,Japan,https://www.khi.co.jp/corporate/network/sakaide.html,34.327891,133.832534,"8RHM+63 Sakaide, Kagawa, Japan",exact,"https://www.google.com/maps/place/Kawasaki+Heavy+Industries+Sakaide+Works/@34.3281037,133.8301629,727m/data=!3m2!1e3!4b1!4m6!3m5!1s0x3553defcdee0be77:0x45602ea060d2d040!8m2!3d34.3281037!4d133.8327378!16s%2Fg%2F11btww0875?entry=ttu&g_ep=EgoyMDI1MTIwMi4wIKXMDSoASAFQAw%3D%3D",127000,cbm,https://www.igu.org/igu-reports/2025-world-lng-report,spherical,https://www.igu.org/igu-reports/2025-world-lng-report,FSRU,https://www.igu.org/igu-reports/2025-world-lng-report,steam,https://www.igu.org/igu-reports/2025-world-lng-report,1991,https://www.igu.org/igu-reports/2025-world-lng-report,,,,IGU,,,,,,,
726,9064073,https://www.igu.org/igu-reports/2025-world-lng-report,KLNGTP Black Sea,https://www.igu.org/igu-reports/2025-world-lng-report,,Karadeniz LNGT Powership Black Sea; Portovenere; LNG Portovenere,"https://www.datocms-assets.com/146580/1783403747-igu-world-lng-report-2026.pdf, https://www.marinetraffic.org/ship-owner-manager-ism-data/KARADENIZ-LNGT-POWERSHIP-BLACK-SEA/9064073/352004132",,,active,GEM,12/31/2024,https://www.igu.org/igu-reports/2025-world-lng-report,MISC,https://www.igu.org/igu-reports/2025-world-lng-report,Malaysia,"https://www.misc.com.my/contact-us/, https://www.miscgroup.com/awcontent/Web/Documents/IntegratedAnnualReport/Integrated-Annual-Report-2025.pdf, https://en.wikipedia.org/wiki/MISC_Berhad",Fincantieri Sestri Ponente,https://www.igu.org/igu-reports/2025-world-lng-report,Italy,https://www.fincantieri.com/it/,44.423774,8.843465,"CRFV+G8 Genoa, Metropolitan City of Genoa, Italy",exact,https://maps.app.goo.gl/RxTdYjVdW5gKZeZq7,65000,cbm,https://www.igu.org/igu-reports/2025-world-lng-report,membrane,https://www.igu.org/igu-reports/2025-world-lng-report,conventional,https://www.igu.org/igu-reports/2025-world-lng-report,steam,https://www.igu.org/igu-reports/2025-world-lng-report,1996,https://www.igu.org/igu-reports/2025-world-lng-report,,,,IGU,,,,,,,
727,9064085,https://www.igu.org/igu-reports/2025-world-lng-report,KLNGTP Marmara,https://www.igu.org/igu-reports/2025-world-lng-report,,Karadeniz LNGT Powership Marmara; Lerici; LNG Lerici,"https://www.datocms-assets.com/146580/1783403747-igu-world-lng-report-2026.pdf, https://www.marinetraffic.org/ship-owner-manager-ism-data/KARADENIZ-LNGT-POWERSHIP-MARMARA/9064085/352004078",,,active,GEM,12/31/2024,https://www.igu.org/igu-reports/2025-world-lng-report,MISC,https://www.igu.org/igu-reports/2025-world-lng-report,Malaysia,"https://www.misc.com.my/contact-us/, https://www.miscgroup.com/awcontent/Web/Documents/IntegratedAnnualReport/Integrated-Annual-Report-2025.pdf, https://en.wikipedia.org/wiki/MISC_Berhad",Fincantieri Sestri Ponente,https://www.igu.org/igu-reports/2025-world-lng-report,Italy,https://www.fincantieri.com/it/,44.423774,8.843465,"CRFV+G8 Genoa, Metropolitan City of Genoa, Italy",exact,https://maps.app.goo.gl/RxTdYjVdW5gKZeZq7,65000,cbm,https://www.igu.org/igu-reports/2025-world-lng-report,membrane,https://www.igu.org/igu-reports/2025-world-lng-report,conventional,https://www.igu.org/igu-reports/2025-world-lng-report,steam,https://www.igu.org/igu-reports/2025-world-lng-report,1998,https://www.igu.org/igu-reports/2025-world-lng-report,,,,IGU,,,,,,,
729,9654878,https://www.igu.org/igu-reports/2025-world-lng-report,Kool Baltic,https://www.igu.org/igu-reports/2025-world-lng-report,,Cool Baltic; SCF Melampus,https://www.datocms-assets.com/146580/1783403747-igu-world-lng-report-2026.pdf,,,active,GEM,12/31/2024,https://www.igu.org/igu-reports/2025-world-lng-report,CoolCo,https://www.igu.org/igu-reports/2025-world-lng-report,,,STX Offshore & Shipbuilding,https://www.igu.org/igu-reports/2025-world-lng-report,South Korea,https://www.new-ships.com/app/shipyards/98141-jinhae-shipyard-k-shipbuilding,35.109584,128.716097,"4P58+RC Changwon-si, Gyeongsangnam-do, South Korea",exact,https://maps.app.goo.gl/y9tmTkh8ffCQD74p6,170200,cbm,https://www.igu.org/igu-reports/2025-world-lng-report,membrane,https://www.igu.org/igu-reports/2025-world-lng-report,conventional,https://www.igu.org/igu-reports/2025-world-lng-report,DFDE,https://www.igu.org/igu-reports/2025-world-lng-report,2015,https://www.igu.org/igu-reports/2025-world-lng-report,,,,IGU,,,,,,,
731,9654880,https://www.igu.org/igu-reports/2025-world-lng-report,Kool Boreas,https://www.igu.org/igu-reports/2025-world-lng-report,,SCF Mitre,https://www.datocms-assets.com/146580/1783403747-igu-world-lng-report-2026.pdf,,,active,GEM,12/31/2024,https://www.igu.org/igu-reports/2025-world-lng-report,CoolCo,https://www.igu.org/igu-reports/2025-world-lng-report,,,STX Offshore & Shipbuilding,https://www.igu.org/igu-reports/2025-world-lng-report,South Korea,https://www.new-ships.com/app/shipyards/98141-jinhae-shipyard-k-shipbuilding,35.109584,128.716097,"4P58+RC Changwon-si, Gyeongsangnam-do, South Korea",exact,https://maps.app.goo.gl/y9tmTkh8ffCQD74p6,170200,cbm,https://www.igu.org/igu-reports/2025-world-lng-report,membrane,https://www.igu.org/igu-reports/2025-world-lng-report,conventional,https://www.igu.org/igu-reports/2025-world-lng-report,DFDE,https://www.igu.org/igu-reports/2025-world-lng-report,2015,https://www.igu.org/igu-reports/2025-world-lng-report,,,,IGU,,,,,,,
733,9864746,https://www.igu.org/igu-reports/2025-world-lng-report,Kool Firn,https://www.igu.org/igu-reports/2025-world-lng-report,,SCF Barents,https://www.datocms-assets.com/146580/1783403747-igu-world-lng-report-2026.pdf,,,active,GEM,12/31/2024,https://www.igu.org/igu-reports/2025-world-lng-report,CoolCo,https://www.igu.org/igu-reports/2025-world-lng-report,,,HD Hyundai Heavy Industries,https://www.igu.org/igu-reports/2025-world-lng-report,South Korea,https://www.hd.com/en/main,35.51613,129.4383,GC8Q+M6 Ulsan,exact,https://www.google.com/maps/place/HD+Hyundai+Heavy+Industries+Ulsan+Shipyard/data=!3m1!1e3!4m10!1m2!2m1!1sHD+Hyundai!3m6!1s0x3567ce56ebbfb645:0xd94a696f9fca5d90!8m2!3d35.5167468!4d129.4380269!15sCgpIRCBIeXVuZGFpkgEIc2hpcHlhcmTgAQA!16s%2Fg%2F1tfhd8y1?entry=ttu&g_ep=EgoyMDI1MTIwMi4wIKXMDSoASAFQAw%3D%3D,174000,cbm,https://www.igu.org/igu-reports/2025-world-lng-report,membrane,https://www.igu.org/igu-reports/2025-world-lng-report,conventional,https://www.igu.org/igu-reports/2025-world-lng-report,X-DF,https://www.igu.org/igu-reports/2025-world-lng-report,2020,https://www.igu.org/igu-reports/2025-world-lng-report,,,,IGU,,,,,,,
801,9266982,https://www.igu.org/igu-reports/2025-world-lng-report,Gas Garuda,https://www.datocms-assets.com/146580/1783403747-igu-world-lng-report-2026.pdf,,LNG River Orashi,https://www.datocms-assets.com/146580/1783403747-igu-world-lng-report-2026.pdf,,,active,GEM,12/31/2024,https://www.igu.org/igu-reports/2025-world-lng-report,BW,https://www.igu.org/igu-reports/2025-world-lng-report,,,Hanwha Ocean,https://www.igu.org/igu-reports/2025-world-lng-report,South Korea,https://www.hanwha.com/companies/hanwha-ocean.do,34.87385,128.6966,"VMCW+V7 Geoje-si, Gyeongsangnam-do",exact,https://www.google.com/maps/place/Hanwha+Ocean/data=!3m1!1e3!4m10!1m2!2m1!1sHanwha+Ocean!3m6!1s0x356ecd1d7a72f7db:0x3bfe90e7d8bf93f0!8m2!3d34.8721913!4d128.6956963!15sCgxIYW53aGEgT2NlYW5aDiIMaGFud2hhIG9jZWFukgEfc2hpcGJ1aWxkaW5nX2FuZF9yZXBhaXJfY29tcGFueZoBI0NoWkRTVWhOTUc5blMwVkpRMEZuVFVSUmRYVkVTMWhuRUFF4AEA-gEECAAQLA!16s%2Fg%2F11swmd6_76?entry=ttu&g_ep=EgoyMDI1MTIwMi4wIKXMDSoASAFQAw%3D%3D,145900,cbm,https://www.igu.org/igu-reports/2025-world-lng-report,membrane,https://www.igu.org/igu-reports/2025-world-lng-report,conventional,https://www.igu.org/igu-reports/2025-world-lng-report,steam,https://www.igu.org/igu-reports/2025-world-lng-report,2004,https://www.igu.org/igu-reports/2025-world-lng-report,,,,IGU,,,,,,,
811,9045132,https://www.igu.org/igu-reports/2025-world-lng-report,KLNGTP Americas,https://www.vesseltracker.com/en/Ships/Klngtp-Americas-9045132.html,,LNGT Americas; Karadeniz LNGT Americas; Northwest Stormpetrel,https://www.datocms-assets.com/146580/1783403747-igu-world-lng-report-2026.pdf,,,active,GEM,12/31/2024,https://www.igu.org/igu-reports/2025-world-lng-report,Karpowership,https://www.igu.org/igu-reports/2025-world-lng-report,,,Mitsubishi Heavy Industries,https://www.igu.org/igu-reports/2025-world-lng-report,Japan,https://www.mhi.com/,35.412837,139.668503,"CM8G+QG Yokohama, Kanagawa, Japan",exact,"https://www.google.com/maps/place/Mitsubishi+Heavy+Industries+Yokohama+Dockyard+%26+Machinery+Works/@35.5677012,139.4295502,45835m/data=!3m1!1e3!4m10!1m2!2m1!1sMitsubishi+Heavy+Industries!3m6!1s0x601842bd2acc85ff:0x1c719ae9bbc013df!8m2!3d35.4169184!4d139.6762959!15sChtNaXRzdWJpc2hpIEhlYXZ5IEluZHVzdHJpZXMiA4gBAZIBCHNoaXB5YXJk4AEA!16s%2Fg%2F11btvwmdj6?entry=ttu&g_ep=EgoyMDI1MTIwMi4wIKXMDSoASAFQAw%3D%3D",126800,cbm,https://www.igu.org/igu-reports/2025-world-lng-report,spherical,https://www.igu.org/igu-reports/2025-world-lng-report,conventional,https://www.igu.org/igu-reports/2025-world-lng-report,steam,https://www.igu.org/igu-reports/2025-world-lng-report,1994,https://www.igu.org/igu-reports/2025-world-lng-report,,,,IGU,,,,,,,
866,9243148,https://www.igu.org/igu-reports/2025-world-lng-report,Arctic Metagaz,"https://www.vesseltracker.com/en/Ships/Arctic-Metagaz-9243148.html, https://www.marinetraffic.org/ship-owner-manager-ism-data/ARCTIC-METAGAZ/9243148/1, https://www.shipvault.com/ships/115953, https://shipvaultapi-gjb8c.ondigitalocean.app/api/units/115953",,Metagas Everest; Arctic Metagas,https://www.datocms-assets.com/146580/1783403747-igu-world-lng-report-2026.pdf,,,active,GEM,12/31/2024,https://www.igu.org/igu-reports/2025-world-lng-report,Nur Global Shipping,https://www.igu.org/igu-reports/2025-world-lng-report,,,Hanwha Ocean,https://www.igu.org/igu-reports/2025-world-lng-report,South Korea,https://www.hanwha.com/companies/hanwha-ocean.do,34.87385,128.6966,"VMCW+V7 Geoje-si, Gyeongsangnam-do",exact,https://www.google.com/maps/place/Hanwha+Ocean/data=!3m1!1e3!4m10!1m2!2m1!1sHanwha+Ocean!3m6!1s0x356ecd1d7a72f7db:0x3bfe90e7d8bf93f0!8m2!3d34.8721913!4d128.6956963!15sCgxIYW53aGEgT2NlYW5aDiIMaGFud2hhIG9jZWFukgEfc2hpcGJ1aWxkaW5nX2FuZF9yZXBhaXJfY29tcGFueZoBI0NoWkRTVWhOTUc5blMwVkpRMEZuVFVSUmRYVkVTMWhuRUFF4AEA-gEECAAQLA!16s%2Fg%2F11swmd6_76?entry=ttu&g_ep=EgoyMDI1MTIwMi4wIKXMDSoASAFQAw%3D%3D,138000,cbm,https://www.igu.org/igu-reports/2025-world-lng-report,membrane,https://www.igu.org/igu-reports/2025-world-lng-report,conventional,https://www.igu.org/igu-reports/2025-world-lng-report,steam,https://www.igu.org/igu-reports/2025-world-lng-report,2003,https://www.igu.org/igu-reports/2025-world-lng-report,,,,IGU,,,,,,,
869,9321744,https://www.igu.org/igu-reports/2025-world-lng-report,Shandong Redwood,https://www.datocms-assets.com/146580/1783403747-igu-world-lng-report-2026.pdf,,Methane Heather Sally,https://www.datocms-assets.com/146580/1783403747-igu-world-lng-report-2026.pdf,,,active,GEM,12/31/2024,https://www.igu.org/igu-reports/2025-world-lng-report,Huaxia Financial Leasing,https://www.igu.org/igu-reports/2025-world-lng-report,,,Samsung Heavy Industries,https://www.igu.org/igu-reports/2025-world-lng-report,South Korea,https://www.samsungshi.com/En/Default.aspx,34.89804,128.6045,"VJW3+QV Geoje-si, Gyeongsangnam-do",exact,https://www.google.com/maps/place/Samsung+Heavy+industries/data=!3m1!1e3!4m10!1m2!2m1!1ssamsung+heavy+industries!3m6!1s0x356ecd83691a8fb5:0xd4204e9a1bb0ef10!8m2!3d34.8969682!4d128.6046376!15sChhzYW1zdW5nIGhlYXZ5IGluZHVzdHJpZXOSAQhzaGlweWFyZOABAA!16s%2Fg%2F1tgcpry6?entry=ttu&g_ep=EgoyMDI1MTIwMi4wIKXMDSoASAFQAw%3D%3D,145000,cbm,https://www.igu.org/igu-reports/2025-world-lng-report,membrane,https://www.igu.org/igu-reports/2025-world-lng-report,conventional,https://www.igu.org/igu-reports/2025-world-lng-report,steam,https://www.igu.org/igu-reports/2025-world-lng-report,2007,https://www.igu.org/igu-reports/2025-world-lng-report,,,,IGU,,,,,,,
885,9956953,https://www.igu.org/igu-reports/2025-world-lng-report,MOL Azure,https://www.igu.org/igu-reports/2025-world-lng-report,,Hull 2527 (Hanwha),https://www.datocms-assets.com/146580/1783403747-igu-world-lng-report-2026.pdf,,,active,GEM,12/11/2025,https://www.vesselfinder.com/vessels/details/9956953,MOL,https://www.igu.org/igu-reports/2025-world-lng-report,,,Hanwha Ocean,https://www.igu.org/igu-reports/2025-world-lng-report,South Korea,https://www.hanwha.com/companies/hanwha-ocean.do,34.87385,128.6966,"VMCW+V7 Geoje-si, Gyeongsangnam-do",exact,https://www.google.com/maps/place/Hanwha+Ocean/data=!3m1!1e3!4m10!1m2!2m1!1sHanwha+Ocean!3m6!1s0x356ecd1d7a72f7db:0x3bfe90e7d8bf93f0!8m2!3d34.8721913!4d128.6956963!15sCgxIYW53aGEgT2NlYW5aDiIMaGFud2hhIG9jZWFukgEfc2hpcGJ1aWxkaW5nX2FuZF9yZXBhaXJfY29tcGFueZoBI0NoWkRTVWhOTUc5blMwVkpRMEZuVFVSUmRYVkVTMWhuRUFF4AEA-gEECAAQLA!16s%2Fg%2F11swmd6_76?entry=ttu&g_ep=EgoyMDI1MTIwMi4wIKXMDSoASAFQAw%3D%3D,174000,cbm,https://www.igu.org/igu-reports/2025-world-lng-report,membrane,https://www.datocms-assets.com/146580/1783403747-igu-world-lng-report-2026.pdf,conventional,https://www.datocms-assets.com/146580/1783403747-igu-world-lng-report-2026.pdf,ME-GA,https://www.igu.org/igu-reports/2025-world-lng-report,2025,https://www.igu.org/igu-reports/2025-world-lng-report,,,,IGU,,,,,,,
915,9947512,https://www.igu.org/igu-reports/2025-world-lng-report,New Oasis,https://www.igu.org/igu-reports/2025-world-lng-report,,Hull 3225 (HDHHI),https://www.datocms-assets.com/146580/1783403747-igu-world-lng-report-2026.pdf,,,active,GEM,12/11/2025,https://www.vesselfinder.com/vessels/details/9947512,Pan Ocean,https://www.igu.org/igu-reports/2025-world-lng-report,,,HD Hyundai Heavy Industries,https://www.igu.org/igu-reports/2025-world-lng-report,South Korea,https://www.hd.com/en/main,35.51613,129.4383,GC8Q+M6 Ulsan,exact,https://www.google.com/maps/place/HD+Hyundai+Heavy+Industries+Ulsan+Shipyard/data=!3m1!1e3!4m10!1m2!2m1!1sHD+Hyundai!3m6!1s0x3567ce56ebbfb645:0xd94a696f9fca5d90!8m2!3d35.5167468!4d129.4380269!15sCgpIRCBIeXVuZGFpkgEIc2hpcHlhcmTgAQA!16s%2Fg%2F1tfhd8y1?entry=ttu&g_ep=EgoyMDI1MTIwMi4wIKXMDSoASAFQAw%3D%3D,174000,cbm,https://www.igu.org/igu-reports/2025-world-lng-report,membrane,https://www.datocms-assets.com/146580/1783403747-igu-world-lng-report-2026.pdf,conventional,https://www.datocms-assets.com/146580/1783403747-igu-world-lng-report-2026.pdf,X-DF,https://www.igu.org/igu-reports/2025-world-lng-report,2025,https://www.igu.org/igu-reports/2025-world-lng-report,,,,IGU,,,,,,,
924,9953511,https://www.igu.org/igu-reports/2025-world-lng-report,Voskhod,https://www.datocms-assets.com/146580/1783403747-igu-world-lng-report-2026.pdf,,North Mountain,https://www.datocms-assets.com/146580/1763396210-1747916410-igu-world-lng-report-2025.pdf,,,active,GEM,12/31/2024,https://www.igu.org/igu-reports/2025-world-lng-report,White Fox Ship Management,https://www.igu.org/igu-reports/2025-world-lng-report,,,Samsung Heavy Industries,https://www.igu.org/igu-reports/2025-world-lng-report,South Korea,https://www.samsungshi.com/En/Default.aspx,34.89804,128.6045,"VJW3+QV Geoje-si, Gyeongsangnam-do",exact,https://www.google.com/maps/place/Samsung+Heavy+industries/data=!3m1!1e3!4m10!1m2!2m1!1ssamsung+heavy+industries!3m6!1s0x356ecd83691a8fb5:0xd4204e9a1bb0ef10!8m2!3d34.8969682!4d128.6046376!15sChhzYW1zdW5nIGhlYXZ5IGluZHVzdHJpZXOSAQhzaGlweWFyZOABAA!16s%2Fg%2F1tgcpry6?entry=ttu&g_ep=EgoyMDI1MTIwMi4wIKXMDSoASAFQAw%3D%3D,174000,cbm,https://www.igu.org/igu-reports/2025-world-lng-report,membrane,https://www.igu.org/igu-reports/2025-world-lng-report,conventional,https://www.igu.org/igu-reports/2025-world-lng-report,X-DF,https://www.igu.org/igu-reports/2025-world-lng-report,2024,https://www.igu.org/igu-reports/2025-world-lng-report,,,,IGU,,,,,,,
958,9256602,https://www.igu.org/igu-reports/2025-world-lng-report,Arctic Pioneer,https://www.datocms-assets.com/146580/1783403747-igu-world-lng-report-2026.pdf,,LNG Pioneer; Pioneer Spirit,"https://www.igu.org/igu-reports/2025-world-lng-report, https://www.datocms-assets.com/146580/1783403747-igu-world-lng-report-2026.pdf",,,active,GEM,12/31/2024,https://www.igu.org/igu-reports/2025-world-lng-report,Nur Global Shipping,https://www.igu.org/igu-reports/2025-world-lng-report,,,Hanwha Ocean,https://www.igu.org/igu-reports/2025-world-lng-report,South Korea,https://www.hanwha.com/companies/hanwha-ocean.do,34.87385,128.6966,"VMCW+V7 Geoje-si, Gyeongsangnam-do",exact,https://www.google.com/maps/place/Hanwha+Ocean/data=!3m1!1e3!4m10!1m2!2m1!1sHanwha+Ocean!3m6!1s0x356ecd1d7a72f7db:0x3bfe90e7d8bf93f0!8m2!3d34.8721913!4d128.6956963!15sCgxIYW53aGEgT2NlYW5aDiIMaGFud2hhIG9jZWFukgEfc2hpcGJ1aWxkaW5nX2FuZF9yZXBhaXJfY29tcGFueZoBI0NoWkRTVWhOTUc5blMwVkpRMEZuVFVSUmRYVkVTMWhuRUFF4AEA-gEECAAQLA!16s%2Fg%2F11swmd6_76?entry=ttu&g_ep=EgoyMDI1MTIwMi4wIKXMDSoASAFQAw%3D%3D,138000,cbm,https://www.igu.org/igu-reports/2025-world-lng-report,membrane,https://www.igu.org/igu-reports/2025-world-lng-report,conventional,https://www.igu.org/igu-reports/2025-world-lng-report,steam,https://www.igu.org/igu-reports/2025-world-lng-report,2005,https://www.igu.org/igu-reports/2025-world-lng-report,,,,IGU,,,,,,,
971,9030802,https://www.igu.org/igu-reports/2025-world-lng-report,American Energy,https://www.datocms-assets.com/146580/1783403747-igu-world-lng-report-2026.pdf,,Puteri Intan,https://www.datocms-assets.com/146580/1783403747-igu-world-lng-report-2026.pdf,,,active,GEM,12/31/2024,https://www.igu.org/igu-reports/2025-world-lng-report,MISC,https://www.igu.org/igu-reports/2025-world-lng-report,Malaysia,"https://www.misc.com.my/contact-us/, https://www.miscgroup.com/awcontent/Web/Documents/IntegratedAnnualReport/Integrated-Annual-Report-2025.pdf, https://en.wikipedia.org/wiki/MISC_Berhad",Chantiers de l'Atlantique,https://www.igu.org/igu-reports/2025-world-lng-report,France,https://chantiers-atlantique.com/en/,47.284334,-2.182615,"7RM8+PW Saint-Nazaire, France",exact,https://maps.app.goo.gl/aXheTTWUa76FHyui7,130000,cbm,https://www.igu.org/igu-reports/2025-world-lng-report,membrane,https://www.igu.org/igu-reports/2025-world-lng-report,conventional,https://www.igu.org/igu-reports/2025-world-lng-report,steam,https://www.igu.org/igu-reports/2025-world-lng-report,1994,https://www.igu.org/igu-reports/2025-world-lng-report,,,,IGU,,,,,,,
972,9947615,https://www.igu.org/igu-reports/2025-world-lng-report,Puteri Mayang,https://www.igu.org/igu-reports/2025-world-lng-report,,Hull 3299 (HSHI),https://www.datocms-assets.com/146580/1783403747-igu-world-lng-report-2026.pdf,,,active,GEM,12/11/2025,https://www.marinetraffic.com/en/ais/details/ships/shipid:9181800/mmsi:538010571/imo:9947615/vessel:PUTERI%20MAYANG,Hyundai LNG Shipping,https://www.igu.org/igu-reports/2025-world-lng-report,South Korea,https://www.emis.com/php/company-profile/KR/Hyundai_Lng_Shipping_CoLtd_en_4269939.html,HD Hyundai Samho,https://www.igu.org/igu-reports/2025-world-lng-report,South Korea,https://www.hshi.co.kr/eng/,34.75031,126.3875,"Q92P+7M Yeongam-gun, Jeollanam-do",exact,https://www.google.com/maps/place/Hyundai+Samho+Heavy+Industries+Entrance/data=!3m1!1e3!4m10!1m2!2m1!1sHyundai+Samho+Heavy+Industries!3m6!1s0x3573a4568dfe21d7:0x865a025eb9b373b5!8m2!3d34.75066!4d126.386691!15sCh5IeXVuZGFpIFNhbWhvIEhlYXZ5IEluZHVzdHJpZXOSAQhidXNfc3RvcOABAA!16s%2Fg%2F11b77sqk26?entry=ttu&g_ep=EgoyMDI1MTIwMi4wIKXMDSoASAFQAw%3D%3D,174000,cbm,https://www.igu.org/igu-reports/2025-world-lng-report,membrane,https://www.datocms-assets.com/146580/1783403747-igu-world-lng-report-2026.pdf,conventional,https://www.datocms-assets.com/146580/1783403747-igu-world-lng-report-2026.pdf,ME-GA,https://www.igu.org/igu-reports/2025-world-lng-report,2025,https://www.igu.org/igu-reports/2025-world-lng-report,,,,IGU,,,,,,,
993,9849887,https://www.igu.org/igu-reports/2025-world-lng-report,La Perouse,https://www.datocms-assets.com/146580/1783403747-igu-world-lng-report-2026.pdf,,SCF La Perouse,https://www.datocms-assets.com/146580/1783403747-igu-world-lng-report-2026.pdf,,,active,GEM,12/31/2024,https://www.igu.org/igu-reports/2025-world-lng-report,Sovcomflot,https://www.igu.org/igu-reports/2025-world-lng-report,,,HD Hyundai Heavy Industries,https://www.igu.org/igu-reports/2025-world-lng-report,South Korea,https://www.hd.com/en/main,35.51613,129.4383,GC8Q+M6 Ulsan,exact,https://www.google.com/maps/place/HD+Hyundai+Heavy+Industries+Ulsan+Shipyard/data=!3m1!1e3!4m10!1m2!2m1!1sHD+Hyundai!3m6!1s0x3567ce56ebbfb645:0xd94a696f9fca5d90!8m2!3d35.5167468!4d129.4380269!15sCgpIRCBIeXVuZGFpkgEIc2hpcHlhcmTgAQA!16s%2Fg%2F1tfhd8y1?entry=ttu&g_ep=EgoyMDI1MTIwMi4wIKXMDSoASAFQAw%3D%3D,174000,cbm,https://www.igu.org/igu-reports/2025-world-lng-report,membrane,https://www.igu.org/igu-reports/2025-world-lng-report,conventional,https://www.igu.org/igu-reports/2025-world-lng-report,X-DF,https://www.igu.org/igu-reports/2025-world-lng-report,2020,https://www.igu.org/igu-reports/2025-world-lng-report,,,,IGU,,,,,,,
1004,9230048,https://www.igu.org/igu-reports/2025-world-lng-report,Gas Polaris,"https://www.vesseltracker.com/en/Ships/Gas-Polaris-9230048.html, https://www.marinetraffic.org/ship-owner-manager-ism-data/GAS-POLARIS/9230048/525121118",,Seapeak Hispania; Seapeak Jupiter,"https://www.shipvault.com/ships/115017, https://shipvaultapi-gjb8c.ondigitalocean.app/api/units/115017, https://www.datocms-assets.com/146580/1783403747-igu-world-lng-report-2026.pdf",,,active,GEM,12/31/2024,https://www.igu.org/igu-reports/2025-world-lng-report,Seapeak,https://www.igu.org/igu-reports/2025-world-lng-report,,,Hanwha Ocean,https://www.igu.org/igu-reports/2025-world-lng-report,South Korea,https://www.hanwha.com/companies/hanwha-ocean.do,34.87385,128.6966,"VMCW+V7 Geoje-si, Gyeongsangnam-do",exact,https://www.google.com/maps/place/Hanwha+Ocean/data=!3m1!1e3!4m10!1m2!2m1!1sHanwha+Ocean!3m6!1s0x356ecd1d7a72f7db:0x3bfe90e7d8bf93f0!8m2!3d34.8721913!4d128.6956963!15sCgxIYW53aGEgT2NlYW5aDiIMaGFud2hhIG9jZWFukgEfc2hpcGJ1aWxkaW5nX2FuZF9yZXBhaXJfY29tcGFueZoBI0NoWkRTVWhOTUc5blMwVkpRMEZuVFVSUmRYVkVTMWhuRUFF4AEA-gEECAAQLA!16s%2Fg%2F11swmd6_76?entry=ttu&g_ep=EgoyMDI1MTIwMi4wIKXMDSoASAFQAw%3D%3D,140500,cbm,https://www.igu.org/igu-reports/2025-world-lng-report,membrane,https://www.igu.org/igu-reports/2025-world-lng-report,conventional,https://www.igu.org/igu-reports/2025-world-lng-report,steam,https://www.igu.org/igu-reports/2025-world-lng-report,2002,https://www.igu.org/igu-reports/2025-world-lng-report,,,,IGU,,,,,,,
1062,9315393,https://www.igu.org/igu-reports/2025-world-lng-report,Blue Dragon I,https://www.datocms-assets.com/146580/1783403747-igu-world-lng-report-2026.pdf,,Stena Blue Sky,https://www.datocms-assets.com/146580/1763396210-1747916410-igu-world-lng-report-2025.pdf,,,active,GEM,12/31/2024,https://www.igu.org/igu-reports/2025-world-lng-report,,,,,Hanwha Ocean,https://www.igu.org/igu-reports/2025-world-lng-report,South Korea,https://www.hanwha.com/companies/hanwha-ocean.do,34.87385,128.6966,"VMCW+V7 Geoje-si, Gyeongsangnam-do",exact,https://www.google.com/maps/place/Hanwha+Ocean/data=!3m1!1e3!4m10!1m2!2m1!1sHanwha+Ocean!3m6!1s0x356ecd1d7a72f7db:0x3bfe90e7d8bf93f0!8m2!3d34.8721913!4d128.6956963!15sCgxIYW53aGEgT2NlYW5aDiIMaGFud2hhIG9jZWFukgEfc2hpcGJ1aWxkaW5nX2FuZF9yZXBhaXJfY29tcGFueZoBI0NoWkRTVWhOTUc5blMwVkpRMEZuVFVSUmRYVkVTMWhuRUFF4AEA-gEECAAQLA!16s%2Fg%2F11swmd6_76?entry=ttu&g_ep=EgoyMDI1MTIwMi4wIKXMDSoASAFQAw%3D%3D,145700,cbm,https://www.igu.org/igu-reports/2025-world-lng-report,membrane,https://www.igu.org/igu-reports/2025-world-lng-report,conventional,https://www.igu.org/igu-reports/2025-world-lng-report,steam,https://www.igu.org/igu-reports/2025-world-lng-report,2006,https://www.igu.org/igu-reports/2025-world-lng-report,,,,IGU,,,,,,,
1111,9962433,https://www.igu.org/igu-reports/2025-world-lng-report,Woodside Barrumbara,https://www.igu.org/igu-reports/2025-world-lng-report,,Hull 2535 (Hanwha),https://www.datocms-assets.com/146580/1783403747-igu-world-lng-report-2026.pdf,,,active,GEM,12/11/2025,https://www.vesselfinder.com/vessels/details/9962433,GasLog,https://www.igu.org/igu-reports/2025-world-lng-report,Greece,"https://www.gaslogltd.com/contact-us/, https://www.gaslogltd.com/content/uploads/GasLog-Ltd-2022-annual-report-form-20-F.pdf",Hanwha Ocean,https://www.igu.org/igu-reports/2025-world-lng-report,South Korea,https://www.hanwha.com/companies/hanwha-ocean.do,34.87385,128.6966,"VMCW+V7 Geoje-si, Gyeongsangnam-do",exact,https://www.google.com/maps/place/Hanwha+Ocean/data=!3m1!1e3!4m10!1m2!2m1!1sHanwha+Ocean!3m6!1s0x356ecd1d7a72f7db:0x3bfe90e7d8bf93f0!8m2!3d34.8721913!4d128.6956963!15sCgxIYW53aGEgT2NlYW5aDiIMaGFud2hhIG9jZWFukgEfc2hpcGJ1aWxkaW5nX2FuZF9yZXBhaXJfY29tcGFueZoBI0NoWkRTVWhOTUc5blMwVkpRMEZuVFVSUmRYVkVTMWhuRUFF4AEA-gEECAAQLA!16s%2Fg%2F11swmd6_76?entry=ttu&g_ep=EgoyMDI1MTIwMi4wIKXMDSoASAFQAw%3D%3D,174000,cbm,https://www.igu.org/igu-reports/2025-world-lng-report,membrane,https://www.datocms-assets.com/146580/1783403747-igu-world-lng-report-2026.pdf,conventional,https://www.datocms-assets.com/146580/1783403747-igu-world-lng-report-2026.pdf,ME-GI,https://www.igu.org/igu-reports/2025-world-lng-report,2025,https://www.igu.org/igu-reports/2025-world-lng-report,,,,IGU,,,,,,,
