original order in sheet,IMO number,IMO number [ref],Name,Name [ref],Notes,Other names,Other names [ref],Hull number,Hull number [ref],Status,Researcher,Last updated,Status [ref],Shipowner,Shipowner [ref],Shipowner country/area,Shipowner country/area [ref],Shipbuilder,Shipbuilder [ref],Shipbuilder yard country/area,Shipbuilder yard country/area [ref],Yard location latitude,Yard location longitude,Yard location plus code,Yard location accuracy,Yard location lat/lon [ref],Capacity,Capacity units,Capacity [ref],Cargo type,Cargo type [ref],Vessel type,Vessel type [ref],Propulsion type,Propulsion type [ref],Delivery year,Delivery year [ref],Delivery delayed,Previous delivery year(s),Previous delivery year(s) [ref],[Original source],Operator/charterer,Operator/charterer [ref],Contract date,Contract date [ref],Price,Price currency,Price [ref]
39,9961398,https://www.igu.org/igu-reports/2025-world-lng-report,Maran Gas Syros,https://www.vesselfinder.com/vessels/details/9961398,,Hull 2537 (Hanwha),https://www.datocms-assets.com/146580/1783403747-igu-world-lng-report-2026.pdf,Hull 2537 (Hanwha),https://www.marinevesseltraffic.com/vessels/HANWHA-OCEAN-2537/CURRENT-POSITION/9961398/1,active,GEM,12/31/2024,https://www.vesselfinder.com/vessels/details/9961398,Maran Gas Maritime,https://www.igu.org/igu-reports/2025-world-lng-report,Greece,"https://www.sigtto.org/membership/member-stories/maran-gas-maritime-inc-mgm/, https://magicport.ai/owners-managers/greece/maran-gas-maritime-inc",Hanwha Ocean,https://www.igu.org/igu-reports/2025-world-lng-report,South Korea,https://www.hanwha.com/companies/hanwha-ocean.do,34.87385,128.6966,"VMCW+V7 Geoje-si, Gyeongsangnam-do",exact,https://www.google.com/maps/place/Hanwha+Ocean/data=!3m1!1e3!4m10!1m2!2m1!1sHanwha+Ocean!3m6!1s0x356ecd1d7a72f7db:0x3bfe90e7d8bf93f0!8m2!3d34.8721913!4d128.6956963!15sCgxIYW53aGEgT2NlYW5aDiIMaGFud2hhIG9jZWFukgEfc2hpcGJ1aWxkaW5nX2FuZF9yZXBhaXJfY29tcGFueZoBI0NoWkRTVWhOTUc5blMwVkpRMEZuVFVSUmRYVkVTMWhuRUFF4AEA-gEECAAQLA!16s%2Fg%2F11swmd6_76?entry=ttu&g_ep=EgoyMDI1MTIwMi4wIKXMDSoASAFQAw%3D%3D,174000,cbm,https://www.igu.org/igu-reports/2025-world-lng-report,membrane,https://www.datocms-assets.com/146580/1783403747-igu-world-lng-report-2026.pdf,conventional,https://www.datocms-assets.com/146580/1783403747-igu-world-lng-report-2026.pdf,ME-GI,https://www.igu.org/igu-reports/2025-world-lng-report,2025,https://www.igu.org/igu-reports/2025-world-lng-report,,,,IGU,,,,,,,
40,9961403,https://www.igu.org/igu-reports/2025-world-lng-report,Danuta Siedzikowna-Inka,https://www.marinetraffic.org/ship-owner-manager-ism-data/DANUTA-SIEDZIKOWNA-INKA/9961403/1,,,,Hull 2538 (Hanwha),https://www.marinetraffic.org/ship-owner-manager-ism-data/HANWHA-OCEAN-2538/9961403/1,active,GEM,12/31/2024,https://www.marinetraffic.org/ship-owner-manager-ism-data/DANUTA-SIEDZIKOWNA-INKA/9961403/1,Maran Gas Maritime,https://www.igu.org/igu-reports/2025-world-lng-report,Greece,"https://www.sigtto.org/membership/member-stories/maran-gas-maritime-inc-mgm/, https://magicport.ai/owners-managers/greece/maran-gas-maritime-inc",Hanwha Ocean,https://www.igu.org/igu-reports/2025-world-lng-report,South Korea,https://www.hanwha.com/companies/hanwha-ocean.do,34.87385,128.6966,"VMCW+V7 Geoje-si, Gyeongsangnam-do",exact,https://www.google.com/maps/place/Hanwha+Ocean/data=!3m1!1e3!4m10!1m2!2m1!1sHanwha+Ocean!3m6!1s0x356ecd1d7a72f7db:0x3bfe90e7d8bf93f0!8m2!3d34.8721913!4d128.6956963!15sCgxIYW53aGEgT2NlYW5aDiIMaGFud2hhIG9jZWFukgEfc2hpcGJ1aWxkaW5nX2FuZF9yZXBhaXJfY29tcGFueZoBI0NoWkRTVWhOTUc5blMwVkpRMEZuVFVSUmRYVkVTMWhuRUFF4AEA-gEECAAQLA!16s%2Fg%2F11swmd6_76?entry=ttu&g_ep=EgoyMDI1MTIwMi4wIKXMDSoASAFQAw%3D%3D,174000,cbm,https://www.igu.org/igu-reports/2025-world-lng-report,,,conventional,https://www.datocms-assets.com/146580/1783403747-igu-world-lng-report-2026.pdf,ME-GI,https://www.igu.org/igu-reports/2025-world-lng-report,2026,https://www.datocms-assets.com/146580/1783403747-igu-world-lng-report-2026.pdf,yes,2025,https://www.datocms-assets.com/146580/1763396210-1747916410-igu-world-lng-report-2025.pdf,IGU,ORLEN,"https://shippingtelegraph.com/hellenic-shipping-news/angelicoussis-mgm-lng-carrier-newbuild-pair-under-long-term-charter-to-orlen/, https://www.shippingherald.com/maran-gas-maritime-receives-two-lng-carriers/",,,,,
41,9963815,https://www.igu.org/igu-reports/2025-world-lng-report,Rotmistrz Witold Pilecki,https://shipnext.com/vessel/9963815-rotmistrz-witold-pilecki,,,,Hull 2539 (Hanwha),https://www.igu.org/igu-reports/2025-world-lng-report,active,GEM,12/31/2024,https://www.igu.org/igu-reports/2025-world-lng-report,Maran Gas Maritime,https://www.igu.org/igu-reports/2025-world-lng-report,,,Hanwha Ocean,https://www.igu.org/igu-reports/2025-world-lng-report,South Korea,https://www.hanwha.com/companies/hanwha-ocean.do,34.87385,128.6966,"VMCW+V7 Geoje-si, Gyeongsangnam-do",exact,https://www.google.com/maps/place/Hanwha+Ocean/data=!3m1!1e3!4m10!1m2!2m1!1sHanwha+Ocean!3m6!1s0x356ecd1d7a72f7db:0x3bfe90e7d8bf93f0!8m2!3d34.8721913!4d128.6956963!15sCgxIYW53aGEgT2NlYW5aDiIMaGFud2hhIG9jZWFukgEfc2hpcGJ1aWxkaW5nX2FuZF9yZXBhaXJfY29tcGFueZoBI0NoWkRTVWhOTUc5blMwVkpRMEZuVFVSUmRYVkVTMWhuRUFF4AEA-gEECAAQLA!16s%2Fg%2F11swmd6_76?entry=ttu&g_ep=EgoyMDI1MTIwMi4wIKXMDSoASAFQAw%3D%3D,174000,cbm,https://www.igu.org/igu-reports/2025-world-lng-report,,,conventional,https://www.datocms-assets.com/146580/1783403747-igu-world-lng-report-2026.pdf,ME-GI,https://www.igu.org/igu-reports/2025-world-lng-report,2026,https://www.datocms-assets.com/146580/1783403747-igu-world-lng-report-2026.pdf,yes,2025,"https://shipnext.com/vessel/9963815-rotmistrz-witold-pilecki, https://www.datocms-assets.com/146580/1763396210-1747916410-igu-world-lng-report-2025.pdf",IGU,ORLEN,"https://shippingtelegraph.com/hellenic-shipping-news/angelicoussis-mgm-lng-carrier-newbuild-pair-under-long-term-charter-to-orlen/, https://www.shippingherald.com/maran-gas-maritime-receives-two-lng-carriers/",,,,,
42,9963827,https://www.igu.org/igu-reports/2025-world-lng-report,Maran Gas Antiparos,https://shipnext.com/vessel/9963827-maran-gas-antiparos,,,,Hull 2540 (Hanwha),https://www.igu.org/igu-reports/2025-world-lng-report,active,GEM,12/31/2024,https://www.igu.org/igu-reports/2025-world-lng-report,Maran Gas Maritime,https://www.igu.org/igu-reports/2025-world-lng-report,,,Hanwha Ocean,https://www.igu.org/igu-reports/2025-world-lng-report,South Korea,https://www.hanwha.com/companies/hanwha-ocean.do,34.87385,128.6966,"VMCW+V7 Geoje-si, Gyeongsangnam-do",exact,https://www.google.com/maps/place/Hanwha+Ocean/data=!3m1!1e3!4m10!1m2!2m1!1sHanwha+Ocean!3m6!1s0x356ecd1d7a72f7db:0x3bfe90e7d8bf93f0!8m2!3d34.8721913!4d128.6956963!15sCgxIYW53aGEgT2NlYW5aDiIMaGFud2hhIG9jZWFukgEfc2hpcGJ1aWxkaW5nX2FuZF9yZXBhaXJfY29tcGFueZoBI0NoWkRTVWhOTUc5blMwVkpRMEZuVFVSUmRYVkVTMWhuRUFF4AEA-gEECAAQLA!16s%2Fg%2F11swmd6_76?entry=ttu&g_ep=EgoyMDI1MTIwMi4wIKXMDSoASAFQAw%3D%3D,174000,cbm,https://www.igu.org/igu-reports/2025-world-lng-report,,,conventional,https://www.datocms-assets.com/146580/1783403747-igu-world-lng-report-2026.pdf,ME-GI,https://www.igu.org/igu-reports/2025-world-lng-report,2026,https://www.datocms-assets.com/146580/1783403747-igu-world-lng-report-2026.pdf,yes,2025,"https://shipnext.com/vessel/9963827-maran-gas-antiparos, https://www.datocms-assets.com/146580/1763396210-1747916410-igu-world-lng-report-2025.pdf",IGU,,,,,,,
43,9970569,https://www.igu.org/igu-reports/2025-world-lng-report,Venture Pelican,"https://www.shipvault.com/ships/455308, https://shipvaultapi-gjb8c.ondigitalocean.app/api/units/455308",,Hull 2541 (Hanwha),"https://www.shipvault.com/ships/455308, https://shipvaultapi-gjb8c.ondigitalocean.app/api/units/455308",Hull 2541 (Hanwha),https://www.igu.org/igu-reports/2025-world-lng-report,active,GEM,12/31/2024,"https://www.shipvault.com/ships/455308, https://shipvaultapi-gjb8c.ondigitalocean.app/api/units/455308",Venture Global,https://www.igu.org/igu-reports/2025-world-lng-report,,,Hanwha Ocean,https://www.igu.org/igu-reports/2025-world-lng-report,South Korea,https://www.hanwha.com/companies/hanwha-ocean.do,34.87385,128.6966,"VMCW+V7 Geoje-si, Gyeongsangnam-do",exact,https://www.google.com/maps/place/Hanwha+Ocean/data=!3m1!1e3!4m10!1m2!2m1!1sHanwha+Ocean!3m6!1s0x356ecd1d7a72f7db:0x3bfe90e7d8bf93f0!8m2!3d34.8721913!4d128.6956963!15sCgxIYW53aGEgT2NlYW5aDiIMaGFud2hhIG9jZWFukgEfc2hpcGJ1aWxkaW5nX2FuZF9yZXBhaXJfY29tcGFueZoBI0NoWkRTVWhOTUc5blMwVkpRMEZuVFVSUmRYVkVTMWhuRUFF4AEA-gEECAAQLA!16s%2Fg%2F11swmd6_76?entry=ttu&g_ep=EgoyMDI1MTIwMi4wIKXMDSoASAFQAw%3D%3D,200000,cbm,https://www.igu.org/igu-reports/2025-world-lng-report,membrane,https://www.datocms-assets.com/146580/1783403747-igu-world-lng-report-2026.pdf,conventional,https://www.datocms-assets.com/146580/1783403747-igu-world-lng-report-2026.pdf,ME-GA,https://www.datocms-assets.com/146580/1783403747-igu-world-lng-report-2026.pdf,2025,"https://www.shipvault.com/ships/455308, https://shipvaultapi-gjb8c.ondigitalocean.app/api/units/455308",,,,IGU,,,,,,,
44,9970571,https://www.igu.org/igu-reports/2025-world-lng-report,Venture Iberia,"https://www.shipvault.com/ships/455309, https://shipvaultapi-gjb8c.ondigitalocean.app/api/units/455309",,Hull 2542 (Hanwha),"https://www.shipvault.com/ships/455309, https://shipvaultapi-gjb8c.ondigitalocean.app/api/units/455309",Hull 2542 (Hanwha),https://www.igu.org/igu-reports/2025-world-lng-report,active,GEM,12/31/2024,"https://www.shipvault.com/ships/455309, https://shipvaultapi-gjb8c.ondigitalocean.app/api/units/455309",Venture Global,https://www.igu.org/igu-reports/2025-world-lng-report,,,Hanwha Ocean,https://www.igu.org/igu-reports/2025-world-lng-report,South Korea,https://www.hanwha.com/companies/hanwha-ocean.do,34.87385,128.6966,"VMCW+V7 Geoje-si, Gyeongsangnam-do",exact,https://www.google.com/maps/place/Hanwha+Ocean/data=!3m1!1e3!4m10!1m2!2m1!1sHanwha+Ocean!3m6!1s0x356ecd1d7a72f7db:0x3bfe90e7d8bf93f0!8m2!3d34.8721913!4d128.6956963!15sCgxIYW53aGEgT2NlYW5aDiIMaGFud2hhIG9jZWFukgEfc2hpcGJ1aWxkaW5nX2FuZF9yZXBhaXJfY29tcGFueZoBI0NoWkRTVWhOTUc5blMwVkpRMEZuVFVSUmRYVkVTMWhuRUFF4AEA-gEECAAQLA!16s%2Fg%2F11swmd6_76?entry=ttu&g_ep=EgoyMDI1MTIwMi4wIKXMDSoASAFQAw%3D%3D,174000,cbm,https://www.datocms-assets.com/146580/1783403747-igu-world-lng-report-2026.pdf,membrane,https://www.datocms-assets.com/146580/1783403747-igu-world-lng-report-2026.pdf,conventional,https://www.datocms-assets.com/146580/1783403747-igu-world-lng-report-2026.pdf,ME-GA,https://www.datocms-assets.com/146580/1783403747-igu-world-lng-report-2026.pdf,2025,"https://www.shipvault.com/ships/455309, https://shipvaultapi-gjb8c.ondigitalocean.app/api/units/455309",,,,IGU,,,,,,,
45,9970583,https://www.igu.org/igu-reports/2025-world-lng-report,Venture Cameron,"https://www.shipvault.com/ships/455310, https://shipvaultapi-gjb8c.ondigitalocean.app/api/units/455310",,Hull 2543 (Hanwha),"https://www.shipvault.com/ships/455310, https://shipvaultapi-gjb8c.ondigitalocean.app/api/units/455310",Hull 2543 (Hanwha),https://www.igu.org/igu-reports/2025-world-lng-report,active,GEM,12/31/2024,"https://www.shipvault.com/ships/455310, https://shipvaultapi-gjb8c.ondigitalocean.app/api/units/455310",Venture Global,https://www.igu.org/igu-reports/2025-world-lng-report,,,Hanwha Ocean,https://www.igu.org/igu-reports/2025-world-lng-report,South Korea,https://www.hanwha.com/companies/hanwha-ocean.do,34.87385,128.6966,"VMCW+V7 Geoje-si, Gyeongsangnam-do",exact,https://www.google.com/maps/place/Hanwha+Ocean/data=!3m1!1e3!4m10!1m2!2m1!1sHanwha+Ocean!3m6!1s0x356ecd1d7a72f7db:0x3bfe90e7d8bf93f0!8m2!3d34.8721913!4d128.6956963!15sCgxIYW53aGEgT2NlYW5aDiIMaGFud2hhIG9jZWFukgEfc2hpcGJ1aWxkaW5nX2FuZF9yZXBhaXJfY29tcGFueZoBI0NoWkRTVWhOTUc5blMwVkpRMEZuVFVSUmRYVkVTMWhuRUFF4AEA-gEECAAQLA!16s%2Fg%2F11swmd6_76?entry=ttu&g_ep=EgoyMDI1MTIwMi4wIKXMDSoASAFQAw%3D%3D,200000,cbm,https://www.igu.org/igu-reports/2025-world-lng-report,,,conventional,https://www.datocms-assets.com/146580/1783403747-igu-world-lng-report-2026.pdf,ME-GI,https://www.igu.org/igu-reports/2025-world-lng-report,2026,https://www.igu.org/igu-reports/2025-world-lng-report,,,,IGU,,,,,,,
47,9976939,https://www.igu.org/igu-reports/2025-world-lng-report,Al Kharrarah,"https://www.shipvault.com/ships/457495, https://shipvaultapi-gjb8c.ondigitalocean.app/api/units/457495",,Hull 2549 (Hanwha),"https://www.shipvault.com/ships/457495, https://shipvaultapi-gjb8c.ondigitalocean.app/api/units/457495",Hull 2549 (Hanwha),https://www.igu.org/igu-reports/2025-world-lng-report,active,GEM,12/31/2024,"https://www.shipvault.com/ships/457495, https://shipvaultapi-gjb8c.ondigitalocean.app/api/units/457495",K3 Consortium,https://www.igu.org/igu-reports/2025-world-lng-report,,,Hanwha Ocean,https://www.igu.org/igu-reports/2025-world-lng-report,South Korea,https://www.hanwha.com/companies/hanwha-ocean.do,34.87385,128.6966,"VMCW+V7 Geoje-si, Gyeongsangnam-do",exact,https://www.google.com/maps/place/Hanwha+Ocean/data=!3m1!1e3!4m10!1m2!2m1!1sHanwha+Ocean!3m6!1s0x356ecd1d7a72f7db:0x3bfe90e7d8bf93f0!8m2!3d34.8721913!4d128.6956963!15sCgxIYW53aGEgT2NlYW5aDiIMaGFud2hhIG9jZWFukgEfc2hpcGJ1aWxkaW5nX2FuZF9yZXBhaXJfY29tcGFueZoBI0NoWkRTVWhOTUc5blMwVkpRMEZuVFVSUmRYVkVTMWhuRUFF4AEA-gEECAAQLA!16s%2Fg%2F11swmd6_76?entry=ttu&g_ep=EgoyMDI1MTIwMi4wIKXMDSoASAFQAw%3D%3D,174000,cbm,https://www.igu.org/igu-reports/2025-world-lng-report,membrane,https://www.datocms-assets.com/146580/1783403747-igu-world-lng-report-2026.pdf,conventional,https://www.datocms-assets.com/146580/1783403747-igu-world-lng-report-2026.pdf,ME-GA,https://www.igu.org/igu-reports/2025-world-lng-report,2025,"https://www.shipvault.com/ships/457495, https://shipvaultapi-gjb8c.ondigitalocean.app/api/units/457495",,,,IGU,,,,,,,
48,9970674,https://www.igu.org/igu-reports/2025-world-lng-report,Archy Vanguard,"https://www.shipvault.com/ships/464056, https://shipvaultapi-gjb8c.ondigitalocean.app/api/units/464056",,Hull 2550 (Hanwha),"https://www.shipvault.com/ships/464056, https://shipvaultapi-gjb8c.ondigitalocean.app/api/units/464056",Hull 2550 (Hanwha),https://www.igu.org/igu-reports/2025-world-lng-report,active,GEM,12/31/2024,"https://www.shipvault.com/ships/464056, https://shipvaultapi-gjb8c.ondigitalocean.app/api/units/464056",MOL,https://www.igu.org/igu-reports/2025-world-lng-report,,,Hanwha Ocean,https://www.igu.org/igu-reports/2025-world-lng-report,South Korea,https://www.hanwha.com/companies/hanwha-ocean.do,34.87385,128.6966,"VMCW+V7 Geoje-si, Gyeongsangnam-do",exact,https://www.google.com/maps/place/Hanwha+Ocean/data=!3m1!1e3!4m10!1m2!2m1!1sHanwha+Ocean!3m6!1s0x356ecd1d7a72f7db:0x3bfe90e7d8bf93f0!8m2!3d34.8721913!4d128.6956963!15sCgxIYW53aGEgT2NlYW5aDiIMaGFud2hhIG9jZWFukgEfc2hpcGJ1aWxkaW5nX2FuZF9yZXBhaXJfY29tcGFueZoBI0NoWkRTVWhOTUc5blMwVkpRMEZuVFVSUmRYVkVTMWhuRUFF4AEA-gEECAAQLA!16s%2Fg%2F11swmd6_76?entry=ttu&g_ep=EgoyMDI1MTIwMi4wIKXMDSoASAFQAw%3D%3D,174000,cbm,https://www.igu.org/igu-reports/2025-world-lng-report,membrane,https://www.datocms-assets.com/146580/1783403747-igu-world-lng-report-2026.pdf,conventional,https://www.datocms-assets.com/146580/1783403747-igu-world-lng-report-2026.pdf,ME-GA,https://www.igu.org/igu-reports/2025-world-lng-report,2025,"https://www.shipvault.com/ships/464056, https://shipvaultapi-gjb8c.ondigitalocean.app/api/units/464056",,,,IGU,,,,,,,
49,9970686,https://www.igu.org/igu-reports/2025-world-lng-report,Harmonic Breeze,"https://www.shipvault.com/ships/459086, https://shipvaultapi-gjb8c.ondigitalocean.app/api/units/459086",IGU says 2025 delivery but public sources say 2026,Hull 2551 (Hanwha),"https://www.shipvault.com/ships/459086, https://shipvaultapi-gjb8c.ondigitalocean.app/api/units/459086",Hull 2551 (Hanwha),https://www.igu.org/igu-reports/2025-world-lng-report,active,GEM,12/18/2025,"https://www.shipvault.com/ships/459086, https://shipvaultapi-gjb8c.ondigitalocean.app/api/units/459086",MOL,https://www.igu.org/igu-reports/2025-world-lng-report,,,Hanwha Ocean,https://www.igu.org/igu-reports/2025-world-lng-report,South Korea,https://www.hanwha.com/companies/hanwha-ocean.do,34.87385,128.6966,"VMCW+V7 Geoje-si, Gyeongsangnam-do",exact,https://www.google.com/maps/place/Hanwha+Ocean/data=!3m1!1e3!4m10!1m2!2m1!1sHanwha+Ocean!3m6!1s0x356ecd1d7a72f7db:0x3bfe90e7d8bf93f0!8m2!3d34.8721913!4d128.6956963!15sCgxIYW53aGEgT2NlYW5aDiIMaGFud2hhIG9jZWFukgEfc2hpcGJ1aWxkaW5nX2FuZF9yZXBhaXJfY29tcGFueZoBI0NoWkRTVWhOTUc5blMwVkpRMEZuVFVSUmRYVkVTMWhuRUFF4AEA-gEECAAQLA!16s%2Fg%2F11swmd6_76?entry=ttu&g_ep=EgoyMDI1MTIwMi4wIKXMDSoASAFQAw%3D%3D,174000,cbm,https://www.igu.org/igu-reports/2025-world-lng-report,,,conventional,https://www.datocms-assets.com/146580/1783403747-igu-world-lng-report-2026.pdf,ME-GA,https://www.igu.org/igu-reports/2025-world-lng-report,2026,https://system.new-vessels.com/Ship-15954543-.html,,,,IGU,,,,,,,
50,9974606,https://www.igu.org/igu-reports/2025-world-lng-report,Lake Modro,"https://www.shipvault.com/ships/457498, https://shipvaultapi-gjb8c.ondigitalocean.app/api/units/457498",,Hull 2552 (Hanwha),"https://www.shipvault.com/ships/457498, https://shipvaultapi-gjb8c.ondigitalocean.app/api/units/457498",Hull 2552 (Hanwha),https://www.igu.org/igu-reports/2025-world-lng-report,active,GEM,12/31/2024,"https://www.shipvault.com/ships/457498, https://shipvaultapi-gjb8c.ondigitalocean.app/api/units/457498",Maran Gas Maritime,https://www.igu.org/igu-reports/2025-world-lng-report,,,Hanwha Ocean,https://www.igu.org/igu-reports/2025-world-lng-report,South Korea,https://www.hanwha.com/companies/hanwha-ocean.do,34.87385,128.6966,"VMCW+V7 Geoje-si, Gyeongsangnam-do",exact,https://www.google.com/maps/place/Hanwha+Ocean/data=!3m1!1e3!4m10!1m2!2m1!1sHanwha+Ocean!3m6!1s0x356ecd1d7a72f7db:0x3bfe90e7d8bf93f0!8m2!3d34.8721913!4d128.6956963!15sCgxIYW53aGEgT2NlYW5aDiIMaGFud2hhIG9jZWFukgEfc2hpcGJ1aWxkaW5nX2FuZF9yZXBhaXJfY29tcGFueZoBI0NoWkRTVWhOTUc5blMwVkpRMEZuVFVSUmRYVkVTMWhuRUFF4AEA-gEECAAQLA!16s%2Fg%2F11swmd6_76?entry=ttu&g_ep=EgoyMDI1MTIwMi4wIKXMDSoASAFQAw%3D%3D,174000,cbm,https://www.igu.org/igu-reports/2025-world-lng-report,,,conventional,https://www.datocms-assets.com/146580/1783403747-igu-world-lng-report-2026.pdf,ME-GI,https://www.igu.org/igu-reports/2025-world-lng-report,2026,https://www.igu.org/igu-reports/2025-world-lng-report,,,,IGU,,,,,,,
51,9974618,https://www.igu.org/igu-reports/2025-world-lng-report,Lake Morskie Oko,"https://www.shipvault.com/ships/457499, https://shipvaultapi-gjb8c.ondigitalocean.app/api/units/457499",,Hull 2553 (Hanwha),"https://www.shipvault.com/ships/457499, https://shipvaultapi-gjb8c.ondigitalocean.app/api/units/457499",Hull 2553 (Hanwha),https://www.igu.org/igu-reports/2025-world-lng-report,active,GEM,12/31/2024,"https://www.shipvault.com/ships/457499, https://shipvaultapi-gjb8c.ondigitalocean.app/api/units/457499",Maran Gas Maritime,https://www.igu.org/igu-reports/2025-world-lng-report,,,Hanwha Ocean,https://www.igu.org/igu-reports/2025-world-lng-report,South Korea,https://www.hanwha.com/companies/hanwha-ocean.do,34.87385,128.6966,"VMCW+V7 Geoje-si, Gyeongsangnam-do",exact,https://www.google.com/maps/place/Hanwha+Ocean/data=!3m1!1e3!4m10!1m2!2m1!1sHanwha+Ocean!3m6!1s0x356ecd1d7a72f7db:0x3bfe90e7d8bf93f0!8m2!3d34.8721913!4d128.6956963!15sCgxIYW53aGEgT2NlYW5aDiIMaGFud2hhIG9jZWFukgEfc2hpcGJ1aWxkaW5nX2FuZF9yZXBhaXJfY29tcGFueZoBI0NoWkRTVWhOTUc5blMwVkpRMEZuVFVSUmRYVkVTMWhuRUFF4AEA-gEECAAQLA!16s%2Fg%2F11swmd6_76?entry=ttu&g_ep=EgoyMDI1MTIwMi4wIKXMDSoASAFQAw%3D%3D,174000,cbm,https://www.igu.org/igu-reports/2025-world-lng-report,,,conventional,https://www.datocms-assets.com/146580/1783403747-igu-world-lng-report-2026.pdf,ME-GI,https://www.igu.org/igu-reports/2025-world-lng-report,2026,https://www.igu.org/igu-reports/2025-world-lng-report,,,,IGU,,,,,,,
52,9983176,https://www.igu.org/igu-reports/2025-world-lng-report,Hull 2558 (Hanwha),https://www.igu.org/igu-reports/2025-world-lng-report,,,,Hull 2558 (Hanwha),https://www.igu.org/igu-reports/2025-world-lng-report,on order,GEM,12/31/2024,https://www.igu.org/igu-reports/2025-world-lng-report,MOL,https://www.igu.org/igu-reports/2025-world-lng-report,,,Hanwha Ocean,https://www.igu.org/igu-reports/2025-world-lng-report,South Korea,https://www.hanwha.com/companies/hanwha-ocean.do,34.87385,128.6966,"VMCW+V7 Geoje-si, Gyeongsangnam-do",exact,https://www.google.com/maps/place/Hanwha+Ocean/data=!3m1!1e3!4m10!1m2!2m1!1sHanwha+Ocean!3m6!1s0x356ecd1d7a72f7db:0x3bfe90e7d8bf93f0!8m2!3d34.8721913!4d128.6956963!15sCgxIYW53aGEgT2NlYW5aDiIMaGFud2hhIG9jZWFukgEfc2hpcGJ1aWxkaW5nX2FuZF9yZXBhaXJfY29tcGFueZoBI0NoWkRTVWhOTUc5blMwVkpRMEZuVFVSUmRYVkVTMWhuRUFF4AEA-gEECAAQLA!16s%2Fg%2F11swmd6_76?entry=ttu&g_ep=EgoyMDI1MTIwMi4wIKXMDSoASAFQAw%3D%3D,174000,cbm,https://www.igu.org/igu-reports/2025-world-lng-report,,,conventional,https://www.datocms-assets.com/146580/1783403747-igu-world-lng-report-2026.pdf,ME-GA,https://www.igu.org/igu-reports/2025-world-lng-report,2026,https://www.igu.org/igu-reports/2025-world-lng-report,,,,IGU,Chevron,"https://www.mol.co.jp/en/pr/2026/26044.html, https://cyprusshippingnews.com/2026/09/14/mol-worlds-first-lng-carrier-equipped-with-wind-challenger/",,,,,
53,9986051,https://www.igu.org/igu-reports/2025-world-lng-report,Al Sakhamah,"https://www.shipvault.com/ships/465038, https://shipvaultapi-gjb8c.ondigitalocean.app/api/units/465038",,Hull 2559 (Hanwha),"https://www.shipvault.com/ships/465038, https://shipvaultapi-gjb8c.ondigitalocean.app/api/units/465038",Hull 2559 (Hanwha),https://www.igu.org/igu-reports/2025-world-lng-report,active,GEM,12/31/2024,"https://www.shipvault.com/ships/465038, https://shipvaultapi-gjb8c.ondigitalocean.app/api/units/465038",K3 Consortium,https://www.igu.org/igu-reports/2025-world-lng-report,,,Hanwha Ocean,https://www.igu.org/igu-reports/2025-world-lng-report,South Korea,https://www.hanwha.com/companies/hanwha-ocean.do,34.87385,128.6966,"VMCW+V7 Geoje-si, Gyeongsangnam-do",exact,https://www.google.com/maps/place/Hanwha+Ocean/data=!3m1!1e3!4m10!1m2!2m1!1sHanwha+Ocean!3m6!1s0x356ecd1d7a72f7db:0x3bfe90e7d8bf93f0!8m2!3d34.8721913!4d128.6956963!15sCgxIYW53aGEgT2NlYW5aDiIMaGFud2hhIG9jZWFukgEfc2hpcGJ1aWxkaW5nX2FuZF9yZXBhaXJfY29tcGFueZoBI0NoWkRTVWhOTUc5blMwVkpRMEZuVFVSUmRYVkVTMWhuRUFF4AEA-gEECAAQLA!16s%2Fg%2F11swmd6_76?entry=ttu&g_ep=EgoyMDI1MTIwMi4wIKXMDSoASAFQAw%3D%3D,174000,cbm,https://www.igu.org/igu-reports/2025-world-lng-report,membrane,https://www.datocms-assets.com/146580/1783403747-igu-world-lng-report-2026.pdf,conventional,https://www.datocms-assets.com/146580/1783403747-igu-world-lng-report-2026.pdf,ME-GA,https://www.igu.org/igu-reports/2025-world-lng-report,2025,"https://www.shipvault.com/ships/465038, https://shipvaultapi-gjb8c.ondigitalocean.app/api/units/465038",,,,IGU,,,,,,,
54,9986104,https://www.igu.org/igu-reports/2025-world-lng-report,Al Galayel,"https://www.shipvault.com/ships/465040, https://shipvaultapi-gjb8c.ondigitalocean.app/api/units/465040",,Hull 2561 (Hanwha),"https://www.shipvault.com/ships/465040, https://shipvaultapi-gjb8c.ondigitalocean.app/api/units/465040",Hull 2561 (Hanwha),https://www.igu.org/igu-reports/2025-world-lng-report,active,GEM,12/31/2024,"https://www.shipvault.com/ships/465040, https://shipvaultapi-gjb8c.ondigitalocean.app/api/units/465040",K3 Consortium,https://www.igu.org/igu-reports/2025-world-lng-report,,,Hanwha Ocean,https://www.igu.org/igu-reports/2025-world-lng-report,South Korea,https://www.hanwha.com/companies/hanwha-ocean.do,34.87385,128.6966,"VMCW+V7 Geoje-si, Gyeongsangnam-do",exact,https://www.google.com/maps/place/Hanwha+Ocean/data=!3m1!1e3!4m10!1m2!2m1!1sHanwha+Ocean!3m6!1s0x356ecd1d7a72f7db:0x3bfe90e7d8bf93f0!8m2!3d34.8721913!4d128.6956963!15sCgxIYW53aGEgT2NlYW5aDiIMaGFud2hhIG9jZWFukgEfc2hpcGJ1aWxkaW5nX2FuZF9yZXBhaXJfY29tcGFueZoBI0NoWkRTVWhOTUc5blMwVkpRMEZuVFVSUmRYVkVTMWhuRUFF4AEA-gEECAAQLA!16s%2Fg%2F11swmd6_76?entry=ttu&g_ep=EgoyMDI1MTIwMi4wIKXMDSoASAFQAw%3D%3D,174000,cbm,https://www.igu.org/igu-reports/2025-world-lng-report,membrane,https://www.datocms-assets.com/146580/1783403747-igu-world-lng-report-2026.pdf,conventional,https://www.datocms-assets.com/146580/1783403747-igu-world-lng-report-2026.pdf,ME-GA,https://www.igu.org/igu-reports/2025-world-lng-report,2025,"https://www.shipvault.com/ships/465040, https://shipvaultapi-gjb8c.ondigitalocean.app/api/units/465040",,,,IGU,,,,,,,
55,9986063,https://www.igu.org/igu-reports/2025-world-lng-report,Bu Nakhlah,"https://www.shipvault.com/ships/465041, https://shipvaultapi-gjb8c.ondigitalocean.app/api/units/465041",,Hull 2562 (Hanwha),"https://www.shipvault.com/ships/465041, https://shipvaultapi-gjb8c.ondigitalocean.app/api/units/465041",Hull 2562 (Hanwha),https://www.igu.org/igu-reports/2025-world-lng-report,active,GEM,12/31/2024,"https://www.shipvault.com/ships/465041, https://shipvaultapi-gjb8c.ondigitalocean.app/api/units/465041",K3 Consortium,https://www.igu.org/igu-reports/2025-world-lng-report,,,Hanwha Ocean,https://www.igu.org/igu-reports/2025-world-lng-report,South Korea,https://www.hanwha.com/companies/hanwha-ocean.do,34.87385,128.6966,"VMCW+V7 Geoje-si, Gyeongsangnam-do",exact,https://www.google.com/maps/place/Hanwha+Ocean/data=!3m1!1e3!4m10!1m2!2m1!1sHanwha+Ocean!3m6!1s0x356ecd1d7a72f7db:0x3bfe90e7d8bf93f0!8m2!3d34.8721913!4d128.6956963!15sCgxIYW53aGEgT2NlYW5aDiIMaGFud2hhIG9jZWFukgEfc2hpcGJ1aWxkaW5nX2FuZF9yZXBhaXJfY29tcGFueZoBI0NoWkRTVWhOTUc5blMwVkpRMEZuVFVSUmRYVkVTMWhuRUFF4AEA-gEECAAQLA!16s%2Fg%2F11swmd6_76?entry=ttu&g_ep=EgoyMDI1MTIwMi4wIKXMDSoASAFQAw%3D%3D,174000,cbm,https://www.igu.org/igu-reports/2025-world-lng-report,membrane,https://www.datocms-assets.com/146580/1783403747-igu-world-lng-report-2026.pdf,conventional,https://www.datocms-assets.com/146580/1783403747-igu-world-lng-report-2026.pdf,ME-GA,https://www.igu.org/igu-reports/2025-world-lng-report,2025,"https://www.shipvault.com/ships/465041, https://shipvaultapi-gjb8c.ondigitalocean.app/api/units/465041",,,,IGU,,,,,,,
56,9986099,https://www.igu.org/igu-reports/2025-world-lng-report,Al Sene,"https://www.shipvault.com/ships/465042, https://shipvaultapi-gjb8c.ondigitalocean.app/api/units/465042",,Hull 2563 (Hanwha),"https://www.shipvault.com/ships/465042, https://shipvaultapi-gjb8c.ondigitalocean.app/api/units/465042",Hull 2563 (Hanwha),https://www.igu.org/igu-reports/2025-world-lng-report,active,GEM,12/31/2024,"https://www.shipvault.com/ships/465042, https://shipvaultapi-gjb8c.ondigitalocean.app/api/units/465042",K3 Consortium,https://www.igu.org/igu-reports/2025-world-lng-report,,,Hanwha Ocean,https://www.igu.org/igu-reports/2025-world-lng-report,South Korea,https://www.hanwha.com/companies/hanwha-ocean.do,34.87385,128.6966,"VMCW+V7 Geoje-si, Gyeongsangnam-do",exact,https://www.google.com/maps/place/Hanwha+Ocean/data=!3m1!1e3!4m10!1m2!2m1!1sHanwha+Ocean!3m6!1s0x356ecd1d7a72f7db:0x3bfe90e7d8bf93f0!8m2!3d34.8721913!4d128.6956963!15sCgxIYW53aGEgT2NlYW5aDiIMaGFud2hhIG9jZWFukgEfc2hpcGJ1aWxkaW5nX2FuZF9yZXBhaXJfY29tcGFueZoBI0NoWkRTVWhOTUc5blMwVkpRMEZuVFVSUmRYVkVTMWhuRUFF4AEA-gEECAAQLA!16s%2Fg%2F11swmd6_76?entry=ttu&g_ep=EgoyMDI1MTIwMi4wIKXMDSoASAFQAw%3D%3D,174000,cbm,https://www.igu.org/igu-reports/2025-world-lng-report,membrane,https://www.datocms-assets.com/146580/1783403747-igu-world-lng-report-2026.pdf,conventional,https://www.datocms-assets.com/146580/1783403747-igu-world-lng-report-2026.pdf,ME-GA,https://www.igu.org/igu-reports/2025-world-lng-report,2025,"https://www.shipvault.com/ships/465042, https://shipvaultapi-gjb8c.ondigitalocean.app/api/units/465042",,,,IGU,,,,,,,
57,9986116,https://www.igu.org/igu-reports/2025-world-lng-report,Shafallah,"https://www.shipvault.com/ships/465043, https://shipvaultapi-gjb8c.ondigitalocean.app/api/units/465043",,Hull 2564 (Hanwha); QatarGas LNG 37,"https://www.shipvault.com/ships/465043, https://shipvaultapi-gjb8c.ondigitalocean.app/api/units/465043, https://www.datocms-assets.com/146580/1783403747-igu-world-lng-report-2026.pdf",Hull 2564 (Hanwha),https://www.igu.org/igu-reports/2025-world-lng-report,active,GEM,12/31/2024,"https://www.shipvault.com/ships/465043, https://shipvaultapi-gjb8c.ondigitalocean.app/api/units/465043",K3 Consortium,https://www.igu.org/igu-reports/2025-world-lng-report,,,Hanwha Ocean,https://www.igu.org/igu-reports/2025-world-lng-report,South Korea,https://www.hanwha.com/companies/hanwha-ocean.do,34.87385,128.6966,"VMCW+V7 Geoje-si, Gyeongsangnam-do",exact,https://www.google.com/maps/place/Hanwha+Ocean/data=!3m1!1e3!4m10!1m2!2m1!1sHanwha+Ocean!3m6!1s0x356ecd1d7a72f7db:0x3bfe90e7d8bf93f0!8m2!3d34.8721913!4d128.6956963!15sCgxIYW53aGEgT2NlYW5aDiIMaGFud2hhIG9jZWFukgEfc2hpcGJ1aWxkaW5nX2FuZF9yZXBhaXJfY29tcGFueZoBI0NoWkRTVWhOTUc5blMwVkpRMEZuVFVSUmRYVkVTMWhuRUFF4AEA-gEECAAQLA!16s%2Fg%2F11swmd6_76?entry=ttu&g_ep=EgoyMDI1MTIwMi4wIKXMDSoASAFQAw%3D%3D,174000,cbm,https://www.igu.org/igu-reports/2025-world-lng-report,membrane,https://www.datocms-assets.com/146580/1783403747-igu-world-lng-report-2026.pdf,conventional,https://www.datocms-assets.com/146580/1783403747-igu-world-lng-report-2026.pdf,ME-GA,https://www.igu.org/igu-reports/2025-world-lng-report,2025,"https://www.shipvault.com/ships/465043, https://shipvaultapi-gjb8c.ondigitalocean.app/api/units/465043",,,,IGU,,,,,,,
58,9986075,https://www.igu.org/igu-reports/2025-world-lng-report,Hasbah,"https://www.shipvault.com/ships/465044, https://shipvaultapi-gjb8c.ondigitalocean.app/api/units/465044",,Hull 2565 (Hanwha),"https://www.shipvault.com/ships/465044, https://shipvaultapi-gjb8c.ondigitalocean.app/api/units/465044",Hull 2565 (Hanwha),https://www.igu.org/igu-reports/2025-world-lng-report,active,GEM,12/31/2024,"https://www.shipvault.com/ships/465044, https://shipvaultapi-gjb8c.ondigitalocean.app/api/units/465044",K3 Consortium,https://www.igu.org/igu-reports/2025-world-lng-report,,,Hanwha Ocean,https://www.igu.org/igu-reports/2025-world-lng-report,South Korea,https://www.hanwha.com/companies/hanwha-ocean.do,34.87385,128.6966,"VMCW+V7 Geoje-si, Gyeongsangnam-do",exact,https://www.google.com/maps/place/Hanwha+Ocean/data=!3m1!1e3!4m10!1m2!2m1!1sHanwha+Ocean!3m6!1s0x356ecd1d7a72f7db:0x3bfe90e7d8bf93f0!8m2!3d34.8721913!4d128.6956963!15sCgxIYW53aGEgT2NlYW5aDiIMaGFud2hhIG9jZWFukgEfc2hpcGJ1aWxkaW5nX2FuZF9yZXBhaXJfY29tcGFueZoBI0NoWkRTVWhOTUc5blMwVkpRMEZuVFVSUmRYVkVTMWhuRUFF4AEA-gEECAAQLA!16s%2Fg%2F11swmd6_76?entry=ttu&g_ep=EgoyMDI1MTIwMi4wIKXMDSoASAFQAw%3D%3D,174000,cbm,https://www.igu.org/igu-reports/2025-world-lng-report,,,conventional,https://www.datocms-assets.com/146580/1783403747-igu-world-lng-report-2026.pdf,ME-GA,https://www.igu.org/igu-reports/2025-world-lng-report,2026,https://www.igu.org/igu-reports/2025-world-lng-report,,,,IGU,,,,,,,
59,9991850,https://www.igu.org/igu-reports/2025-world-lng-report,Esteem Fuji,https://www.marinetraffic.com/en/ais/details/ships/shipid:9824245/mmsi:249656000/imo:9991850/vessel:ESTEEM%20FUJI,,Hull 2566 (Hanwha),https://www.datocms-assets.com/146580/1783403747-igu-world-lng-report-2026.pdf,Hull 2566 (Hanwha),https://www.igu.org/igu-reports/2025-world-lng-report,active,GEM,12/31/2024,https://www.igu.org/igu-reports/2025-world-lng-report,Meiji Shipping,https://www.igu.org/igu-reports/2025-world-lng-report,,,Hanwha Ocean,https://www.igu.org/igu-reports/2025-world-lng-report,South Korea,https://www.hanwha.com/companies/hanwha-ocean.do,34.87385,128.6966,"VMCW+V7 Geoje-si, Gyeongsangnam-do",exact,https://www.google.com/maps/place/Hanwha+Ocean/data=!3m1!1e3!4m10!1m2!2m1!1sHanwha+Ocean!3m6!1s0x356ecd1d7a72f7db:0x3bfe90e7d8bf93f0!8m2!3d34.8721913!4d128.6956963!15sCgxIYW53aGEgT2NlYW5aDiIMaGFud2hhIG9jZWFukgEfc2hpcGJ1aWxkaW5nX2FuZF9yZXBhaXJfY29tcGFueZoBI0NoWkRTVWhOTUc5blMwVkpRMEZuVFVSUmRYVkVTMWhuRUFF4AEA-gEECAAQLA!16s%2Fg%2F11swmd6_76?entry=ttu&g_ep=EgoyMDI1MTIwMi4wIKXMDSoASAFQAw%3D%3D,174000,cbm,https://www.igu.org/igu-reports/2025-world-lng-report,membrane,https://www.datocms-assets.com/146580/1783403747-igu-world-lng-report-2026.pdf,conventional,https://www.datocms-assets.com/146580/1783403747-igu-world-lng-report-2026.pdf,X-DF,https://www.igu.org/igu-reports/2025-world-lng-report,2025,https://www.marinetraffic.com/en/ais/details/ships/shipid:9824245/mmsi:249656000/imo:9991850/vessel:ESTEEM%20FUJI,,,,IGU,,,,,,,
60,9991862,https://www.igu.org/igu-reports/2025-world-lng-report,Esteem Cormorant,"https://www.shipvault.com/ships/465046, https://shipvaultapi-gjb8c.ondigitalocean.app/api/units/465046",,Hull 2567 (Hanwha),"https://www.shipvault.com/ships/465046, https://shipvaultapi-gjb8c.ondigitalocean.app/api/units/465046",Hull 2567 (Hanwha),https://www.igu.org/igu-reports/2025-world-lng-report,active,GEM,12/31/2024,"https://www.shipvault.com/ships/465046, https://shipvaultapi-gjb8c.ondigitalocean.app/api/units/465046",Meiji Shipping,https://www.igu.org/igu-reports/2025-world-lng-report,,,Hanwha Ocean,https://www.igu.org/igu-reports/2025-world-lng-report,South Korea,https://www.hanwha.com/companies/hanwha-ocean.do,34.87385,128.6966,"VMCW+V7 Geoje-si, Gyeongsangnam-do",exact,https://www.google.com/maps/place/Hanwha+Ocean/data=!3m1!1e3!4m10!1m2!2m1!1sHanwha+Ocean!3m6!1s0x356ecd1d7a72f7db:0x3bfe90e7d8bf93f0!8m2!3d34.8721913!4d128.6956963!15sCgxIYW53aGEgT2NlYW5aDiIMaGFud2hhIG9jZWFukgEfc2hpcGJ1aWxkaW5nX2FuZF9yZXBhaXJfY29tcGFueZoBI0NoWkRTVWhOTUc5blMwVkpRMEZuVFVSUmRYVkVTMWhuRUFF4AEA-gEECAAQLA!16s%2Fg%2F11swmd6_76?entry=ttu&g_ep=EgoyMDI1MTIwMi4wIKXMDSoASAFQAw%3D%3D,174000,cbm,https://www.igu.org/igu-reports/2025-world-lng-report,,,conventional,https://www.datocms-assets.com/146580/1783403747-igu-world-lng-report-2026.pdf,X-DF,https://www.igu.org/igu-reports/2025-world-lng-report,2026,https://www.igu.org/igu-reports/2025-world-lng-report,,,,IGU,,,,,,,
61,9991874,https://www.igu.org/igu-reports/2025-world-lng-report,Esteem Denali,"https://www.shipvault.com/ships/465047, https://shipvaultapi-gjb8c.ondigitalocean.app/api/units/465047",,Hull 2568 (Hanwha),"https://www.shipvault.com/ships/465047, https://shipvaultapi-gjb8c.ondigitalocean.app/api/units/465047",Hull 2568 (Hanwha),https://www.igu.org/igu-reports/2025-world-lng-report,on order,GEM,12/31/2024,https://www.igu.org/igu-reports/2025-world-lng-report,Meiji Shipping,https://www.igu.org/igu-reports/2025-world-lng-report,,,Hanwha Ocean,https://www.igu.org/igu-reports/2025-world-lng-report,South Korea,https://www.hanwha.com/companies/hanwha-ocean.do,34.87385,128.6966,"VMCW+V7 Geoje-si, Gyeongsangnam-do",exact,https://www.google.com/maps/place/Hanwha+Ocean/data=!3m1!1e3!4m10!1m2!2m1!1sHanwha+Ocean!3m6!1s0x356ecd1d7a72f7db:0x3bfe90e7d8bf93f0!8m2!3d34.8721913!4d128.6956963!15sCgxIYW53aGEgT2NlYW5aDiIMaGFud2hhIG9jZWFukgEfc2hpcGJ1aWxkaW5nX2FuZF9yZXBhaXJfY29tcGFueZoBI0NoWkRTVWhOTUc5blMwVkpRMEZuVFVSUmRYVkVTMWhuRUFF4AEA-gEECAAQLA!16s%2Fg%2F11swmd6_76?entry=ttu&g_ep=EgoyMDI1MTIwMi4wIKXMDSoASAFQAw%3D%3D,174000,cbm,https://www.igu.org/igu-reports/2025-world-lng-report,,,conventional,https://www.datocms-assets.com/146580/1783403747-igu-world-lng-report-2026.pdf,X-DF,https://www.igu.org/igu-reports/2025-world-lng-report,2026,https://www.igu.org/igu-reports/2025-world-lng-report,,,,IGU,,,,,,,
62,9991903,https://www.igu.org/igu-reports/2025-world-lng-report,Esteem Penguin,"https://www.shipvault.com/ships/465048, https://shipvaultapi-gjb8c.ondigitalocean.app/api/units/465048",,Hull 2569 (Hanwha),"https://www.shipvault.com/ships/465048, https://shipvaultapi-gjb8c.ondigitalocean.app/api/units/465048",Hull 2569 (Hanwha),https://www.igu.org/igu-reports/2025-world-lng-report,on order,GEM,12/31/2024,https://www.igu.org/igu-reports/2025-world-lng-report,Meiji Shipping,https://www.igu.org/igu-reports/2025-world-lng-report,,,Hanwha Ocean,https://www.igu.org/igu-reports/2025-world-lng-report,South Korea,https://www.hanwha.com/companies/hanwha-ocean.do,34.87385,128.6966,"VMCW+V7 Geoje-si, Gyeongsangnam-do",exact,https://www.google.com/maps/place/Hanwha+Ocean/data=!3m1!1e3!4m10!1m2!2m1!1sHanwha+Ocean!3m6!1s0x356ecd1d7a72f7db:0x3bfe90e7d8bf93f0!8m2!3d34.8721913!4d128.6956963!15sCgxIYW53aGEgT2NlYW5aDiIMaGFud2hhIG9jZWFukgEfc2hpcGJ1aWxkaW5nX2FuZF9yZXBhaXJfY29tcGFueZoBI0NoWkRTVWhOTUc5blMwVkpRMEZuVFVSUmRYVkVTMWhuRUFF4AEA-gEECAAQLA!16s%2Fg%2F11swmd6_76?entry=ttu&g_ep=EgoyMDI1MTIwMi4wIKXMDSoASAFQAw%3D%3D,174000,cbm,https://www.igu.org/igu-reports/2025-world-lng-report,,,conventional,https://www.datocms-assets.com/146580/1783403747-igu-world-lng-report-2026.pdf,X-DF,https://www.igu.org/igu-reports/2025-world-lng-report,2026,https://www.igu.org/igu-reports/2025-world-lng-report,,,,IGU,,,,,,,
63,9991915,https://www.igu.org/igu-reports/2025-world-lng-report,Seri Dian,"https://www.shipvault.com/ships/465049, https://shipvaultapi-gjb8c.ondigitalocean.app/api/units/465049",,Hull 2570 (Hanwha),"https://www.shipvault.com/ships/465049, https://shipvaultapi-gjb8c.ondigitalocean.app/api/units/465049",Hull 2570 (Hanwha),https://www.igu.org/igu-reports/2025-world-lng-report,active,GEM,12/31/2024,"https://www.shipvault.com/ships/465049, https://shipvaultapi-gjb8c.ondigitalocean.app/api/units/465049",MISC,https://www.igu.org/igu-reports/2025-world-lng-report,Malaysia,"https://www.misc.com.my/contact-us/, https://www.miscgroup.com/awcontent/Web/Documents/IntegratedAnnualReport/Integrated-Annual-Report-2025.pdf, https://en.wikipedia.org/wiki/MISC_Berhad",Hanwha Ocean,https://www.igu.org/igu-reports/2025-world-lng-report,South Korea,https://www.hanwha.com/companies/hanwha-ocean.do,34.87385,128.6966,"VMCW+V7 Geoje-si, Gyeongsangnam-do",exact,https://www.google.com/maps/place/Hanwha+Ocean/data=!3m1!1e3!4m10!1m2!2m1!1sHanwha+Ocean!3m6!1s0x356ecd1d7a72f7db:0x3bfe90e7d8bf93f0!8m2!3d34.8721913!4d128.6956963!15sCgxIYW53aGEgT2NlYW5aDiIMaGFud2hhIG9jZWFukgEfc2hpcGJ1aWxkaW5nX2FuZF9yZXBhaXJfY29tcGFueZoBI0NoWkRTVWhOTUc5blMwVkpRMEZuVFVSUmRYVkVTMWhuRUFF4AEA-gEECAAQLA!16s%2Fg%2F11swmd6_76?entry=ttu&g_ep=EgoyMDI1MTIwMi4wIKXMDSoASAFQAw%3D%3D,174000,cbm,https://www.igu.org/igu-reports/2025-world-lng-report,,,conventional,https://www.datocms-assets.com/146580/1783403747-igu-world-lng-report-2026.pdf,X-DF,https://www.igu.org/igu-reports/2025-world-lng-report,2026,https://www.igu.org/igu-reports/2025-world-lng-report,,,,IGU,,,,,,,
64,9991927,https://www.igu.org/igu-reports/2025-world-lng-report,Seri Dayang,"https://www.shipvault.com/ships/465050, https://shipvaultapi-gjb8c.ondigitalocean.app/api/units/465050",,Hull 2571 (Hanwha),"https://www.shipvault.com/ships/465050, https://shipvaultapi-gjb8c.ondigitalocean.app/api/units/465050",Hull 2571 (Hanwha),https://www.igu.org/igu-reports/2025-world-lng-report,active,GEM,12/31/2024,"https://www.shipvault.com/ships/465050, https://shipvaultapi-gjb8c.ondigitalocean.app/api/units/465050",MISC,https://www.igu.org/igu-reports/2025-world-lng-report,Malaysia,"https://www.misc.com.my/contact-us/, https://www.miscgroup.com/awcontent/Web/Documents/IntegratedAnnualReport/Integrated-Annual-Report-2025.pdf, https://en.wikipedia.org/wiki/MISC_Berhad",Hanwha Ocean,https://www.igu.org/igu-reports/2025-world-lng-report,South Korea,https://www.hanwha.com/companies/hanwha-ocean.do,34.87385,128.6966,"VMCW+V7 Geoje-si, Gyeongsangnam-do",exact,https://www.google.com/maps/place/Hanwha+Ocean/data=!3m1!1e3!4m10!1m2!2m1!1sHanwha+Ocean!3m6!1s0x356ecd1d7a72f7db:0x3bfe90e7d8bf93f0!8m2!3d34.8721913!4d128.6956963!15sCgxIYW53aGEgT2NlYW5aDiIMaGFud2hhIG9jZWFukgEfc2hpcGJ1aWxkaW5nX2FuZF9yZXBhaXJfY29tcGFueZoBI0NoWkRTVWhOTUc5blMwVkpRMEZuVFVSUmRYVkVTMWhuRUFF4AEA-gEECAAQLA!16s%2Fg%2F11swmd6_76?entry=ttu&g_ep=EgoyMDI1MTIwMi4wIKXMDSoASAFQAw%3D%3D,174000,cbm,https://www.igu.org/igu-reports/2025-world-lng-report,,,conventional,https://www.datocms-assets.com/146580/1783403747-igu-world-lng-report-2026.pdf,X-DF,https://www.igu.org/igu-reports/2025-world-lng-report,2026,https://www.igu.org/igu-reports/2025-world-lng-report,,,,IGU,,,,,,,
65,9991939,https://www.igu.org/igu-reports/2025-world-lng-report,Al Thurayya,"https://www.shipvault.com/ships/465051, https://shipvaultapi-gjb8c.ondigitalocean.app/api/units/465051",,Hull 2572 (Hanwha),"https://www.shipvault.com/ships/465051, https://shipvaultapi-gjb8c.ondigitalocean.app/api/units/465051",Hull 2572 (Hanwha),https://www.igu.org/igu-reports/2025-world-lng-report,active,GEM,12/31/2024,"https://www.shipvault.com/ships/465051, https://shipvaultapi-gjb8c.ondigitalocean.app/api/units/465051",TMS Cardiff Gas,https://www.igu.org/igu-reports/2025-world-lng-report,Greece,https://system.new-vessels.com/orderer-45411-TMS_Cardiff_Gas_Ltd.html,Hanwha Ocean,https://www.igu.org/igu-reports/2025-world-lng-report,South Korea,https://www.hanwha.com/companies/hanwha-ocean.do,34.87385,128.6966,"VMCW+V7 Geoje-si, Gyeongsangnam-do",exact,https://www.google.com/maps/place/Hanwha+Ocean/data=!3m1!1e3!4m10!1m2!2m1!1sHanwha+Ocean!3m6!1s0x356ecd1d7a72f7db:0x3bfe90e7d8bf93f0!8m2!3d34.8721913!4d128.6956963!15sCgxIYW53aGEgT2NlYW5aDiIMaGFud2hhIG9jZWFukgEfc2hpcGJ1aWxkaW5nX2FuZF9yZXBhaXJfY29tcGFueZoBI0NoWkRTVWhOTUc5blMwVkpRMEZuVFVSUmRYVkVTMWhuRUFF4AEA-gEECAAQLA!16s%2Fg%2F11swmd6_76?entry=ttu&g_ep=EgoyMDI1MTIwMi4wIKXMDSoASAFQAw%3D%3D,174000,cbm,https://www.igu.org/igu-reports/2025-world-lng-report,,,conventional,https://www.datocms-assets.com/146580/1783403747-igu-world-lng-report-2026.pdf,X-DF,https://www.igu.org/igu-reports/2025-world-lng-report,2026,https://www.igu.org/igu-reports/2025-world-lng-report,,,,IGU,,,,,,,
66,9991941,https://www.igu.org/igu-reports/2025-world-lng-report,Al Majhoulah,"https://www.shipvault.com/ships/465052, https://shipvaultapi-gjb8c.ondigitalocean.app/api/units/465052",,Hull 2573 (Hanwha),"https://www.shipvault.com/ships/465052, https://shipvaultapi-gjb8c.ondigitalocean.app/api/units/465052",Hull 2573 (Hanwha),https://www.igu.org/igu-reports/2025-world-lng-report,active,GEM,12/31/2024,"https://www.shipvault.com/ships/465052, https://shipvaultapi-gjb8c.ondigitalocean.app/api/units/465052",TMS Cardiff Gas,https://www.igu.org/igu-reports/2025-world-lng-report,Greece,https://system.new-vessels.com/orderer-45411-TMS_Cardiff_Gas_Ltd.html,Hanwha Ocean,https://www.igu.org/igu-reports/2025-world-lng-report,South Korea,https://www.hanwha.com/companies/hanwha-ocean.do,34.87385,128.6966,"VMCW+V7 Geoje-si, Gyeongsangnam-do",exact,https://www.google.com/maps/place/Hanwha+Ocean/data=!3m1!1e3!4m10!1m2!2m1!1sHanwha+Ocean!3m6!1s0x356ecd1d7a72f7db:0x3bfe90e7d8bf93f0!8m2!3d34.8721913!4d128.6956963!15sCgxIYW53aGEgT2NlYW5aDiIMaGFud2hhIG9jZWFukgEfc2hpcGJ1aWxkaW5nX2FuZF9yZXBhaXJfY29tcGFueZoBI0NoWkRTVWhOTUc5blMwVkpRMEZuVFVSUmRYVkVTMWhuRUFF4AEA-gEECAAQLA!16s%2Fg%2F11swmd6_76?entry=ttu&g_ep=EgoyMDI1MTIwMi4wIKXMDSoASAFQAw%3D%3D,174000,cbm,https://www.igu.org/igu-reports/2025-world-lng-report,,,conventional,https://www.datocms-assets.com/146580/1783403747-igu-world-lng-report-2026.pdf,X-DF,https://www.igu.org/igu-reports/2025-world-lng-report,2026,https://www.igu.org/igu-reports/2025-world-lng-report,,,,IGU,,,,,,,
67,9997634,https://www.igu.org/igu-reports/2025-world-lng-report,Venture Manatee,"https://www.shipvault.com/ships/465053, https://shipvaultapi-gjb8c.ondigitalocean.app/api/units/465053",,Hull 2574 (Hanwha),"https://www.shipvault.com/ships/465053, https://shipvaultapi-gjb8c.ondigitalocean.app/api/units/465053",Hull 2574 (Hanwha),https://www.igu.org/igu-reports/2025-world-lng-report,on order,GEM,12/31/2024,https://www.igu.org/igu-reports/2025-world-lng-report,Venture Global,https://www.igu.org/igu-reports/2025-world-lng-report,,,Hanwha Ocean,https://www.igu.org/igu-reports/2025-world-lng-report,South Korea,https://www.hanwha.com/companies/hanwha-ocean.do,34.87385,128.6966,"VMCW+V7 Geoje-si, Gyeongsangnam-do",exact,https://www.google.com/maps/place/Hanwha+Ocean/data=!3m1!1e3!4m10!1m2!2m1!1sHanwha+Ocean!3m6!1s0x356ecd1d7a72f7db:0x3bfe90e7d8bf93f0!8m2!3d34.8721913!4d128.6956963!15sCgxIYW53aGEgT2NlYW5aDiIMaGFud2hhIG9jZWFukgEfc2hpcGJ1aWxkaW5nX2FuZF9yZXBhaXJfY29tcGFueZoBI0NoWkRTVWhOTUc5blMwVkpRMEZuVFVSUmRYVkVTMWhuRUFF4AEA-gEECAAQLA!16s%2Fg%2F11swmd6_76?entry=ttu&g_ep=EgoyMDI1MTIwMi4wIKXMDSoASAFQAw%3D%3D,200000,cbm,https://www.igu.org/igu-reports/2025-world-lng-report,,,conventional,https://www.datocms-assets.com/146580/1783403747-igu-world-lng-report-2026.pdf,ME-GI,https://www.igu.org/igu-reports/2025-world-lng-report,2026,https://www.igu.org/igu-reports/2025-world-lng-report,,,,IGU,,,,,250000000.00,USD,https://lngprime.com/asia/dsme-scores-order-for-lng-carrier-duo-worth-about-500-million/64420/
68,9997658,https://www.igu.org/igu-reports/2025-world-lng-report,Hull 2575 (Hanwha),https://www.igu.org/igu-reports/2025-world-lng-report,,,,Hull 2575 (Hanwha),https://www.igu.org/igu-reports/2025-world-lng-report,on order,GEM,12/31/2024,https://www.igu.org/igu-reports/2025-world-lng-report,Venture Global,https://www.igu.org/igu-reports/2025-world-lng-report,,,Hanwha Ocean,https://www.igu.org/igu-reports/2025-world-lng-report,South Korea,https://www.hanwha.com/companies/hanwha-ocean.do,34.87385,128.6966,"VMCW+V7 Geoje-si, Gyeongsangnam-do",exact,https://www.google.com/maps/place/Hanwha+Ocean/data=!3m1!1e3!4m10!1m2!2m1!1sHanwha+Ocean!3m6!1s0x356ecd1d7a72f7db:0x3bfe90e7d8bf93f0!8m2!3d34.8721913!4d128.6956963!15sCgxIYW53aGEgT2NlYW5aDiIMaGFud2hhIG9jZWFukgEfc2hpcGJ1aWxkaW5nX2FuZF9yZXBhaXJfY29tcGFueZoBI0NoWkRTVWhOTUc5blMwVkpRMEZuVFVSUmRYVkVTMWhuRUFF4AEA-gEECAAQLA!16s%2Fg%2F11swmd6_76?entry=ttu&g_ep=EgoyMDI1MTIwMi4wIKXMDSoASAFQAw%3D%3D,200000,cbm,https://www.igu.org/igu-reports/2025-world-lng-report,,,conventional,https://www.datocms-assets.com/146580/1783403747-igu-world-lng-report-2026.pdf,ME-GI,https://www.igu.org/igu-reports/2025-world-lng-report,2026,https://www.igu.org/igu-reports/2025-world-lng-report,,,,IGU,,,,,250000000.00,USD,https://lngprime.com/asia/dsme-scores-order-for-lng-carrier-duo-worth-about-500-million/64420/
69,9989429,https://www.igu.org/igu-reports/2025-world-lng-report,Hull 2576 (Hanwha),https://www.igu.org/igu-reports/2025-world-lng-report,,,,Hull 2576 (Hanwha),https://www.igu.org/igu-reports/2025-world-lng-report,on order,GEM,12/31/2024,https://www.igu.org/igu-reports/2025-world-lng-report,MOL,https://www.igu.org/igu-reports/2025-world-lng-report,,,Hanwha Ocean,https://www.igu.org/igu-reports/2025-world-lng-report,South Korea,https://www.hanwha.com/companies/hanwha-ocean.do,34.87385,128.6966,"VMCW+V7 Geoje-si, Gyeongsangnam-do",exact,https://www.google.com/maps/place/Hanwha+Ocean/data=!3m1!1e3!4m10!1m2!2m1!1sHanwha+Ocean!3m6!1s0x356ecd1d7a72f7db:0x3bfe90e7d8bf93f0!8m2!3d34.8721913!4d128.6956963!15sCgxIYW53aGEgT2NlYW5aDiIMaGFud2hhIG9jZWFukgEfc2hpcGJ1aWxkaW5nX2FuZF9yZXBhaXJfY29tcGFueZoBI0NoWkRTVWhOTUc5blMwVkpRMEZuVFVSUmRYVkVTMWhuRUFF4AEA-gEECAAQLA!16s%2Fg%2F11swmd6_76?entry=ttu&g_ep=EgoyMDI1MTIwMi4wIKXMDSoASAFQAw%3D%3D,174000,cbm,https://www.igu.org/igu-reports/2025-world-lng-report,,,conventional,https://www.datocms-assets.com/146580/1783403747-igu-world-lng-report-2026.pdf,ME-GA,https://www.igu.org/igu-reports/2025-world-lng-report,2026,https://www.igu.org/igu-reports/2025-world-lng-report,,,,IGU,,,,,,,
71,9987445,https://www.igu.org/igu-reports/2025-world-lng-report,Hull 2579 (Hanwha),https://www.igu.org/igu-reports/2025-world-lng-report,,,,Hull 2579 (Hanwha),https://www.igu.org/igu-reports/2025-world-lng-report,on order,GEM,12/31/2024,https://www.igu.org/igu-reports/2025-world-lng-report,Maran Gas Maritime,https://www.igu.org/igu-reports/2025-world-lng-report,,,Hanwha Ocean,https://www.igu.org/igu-reports/2025-world-lng-report,South Korea,https://www.hanwha.com/companies/hanwha-ocean.do,34.87385,128.6966,"VMCW+V7 Geoje-si, Gyeongsangnam-do",exact,https://www.google.com/maps/place/Hanwha+Ocean/data=!3m1!1e3!4m10!1m2!2m1!1sHanwha+Ocean!3m6!1s0x356ecd1d7a72f7db:0x3bfe90e7d8bf93f0!8m2!3d34.8721913!4d128.6956963!15sCgxIYW53aGEgT2NlYW5aDiIMaGFud2hhIG9jZWFukgEfc2hpcGJ1aWxkaW5nX2FuZF9yZXBhaXJfY29tcGFueZoBI0NoWkRTVWhOTUc5blMwVkpRMEZuVFVSUmRYVkVTMWhuRUFF4AEA-gEECAAQLA!16s%2Fg%2F11swmd6_76?entry=ttu&g_ep=EgoyMDI1MTIwMi4wIKXMDSoASAFQAw%3D%3D,174000,cbm,https://www.igu.org/igu-reports/2025-world-lng-report,,,conventional,https://www.datocms-assets.com/146580/1783403747-igu-world-lng-report-2026.pdf,ME-GI,https://www.igu.org/igu-reports/2025-world-lng-report,2026,https://www.igu.org/igu-reports/2025-world-lng-report,,,,IGU,,,,,,,
73,1022031,https://www.igu.org/igu-reports/2025-world-lng-report,Hull 2581 (Hanwha),https://www.igu.org/igu-reports/2025-world-lng-report,,,,Hull 2581 (Hanwha),https://www.igu.org/igu-reports/2025-world-lng-report,on order,GEM,12/31/2024,https://www.igu.org/igu-reports/2025-world-lng-report,Maran Gas Maritime,https://www.igu.org/igu-reports/2025-world-lng-report,,,Hanwha Ocean,https://www.igu.org/igu-reports/2025-world-lng-report,South Korea,https://www.hanwha.com/companies/hanwha-ocean.do,34.87385,128.6966,"VMCW+V7 Geoje-si, Gyeongsangnam-do",exact,https://www.google.com/maps/place/Hanwha+Ocean/data=!3m1!1e3!4m10!1m2!2m1!1sHanwha+Ocean!3m6!1s0x356ecd1d7a72f7db:0x3bfe90e7d8bf93f0!8m2!3d34.8721913!4d128.6956963!15sCgxIYW53aGEgT2NlYW5aDiIMaGFud2hhIG9jZWFukgEfc2hpcGJ1aWxkaW5nX2FuZF9yZXBhaXJfY29tcGFueZoBI0NoWkRTVWhOTUc5blMwVkpRMEZuVFVSUmRYVkVTMWhuRUFF4AEA-gEECAAQLA!16s%2Fg%2F11swmd6_76?entry=ttu&g_ep=EgoyMDI1MTIwMi4wIKXMDSoASAFQAw%3D%3D,174000,cbm,https://www.igu.org/igu-reports/2025-world-lng-report,,,conventional,https://www.datocms-assets.com/146580/1783403747-igu-world-lng-report-2026.pdf,ME-GI,https://www.igu.org/igu-reports/2025-world-lng-report,2027,https://www.igu.org/igu-reports/2025-world-lng-report,,,,IGU,,,,,,,
76,1014709,https://www.igu.org/igu-reports/2025-world-lng-report,Hull 2583 (Hanwha),https://www.igu.org/igu-reports/2025-world-lng-report,,,,Hull 2583 (Hanwha),https://www.igu.org/igu-reports/2025-world-lng-report,on order,GEM,12/31/2024,https://www.igu.org/igu-reports/2025-world-lng-report,MOL,https://www.igu.org/igu-reports/2025-world-lng-report,,,Hanwha Ocean,https://www.igu.org/igu-reports/2025-world-lng-report,South Korea,https://www.hanwha.com/companies/hanwha-ocean.do,34.87385,128.6966,"VMCW+V7 Geoje-si, Gyeongsangnam-do",exact,https://www.google.com/maps/place/Hanwha+Ocean/data=!3m1!1e3!4m10!1m2!2m1!1sHanwha+Ocean!3m6!1s0x356ecd1d7a72f7db:0x3bfe90e7d8bf93f0!8m2!3d34.8721913!4d128.6956963!15sCgxIYW53aGEgT2NlYW5aDiIMaGFud2hhIG9jZWFukgEfc2hpcGJ1aWxkaW5nX2FuZF9yZXBhaXJfY29tcGFueZoBI0NoWkRTVWhOTUc5blMwVkpRMEZuVFVSUmRYVkVTMWhuRUFF4AEA-gEECAAQLA!16s%2Fg%2F11swmd6_76?entry=ttu&g_ep=EgoyMDI1MTIwMi4wIKXMDSoASAFQAw%3D%3D,174000,cbm,https://www.igu.org/igu-reports/2025-world-lng-report,,,conventional,https://www.datocms-assets.com/146580/1783403747-igu-world-lng-report-2026.pdf,ME-GA,https://www.igu.org/igu-reports/2025-world-lng-report,2027,https://www.igu.org/igu-reports/2025-world-lng-report,,,,IGU,,,,,,,
80,1069821,https://www.igu.org/igu-reports/2025-world-lng-report,Al Nasraniya,"https://www.shipvault.com/ships/476659, https://shipvaultapi-gjb8c.ondigitalocean.app/api/units/476659, https://www.marinetraffic.org/ship-owner-manager-ism-data/AL-NASRANIYA/1069821/538011621",,Hull 2585 (Hanwha),"https://www.shipvault.com/ships/476659, https://shipvaultapi-gjb8c.ondigitalocean.app/api/units/476659",Hull 2585 (Hanwha),https://www.igu.org/igu-reports/2025-world-lng-report,on order,GEM,12/31/2024,https://www.igu.org/igu-reports/2025-world-lng-report,Nakilat,https://www.igu.org/igu-reports/2025-world-lng-report,,,Hanwha Ocean,https://www.igu.org/igu-reports/2025-world-lng-report,South Korea,https://www.hanwha.com/companies/hanwha-ocean.do,34.87385,128.6966,"VMCW+V7 Geoje-si, Gyeongsangnam-do",exact,https://www.google.com/maps/place/Hanwha+Ocean/data=!3m1!1e3!4m10!1m2!2m1!1sHanwha+Ocean!3m6!1s0x356ecd1d7a72f7db:0x3bfe90e7d8bf93f0!8m2!3d34.8721913!4d128.6956963!15sCgxIYW53aGEgT2NlYW5aDiIMaGFud2hhIG9jZWFukgEfc2hpcGJ1aWxkaW5nX2FuZF9yZXBhaXJfY29tcGFueZoBI0NoWkRTVWhOTUc5blMwVkpRMEZuVFVSUmRYVkVTMWhuRUFF4AEA-gEECAAQLA!16s%2Fg%2F11swmd6_76?entry=ttu&g_ep=EgoyMDI1MTIwMi4wIKXMDSoASAFQAw%3D%3D,174000,cbm,https://www.igu.org/igu-reports/2025-world-lng-report,,,conventional,https://www.datocms-assets.com/146580/1783403747-igu-world-lng-report-2026.pdf,X-DF,https://www.igu.org/igu-reports/2025-world-lng-report,2028,https://www.igu.org/igu-reports/2025-world-lng-report,,,,IGU,,,,,,,
81,1069845,https://www.igu.org/igu-reports/2025-world-lng-report,Al Yousifiya,"https://www.shipvault.com/ships/476660, https://shipvaultapi-gjb8c.ondigitalocean.app/api/units/476660, https://www.marinetraffic.org/ship-owner-manager-ism-data/AL-YOUSIFIYA/1069845/1",,Hull 2586 (Hanwha),"https://www.shipvault.com/ships/476660, https://shipvaultapi-gjb8c.ondigitalocean.app/api/units/476660",Hull 2586 (Hanwha),https://www.igu.org/igu-reports/2025-world-lng-report,on order,GEM,12/31/2024,https://www.igu.org/igu-reports/2025-world-lng-report,Nakilat,https://www.igu.org/igu-reports/2025-world-lng-report,,,Hanwha Ocean,https://www.igu.org/igu-reports/2025-world-lng-report,South Korea,https://www.hanwha.com/companies/hanwha-ocean.do,34.87385,128.6966,"VMCW+V7 Geoje-si, Gyeongsangnam-do",exact,https://www.google.com/maps/place/Hanwha+Ocean/data=!3m1!1e3!4m10!1m2!2m1!1sHanwha+Ocean!3m6!1s0x356ecd1d7a72f7db:0x3bfe90e7d8bf93f0!8m2!3d34.8721913!4d128.6956963!15sCgxIYW53aGEgT2NlYW5aDiIMaGFud2hhIG9jZWFukgEfc2hpcGJ1aWxkaW5nX2FuZF9yZXBhaXJfY29tcGFueZoBI0NoWkRTVWhOTUc5blMwVkpRMEZuVFVSUmRYVkVTMWhuRUFF4AEA-gEECAAQLA!16s%2Fg%2F11swmd6_76?entry=ttu&g_ep=EgoyMDI1MTIwMi4wIKXMDSoASAFQAw%3D%3D,174000,cbm,https://www.igu.org/igu-reports/2025-world-lng-report,,,conventional,https://www.datocms-assets.com/146580/1783403747-igu-world-lng-report-2026.pdf,X-DF,https://www.igu.org/igu-reports/2025-world-lng-report,2028,https://www.igu.org/igu-reports/2025-world-lng-report,,,,IGU,,,,,,,
82,1069869,https://www.igu.org/igu-reports/2025-world-lng-report,Athba,"https://www.shipvault.com/ships/476661, https://shipvaultapi-gjb8c.ondigitalocean.app/api/units/476661, https://www.marinetraffic.org/ship-owner-manager-ism-data/ATHBA/1069869/1",,Hull 2587 (Hanwha),"https://www.shipvault.com/ships/476661, https://shipvaultapi-gjb8c.ondigitalocean.app/api/units/476661",Hull 2587 (Hanwha),https://www.igu.org/igu-reports/2025-world-lng-report,on order,GEM,12/31/2024,https://www.igu.org/igu-reports/2025-world-lng-report,Nakilat,https://www.igu.org/igu-reports/2025-world-lng-report,,,Hanwha Ocean,https://www.igu.org/igu-reports/2025-world-lng-report,South Korea,https://www.hanwha.com/companies/hanwha-ocean.do,34.87385,128.6966,"VMCW+V7 Geoje-si, Gyeongsangnam-do",exact,https://www.google.com/maps/place/Hanwha+Ocean/data=!3m1!1e3!4m10!1m2!2m1!1sHanwha+Ocean!3m6!1s0x356ecd1d7a72f7db:0x3bfe90e7d8bf93f0!8m2!3d34.8721913!4d128.6956963!15sCgxIYW53aGEgT2NlYW5aDiIMaGFud2hhIG9jZWFukgEfc2hpcGJ1aWxkaW5nX2FuZF9yZXBhaXJfY29tcGFueZoBI0NoWkRTVWhOTUc5blMwVkpRMEZuVFVSUmRYVkVTMWhuRUFF4AEA-gEECAAQLA!16s%2Fg%2F11swmd6_76?entry=ttu&g_ep=EgoyMDI1MTIwMi4wIKXMDSoASAFQAw%3D%3D,174000,cbm,https://www.igu.org/igu-reports/2025-world-lng-report,,,conventional,https://www.datocms-assets.com/146580/1783403747-igu-world-lng-report-2026.pdf,X-DF,https://www.igu.org/igu-reports/2025-world-lng-report,2028,https://www.igu.org/igu-reports/2025-world-lng-report,,,,IGU,,,,,,,
83,1069871,https://www.igu.org/igu-reports/2025-world-lng-report,E Qab,"https://www.shipvault.com/ships/476662, https://shipvaultapi-gjb8c.ondigitalocean.app/api/units/476662, https://www.marinetraffic.org/ship-owner-manager-ism-data/E-QAB/1069871/1",,Hull 2588 (Hanwha),"https://www.shipvault.com/ships/476662, https://shipvaultapi-gjb8c.ondigitalocean.app/api/units/476662",Hull 2588 (Hanwha),https://www.igu.org/igu-reports/2025-world-lng-report,on order,GEM,12/31/2024,https://www.igu.org/igu-reports/2025-world-lng-report,Nakilat,https://www.igu.org/igu-reports/2025-world-lng-report,,,Hanwha Ocean,https://www.igu.org/igu-reports/2025-world-lng-report,South Korea,https://www.hanwha.com/companies/hanwha-ocean.do,34.87385,128.6966,"VMCW+V7 Geoje-si, Gyeongsangnam-do",exact,https://www.google.com/maps/place/Hanwha+Ocean/data=!3m1!1e3!4m10!1m2!2m1!1sHanwha+Ocean!3m6!1s0x356ecd1d7a72f7db:0x3bfe90e7d8bf93f0!8m2!3d34.8721913!4d128.6956963!15sCgxIYW53aGEgT2NlYW5aDiIMaGFud2hhIG9jZWFukgEfc2hpcGJ1aWxkaW5nX2FuZF9yZXBhaXJfY29tcGFueZoBI0NoWkRTVWhOTUc5blMwVkpRMEZuVFVSUmRYVkVTMWhuRUFF4AEA-gEECAAQLA!16s%2Fg%2F11swmd6_76?entry=ttu&g_ep=EgoyMDI1MTIwMi4wIKXMDSoASAFQAw%3D%3D,174000,cbm,https://www.igu.org/igu-reports/2025-world-lng-report,,,conventional,https://www.datocms-assets.com/146580/1783403747-igu-world-lng-report-2026.pdf,X-DF,https://www.igu.org/igu-reports/2025-world-lng-report,2028,https://www.igu.org/igu-reports/2025-world-lng-report,,,,IGU,,,,,,,
84,1069895,https://www.igu.org/igu-reports/2025-world-lng-report,Ghash Sham,"https://www.shipvault.com/ships/478215, https://shipvaultapi-gjb8c.ondigitalocean.app/api/units/478215, https://www.marinetraffic.org/ship-owner-manager-ism-data/GHASH-SHAM/1069895/1",,Hull 2589 (Hanwha),"https://www.shipvault.com/ships/478215, https://shipvaultapi-gjb8c.ondigitalocean.app/api/units/478215",Hull 2589 (Hanwha),https://www.igu.org/igu-reports/2025-world-lng-report,on order,GEM,12/31/2024,https://www.igu.org/igu-reports/2025-world-lng-report,Nakilat,https://www.igu.org/igu-reports/2025-world-lng-report,,,Hanwha Ocean,https://www.igu.org/igu-reports/2025-world-lng-report,South Korea,https://www.hanwha.com/companies/hanwha-ocean.do,34.87385,128.6966,"VMCW+V7 Geoje-si, Gyeongsangnam-do",exact,https://www.google.com/maps/place/Hanwha+Ocean/data=!3m1!1e3!4m10!1m2!2m1!1sHanwha+Ocean!3m6!1s0x356ecd1d7a72f7db:0x3bfe90e7d8bf93f0!8m2!3d34.8721913!4d128.6956963!15sCgxIYW53aGEgT2NlYW5aDiIMaGFud2hhIG9jZWFukgEfc2hpcGJ1aWxkaW5nX2FuZF9yZXBhaXJfY29tcGFueZoBI0NoWkRTVWhOTUc5blMwVkpRMEZuVFVSUmRYVkVTMWhuRUFF4AEA-gEECAAQLA!16s%2Fg%2F11swmd6_76?entry=ttu&g_ep=EgoyMDI1MTIwMi4wIKXMDSoASAFQAw%3D%3D,174000,cbm,https://www.igu.org/igu-reports/2025-world-lng-report,,,conventional,https://www.datocms-assets.com/146580/1783403747-igu-world-lng-report-2026.pdf,X-DF,https://www.igu.org/igu-reports/2025-world-lng-report,2028,https://www.igu.org/igu-reports/2025-world-lng-report,,,,IGU,,,,,,,
85,1069924,https://www.igu.org/igu-reports/2025-world-lng-report,Al Egdah,"https://www.shipvault.com/ships/478216, https://shipvaultapi-gjb8c.ondigitalocean.app/api/units/478216, https://www.marinetraffic.org/ship-owner-manager-ism-data/AL-EGDAH/1069924/1",,Hull 2590 (Hanwha),"https://www.shipvault.com/ships/478216, https://shipvaultapi-gjb8c.ondigitalocean.app/api/units/478216",Hull 2590 (Hanwha),https://www.igu.org/igu-reports/2025-world-lng-report,on order,GEM,12/31/2024,https://www.igu.org/igu-reports/2025-world-lng-report,Nakilat,https://www.igu.org/igu-reports/2025-world-lng-report,,,Hanwha Ocean,https://www.igu.org/igu-reports/2025-world-lng-report,South Korea,https://www.hanwha.com/companies/hanwha-ocean.do,34.87385,128.6966,"VMCW+V7 Geoje-si, Gyeongsangnam-do",exact,https://www.google.com/maps/place/Hanwha+Ocean/data=!3m1!1e3!4m10!1m2!2m1!1sHanwha+Ocean!3m6!1s0x356ecd1d7a72f7db:0x3bfe90e7d8bf93f0!8m2!3d34.8721913!4d128.6956963!15sCgxIYW53aGEgT2NlYW5aDiIMaGFud2hhIG9jZWFukgEfc2hpcGJ1aWxkaW5nX2FuZF9yZXBhaXJfY29tcGFueZoBI0NoWkRTVWhOTUc5blMwVkpRMEZuVFVSUmRYVkVTMWhuRUFF4AEA-gEECAAQLA!16s%2Fg%2F11swmd6_76?entry=ttu&g_ep=EgoyMDI1MTIwMi4wIKXMDSoASAFQAw%3D%3D,174000,cbm,https://www.igu.org/igu-reports/2025-world-lng-report,,,conventional,https://www.datocms-assets.com/146580/1783403747-igu-world-lng-report-2026.pdf,X-DF,https://www.igu.org/igu-reports/2025-world-lng-report,2028,https://www.igu.org/igu-reports/2025-world-lng-report,,,,IGU,,,,,,,
86,1069936,https://www.igu.org/igu-reports/2025-world-lng-report,Al Khbaib,"https://www.shipvault.com/ships/478217, https://shipvaultapi-gjb8c.ondigitalocean.app/api/units/478217, https://www.marinetraffic.org/ship-owner-manager-ism-data/AL-KHBAIB/1069936/1",,Hull 2591 (Hanwha),"https://www.shipvault.com/ships/478217, https://shipvaultapi-gjb8c.ondigitalocean.app/api/units/478217",Hull 2591 (Hanwha),https://www.igu.org/igu-reports/2025-world-lng-report,on order,GEM,12/31/2024,https://www.igu.org/igu-reports/2025-world-lng-report,Nakilat,https://www.igu.org/igu-reports/2025-world-lng-report,,,Hanwha Ocean,https://www.igu.org/igu-reports/2025-world-lng-report,South Korea,https://www.hanwha.com/companies/hanwha-ocean.do,34.87385,128.6966,"VMCW+V7 Geoje-si, Gyeongsangnam-do",exact,https://www.google.com/maps/place/Hanwha+Ocean/data=!3m1!1e3!4m10!1m2!2m1!1sHanwha+Ocean!3m6!1s0x356ecd1d7a72f7db:0x3bfe90e7d8bf93f0!8m2!3d34.8721913!4d128.6956963!15sCgxIYW53aGEgT2NlYW5aDiIMaGFud2hhIG9jZWFukgEfc2hpcGJ1aWxkaW5nX2FuZF9yZXBhaXJfY29tcGFueZoBI0NoWkRTVWhOTUc5blMwVkpRMEZuVFVSUmRYVkVTMWhuRUFF4AEA-gEECAAQLA!16s%2Fg%2F11swmd6_76?entry=ttu&g_ep=EgoyMDI1MTIwMi4wIKXMDSoASAFQAw%3D%3D,174000,cbm,https://www.igu.org/igu-reports/2025-world-lng-report,,,conventional,https://www.datocms-assets.com/146580/1783403747-igu-world-lng-report-2026.pdf,X-DF,https://www.igu.org/igu-reports/2025-world-lng-report,2028,https://www.igu.org/igu-reports/2025-world-lng-report,,,,IGU,,,,,,,
88,1069948,https://www.igu.org/igu-reports/2025-world-lng-report,Khowzan,"https://www.shipvault.com/ships/478218, https://shipvaultapi-gjb8c.ondigitalocean.app/api/units/478218, https://www.marinetraffic.org/ship-owner-manager-ism-data/KHOWZAN/1069948/1",,Hull 2592 (Hanwha),"https://www.shipvault.com/ships/478218, https://shipvaultapi-gjb8c.ondigitalocean.app/api/units/478218",Hull 2592 (Hanwha),https://www.igu.org/igu-reports/2025-world-lng-report,on order,GEM,12/31/2024,https://www.igu.org/igu-reports/2025-world-lng-report,Nakilat,https://www.igu.org/igu-reports/2025-world-lng-report,,,Hanwha Ocean,https://www.igu.org/igu-reports/2025-world-lng-report,South Korea,https://www.hanwha.com/companies/hanwha-ocean.do,34.87385,128.6966,"VMCW+V7 Geoje-si, Gyeongsangnam-do",exact,https://www.google.com/maps/place/Hanwha+Ocean/data=!3m1!1e3!4m10!1m2!2m1!1sHanwha+Ocean!3m6!1s0x356ecd1d7a72f7db:0x3bfe90e7d8bf93f0!8m2!3d34.8721913!4d128.6956963!15sCgxIYW53aGEgT2NlYW5aDiIMaGFud2hhIG9jZWFukgEfc2hpcGJ1aWxkaW5nX2FuZF9yZXBhaXJfY29tcGFueZoBI0NoWkRTVWhOTUc5blMwVkpRMEZuVFVSUmRYVkVTMWhuRUFF4AEA-gEECAAQLA!16s%2Fg%2F11swmd6_76?entry=ttu&g_ep=EgoyMDI1MTIwMi4wIKXMDSoASAFQAw%3D%3D,174000,cbm,https://www.igu.org/igu-reports/2025-world-lng-report,,,conventional,https://www.datocms-assets.com/146580/1783403747-igu-world-lng-report-2026.pdf,X-DF,https://www.igu.org/igu-reports/2025-world-lng-report,2028,https://www.igu.org/igu-reports/2025-world-lng-report,,,,IGU,,,,,,,
93,9958999,https://www.igu.org/igu-reports/2025-world-lng-report,Celsius Galway,https://www.vesselfinder.com/vessels/details/9958999,,,,Hull 2598 (SHI),https://www.igu.org/igu-reports/2025-world-lng-report,active,GEM,12/17/2025,https://www.igu.org/igu-reports/2025-world-lng-report,Celsius Shipping,https://www.igu.org/igu-reports/2025-world-lng-report,Denmark,"https://magicport.ai/owners-managers/denmark/celsius-shipping-aps, https://lngprime.com/vessels/denmarks-celsius-orders-four-lng-carriers-in-china/69940/, https://lngprime.com/asia/celsius-takes-delivery-of-new-lng-tanker/127252/",Samsung Heavy Industries,https://www.igu.org/igu-reports/2025-world-lng-report,South Korea,https://www.samsungshi.com/En/Default.aspx,34.89804,128.6045,"VJW3+QV Geoje-si, Gyeongsangnam-do",exact,https://www.google.com/maps/place/Samsung+Heavy+industries/data=!3m1!1e3!4m10!1m2!2m1!1ssamsung+heavy+industries!3m6!1s0x356ecd83691a8fb5:0xd4204e9a1bb0ef10!8m2!3d34.8969682!4d128.6046376!15sChhzYW1zdW5nIGhlYXZ5IGluZHVzdHJpZXOSAQhzaGlweWFyZOABAA!16s%2Fg%2F1tgcpry6?entry=ttu&g_ep=EgoyMDI1MTIwMi4wIKXMDSoASAFQAw%3D%3D,180000,cbm,https://www.igu.org/igu-reports/2025-world-lng-report,membrane,https://www.datocms-assets.com/146580/1783403747-igu-world-lng-report-2026.pdf,conventional,https://www.datocms-assets.com/146580/1783403747-igu-world-lng-report-2026.pdf,ME-GA,https://www.igu.org/igu-reports/2025-world-lng-report,2025,https://www.igu.org/igu-reports/2025-world-lng-report,,,,IGU,,,,,,,
95,9959008,https://www.igu.org/igu-reports/2025-world-lng-report,Celsius Galapagos,https://www.vesselfinder.com/vessels/details/9959008,,,,Hull 2599 (SHI),https://www.igu.org/igu-reports/2025-world-lng-report,active,GEM,12/17/2025,https://www.igu.org/igu-reports/2025-world-lng-report,Celsius Shipping,https://www.igu.org/igu-reports/2025-world-lng-report,Denmark,"https://magicport.ai/owners-managers/denmark/celsius-shipping-aps, https://lngprime.com/vessels/denmarks-celsius-orders-four-lng-carriers-in-china/69940/, https://lngprime.com/asia/celsius-takes-delivery-of-new-lng-tanker/127252/",Samsung Heavy Industries,https://www.igu.org/igu-reports/2025-world-lng-report,South Korea,https://www.samsungshi.com/En/Default.aspx,34.89804,128.6045,"VJW3+QV Geoje-si, Gyeongsangnam-do",exact,https://www.google.com/maps/place/Samsung+Heavy+industries/data=!3m1!1e3!4m10!1m2!2m1!1ssamsung+heavy+industries!3m6!1s0x356ecd83691a8fb5:0xd4204e9a1bb0ef10!8m2!3d34.8969682!4d128.6046376!15sChhzYW1zdW5nIGhlYXZ5IGluZHVzdHJpZXOSAQhzaGlweWFyZOABAA!16s%2Fg%2F1tgcpry6?entry=ttu&g_ep=EgoyMDI1MTIwMi4wIKXMDSoASAFQAw%3D%3D,180000,cbm,https://www.igu.org/igu-reports/2025-world-lng-report,membrane,https://www.datocms-assets.com/146580/1783403747-igu-world-lng-report-2026.pdf,conventional,https://www.datocms-assets.com/146580/1783403747-igu-world-lng-report-2026.pdf,ME-GA,https://www.igu.org/igu-reports/2025-world-lng-report,2025,https://www.igu.org/igu-reports/2025-world-lng-report,,,,IGU,,,,,,,
97,9958858,https://www.igu.org/igu-reports/2025-world-lng-report,Orion Saint,https://www.igu.org/igu-reports/2025-world-lng-report,,,,Hull 2601,https://www.igu.org/igu-reports/2025-world-lng-report,active,GEM,12/31/2024,https://www.igu.org/igu-reports/2025-world-lng-report,JP Morgan,https://www.igu.org/igu-reports/2025-world-lng-report,,,Samsung Heavy Industries,https://www.igu.org/igu-reports/2025-world-lng-report,South Korea,https://www.samsungshi.com/En/Default.aspx,34.89804,128.6045,"VJW3+QV Geoje-si, Gyeongsangnam-do",exact,https://www.google.com/maps/place/Samsung+Heavy+industries/data=!3m1!1e3!4m10!1m2!2m1!1ssamsung+heavy+industries!3m6!1s0x356ecd83691a8fb5:0xd4204e9a1bb0ef10!8m2!3d34.8969682!4d128.6046376!15sChhzYW1zdW5nIGhlYXZ5IGluZHVzdHJpZXOSAQhzaGlweWFyZOABAA!16s%2Fg%2F1tgcpry6?entry=ttu&g_ep=EgoyMDI1MTIwMi4wIKXMDSoASAFQAw%3D%3D,174000,cbm,https://www.igu.org/igu-reports/2025-world-lng-report,membrane,https://www.datocms-assets.com/146580/1783403747-igu-world-lng-report-2026.pdf,conventional,https://www.datocms-assets.com/146580/1783403747-igu-world-lng-report-2026.pdf,ME-GA,https://www.igu.org/igu-reports/2025-world-lng-report,2025,https://www.igu.org/igu-reports/2025-world-lng-report,,,,IGU,,,,,,,
99,1097658,https://www.igu.org/igu-reports/2025-world-lng-report,Hull 2602 (Hanwha),https://www.igu.org/igu-reports/2025-world-lng-report,,,,Hull 2602 (Hanwha),https://www.igu.org/igu-reports/2025-world-lng-report,on order,GEM,12/31/2024,https://www.igu.org/igu-reports/2025-world-lng-report,Maran Gas Maritime,https://www.igu.org/igu-reports/2025-world-lng-report,,,Hanwha Ocean,https://www.igu.org/igu-reports/2025-world-lng-report,South Korea,https://www.hanwha.com/companies/hanwha-ocean.do,34.87385,128.6966,"VMCW+V7 Geoje-si, Gyeongsangnam-do",exact,https://www.google.com/maps/place/Hanwha+Ocean/data=!3m1!1e3!4m10!1m2!2m1!1sHanwha+Ocean!3m6!1s0x356ecd1d7a72f7db:0x3bfe90e7d8bf93f0!8m2!3d34.8721913!4d128.6956963!15sCgxIYW53aGEgT2NlYW5aDiIMaGFud2hhIG9jZWFukgEfc2hpcGJ1aWxkaW5nX2FuZF9yZXBhaXJfY29tcGFueZoBI0NoWkRTVWhOTUc5blMwVkpRMEZuVFVSUmRYVkVTMWhuRUFF4AEA-gEECAAQLA!16s%2Fg%2F11swmd6_76?entry=ttu&g_ep=EgoyMDI1MTIwMi4wIKXMDSoASAFQAw%3D%3D,174000,cbm,https://www.igu.org/igu-reports/2025-world-lng-report,,,conventional,https://www.datocms-assets.com/146580/1783403747-igu-world-lng-report-2026.pdf,ME-GI,https://www.igu.org/igu-reports/2025-world-lng-report,2027,https://www.igu.org/igu-reports/2025-world-lng-report,,,,IGU,,,,,255800000.00,USD,https://en.portnews.ru/news/370159/
100,1097660,https://www.igu.org/igu-reports/2025-world-lng-report,Hull 2603 (Hanwha),https://www.igu.org/igu-reports/2025-world-lng-report,,,,Hull 2603 (Hanwha),https://www.igu.org/igu-reports/2025-world-lng-report,on order,GEM,12/31/2024,https://www.igu.org/igu-reports/2025-world-lng-report,Maran Gas Maritime,https://www.igu.org/igu-reports/2025-world-lng-report,,,Hanwha Ocean,https://www.igu.org/igu-reports/2025-world-lng-report,South Korea,https://www.hanwha.com/companies/hanwha-ocean.do,34.87385,128.6966,"VMCW+V7 Geoje-si, Gyeongsangnam-do",exact,https://www.google.com/maps/place/Hanwha+Ocean/data=!3m1!1e3!4m10!1m2!2m1!1sHanwha+Ocean!3m6!1s0x356ecd1d7a72f7db:0x3bfe90e7d8bf93f0!8m2!3d34.8721913!4d128.6956963!15sCgxIYW53aGEgT2NlYW5aDiIMaGFud2hhIG9jZWFukgEfc2hpcGJ1aWxkaW5nX2FuZF9yZXBhaXJfY29tcGFueZoBI0NoWkRTVWhOTUc5blMwVkpRMEZuVFVSUmRYVkVTMWhuRUFF4AEA-gEECAAQLA!16s%2Fg%2F11swmd6_76?entry=ttu&g_ep=EgoyMDI1MTIwMi4wIKXMDSoASAFQAw%3D%3D,174000,cbm,https://www.igu.org/igu-reports/2025-world-lng-report,,,conventional,https://www.datocms-assets.com/146580/1783403747-igu-world-lng-report-2026.pdf,ME-GI,https://www.igu.org/igu-reports/2025-world-lng-report,2027,https://www.igu.org/igu-reports/2025-world-lng-report,,,,IGU,,,,,255800000.00,USD,https://en.portnews.ru/news/370159/
104,9982689,https://www.igu.org/igu-reports/2025-world-lng-report,Al Qassar,https://www.vesselfinder.com/vessels/details/9982689,,,,Hull 2612 (SHI),https://www.igu.org/igu-reports/2025-world-lng-report,active,GEM,12/17/2025,https://www.vesselfinder.com/vessels/details/9982689,H-Line Shipping,https://www.igu.org/igu-reports/2025-world-lng-report,,,Samsung Heavy Industries,https://www.igu.org/igu-reports/2025-world-lng-report,South Korea,https://www.samsungshi.com/En/Default.aspx,34.89804,128.6045,"VJW3+QV Geoje-si, Gyeongsangnam-do",exact,https://www.google.com/maps/place/Samsung+Heavy+industries/data=!3m1!1e3!4m10!1m2!2m1!1ssamsung+heavy+industries!3m6!1s0x356ecd83691a8fb5:0xd4204e9a1bb0ef10!8m2!3d34.8969682!4d128.6046376!15sChhzYW1zdW5nIGhlYXZ5IGluZHVzdHJpZXOSAQhzaGlweWFyZOABAA!16s%2Fg%2F1tgcpry6?entry=ttu&g_ep=EgoyMDI1MTIwMi4wIKXMDSoASAFQAw%3D%3D,174000,cbm,https://www.igu.org/igu-reports/2025-world-lng-report,membrane,https://www.datocms-assets.com/146580/1783403747-igu-world-lng-report-2026.pdf,conventional,https://www.datocms-assets.com/146580/1783403747-igu-world-lng-report-2026.pdf,ME-GA,https://www.igu.org/igu-reports/2025-world-lng-report,2025,https://www.igu.org/igu-reports/2025-world-lng-report,,,,IGU,,,,,,,
105,9969223,https://www.igu.org/igu-reports/2025-world-lng-report,Celsius Gaudeloupe,https://www.vesselfinder.com/vessels/details/9969223,,,,Hull 2619 (SHI),https://www.igu.org/igu-reports/2025-world-lng-report,active,GEM,12/17/2025,https://www.igu.org/igu-reports/2025-world-lng-report,Celsius Shipping,https://www.igu.org/igu-reports/2025-world-lng-report,Denmark,"https://magicport.ai/owners-managers/denmark/celsius-shipping-aps, https://lngprime.com/vessels/denmarks-celsius-orders-four-lng-carriers-in-china/69940/, https://lngprime.com/asia/celsius-takes-delivery-of-new-lng-tanker/127252/",Samsung Heavy Industries,https://www.igu.org/igu-reports/2025-world-lng-report,South Korea,https://www.samsungshi.com/En/Default.aspx,34.89804,128.6045,"VJW3+QV Geoje-si, Gyeongsangnam-do",exact,https://www.google.com/maps/place/Samsung+Heavy+industries/data=!3m1!1e3!4m10!1m2!2m1!1ssamsung+heavy+industries!3m6!1s0x356ecd83691a8fb5:0xd4204e9a1bb0ef10!8m2!3d34.8969682!4d128.6046376!15sChhzYW1zdW5nIGhlYXZ5IGluZHVzdHJpZXOSAQhzaGlweWFyZOABAA!16s%2Fg%2F1tgcpry6?entry=ttu&g_ep=EgoyMDI1MTIwMi4wIKXMDSoASAFQAw%3D%3D,180000,cbm,https://www.igu.org/igu-reports/2025-world-lng-report,membrane,https://www.datocms-assets.com/146580/1783403747-igu-world-lng-report-2026.pdf,conventional,https://www.datocms-assets.com/146580/1783403747-igu-world-lng-report-2026.pdf,ME-GA,https://www.igu.org/igu-reports/2025-world-lng-report,2025,https://www.igu.org/igu-reports/2025-world-lng-report,,,,IGU,,,,,,,
106,9974149,https://www.igu.org/igu-reports/2025-world-lng-report,Puteri Pahang,https://www.vesselfinder.com/vessels/details/9974149,,,,Hull 2631 (SHI),https://www.igu.org/igu-reports/2025-world-lng-report,active,GEM,12/17/2025,https://www.vesselfinder.com/vessels/details/9974149,H-Line Shipping,https://www.igu.org/igu-reports/2025-world-lng-report,,,Samsung Heavy Industries,https://www.igu.org/igu-reports/2025-world-lng-report,South Korea,https://www.samsungshi.com/En/Default.aspx,34.89804,128.6045,"VJW3+QV Geoje-si, Gyeongsangnam-do",exact,https://www.google.com/maps/place/Samsung+Heavy+industries/data=!3m1!1e3!4m10!1m2!2m1!1ssamsung+heavy+industries!3m6!1s0x356ecd83691a8fb5:0xd4204e9a1bb0ef10!8m2!3d34.8969682!4d128.6046376!15sChhzYW1zdW5nIGhlYXZ5IGluZHVzdHJpZXOSAQhzaGlweWFyZOABAA!16s%2Fg%2F1tgcpry6?entry=ttu&g_ep=EgoyMDI1MTIwMi4wIKXMDSoASAFQAw%3D%3D,174000,cbm,https://www.igu.org/igu-reports/2025-world-lng-report,membrane,https://www.datocms-assets.com/146580/1783403747-igu-world-lng-report-2026.pdf,conventional,https://www.datocms-assets.com/146580/1783403747-igu-world-lng-report-2026.pdf,ME-GA,https://www.datocms-assets.com/146580/1783403747-igu-world-lng-report-2026.pdf,2025,https://www.igu.org/igu-reports/2025-world-lng-report,,,,IGU,,,,,,,
107,9977244,https://www.igu.org/igu-reports/2025-world-lng-report,Umm Al Houl,https://www.vesselfinder.com/vessels/details/9977244,,,,Hull 2634 (SHI),https://www.igu.org/igu-reports/2025-world-lng-report,active,GEM,12/31/2024,https://www.igu.org/igu-reports/2025-world-lng-report,JP Morgan,https://www.igu.org/igu-reports/2025-world-lng-report,,,Samsung Heavy Industries,https://www.igu.org/igu-reports/2025-world-lng-report,South Korea,https://www.samsungshi.com/En/Default.aspx,34.89804,128.6045,"VJW3+QV Geoje-si, Gyeongsangnam-do",exact,https://www.google.com/maps/place/Samsung+Heavy+industries/data=!3m1!1e3!4m10!1m2!2m1!1ssamsung+heavy+industries!3m6!1s0x356ecd83691a8fb5:0xd4204e9a1bb0ef10!8m2!3d34.8969682!4d128.6046376!15sChhzYW1zdW5nIGhlYXZ5IGluZHVzdHJpZXOSAQhzaGlweWFyZOABAA!16s%2Fg%2F1tgcpry6?entry=ttu&g_ep=EgoyMDI1MTIwMi4wIKXMDSoASAFQAw%3D%3D,174000,cbm,https://www.igu.org/igu-reports/2025-world-lng-report,membrane,https://www.datocms-assets.com/146580/1783403747-igu-world-lng-report-2026.pdf,conventional,https://www.datocms-assets.com/146580/1783403747-igu-world-lng-report-2026.pdf,ME-GA,https://www.igu.org/igu-reports/2025-world-lng-report,2025,https://www.igu.org/igu-reports/2025-world-lng-report,,,,IGU,,,,,,,
109,9972684,https://www.igu.org/igu-reports/2025-world-lng-report,Spirit LNG,"https://www.shipvault.com/ships/456923, https://shipvaultapi-gjb8c.ondigitalocean.app/api/units/456923",,Hull 2636 (SHI),"https://www.shipvault.com/ships/456923, https://shipvaultapi-gjb8c.ondigitalocean.app/api/units/456923",Hull 2636 (SHI),https://www.igu.org/igu-reports/2025-world-lng-report,active,GEM,12/31/2024,"https://www.shipvault.com/ships/456923, https://shipvaultapi-gjb8c.ondigitalocean.app/api/units/456923",TMS Cardiff Gas,https://www.igu.org/igu-reports/2025-world-lng-report,Greece,https://system.new-vessels.com/orderer-45411-TMS_Cardiff_Gas_Ltd.html,Samsung Heavy Industries,https://www.igu.org/igu-reports/2025-world-lng-report,South Korea,https://www.samsungshi.com/En/Default.aspx,34.89804,128.6045,"VJW3+QV Geoje-si, Gyeongsangnam-do",exact,https://www.google.com/maps/place/Samsung+Heavy+industries/data=!3m1!1e3!4m10!1m2!2m1!1ssamsung+heavy+industries!3m6!1s0x356ecd83691a8fb5:0xd4204e9a1bb0ef10!8m2!3d34.8969682!4d128.6046376!15sChhzYW1zdW5nIGhlYXZ5IGluZHVzdHJpZXOSAQhzaGlweWFyZOABAA!16s%2Fg%2F1tgcpry6?entry=ttu&g_ep=EgoyMDI1MTIwMi4wIKXMDSoASAFQAw%3D%3D,174000,cbm,https://www.igu.org/igu-reports/2025-world-lng-report,,,conventional,https://www.datocms-assets.com/146580/1783403747-igu-world-lng-report-2026.pdf,ME-GA,https://www.igu.org/igu-reports/2025-world-lng-report,2026,https://www.igu.org/igu-reports/2025-world-lng-report,,,,IGU,,,,,,,
110,9977256,https://www.igu.org/igu-reports/2025-world-lng-report,Imsaikah,https://www.vesselfinder.com/vessels/details/9977256,,,,Hull 2637 (SHI),https://www.igu.org/igu-reports/2025-world-lng-report,active,GEM,12/17/2025,https://www.vesselfinder.com/vessels/details/9977256,JP Morgan,https://www.igu.org/igu-reports/2025-world-lng-report,,,Samsung Heavy Industries,https://www.igu.org/igu-reports/2025-world-lng-report,South Korea,https://www.samsungshi.com/En/Default.aspx,34.89804,128.6045,"VJW3+QV Geoje-si, Gyeongsangnam-do",exact,https://www.google.com/maps/place/Samsung+Heavy+industries/data=!3m1!1e3!4m10!1m2!2m1!1ssamsung+heavy+industries!3m6!1s0x356ecd83691a8fb5:0xd4204e9a1bb0ef10!8m2!3d34.8969682!4d128.6046376!15sChhzYW1zdW5nIGhlYXZ5IGluZHVzdHJpZXOSAQhzaGlweWFyZOABAA!16s%2Fg%2F1tgcpry6?entry=ttu&g_ep=EgoyMDI1MTIwMi4wIKXMDSoASAFQAw%3D%3D,174000,cbm,https://www.igu.org/igu-reports/2025-world-lng-report,membrane,https://www.datocms-assets.com/146580/1783403747-igu-world-lng-report-2026.pdf,conventional,https://www.datocms-assets.com/146580/1783403747-igu-world-lng-report-2026.pdf,ME-GA,https://www.igu.org/igu-reports/2025-world-lng-report,2025,https://www.igu.org/igu-reports/2025-world-lng-report,,,,IGU,,,,,,,
111,9977268,https://www.igu.org/igu-reports/2025-world-lng-report,Leshatt,https://www.vesselfinder.com/vessels/details/9977268,,,,Hull 2638 (SHI),https://www.igu.org/igu-reports/2025-world-lng-report,active,GEM,12/17/2025,https://www.vesselfinder.com/vessels/details/9977268,JP Morgan,https://www.igu.org/igu-reports/2025-world-lng-report,,,Samsung Heavy Industries,https://www.igu.org/igu-reports/2025-world-lng-report,South Korea,https://www.samsungshi.com/En/Default.aspx,34.89804,128.6045,"VJW3+QV Geoje-si, Gyeongsangnam-do",exact,https://www.google.com/maps/place/Samsung+Heavy+industries/data=!3m1!1e3!4m10!1m2!2m1!1ssamsung+heavy+industries!3m6!1s0x356ecd83691a8fb5:0xd4204e9a1bb0ef10!8m2!3d34.8969682!4d128.6046376!15sChhzYW1zdW5nIGhlYXZ5IGluZHVzdHJpZXOSAQhzaGlweWFyZOABAA!16s%2Fg%2F1tgcpry6?entry=ttu&g_ep=EgoyMDI1MTIwMi4wIKXMDSoASAFQAw%3D%3D,174000,cbm,https://www.igu.org/igu-reports/2025-world-lng-report,membrane,https://www.datocms-assets.com/146580/1783403747-igu-world-lng-report-2026.pdf,conventional,https://www.datocms-assets.com/146580/1783403747-igu-world-lng-report-2026.pdf,ME-GA,https://www.igu.org/igu-reports/2025-world-lng-report,2025,https://www.igu.org/igu-reports/2025-world-lng-report,,,,IGU,,,,,,,
112,9980851,https://www.igu.org/igu-reports/2025-world-lng-report,Umm Al Hanaya,https://www.vesselfinder.com/vessels/details/9980851,,,,Hull 2639 (SHI),https://www.igu.org/igu-reports/2025-world-lng-report,active,GEM,12/17/2025,https://www.vesselfinder.com/vessels/details/9980851,JP Morgan,https://www.igu.org/igu-reports/2025-world-lng-report,,,Samsung Heavy Industries,https://www.igu.org/igu-reports/2025-world-lng-report,South Korea,https://www.samsungshi.com/En/Default.aspx,34.89804,128.6045,"VJW3+QV Geoje-si, Gyeongsangnam-do",exact,https://www.google.com/maps/place/Samsung+Heavy+industries/data=!3m1!1e3!4m10!1m2!2m1!1ssamsung+heavy+industries!3m6!1s0x356ecd83691a8fb5:0xd4204e9a1bb0ef10!8m2!3d34.8969682!4d128.6046376!15sChhzYW1zdW5nIGhlYXZ5IGluZHVzdHJpZXOSAQhzaGlweWFyZOABAA!16s%2Fg%2F1tgcpry6?entry=ttu&g_ep=EgoyMDI1MTIwMi4wIKXMDSoASAFQAw%3D%3D,174000,cbm,https://www.igu.org/igu-reports/2025-world-lng-report,membrane,https://www.datocms-assets.com/146580/1783403747-igu-world-lng-report-2026.pdf,conventional,https://www.datocms-assets.com/146580/1783403747-igu-world-lng-report-2026.pdf,X-DF,https://www.datocms-assets.com/146580/1783403747-igu-world-lng-report-2026.pdf,2025,https://www.igu.org/igu-reports/2025-world-lng-report,,,,IGU,,,,,,,
113,9981049,https://www.igu.org/igu-reports/2025-world-lng-report,Qtaifan,"https://www.shipvault.com/ships/457608, https://shipvaultapi-gjb8c.ondigitalocean.app/api/units/457608",,Hull 2640 (SHI),"https://www.shipvault.com/ships/457608, https://shipvaultapi-gjb8c.ondigitalocean.app/api/units/457608",Hull 2640 (SHI),https://www.igu.org/igu-reports/2025-world-lng-report,active,GEM,12/31/2024,"https://www.shipvault.com/ships/457608, https://shipvaultapi-gjb8c.ondigitalocean.app/api/units/457608",JP Morgan,https://www.igu.org/igu-reports/2025-world-lng-report,,,Samsung Heavy Industries,https://www.igu.org/igu-reports/2025-world-lng-report,South Korea,https://www.samsungshi.com/En/Default.aspx,34.89804,128.6045,"VJW3+QV Geoje-si, Gyeongsangnam-do",exact,https://www.google.com/maps/place/Samsung+Heavy+industries/data=!3m1!1e3!4m10!1m2!2m1!1ssamsung+heavy+industries!3m6!1s0x356ecd83691a8fb5:0xd4204e9a1bb0ef10!8m2!3d34.8969682!4d128.6046376!15sChhzYW1zdW5nIGhlYXZ5IGluZHVzdHJpZXOSAQhzaGlweWFyZOABAA!16s%2Fg%2F1tgcpry6?entry=ttu&g_ep=EgoyMDI1MTIwMi4wIKXMDSoASAFQAw%3D%3D,174000,cbm,https://www.igu.org/igu-reports/2025-world-lng-report,membrane,https://www.datocms-assets.com/146580/1783403747-igu-world-lng-report-2026.pdf,conventional,https://www.datocms-assets.com/146580/1783403747-igu-world-lng-report-2026.pdf,ME-GA,https://www.igu.org/igu-reports/2025-world-lng-report,2025,"https://www.shipvault.com/ships/457608, https://shipvaultapi-gjb8c.ondigitalocean.app/api/units/457608",,,,IGU,,,,,,,
114,9977270,https://www.igu.org/igu-reports/2025-world-lng-report,Al Sailiya,https://www.vesselfinder.com/vessels/details/9977270,,,,Hull 2641 (SHI),https://www.igu.org/igu-reports/2025-world-lng-report,active,GEM,12/17/2025,https://www.vesselfinder.com/vessels/details/9977270,JP Morgan,https://www.igu.org/igu-reports/2025-world-lng-report,,,Samsung Heavy Industries,https://www.igu.org/igu-reports/2025-world-lng-report,South Korea,https://www.samsungshi.com/En/Default.aspx,34.89804,128.6045,"VJW3+QV Geoje-si, Gyeongsangnam-do",exact,https://www.google.com/maps/place/Samsung+Heavy+industries/data=!3m1!1e3!4m10!1m2!2m1!1ssamsung+heavy+industries!3m6!1s0x356ecd83691a8fb5:0xd4204e9a1bb0ef10!8m2!3d34.8969682!4d128.6046376!15sChhzYW1zdW5nIGhlYXZ5IGluZHVzdHJpZXOSAQhzaGlweWFyZOABAA!16s%2Fg%2F1tgcpry6?entry=ttu&g_ep=EgoyMDI1MTIwMi4wIKXMDSoASAFQAw%3D%3D,174000,cbm,https://www.igu.org/igu-reports/2025-world-lng-report,membrane,https://www.datocms-assets.com/146580/1783403747-igu-world-lng-report-2026.pdf,conventional,https://www.datocms-assets.com/146580/1783403747-igu-world-lng-report-2026.pdf,ME-GA,https://www.igu.org/igu-reports/2025-world-lng-report,2025,https://www.igu.org/igu-reports/2025-world-lng-report,,,,IGU,,,,,,,
115,9977282,https://www.igu.org/igu-reports/2025-world-lng-report,Simsimah,https://www.vesselfinder.com/vessels/details/9977282,,,,Hull 2642 (SHI),https://www.igu.org/igu-reports/2025-world-lng-report,active,GEM,12/17/2025,https://www.vesselfinder.com/vessels/details/9977282,JP Morgan,https://www.igu.org/igu-reports/2025-world-lng-report,,,Samsung Heavy Industries,https://www.igu.org/igu-reports/2025-world-lng-report,South Korea,https://www.samsungshi.com/En/Default.aspx,34.89804,128.6045,"VJW3+QV Geoje-si, Gyeongsangnam-do",exact,https://www.google.com/maps/place/Samsung+Heavy+industries/data=!3m1!1e3!4m10!1m2!2m1!1ssamsung+heavy+industries!3m6!1s0x356ecd83691a8fb5:0xd4204e9a1bb0ef10!8m2!3d34.8969682!4d128.6046376!15sChhzYW1zdW5nIGhlYXZ5IGluZHVzdHJpZXOSAQhzaGlweWFyZOABAA!16s%2Fg%2F1tgcpry6?entry=ttu&g_ep=EgoyMDI1MTIwMi4wIKXMDSoASAFQAw%3D%3D,174000,cbm,https://www.igu.org/igu-reports/2025-world-lng-report,membrane,https://www.datocms-assets.com/146580/1783403747-igu-world-lng-report-2026.pdf,conventional,https://www.datocms-assets.com/146580/1783403747-igu-world-lng-report-2026.pdf,ME-GA,https://www.igu.org/igu-reports/2025-world-lng-report,2025,https://www.igu.org/igu-reports/2025-world-lng-report,,,,IGU,,,,,,,
116,9977294,https://www.igu.org/igu-reports/2025-world-lng-report,Dana,https://www.vesselfinder.com/vessels/details/9977294,,,,Hull 2643 (SHI),https://www.igu.org/igu-reports/2025-world-lng-report,active,GEM,12/17/2025,https://www.vesselfinder.com/vessels/details/9977294,JP Morgan,https://www.igu.org/igu-reports/2025-world-lng-report,,,Samsung Heavy Industries,https://www.igu.org/igu-reports/2025-world-lng-report,South Korea,https://www.samsungshi.com/En/Default.aspx,34.89804,128.6045,"VJW3+QV Geoje-si, Gyeongsangnam-do",exact,https://www.google.com/maps/place/Samsung+Heavy+industries/data=!3m1!1e3!4m10!1m2!2m1!1ssamsung+heavy+industries!3m6!1s0x356ecd83691a8fb5:0xd4204e9a1bb0ef10!8m2!3d34.8969682!4d128.6046376!15sChhzYW1zdW5nIGhlYXZ5IGluZHVzdHJpZXOSAQhzaGlweWFyZOABAA!16s%2Fg%2F1tgcpry6?entry=ttu&g_ep=EgoyMDI1MTIwMi4wIKXMDSoASAFQAw%3D%3D,174000,cbm,https://www.igu.org/igu-reports/2025-world-lng-report,,,conventional,https://www.datocms-assets.com/146580/1783403747-igu-world-lng-report-2026.pdf,ME-GA,https://www.igu.org/igu-reports/2025-world-lng-report,2026,https://www.datocms-assets.com/146580/1783403747-igu-world-lng-report-2026.pdf,yes,2025,https://www.datocms-assets.com/146580/1763396210-1747916410-igu-world-lng-report-2025.pdf,IGU,,,,,,,
117,9977309,https://www.igu.org/igu-reports/2025-world-lng-report,Al Na'amah,"https://www.shipvault.com/ships/457612, https://shipvaultapi-gjb8c.ondigitalocean.app/api/units/457612",,,,Hull 2644 (SHI),https://www.igu.org/igu-reports/2025-world-lng-report,active,GEM,12/17/2025,"https://www.shipvault.com/ships/457612, https://shipvaultapi-gjb8c.ondigitalocean.app/api/units/457612",JP Morgan,https://www.igu.org/igu-reports/2025-world-lng-report,,,Samsung Heavy Industries,https://www.igu.org/igu-reports/2025-world-lng-report,South Korea,https://www.samsungshi.com/En/Default.aspx,34.89804,128.6045,"VJW3+QV Geoje-si, Gyeongsangnam-do",exact,https://www.google.com/maps/place/Samsung+Heavy+industries/data=!3m1!1e3!4m10!1m2!2m1!1ssamsung+heavy+industries!3m6!1s0x356ecd83691a8fb5:0xd4204e9a1bb0ef10!8m2!3d34.8969682!4d128.6046376!15sChhzYW1zdW5nIGhlYXZ5IGluZHVzdHJpZXOSAQhzaGlweWFyZOABAA!16s%2Fg%2F1tgcpry6?entry=ttu&g_ep=EgoyMDI1MTIwMi4wIKXMDSoASAFQAw%3D%3D,174000,cbm,https://www.igu.org/igu-reports/2025-world-lng-report,,,conventional,https://www.datocms-assets.com/146580/1783403747-igu-world-lng-report-2026.pdf,ME-GA,https://www.igu.org/igu-reports/2025-world-lng-report,2026,https://www.datocms-assets.com/146580/1783403747-igu-world-lng-report-2026.pdf,yes,2025,https://www.datocms-assets.com/146580/1763396210-1747916410-igu-world-lng-report-2025.pdf,IGU,,,,,,,
118,9977311,https://www.igu.org/igu-reports/2025-world-lng-report,Umm Al Zubar,https://www.marinetraffic.org/ship-owner-manager-ism-data/SAMSUNG-2645/9977311/1,,,,Hull 2645 (SHI),https://www.igu.org/igu-reports/2025-world-lng-report,active,GEM,12/17/2025,https://www.marinetraffic.org/ship-owner-manager-ism-data/SAMSUNG-2645/9977311/1,JP Morgan,https://www.igu.org/igu-reports/2025-world-lng-report,,,Samsung Heavy Industries,https://www.igu.org/igu-reports/2025-world-lng-report,South Korea,https://www.samsungshi.com/En/Default.aspx,34.89804,128.6045,"VJW3+QV Geoje-si, Gyeongsangnam-do",exact,https://www.google.com/maps/place/Samsung+Heavy+industries/data=!3m1!1e3!4m10!1m2!2m1!1ssamsung+heavy+industries!3m6!1s0x356ecd83691a8fb5:0xd4204e9a1bb0ef10!8m2!3d34.8969682!4d128.6046376!15sChhzYW1zdW5nIGhlYXZ5IGluZHVzdHJpZXOSAQhzaGlweWFyZOABAA!16s%2Fg%2F1tgcpry6?entry=ttu&g_ep=EgoyMDI1MTIwMi4wIKXMDSoASAFQAw%3D%3D,174000,cbm,https://www.igu.org/igu-reports/2025-world-lng-report,,,conventional,https://www.datocms-assets.com/146580/1783403747-igu-world-lng-report-2026.pdf,ME-GA,https://www.igu.org/igu-reports/2025-world-lng-report,2026,https://www.datocms-assets.com/146580/1783403747-igu-world-lng-report-2026.pdf,yes,2025,https://www.datocms-assets.com/146580/1763396210-1747916410-igu-world-lng-report-2025.pdf,IGU,,,,,,,
119,9977323,https://www.igu.org/igu-reports/2025-world-lng-report,Umm Heesh,"https://www.shipvault.com/ships/457614, https://shipvaultapi-gjb8c.ondigitalocean.app/api/units/457614",,Hull 2646 (SHI),"https://www.shipvault.com/ships/457614, https://shipvaultapi-gjb8c.ondigitalocean.app/api/units/457614",Hull 2646 (SHI),https://www.igu.org/igu-reports/2025-world-lng-report,active,GEM,12/31/2024,"https://www.shipvault.com/ships/457614, https://shipvaultapi-gjb8c.ondigitalocean.app/api/units/457614",JP Morgan,https://www.igu.org/igu-reports/2025-world-lng-report,,,Samsung Heavy Industries,https://www.igu.org/igu-reports/2025-world-lng-report,South Korea,https://www.samsungshi.com/En/Default.aspx,34.89804,128.6045,"VJW3+QV Geoje-si, Gyeongsangnam-do",exact,https://www.google.com/maps/place/Samsung+Heavy+industries/data=!3m1!1e3!4m10!1m2!2m1!1ssamsung+heavy+industries!3m6!1s0x356ecd83691a8fb5:0xd4204e9a1bb0ef10!8m2!3d34.8969682!4d128.6046376!15sChhzYW1zdW5nIGhlYXZ5IGluZHVzdHJpZXOSAQhzaGlweWFyZOABAA!16s%2Fg%2F1tgcpry6?entry=ttu&g_ep=EgoyMDI1MTIwMi4wIKXMDSoASAFQAw%3D%3D,174000,cbm,https://www.igu.org/igu-reports/2025-world-lng-report,,,conventional,https://www.datocms-assets.com/146580/1783403747-igu-world-lng-report-2026.pdf,ME-GA,https://www.igu.org/igu-reports/2025-world-lng-report,2026,https://www.igu.org/igu-reports/2025-world-lng-report,,,,IGU,,,,,,,
120,9977335,https://www.igu.org/igu-reports/2025-world-lng-report,Umm Al Shubrum,"https://www.shipvault.com/ships/457615, https://shipvaultapi-gjb8c.ondigitalocean.app/api/units/457615","delivery year initially 2025 but still on order as of Dec 18, so changing to 2026",Hull 2647 (SHI),"https://www.shipvault.com/ships/457615, https://shipvaultapi-gjb8c.ondigitalocean.app/api/units/457615",Hull 2647 (SHI),https://www.igu.org/igu-reports/2025-world-lng-report,active,GEM,12/17/2025,"https://www.shipvault.com/ships/457615, https://shipvaultapi-gjb8c.ondigitalocean.app/api/units/457615",JP Morgan,https://www.igu.org/igu-reports/2025-world-lng-report,,,Samsung Heavy Industries,https://www.igu.org/igu-reports/2025-world-lng-report,South Korea,https://www.samsungshi.com/En/Default.aspx,34.89804,128.6045,"VJW3+QV Geoje-si, Gyeongsangnam-do",exact,https://www.google.com/maps/place/Samsung+Heavy+industries/data=!3m1!1e3!4m10!1m2!2m1!1ssamsung+heavy+industries!3m6!1s0x356ecd83691a8fb5:0xd4204e9a1bb0ef10!8m2!3d34.8969682!4d128.6046376!15sChhzYW1zdW5nIGhlYXZ5IGluZHVzdHJpZXOSAQhzaGlweWFyZOABAA!16s%2Fg%2F1tgcpry6?entry=ttu&g_ep=EgoyMDI1MTIwMi4wIKXMDSoASAFQAw%3D%3D,174000,cbm,https://www.igu.org/igu-reports/2025-world-lng-report,,,conventional,https://www.datocms-assets.com/146580/1783403747-igu-world-lng-report-2026.pdf,ME-GA,https://www.igu.org/igu-reports/2025-world-lng-report,2026,https://system.new-vessels.com/Ship-14695411-Id'Asah.html,,,,IGU,,,,,,,
121,9988700,https://www.igu.org/igu-reports/2025-world-lng-report,Celsius Greenland,https://www.vesselfinder.com/vessels/details/9988700,,,,Hull 2651 (SHI),"https://www.shipvault.com/ships/450944, https://shipvaultapi-gjb8c.ondigitalocean.app/api/units/450944, https://www.datocms-assets.com/146580/1763396210-1747916410-igu-world-lng-report-2025.pdf, https://www.datocms-assets.com/146580/1783403747-igu-world-lng-report-2026.pdf",active,GEM,12/17/2025,https://www.vesselfinder.com/vessels/details/9988700,Celsius Shipping,https://www.igu.org/igu-reports/2025-world-lng-report,Denmark,"https://magicport.ai/owners-managers/denmark/celsius-shipping-aps, https://lngprime.com/vessels/denmarks-celsius-orders-four-lng-carriers-in-china/69940/, https://lngprime.com/asia/celsius-takes-delivery-of-new-lng-tanker/127252/",Samsung Heavy Industries,https://www.igu.org/igu-reports/2025-world-lng-report,South Korea,https://www.samsungshi.com/En/Default.aspx,34.89804,128.6045,"VJW3+QV Geoje-si, Gyeongsangnam-do",exact,https://www.google.com/maps/place/Samsung+Heavy+industries/data=!3m1!1e3!4m10!1m2!2m1!1ssamsung+heavy+industries!3m6!1s0x356ecd83691a8fb5:0xd4204e9a1bb0ef10!8m2!3d34.8969682!4d128.6046376!15sChhzYW1zdW5nIGhlYXZ5IGluZHVzdHJpZXOSAQhzaGlweWFyZOABAA!16s%2Fg%2F1tgcpry6?entry=ttu&g_ep=EgoyMDI1MTIwMi4wIKXMDSoASAFQAw%3D%3D,180000,cbm,https://www.igu.org/igu-reports/2025-world-lng-report,,,conventional,https://www.datocms-assets.com/146580/1783403747-igu-world-lng-report-2026.pdf,ME-GA,https://www.igu.org/igu-reports/2025-world-lng-report,2026,https://www.datocms-assets.com/146580/1783403747-igu-world-lng-report-2026.pdf,yes,2025,https://www.datocms-assets.com/146580/1763396210-1747916410-igu-world-lng-report-2025.pdf,IGU,,,,,,,
122,9988023,https://www.igu.org/igu-reports/2025-world-lng-report,Minerva Eleonora,"https://www.shipvault.com/ships/461095, https://shipvaultapi-gjb8c.ondigitalocean.app/api/units/461095",,Hull 2652 (SHI),"https://www.shipvault.com/ships/461095, https://shipvaultapi-gjb8c.ondigitalocean.app/api/units/461095",Hull 2652 (SHI),https://www.igu.org/igu-reports/2025-world-lng-report,active,GEM,12/31/2024,"https://www.shipvault.com/ships/461095, https://shipvaultapi-gjb8c.ondigitalocean.app/api/units/461095",Minerva Marine,https://www.igu.org/igu-reports/2025-world-lng-report,,,Samsung Heavy Industries,https://www.igu.org/igu-reports/2025-world-lng-report,South Korea,https://www.samsungshi.com/En/Default.aspx,34.89804,128.6045,"VJW3+QV Geoje-si, Gyeongsangnam-do",exact,https://www.google.com/maps/place/Samsung+Heavy+industries/data=!3m1!1e3!4m10!1m2!2m1!1ssamsung+heavy+industries!3m6!1s0x356ecd83691a8fb5:0xd4204e9a1bb0ef10!8m2!3d34.8969682!4d128.6046376!15sChhzYW1zdW5nIGhlYXZ5IGluZHVzdHJpZXOSAQhzaGlweWFyZOABAA!16s%2Fg%2F1tgcpry6?entry=ttu&g_ep=EgoyMDI1MTIwMi4wIKXMDSoASAFQAw%3D%3D,174000,cbm,https://www.igu.org/igu-reports/2025-world-lng-report,,,conventional,https://www.datocms-assets.com/146580/1783403747-igu-world-lng-report-2026.pdf,ME-GA,https://www.igu.org/igu-reports/2025-world-lng-report,2026,https://www.igu.org/igu-reports/2025-world-lng-report,,,,IGU,,,,,,,
123,9988035,https://www.igu.org/igu-reports/2025-world-lng-report,Minerva Roxanne,"https://www.shipvault.com/ships/461096, https://shipvaultapi-gjb8c.ondigitalocean.app/api/units/461096",,Hull 2653 (SHI),"https://www.shipvault.com/ships/461096, https://shipvaultapi-gjb8c.ondigitalocean.app/api/units/461096",Hull 2653 (SHI),https://www.igu.org/igu-reports/2025-world-lng-report,active,GEM,12/31/2024,"https://www.shipvault.com/ships/461096, https://shipvaultapi-gjb8c.ondigitalocean.app/api/units/461096",Minerva Marine,https://www.igu.org/igu-reports/2025-world-lng-report,,,Samsung Heavy Industries,https://www.igu.org/igu-reports/2025-world-lng-report,South Korea,https://www.samsungshi.com/En/Default.aspx,34.89804,128.6045,"VJW3+QV Geoje-si, Gyeongsangnam-do",exact,https://www.google.com/maps/place/Samsung+Heavy+industries/data=!3m1!1e3!4m10!1m2!2m1!1ssamsung+heavy+industries!3m6!1s0x356ecd83691a8fb5:0xd4204e9a1bb0ef10!8m2!3d34.8969682!4d128.6046376!15sChhzYW1zdW5nIGhlYXZ5IGluZHVzdHJpZXOSAQhzaGlweWFyZOABAA!16s%2Fg%2F1tgcpry6?entry=ttu&g_ep=EgoyMDI1MTIwMi4wIKXMDSoASAFQAw%3D%3D,174000,cbm,https://www.igu.org/igu-reports/2025-world-lng-report,,,conventional,https://www.datocms-assets.com/146580/1783403747-igu-world-lng-report-2026.pdf,ME-GA,https://www.igu.org/igu-reports/2025-world-lng-report,2026,https://www.igu.org/igu-reports/2025-world-lng-report,,,,IGU,,,,,,,
124,9992103,https://www.igu.org/igu-reports/2025-world-lng-report,Hull 2656 (SHI),https://www.igu.org/igu-reports/2025-world-lng-report,,,,Hull 2656 (SHI),https://www.igu.org/igu-reports/2025-world-lng-report,on order,GEM,12/31/2024,https://www.igu.org/igu-reports/2025-world-lng-report,Seapeak,https://www.igu.org/igu-reports/2025-world-lng-report,,,Samsung Heavy Industries,https://www.igu.org/igu-reports/2025-world-lng-report,South Korea,https://www.samsungshi.com/En/Default.aspx,34.89804,128.6045,"VJW3+QV Geoje-si, Gyeongsangnam-do",exact,https://www.google.com/maps/place/Samsung+Heavy+industries/data=!3m1!1e3!4m10!1m2!2m1!1ssamsung+heavy+industries!3m6!1s0x356ecd83691a8fb5:0xd4204e9a1bb0ef10!8m2!3d34.8969682!4d128.6046376!15sChhzYW1zdW5nIGhlYXZ5IGluZHVzdHJpZXOSAQhzaGlweWFyZOABAA!16s%2Fg%2F1tgcpry6?entry=ttu&g_ep=EgoyMDI1MTIwMi4wIKXMDSoASAFQAw%3D%3D,174000,cbm,https://www.igu.org/igu-reports/2025-world-lng-report,,,conventional,https://www.datocms-assets.com/146580/1783403747-igu-world-lng-report-2026.pdf,ME-GA,https://www.igu.org/igu-reports/2025-world-lng-report,2027,https://www.igu.org/igu-reports/2025-world-lng-report,,,,IGU,,,,,216000000.00,USD,https://www.offshore-energy.biz/seapeak-behind-order-for-five-lng-carriers-at-samsung-heavy/
125,9992115,https://www.igu.org/igu-reports/2025-world-lng-report,Hull 2657 (SHI),https://www.igu.org/igu-reports/2025-world-lng-report,,,,Hull 2657 (SHI),https://www.igu.org/igu-reports/2025-world-lng-report,on order,GEM,12/31/2024,https://www.igu.org/igu-reports/2025-world-lng-report,Seapeak,https://www.igu.org/igu-reports/2025-world-lng-report,,,Samsung Heavy Industries,https://www.igu.org/igu-reports/2025-world-lng-report,South Korea,https://www.samsungshi.com/En/Default.aspx,34.89804,128.6045,"VJW3+QV Geoje-si, Gyeongsangnam-do",exact,https://www.google.com/maps/place/Samsung+Heavy+industries/data=!3m1!1e3!4m10!1m2!2m1!1ssamsung+heavy+industries!3m6!1s0x356ecd83691a8fb5:0xd4204e9a1bb0ef10!8m2!3d34.8969682!4d128.6046376!15sChhzYW1zdW5nIGhlYXZ5IGluZHVzdHJpZXOSAQhzaGlweWFyZOABAA!16s%2Fg%2F1tgcpry6?entry=ttu&g_ep=EgoyMDI1MTIwMi4wIKXMDSoASAFQAw%3D%3D,174000,cbm,https://www.igu.org/igu-reports/2025-world-lng-report,,,conventional,https://www.datocms-assets.com/146580/1783403747-igu-world-lng-report-2026.pdf,ME-GA,https://www.igu.org/igu-reports/2025-world-lng-report,2027,https://www.igu.org/igu-reports/2025-world-lng-report,,,,IGU,,,,,216000000.00,USD,https://www.offshore-energy.biz/seapeak-behind-order-for-five-lng-carriers-at-samsung-heavy/
126,9992127,https://www.igu.org/igu-reports/2025-world-lng-report,Hull 2658 (SHI),https://www.igu.org/igu-reports/2025-world-lng-report,,,,Hull 2658 (SHI),https://www.igu.org/igu-reports/2025-world-lng-report,on order,GEM,12/31/2024,https://www.igu.org/igu-reports/2025-world-lng-report,Seapeak,https://www.igu.org/igu-reports/2025-world-lng-report,,,Samsung Heavy Industries,https://www.igu.org/igu-reports/2025-world-lng-report,South Korea,https://www.samsungshi.com/En/Default.aspx,34.89804,128.6045,"VJW3+QV Geoje-si, Gyeongsangnam-do",exact,https://www.google.com/maps/place/Samsung+Heavy+industries/data=!3m1!1e3!4m10!1m2!2m1!1ssamsung+heavy+industries!3m6!1s0x356ecd83691a8fb5:0xd4204e9a1bb0ef10!8m2!3d34.8969682!4d128.6046376!15sChhzYW1zdW5nIGhlYXZ5IGluZHVzdHJpZXOSAQhzaGlweWFyZOABAA!16s%2Fg%2F1tgcpry6?entry=ttu&g_ep=EgoyMDI1MTIwMi4wIKXMDSoASAFQAw%3D%3D,174000,cbm,https://www.igu.org/igu-reports/2025-world-lng-report,,,conventional,https://www.datocms-assets.com/146580/1783403747-igu-world-lng-report-2026.pdf,ME-GA,https://www.igu.org/igu-reports/2025-world-lng-report,2027,https://www.igu.org/igu-reports/2025-world-lng-report,,,,IGU,,,,,216000000.00,USD,https://www.offshore-energy.biz/seapeak-behind-order-for-five-lng-carriers-at-samsung-heavy/
127,9992139,https://www.igu.org/igu-reports/2025-world-lng-report,Hull 2659 (SHI),https://www.igu.org/igu-reports/2025-world-lng-report,,,,Hull 2659 (SHI),https://www.igu.org/igu-reports/2025-world-lng-report,on order,GEM,12/31/2024,https://www.igu.org/igu-reports/2025-world-lng-report,Seapeak,https://www.igu.org/igu-reports/2025-world-lng-report,,,Samsung Heavy Industries,https://www.igu.org/igu-reports/2025-world-lng-report,South Korea,https://www.samsungshi.com/En/Default.aspx,34.89804,128.6045,"VJW3+QV Geoje-si, Gyeongsangnam-do",exact,https://www.google.com/maps/place/Samsung+Heavy+industries/data=!3m1!1e3!4m10!1m2!2m1!1ssamsung+heavy+industries!3m6!1s0x356ecd83691a8fb5:0xd4204e9a1bb0ef10!8m2!3d34.8969682!4d128.6046376!15sChhzYW1zdW5nIGhlYXZ5IGluZHVzdHJpZXOSAQhzaGlweWFyZOABAA!16s%2Fg%2F1tgcpry6?entry=ttu&g_ep=EgoyMDI1MTIwMi4wIKXMDSoASAFQAw%3D%3D,174000,cbm,https://www.igu.org/igu-reports/2025-world-lng-report,,,conventional,https://www.datocms-assets.com/146580/1783403747-igu-world-lng-report-2026.pdf,ME-GA,https://www.igu.org/igu-reports/2025-world-lng-report,2027,https://www.igu.org/igu-reports/2025-world-lng-report,,,,IGU,,,,,216000000.00,USD,https://www.offshore-energy.biz/seapeak-behind-order-for-five-lng-carriers-at-samsung-heavy/
128,9992141,https://www.igu.org/igu-reports/2025-world-lng-report,Hull 2660 (SHI),https://www.igu.org/igu-reports/2025-world-lng-report,,,,Hull 2660 (SHI),https://www.igu.org/igu-reports/2025-world-lng-report,on order,GEM,12/31/2024,https://www.igu.org/igu-reports/2025-world-lng-report,Seapeak,https://www.igu.org/igu-reports/2025-world-lng-report,,,Samsung Heavy Industries,https://www.igu.org/igu-reports/2025-world-lng-report,South Korea,https://www.samsungshi.com/En/Default.aspx,34.89804,128.6045,"VJW3+QV Geoje-si, Gyeongsangnam-do",exact,https://www.google.com/maps/place/Samsung+Heavy+industries/data=!3m1!1e3!4m10!1m2!2m1!1ssamsung+heavy+industries!3m6!1s0x356ecd83691a8fb5:0xd4204e9a1bb0ef10!8m2!3d34.8969682!4d128.6046376!15sChhzYW1zdW5nIGhlYXZ5IGluZHVzdHJpZXOSAQhzaGlweWFyZOABAA!16s%2Fg%2F1tgcpry6?entry=ttu&g_ep=EgoyMDI1MTIwMi4wIKXMDSoASAFQAw%3D%3D,174000,cbm,https://www.igu.org/igu-reports/2025-world-lng-report,,,conventional,https://www.datocms-assets.com/146580/1783403747-igu-world-lng-report-2026.pdf,ME-GA,https://www.igu.org/igu-reports/2025-world-lng-report,2027,https://www.igu.org/igu-reports/2025-world-lng-report,,,,IGU,,,,,216000000.00,USD,https://www.offshore-energy.biz/seapeak-behind-order-for-five-lng-carriers-at-samsung-heavy/
129,1019668,https://www.igu.org/igu-reports/2025-world-lng-report,Gamy Vanguard,"https://www.shipvault.com/ships/463994, https://shipvaultapi-gjb8c.ondigitalocean.app/api/units/463994",,Hull 2662 (SHI),"https://www.shipvault.com/ships/463994, https://shipvaultapi-gjb8c.ondigitalocean.app/api/units/463994",Hull 2662 (SHI),https://www.igu.org/igu-reports/2025-world-lng-report,on order,GEM,12/31/2024,https://www.igu.org/igu-reports/2025-world-lng-report,MOL,https://www.igu.org/igu-reports/2025-world-lng-report,,,Samsung Heavy Industries,https://www.igu.org/igu-reports/2025-world-lng-report,South Korea,https://www.samsungshi.com/En/Default.aspx,34.89804,128.6045,"VJW3+QV Geoje-si, Gyeongsangnam-do",exact,https://www.google.com/maps/place/Samsung+Heavy+industries/data=!3m1!1e3!4m10!1m2!2m1!1ssamsung+heavy+industries!3m6!1s0x356ecd83691a8fb5:0xd4204e9a1bb0ef10!8m2!3d34.8969682!4d128.6046376!15sChhzYW1zdW5nIGhlYXZ5IGluZHVzdHJpZXOSAQhzaGlweWFyZOABAA!16s%2Fg%2F1tgcpry6?entry=ttu&g_ep=EgoyMDI1MTIwMi4wIKXMDSoASAFQAw%3D%3D,174000,cbm,https://www.igu.org/igu-reports/2025-world-lng-report,,,conventional,https://www.datocms-assets.com/146580/1783403747-igu-world-lng-report-2026.pdf,ME-GA,https://www.igu.org/igu-reports/2025-world-lng-report,2026,https://www.igu.org/igu-reports/2025-world-lng-report,,,,IGU,MOL,https://lngprime.com/asia/samsung-heavy-to-build-lng-carrier-duo-for-about-496-million/72449/,01-Feb-2023,https://lngprime.com/asia/samsung-heavy-to-build-lng-carrier-duo-for-about-496-million/72449/,248000000.00,USD,https://lngprime.com/asia/samsung-heavy-to-build-lng-carrier-duo-for-about-496-million/72449/
130,1019670,https://www.igu.org/igu-reports/2025-world-lng-report,Hull 2663 (SHI),https://www.igu.org/igu-reports/2025-world-lng-report,,,,Hull 2663 (SHI),https://www.igu.org/igu-reports/2025-world-lng-report,on order,GEM,12/31/2024,https://www.igu.org/igu-reports/2025-world-lng-report,MOL,https://www.igu.org/igu-reports/2025-world-lng-report,,,Samsung Heavy Industries,https://www.igu.org/igu-reports/2025-world-lng-report,South Korea,https://www.samsungshi.com/En/Default.aspx,34.89804,128.6045,"VJW3+QV Geoje-si, Gyeongsangnam-do",exact,https://www.google.com/maps/place/Samsung+Heavy+industries/data=!3m1!1e3!4m10!1m2!2m1!1ssamsung+heavy+industries!3m6!1s0x356ecd83691a8fb5:0xd4204e9a1bb0ef10!8m2!3d34.8969682!4d128.6046376!15sChhzYW1zdW5nIGhlYXZ5IGluZHVzdHJpZXOSAQhzaGlweWFyZOABAA!16s%2Fg%2F1tgcpry6?entry=ttu&g_ep=EgoyMDI1MTIwMi4wIKXMDSoASAFQAw%3D%3D,174000,cbm,https://www.igu.org/igu-reports/2025-world-lng-report,,,conventional,https://www.datocms-assets.com/146580/1783403747-igu-world-lng-report-2026.pdf,ME-GA,https://www.igu.org/igu-reports/2025-world-lng-report,2027,"https://www.shipvault.com/ships/463995, https://shipvaultapi-gjb8c.ondigitalocean.app/api/units/463995, https://www.datocms-assets.com/146580/1783403747-igu-world-lng-report-2026.pdf",yes,2026,https://www.datocms-assets.com/146580/1763396210-1747916410-igu-world-lng-report-2025.pdf,IGU,,,,,,,
131,1023401,https://www.igu.org/igu-reports/2025-world-lng-report,Diamond Gas Jade,"https://www.shipvault.com/ships/465878, https://shipvaultapi-gjb8c.ondigitalocean.app/api/units/465878",,Hull 2664 (SHI),"https://www.shipvault.com/ships/465878, https://shipvaultapi-gjb8c.ondigitalocean.app/api/units/465878",Hull 2664 (SHI),https://www.igu.org/igu-reports/2025-world-lng-report,on order,GEM,12/31/2024,https://www.igu.org/igu-reports/2025-world-lng-report,K Line,https://www.igu.org/igu-reports/2025-world-lng-report,,,Samsung Heavy Industries,https://www.igu.org/igu-reports/2025-world-lng-report,South Korea,https://www.samsungshi.com/En/Default.aspx,34.89804,128.6045,"VJW3+QV Geoje-si, Gyeongsangnam-do",exact,https://www.google.com/maps/place/Samsung+Heavy+industries/data=!3m1!1e3!4m10!1m2!2m1!1ssamsung+heavy+industries!3m6!1s0x356ecd83691a8fb5:0xd4204e9a1bb0ef10!8m2!3d34.8969682!4d128.6046376!15sChhzYW1zdW5nIGhlYXZ5IGluZHVzdHJpZXOSAQhzaGlweWFyZOABAA!16s%2Fg%2F1tgcpry6?entry=ttu&g_ep=EgoyMDI1MTIwMi4wIKXMDSoASAFQAw%3D%3D,174000,cbm,https://www.igu.org/igu-reports/2025-world-lng-report,,,conventional,https://www.datocms-assets.com/146580/1783403747-igu-world-lng-report-2026.pdf,ME-GA,https://www.igu.org/igu-reports/2025-world-lng-report,2026,https://www.igu.org/igu-reports/2025-world-lng-report,,,,IGU,,,,,,,
132,1023413,https://www.igu.org/igu-reports/2025-world-lng-report,Toho Emerald,"https://www.shipvault.com/ships/465879, https://shipvaultapi-gjb8c.ondigitalocean.app/api/units/465879",,Hull 2665 (SHI),"https://www.shipvault.com/ships/465879, https://shipvaultapi-gjb8c.ondigitalocean.app/api/units/465879",Hull 2665 (SHI),https://www.igu.org/igu-reports/2025-world-lng-report,on order,GEM,12/31/2024,https://www.igu.org/igu-reports/2025-world-lng-report,K Line,https://www.igu.org/igu-reports/2025-world-lng-report,,,Samsung Heavy Industries,https://www.igu.org/igu-reports/2025-world-lng-report,South Korea,https://www.samsungshi.com/En/Default.aspx,34.89804,128.6045,"VJW3+QV Geoje-si, Gyeongsangnam-do",exact,https://www.google.com/maps/place/Samsung+Heavy+industries/data=!3m1!1e3!4m10!1m2!2m1!1ssamsung+heavy+industries!3m6!1s0x356ecd83691a8fb5:0xd4204e9a1bb0ef10!8m2!3d34.8969682!4d128.6046376!15sChhzYW1zdW5nIGhlYXZ5IGluZHVzdHJpZXOSAQhzaGlweWFyZOABAA!16s%2Fg%2F1tgcpry6?entry=ttu&g_ep=EgoyMDI1MTIwMi4wIKXMDSoASAFQAw%3D%3D,174000,cbm,https://www.igu.org/igu-reports/2025-world-lng-report,,,conventional,https://www.datocms-assets.com/146580/1783403747-igu-world-lng-report-2026.pdf,ME-GA,https://www.igu.org/igu-reports/2025-world-lng-report,2026,https://www.igu.org/igu-reports/2025-world-lng-report,,,,IGU,,,,,,,
133,1022251,https://www.igu.org/igu-reports/2025-world-lng-report,Hull 2668 (SHI),https://www.igu.org/igu-reports/2025-world-lng-report,,,,Hull 2668 (SHI),https://www.igu.org/igu-reports/2025-world-lng-report,on order,GEM,12/31/2024,https://www.igu.org/igu-reports/2025-world-lng-report,Chevron,https://www.igu.org/igu-reports/2025-world-lng-report,,,Samsung Heavy Industries,https://www.igu.org/igu-reports/2025-world-lng-report,South Korea,https://www.samsungshi.com/En/Default.aspx,34.89804,128.6045,"VJW3+QV Geoje-si, Gyeongsangnam-do",exact,https://www.google.com/maps/place/Samsung+Heavy+industries/data=!3m1!1e3!4m10!1m2!2m1!1ssamsung+heavy+industries!3m6!1s0x356ecd83691a8fb5:0xd4204e9a1bb0ef10!8m2!3d34.8969682!4d128.6046376!15sChhzYW1zdW5nIGhlYXZ5IGluZHVzdHJpZXOSAQhzaGlweWFyZOABAA!16s%2Fg%2F1tgcpry6?entry=ttu&g_ep=EgoyMDI1MTIwMi4wIKXMDSoASAFQAw%3D%3D,174000,cbm,https://www.igu.org/igu-reports/2025-world-lng-report,,,conventional,https://www.datocms-assets.com/146580/1783403747-igu-world-lng-report-2026.pdf,ME-GA,https://www.igu.org/igu-reports/2025-world-lng-report,2028,https://www.igu.org/igu-reports/2025-world-lng-report,,,,IGU,,,,,,,
134,1022263,https://www.igu.org/igu-reports/2025-world-lng-report,Hull 2669 (SHI),https://www.igu.org/igu-reports/2025-world-lng-report,,,,Hull 2669 (SHI),https://www.igu.org/igu-reports/2025-world-lng-report,on order,GEM,12/31/2024,https://www.igu.org/igu-reports/2025-world-lng-report,Chevron,https://www.igu.org/igu-reports/2025-world-lng-report,,,Samsung Heavy Industries,https://www.igu.org/igu-reports/2025-world-lng-report,South Korea,https://www.samsungshi.com/En/Default.aspx,34.89804,128.6045,"VJW3+QV Geoje-si, Gyeongsangnam-do",exact,https://www.google.com/maps/place/Samsung+Heavy+industries/data=!3m1!1e3!4m10!1m2!2m1!1ssamsung+heavy+industries!3m6!1s0x356ecd83691a8fb5:0xd4204e9a1bb0ef10!8m2!3d34.8969682!4d128.6046376!15sChhzYW1zdW5nIGhlYXZ5IGluZHVzdHJpZXOSAQhzaGlweWFyZOABAA!16s%2Fg%2F1tgcpry6?entry=ttu&g_ep=EgoyMDI1MTIwMi4wIKXMDSoASAFQAw%3D%3D,174000,cbm,https://www.igu.org/igu-reports/2025-world-lng-report,,,conventional,https://www.datocms-assets.com/146580/1783403747-igu-world-lng-report-2026.pdf,ME-GA,https://www.igu.org/igu-reports/2025-world-lng-report,2028,https://www.igu.org/igu-reports/2025-world-lng-report,,,,IGU,,,,,,,
135,1041439,https://www.igu.org/igu-reports/2025-world-lng-report,Barthy Vanguard,"https://www.shipvault.com/ships/471277, https://shipvaultapi-gjb8c.ondigitalocean.app/api/units/471277",,Hull 2687 (SHI),"https://www.shipvault.com/ships/471277, https://shipvaultapi-gjb8c.ondigitalocean.app/api/units/471277",Hull 2687 (SHI),https://www.igu.org/igu-reports/2025-world-lng-report,on order,GEM,12/31/2024,https://www.igu.org/igu-reports/2025-world-lng-report,MOL,https://www.igu.org/igu-reports/2025-world-lng-report,,,Samsung Heavy Industries,https://www.igu.org/igu-reports/2025-world-lng-report,South Korea,https://www.samsungshi.com/En/Default.aspx,34.89804,128.6045,"VJW3+QV Geoje-si, Gyeongsangnam-do",exact,https://www.google.com/maps/place/Samsung+Heavy+industries/data=!3m1!1e3!4m10!1m2!2m1!1ssamsung+heavy+industries!3m6!1s0x356ecd83691a8fb5:0xd4204e9a1bb0ef10!8m2!3d34.8969682!4d128.6046376!15sChhzYW1zdW5nIGhlYXZ5IGluZHVzdHJpZXOSAQhzaGlweWFyZOABAA!16s%2Fg%2F1tgcpry6?entry=ttu&g_ep=EgoyMDI1MTIwMi4wIKXMDSoASAFQAw%3D%3D,174000,cbm,https://www.igu.org/igu-reports/2025-world-lng-report,,,conventional,https://www.datocms-assets.com/146580/1783403747-igu-world-lng-report-2026.pdf,ME-GA,https://www.igu.org/igu-reports/2025-world-lng-report,2027,https://www.igu.org/igu-reports/2025-world-lng-report,,,,IGU,,,,,,,
136,1069950,https://www.igu.org/igu-reports/2025-world-lng-report,Al Ghafat,"https://www.shipvault.com/ships/478219, https://shipvaultapi-gjb8c.ondigitalocean.app/api/units/478219, https://www.marinetraffic.org/ship-owner-manager-ism-data/AL-GHAFAT/1069950/1",,Hull 2693 (Hanwha),https://www.datocms-assets.com/146580/1763396210-1747916410-igu-world-lng-report-2025.pdf,Hull 2693 (Hanwha),https://www.igu.org/igu-reports/2025-world-lng-report,on order,GEM,12/31/2024,https://www.igu.org/igu-reports/2025-world-lng-report,K Line / Hyundai Glovis,https://www.igu.org/igu-reports/2025-world-lng-report,,,Hanwha Ocean,https://www.igu.org/igu-reports/2025-world-lng-report,South Korea,https://www.hanwha.com/companies/hanwha-ocean.do,34.87385,128.6966,"VMCW+V7 Geoje-si, Gyeongsangnam-do",exact,https://www.google.com/maps/place/Hanwha+Ocean/data=!3m1!1e3!4m10!1m2!2m1!1sHanwha+Ocean!3m6!1s0x356ecd1d7a72f7db:0x3bfe90e7d8bf93f0!8m2!3d34.8721913!4d128.6956963!15sCgxIYW53aGEgT2NlYW5aDiIMaGFud2hhIG9jZWFukgEfc2hpcGJ1aWxkaW5nX2FuZF9yZXBhaXJfY29tcGFueZoBI0NoWkRTVWhOTUc5blMwVkpRMEZuVFVSUmRYVkVTMWhuRUFF4AEA-gEECAAQLA!16s%2Fg%2F11swmd6_76?entry=ttu&g_ep=EgoyMDI1MTIwMi4wIKXMDSoASAFQAw%3D%3D,174000,cbm,https://www.igu.org/igu-reports/2025-world-lng-report,,,conventional,https://www.datocms-assets.com/146580/1783403747-igu-world-lng-report-2026.pdf,X-DF,https://www.igu.org/igu-reports/2025-world-lng-report,2028,https://www.igu.org/igu-reports/2025-world-lng-report,,,,IGU,,,,,,,
137,1063384,https://www.igu.org/igu-reports/2025-world-lng-report,Hull 2693 (SHI),https://www.igu.org/igu-reports/2025-world-lng-report,,,,Hull 2693 (SHI),https://www.igu.org/igu-reports/2025-world-lng-report,on order,GEM,12/31/2024,https://www.igu.org/igu-reports/2025-world-lng-report,MISC,https://www.igu.org/igu-reports/2025-world-lng-report,Malaysia,"https://www.misc.com.my/contact-us/, https://www.miscgroup.com/awcontent/Web/Documents/IntegratedAnnualReport/Integrated-Annual-Report-2025.pdf, https://en.wikipedia.org/wiki/MISC_Berhad",Samsung Heavy Industries,https://www.igu.org/igu-reports/2025-world-lng-report,South Korea,https://www.samsungshi.com/En/Default.aspx,34.89804,128.6045,"VJW3+QV Geoje-si, Gyeongsangnam-do",exact,https://www.google.com/maps/place/Samsung+Heavy+industries/data=!3m1!1e3!4m10!1m2!2m1!1ssamsung+heavy+industries!3m6!1s0x356ecd83691a8fb5:0xd4204e9a1bb0ef10!8m2!3d34.8969682!4d128.6046376!15sChhzYW1zdW5nIGhlYXZ5IGluZHVzdHJpZXOSAQhzaGlweWFyZOABAA!16s%2Fg%2F1tgcpry6?entry=ttu&g_ep=EgoyMDI1MTIwMi4wIKXMDSoASAFQAw%3D%3D,174000,cbm,https://www.igu.org/igu-reports/2025-world-lng-report,,,conventional,https://www.datocms-assets.com/146580/1783403747-igu-world-lng-report-2026.pdf,X-DF,https://www.igu.org/igu-reports/2025-world-lng-report,2026,https://www.igu.org/igu-reports/2025-world-lng-report,,,,IGU,,,,,,,
138,1069962,https://www.igu.org/igu-reports/2025-world-lng-report,Al Sidriya,"https://www.shipvault.com/ships/478220, https://shipvaultapi-gjb8c.ondigitalocean.app/api/units/478220, https://www.marinetraffic.org/ship-owner-manager-ism-data/AL-SIDRIYA/1069962/1",,Hull 2694 (Hanwha),https://www.datocms-assets.com/146580/1763396210-1747916410-igu-world-lng-report-2025.pdf,Hull 2694 (Hanwha),https://www.igu.org/igu-reports/2025-world-lng-report,on order,GEM,12/31/2024,https://www.igu.org/igu-reports/2025-world-lng-report,K Line / Hyundai Glovis,https://www.igu.org/igu-reports/2025-world-lng-report,,,Hanwha Ocean,https://www.igu.org/igu-reports/2025-world-lng-report,South Korea,https://www.hanwha.com/companies/hanwha-ocean.do,34.87385,128.6966,"VMCW+V7 Geoje-si, Gyeongsangnam-do",exact,https://www.google.com/maps/place/Hanwha+Ocean/data=!3m1!1e3!4m10!1m2!2m1!1sHanwha+Ocean!3m6!1s0x356ecd1d7a72f7db:0x3bfe90e7d8bf93f0!8m2!3d34.8721913!4d128.6956963!15sCgxIYW53aGEgT2NlYW5aDiIMaGFud2hhIG9jZWFukgEfc2hpcGJ1aWxkaW5nX2FuZF9yZXBhaXJfY29tcGFueZoBI0NoWkRTVWhOTUc5blMwVkpRMEZuVFVSUmRYVkVTMWhuRUFF4AEA-gEECAAQLA!16s%2Fg%2F11swmd6_76?entry=ttu&g_ep=EgoyMDI1MTIwMi4wIKXMDSoASAFQAw%3D%3D,174000,cbm,https://www.igu.org/igu-reports/2025-world-lng-report,,,conventional,https://www.datocms-assets.com/146580/1783403747-igu-world-lng-report-2026.pdf,X-DF,https://www.igu.org/igu-reports/2025-world-lng-report,2028,https://www.igu.org/igu-reports/2025-world-lng-report,,,,IGU,,,,,,,
139,1070727,https://www.igu.org/igu-reports/2025-world-lng-report,Lekhraib,"https://www.shipvault.com/ships/479139, https://shipvaultapi-gjb8c.ondigitalocean.app/api/units/479139, https://www.marinetraffic.org/ship-owner-manager-ism-data/LEKHRAIB/1070727/477262100",,Hull 2694 (SHI),"https://www.shipvault.com/ships/479139, https://shipvaultapi-gjb8c.ondigitalocean.app/api/units/479139",Hull 2694 (SHI),https://www.igu.org/igu-reports/2025-world-lng-report,on order,GEM,12/31/2024,https://www.igu.org/igu-reports/2025-world-lng-report,CMES,https://www.igu.org/igu-reports/2025-world-lng-report,,,Samsung Heavy Industries,https://www.igu.org/igu-reports/2025-world-lng-report,South Korea,https://www.samsungshi.com/En/Default.aspx,34.89804,128.6045,"VJW3+QV Geoje-si, Gyeongsangnam-do",exact,https://www.google.com/maps/place/Samsung+Heavy+industries/data=!3m1!1e3!4m10!1m2!2m1!1ssamsung+heavy+industries!3m6!1s0x356ecd83691a8fb5:0xd4204e9a1bb0ef10!8m2!3d34.8969682!4d128.6046376!15sChhzYW1zdW5nIGhlYXZ5IGluZHVzdHJpZXOSAQhzaGlweWFyZOABAA!16s%2Fg%2F1tgcpry6?entry=ttu&g_ep=EgoyMDI1MTIwMi4wIKXMDSoASAFQAw%3D%3D,174000,cbm,https://www.igu.org/igu-reports/2025-world-lng-report,,,conventional,https://www.datocms-assets.com/146580/1783403747-igu-world-lng-report-2026.pdf,X-DF,https://www.igu.org/igu-reports/2025-world-lng-report,2028,https://www.igu.org/igu-reports/2025-world-lng-report,,,,IGU,,,,,,,
140,1069974,https://www.igu.org/igu-reports/2025-world-lng-report,Ain Snan,"https://www.shipvault.com/ships/478221, https://shipvaultapi-gjb8c.ondigitalocean.app/api/units/478221, https://www.marinetraffic.org/ship-owner-manager-ism-data/AIN-SNAN/1069974/1",,Hull 2695 (Hanwha),https://www.datocms-assets.com/146580/1763396210-1747916410-igu-world-lng-report-2025.pdf,Hull 2695 (Hanwha),https://www.igu.org/igu-reports/2025-world-lng-report,on order,GEM,12/31/2024,https://www.igu.org/igu-reports/2025-world-lng-report,K Line / Hyundai Glovis,https://www.igu.org/igu-reports/2025-world-lng-report,,,Hanwha Ocean,https://www.igu.org/igu-reports/2025-world-lng-report,South Korea,https://www.hanwha.com/companies/hanwha-ocean.do,34.87385,128.6966,"VMCW+V7 Geoje-si, Gyeongsangnam-do",exact,https://www.google.com/maps/place/Hanwha+Ocean/data=!3m1!1e3!4m10!1m2!2m1!1sHanwha+Ocean!3m6!1s0x356ecd1d7a72f7db:0x3bfe90e7d8bf93f0!8m2!3d34.8721913!4d128.6956963!15sCgxIYW53aGEgT2NlYW5aDiIMaGFud2hhIG9jZWFukgEfc2hpcGJ1aWxkaW5nX2FuZF9yZXBhaXJfY29tcGFueZoBI0NoWkRTVWhOTUc5blMwVkpRMEZuVFVSUmRYVkVTMWhuRUFF4AEA-gEECAAQLA!16s%2Fg%2F11swmd6_76?entry=ttu&g_ep=EgoyMDI1MTIwMi4wIKXMDSoASAFQAw%3D%3D,174000,cbm,https://www.igu.org/igu-reports/2025-world-lng-report,,,conventional,https://www.datocms-assets.com/146580/1783403747-igu-world-lng-report-2026.pdf,X-DF,https://www.igu.org/igu-reports/2025-world-lng-report,2028,https://www.igu.org/igu-reports/2025-world-lng-report,,,,IGU,,,,,,,
141,1063396,https://www.igu.org/igu-reports/2025-world-lng-report,Hull 2695 (SHI),https://www.igu.org/igu-reports/2025-world-lng-report,,,,Hull 2695 (SHI),https://www.igu.org/igu-reports/2025-world-lng-report,on order,GEM,12/31/2024,https://www.igu.org/igu-reports/2025-world-lng-report,Shandong Marine Energy,https://www.igu.org/igu-reports/2025-world-lng-report,,,Samsung Heavy Industries,https://www.igu.org/igu-reports/2025-world-lng-report,South Korea,https://www.samsungshi.com/En/Default.aspx,34.89804,128.6045,"VJW3+QV Geoje-si, Gyeongsangnam-do",exact,https://www.google.com/maps/place/Samsung+Heavy+industries/data=!3m1!1e3!4m10!1m2!2m1!1ssamsung+heavy+industries!3m6!1s0x356ecd83691a8fb5:0xd4204e9a1bb0ef10!8m2!3d34.8969682!4d128.6046376!15sChhzYW1zdW5nIGhlYXZ5IGluZHVzdHJpZXOSAQhzaGlweWFyZOABAA!16s%2Fg%2F1tgcpry6?entry=ttu&g_ep=EgoyMDI1MTIwMi4wIKXMDSoASAFQAw%3D%3D,174000,cbm,https://www.igu.org/igu-reports/2025-world-lng-report,,,conventional,https://www.datocms-assets.com/146580/1783403747-igu-world-lng-report-2026.pdf,X-DF,https://www.igu.org/igu-reports/2025-world-lng-report,2026,https://www.igu.org/igu-reports/2025-world-lng-report,,,,IGU,,,,,,,
142,1069986,https://www.igu.org/igu-reports/2025-world-lng-report,Al Wasmi,"https://www.shipvault.com/ships/478222, https://shipvaultapi-gjb8c.ondigitalocean.app/api/units/478222, https://www.marinetraffic.org/ship-owner-manager-ism-data/AL-WASMI/1069986/1",,Hull 2696 (Hanwha),https://www.datocms-assets.com/146580/1763396210-1747916410-igu-world-lng-report-2025.pdf,Hull 2696 (Hanwha),https://www.igu.org/igu-reports/2025-world-lng-report,on order,GEM,12/31/2024,https://www.igu.org/igu-reports/2025-world-lng-report,K Line / Hyundai Glovis,https://www.igu.org/igu-reports/2025-world-lng-report,,,Hanwha Ocean,https://www.igu.org/igu-reports/2025-world-lng-report,South Korea,https://www.hanwha.com/companies/hanwha-ocean.do,34.87385,128.6966,"VMCW+V7 Geoje-si, Gyeongsangnam-do",exact,https://www.google.com/maps/place/Hanwha+Ocean/data=!3m1!1e3!4m10!1m2!2m1!1sHanwha+Ocean!3m6!1s0x356ecd1d7a72f7db:0x3bfe90e7d8bf93f0!8m2!3d34.8721913!4d128.6956963!15sCgxIYW53aGEgT2NlYW5aDiIMaGFud2hhIG9jZWFukgEfc2hpcGJ1aWxkaW5nX2FuZF9yZXBhaXJfY29tcGFueZoBI0NoWkRTVWhOTUc5blMwVkpRMEZuVFVSUmRYVkVTMWhuRUFF4AEA-gEECAAQLA!16s%2Fg%2F11swmd6_76?entry=ttu&g_ep=EgoyMDI1MTIwMi4wIKXMDSoASAFQAw%3D%3D,174000,cbm,https://www.igu.org/igu-reports/2025-world-lng-report,,,conventional,https://www.datocms-assets.com/146580/1783403747-igu-world-lng-report-2026.pdf,X-DF,https://www.igu.org/igu-reports/2025-world-lng-report,2028,https://www.igu.org/igu-reports/2025-world-lng-report,,,,IGU,,,,,,,
143,1070739,https://www.igu.org/igu-reports/2025-world-lng-report,Wadi Al Askar,"https://www.shipvault.com/ships/479141, https://shipvaultapi-gjb8c.ondigitalocean.app/api/units/479141, https://www.marinetraffic.org/ship-owner-manager-ism-data/WADI-AL-ASKAR/1070739/1",,Hull 2696 (SHI),"https://www.shipvault.com/ships/479141, https://shipvaultapi-gjb8c.ondigitalocean.app/api/units/479141",Hull 2696 (SHI),https://www.igu.org/igu-reports/2025-world-lng-report,on order,GEM,12/31/2024,https://www.igu.org/igu-reports/2025-world-lng-report,CMES,https://www.igu.org/igu-reports/2025-world-lng-report,,,Samsung Heavy Industries,https://www.igu.org/igu-reports/2025-world-lng-report,South Korea,https://www.samsungshi.com/En/Default.aspx,34.89804,128.6045,"VJW3+QV Geoje-si, Gyeongsangnam-do",exact,https://www.google.com/maps/place/Samsung+Heavy+industries/data=!3m1!1e3!4m10!1m2!2m1!1ssamsung+heavy+industries!3m6!1s0x356ecd83691a8fb5:0xd4204e9a1bb0ef10!8m2!3d34.8969682!4d128.6046376!15sChhzYW1zdW5nIGhlYXZ5IGluZHVzdHJpZXOSAQhzaGlweWFyZOABAA!16s%2Fg%2F1tgcpry6?entry=ttu&g_ep=EgoyMDI1MTIwMi4wIKXMDSoASAFQAw%3D%3D,174000,cbm,https://www.igu.org/igu-reports/2025-world-lng-report,,,conventional,https://www.datocms-assets.com/146580/1783403747-igu-world-lng-report-2026.pdf,X-DF,https://www.igu.org/igu-reports/2025-world-lng-report,2028,https://www.igu.org/igu-reports/2025-world-lng-report,,,,IGU,,,,,,,
144,1063401,https://www.igu.org/igu-reports/2025-world-lng-report,E'saila,"https://www.shipvault.com/ships/479142, https://shipvaultapi-gjb8c.ondigitalocean.app/api/units/479142",,Hull 2697 (SHI),"https://www.shipvault.com/ships/479142, https://shipvaultapi-gjb8c.ondigitalocean.app/api/units/479142",Hull 2697 (SHI),https://www.igu.org/igu-reports/2025-world-lng-report,on order,GEM,12/31/2024,https://www.igu.org/igu-reports/2025-world-lng-report,MISC,https://www.igu.org/igu-reports/2025-world-lng-report,Malaysia,"https://www.misc.com.my/contact-us/, https://www.miscgroup.com/awcontent/Web/Documents/IntegratedAnnualReport/Integrated-Annual-Report-2025.pdf, https://en.wikipedia.org/wiki/MISC_Berhad",Samsung Heavy Industries,https://www.igu.org/igu-reports/2025-world-lng-report,South Korea,https://www.samsungshi.com/En/Default.aspx,34.89804,128.6045,"VJW3+QV Geoje-si, Gyeongsangnam-do",exact,https://www.google.com/maps/place/Samsung+Heavy+industries/data=!3m1!1e3!4m10!1m2!2m1!1ssamsung+heavy+industries!3m6!1s0x356ecd83691a8fb5:0xd4204e9a1bb0ef10!8m2!3d34.8969682!4d128.6046376!15sChhzYW1zdW5nIGhlYXZ5IGluZHVzdHJpZXOSAQhzaGlweWFyZOABAA!16s%2Fg%2F1tgcpry6?entry=ttu&g_ep=EgoyMDI1MTIwMi4wIKXMDSoASAFQAw%3D%3D,174000,cbm,https://www.igu.org/igu-reports/2025-world-lng-report,,,conventional,https://www.datocms-assets.com/146580/1783403747-igu-world-lng-report-2026.pdf,X-DF,https://www.igu.org/igu-reports/2025-world-lng-report,2027,"https://www.shipvault.com/ships/479142, https://shipvaultapi-gjb8c.ondigitalocean.app/api/units/479142, https://www.datocms-assets.com/146580/1783403747-igu-world-lng-report-2026.pdf",yes,2026,https://www.datocms-assets.com/146580/1763396210-1747916410-igu-world-lng-report-2025.pdf,IGU,,,,,,,
145,1063413,https://www.igu.org/igu-reports/2025-world-lng-report,Hull 2698 (SHI),https://www.igu.org/igu-reports/2025-world-lng-report,,,,Hull 2698 (SHI),https://www.igu.org/igu-reports/2025-world-lng-report,on order,GEM,12/31/2024,https://www.igu.org/igu-reports/2025-world-lng-report,Shandong Marine Energy,https://www.igu.org/igu-reports/2025-world-lng-report,,,Samsung Heavy Industries,https://www.igu.org/igu-reports/2025-world-lng-report,South Korea,https://www.samsungshi.com/En/Default.aspx,34.89804,128.6045,"VJW3+QV Geoje-si, Gyeongsangnam-do",exact,https://www.google.com/maps/place/Samsung+Heavy+industries/data=!3m1!1e3!4m10!1m2!2m1!1ssamsung+heavy+industries!3m6!1s0x356ecd83691a8fb5:0xd4204e9a1bb0ef10!8m2!3d34.8969682!4d128.6046376!15sChhzYW1zdW5nIGhlYXZ5IGluZHVzdHJpZXOSAQhzaGlweWFyZOABAA!16s%2Fg%2F1tgcpry6?entry=ttu&g_ep=EgoyMDI1MTIwMi4wIKXMDSoASAFQAw%3D%3D,174000,cbm,https://www.igu.org/igu-reports/2025-world-lng-report,,,conventional,https://www.datocms-assets.com/146580/1783403747-igu-world-lng-report-2026.pdf,X-DF,https://www.igu.org/igu-reports/2025-world-lng-report,2027,"https://www.shipvault.com/ships/479143, https://shipvaultapi-gjb8c.ondigitalocean.app/api/units/479143, https://www.datocms-assets.com/146580/1783403747-igu-world-lng-report-2026.pdf",yes,2026,https://www.datocms-assets.com/146580/1763396210-1747916410-igu-world-lng-report-2025.pdf,IGU,,,,,,,
146,1070741,https://www.igu.org/igu-reports/2025-world-lng-report,Al Shaheen,"https://www.shipvault.com/ships/479144, https://shipvaultapi-gjb8c.ondigitalocean.app/api/units/479144, https://www.marinetraffic.org/ship-owner-manager-ism-data/AL-SHAHEEN/1070741/1",,Hull 2699 (SHI),"https://www.shipvault.com/ships/479144, https://shipvaultapi-gjb8c.ondigitalocean.app/api/units/479144",Hull 2699 (SHI),https://www.igu.org/igu-reports/2025-world-lng-report,on order,GEM,12/31/2024,https://www.igu.org/igu-reports/2025-world-lng-report,CMES,https://www.igu.org/igu-reports/2025-world-lng-report,,,Samsung Heavy Industries,https://www.igu.org/igu-reports/2025-world-lng-report,South Korea,https://www.samsungshi.com/En/Default.aspx,34.89804,128.6045,"VJW3+QV Geoje-si, Gyeongsangnam-do",exact,https://www.google.com/maps/place/Samsung+Heavy+industries/data=!3m1!1e3!4m10!1m2!2m1!1ssamsung+heavy+industries!3m6!1s0x356ecd83691a8fb5:0xd4204e9a1bb0ef10!8m2!3d34.8969682!4d128.6046376!15sChhzYW1zdW5nIGhlYXZ5IGluZHVzdHJpZXOSAQhzaGlweWFyZOABAA!16s%2Fg%2F1tgcpry6?entry=ttu&g_ep=EgoyMDI1MTIwMi4wIKXMDSoASAFQAw%3D%3D,174000,cbm,https://www.igu.org/igu-reports/2025-world-lng-report,,,conventional,https://www.datocms-assets.com/146580/1783403747-igu-world-lng-report-2026.pdf,X-DF,https://www.igu.org/igu-reports/2025-world-lng-report,2028,https://www.igu.org/igu-reports/2025-world-lng-report,,,,IGU,,,,,,,
147,1063425,https://www.igu.org/igu-reports/2025-world-lng-report,Al Seej,"https://www.shipvault.com/ships/479145, https://shipvaultapi-gjb8c.ondigitalocean.app/api/units/479145",,Hull 2700 (SHI),"https://www.shipvault.com/ships/479145, https://shipvaultapi-gjb8c.ondigitalocean.app/api/units/479145",Hull 2700 (SHI),https://www.igu.org/igu-reports/2025-world-lng-report,on order,GEM,12/31/2024,https://www.igu.org/igu-reports/2025-world-lng-report,MISC,https://www.igu.org/igu-reports/2025-world-lng-report,Malaysia,"https://www.misc.com.my/contact-us/, https://www.miscgroup.com/awcontent/Web/Documents/IntegratedAnnualReport/Integrated-Annual-Report-2025.pdf, https://en.wikipedia.org/wiki/MISC_Berhad",Samsung Heavy Industries,https://www.igu.org/igu-reports/2025-world-lng-report,South Korea,https://www.samsungshi.com/En/Default.aspx,34.89804,128.6045,"VJW3+QV Geoje-si, Gyeongsangnam-do",exact,https://www.google.com/maps/place/Samsung+Heavy+industries/data=!3m1!1e3!4m10!1m2!2m1!1ssamsung+heavy+industries!3m6!1s0x356ecd83691a8fb5:0xd4204e9a1bb0ef10!8m2!3d34.8969682!4d128.6046376!15sChhzYW1zdW5nIGhlYXZ5IGluZHVzdHJpZXOSAQhzaGlweWFyZOABAA!16s%2Fg%2F1tgcpry6?entry=ttu&g_ep=EgoyMDI1MTIwMi4wIKXMDSoASAFQAw%3D%3D,174000,cbm,https://www.igu.org/igu-reports/2025-world-lng-report,,,conventional,https://www.datocms-assets.com/146580/1783403747-igu-world-lng-report-2026.pdf,X-DF,https://www.igu.org/igu-reports/2025-world-lng-report,2027,https://www.igu.org/igu-reports/2025-world-lng-report,,,,IGU,,,,,,,
148,1063437,https://www.igu.org/igu-reports/2025-world-lng-report,Hull 2701 (SHI),https://www.igu.org/igu-reports/2025-world-lng-report,,,,Hull 2701 (SHI),https://www.igu.org/igu-reports/2025-world-lng-report,on order,GEM,12/31/2024,https://www.igu.org/igu-reports/2025-world-lng-report,Shandong Marine Energy,https://www.igu.org/igu-reports/2025-world-lng-report,,,Samsung Heavy Industries,https://www.igu.org/igu-reports/2025-world-lng-report,South Korea,https://www.samsungshi.com/En/Default.aspx,34.89804,128.6045,"VJW3+QV Geoje-si, Gyeongsangnam-do",exact,https://www.google.com/maps/place/Samsung+Heavy+industries/data=!3m1!1e3!4m10!1m2!2m1!1ssamsung+heavy+industries!3m6!1s0x356ecd83691a8fb5:0xd4204e9a1bb0ef10!8m2!3d34.8969682!4d128.6046376!15sChhzYW1zdW5nIGhlYXZ5IGluZHVzdHJpZXOSAQhzaGlweWFyZOABAA!16s%2Fg%2F1tgcpry6?entry=ttu&g_ep=EgoyMDI1MTIwMi4wIKXMDSoASAFQAw%3D%3D,174000,cbm,https://www.igu.org/igu-reports/2025-world-lng-report,,,conventional,https://www.datocms-assets.com/146580/1783403747-igu-world-lng-report-2026.pdf,X-DF,https://www.igu.org/igu-reports/2025-world-lng-report,2028,https://www.igu.org/igu-reports/2025-world-lng-report,,,,IGU,,,,,,,
150,1070806,https://www.igu.org/igu-reports/2025-world-lng-report,Libsayer,https://www.marinetraffic.org/ship-owner-manager-ism-data/LIBSAYER/1070806/1,,Hull 2702 (SHI),"https://www.datocms-assets.com/146580/1763396210-1747916410-igu-world-lng-report-2025.pdf, https://www.datocms-assets.com/146580/1783403747-igu-world-lng-report-2026.pdf",Hull 2702 (SHI),https://www.igu.org/igu-reports/2025-world-lng-report,on order,GEM,12/31/2024,https://www.igu.org/igu-reports/2025-world-lng-report,CMES,https://www.igu.org/igu-reports/2025-world-lng-report,,,Samsung Heavy Industries,https://www.igu.org/igu-reports/2025-world-lng-report,South Korea,https://www.samsungshi.com/En/Default.aspx,34.89804,128.6045,"VJW3+QV Geoje-si, Gyeongsangnam-do",exact,https://www.google.com/maps/place/Samsung+Heavy+industries/data=!3m1!1e3!4m10!1m2!2m1!1ssamsung+heavy+industries!3m6!1s0x356ecd83691a8fb5:0xd4204e9a1bb0ef10!8m2!3d34.8969682!4d128.6046376!15sChhzYW1zdW5nIGhlYXZ5IGluZHVzdHJpZXOSAQhzaGlweWFyZOABAA!16s%2Fg%2F1tgcpry6?entry=ttu&g_ep=EgoyMDI1MTIwMi4wIKXMDSoASAFQAw%3D%3D,174000,cbm,https://www.igu.org/igu-reports/2025-world-lng-report,,,conventional,https://www.datocms-assets.com/146580/1783403747-igu-world-lng-report-2026.pdf,X-DF,https://www.igu.org/igu-reports/2025-world-lng-report,2028,https://www.igu.org/igu-reports/2025-world-lng-report,,,,IGU,,,,,,,
151,1063449,https://www.igu.org/igu-reports/2025-world-lng-report,Hull 2703 (SHI),https://www.igu.org/igu-reports/2025-world-lng-report,,,,Hull 2703 (SHI),https://www.igu.org/igu-reports/2025-world-lng-report,on order,GEM,12/31/2024,https://www.igu.org/igu-reports/2025-world-lng-report,Shandong Marine Energy,https://www.igu.org/igu-reports/2025-world-lng-report,,,Samsung Heavy Industries,https://www.igu.org/igu-reports/2025-world-lng-report,South Korea,https://www.samsungshi.com/En/Default.aspx,34.89804,128.6045,"VJW3+QV Geoje-si, Gyeongsangnam-do",exact,https://www.google.com/maps/place/Samsung+Heavy+industries/data=!3m1!1e3!4m10!1m2!2m1!1ssamsung+heavy+industries!3m6!1s0x356ecd83691a8fb5:0xd4204e9a1bb0ef10!8m2!3d34.8969682!4d128.6046376!15sChhzYW1zdW5nIGhlYXZ5IGluZHVzdHJpZXOSAQhzaGlweWFyZOABAA!16s%2Fg%2F1tgcpry6?entry=ttu&g_ep=EgoyMDI1MTIwMi4wIKXMDSoASAFQAw%3D%3D,174000,cbm,https://www.igu.org/igu-reports/2025-world-lng-report,,,conventional,https://www.datocms-assets.com/146580/1783403747-igu-world-lng-report-2026.pdf,X-DF,https://www.igu.org/igu-reports/2025-world-lng-report,2028,https://www.igu.org/igu-reports/2025-world-lng-report,,,,IGU,,,,,,,
152,1070818,https://www.igu.org/igu-reports/2025-world-lng-report,Hull 2704 (SHI),https://www.igu.org/igu-reports/2025-world-lng-report,,,,Hull 2704 (SHI),https://www.igu.org/igu-reports/2025-world-lng-report,on order,GEM,12/31/2024,https://www.igu.org/igu-reports/2025-world-lng-report,CMES,https://www.igu.org/igu-reports/2025-world-lng-report,,,Samsung Heavy Industries,https://www.igu.org/igu-reports/2025-world-lng-report,South Korea,https://www.samsungshi.com/En/Default.aspx,34.89804,128.6045,"VJW3+QV Geoje-si, Gyeongsangnam-do",exact,https://www.google.com/maps/place/Samsung+Heavy+industries/data=!3m1!1e3!4m10!1m2!2m1!1ssamsung+heavy+industries!3m6!1s0x356ecd83691a8fb5:0xd4204e9a1bb0ef10!8m2!3d34.8969682!4d128.6046376!15sChhzYW1zdW5nIGhlYXZ5IGluZHVzdHJpZXOSAQhzaGlweWFyZOABAA!16s%2Fg%2F1tgcpry6?entry=ttu&g_ep=EgoyMDI1MTIwMi4wIKXMDSoASAFQAw%3D%3D,174000,cbm,https://www.igu.org/igu-reports/2025-world-lng-report,,,conventional,https://www.datocms-assets.com/146580/1783403747-igu-world-lng-report-2026.pdf,X-DF,https://www.igu.org/igu-reports/2025-world-lng-report,2028,https://www.igu.org/igu-reports/2025-world-lng-report,,,,IGU,,,,,,,
153,1063451,https://www.igu.org/igu-reports/2025-world-lng-report,Hull 2705 (SHI),https://www.igu.org/igu-reports/2025-world-lng-report,,,,Hull 2705 (SHI),https://www.igu.org/igu-reports/2025-world-lng-report,on order,GEM,12/31/2024,https://www.igu.org/igu-reports/2025-world-lng-report,Shandong Marine Energy,https://www.igu.org/igu-reports/2025-world-lng-report,,,Samsung Heavy Industries,https://www.igu.org/igu-reports/2025-world-lng-report,South Korea,https://www.samsungshi.com/En/Default.aspx,34.89804,128.6045,"VJW3+QV Geoje-si, Gyeongsangnam-do",exact,https://www.google.com/maps/place/Samsung+Heavy+industries/data=!3m1!1e3!4m10!1m2!2m1!1ssamsung+heavy+industries!3m6!1s0x356ecd83691a8fb5:0xd4204e9a1bb0ef10!8m2!3d34.8969682!4d128.6046376!15sChhzYW1zdW5nIGhlYXZ5IGluZHVzdHJpZXOSAQhzaGlweWFyZOABAA!16s%2Fg%2F1tgcpry6?entry=ttu&g_ep=EgoyMDI1MTIwMi4wIKXMDSoASAFQAw%3D%3D,174000,cbm,https://www.igu.org/igu-reports/2025-world-lng-report,,,conventional,https://www.datocms-assets.com/146580/1783403747-igu-world-lng-report-2026.pdf,X-DF,https://www.igu.org/igu-reports/2025-world-lng-report,2028,https://www.igu.org/igu-reports/2025-world-lng-report,,,,IGU,,,,,,,
154,1070820,https://www.igu.org/igu-reports/2025-world-lng-report,Al Nouf,"https://www.shipvault.com/ships/479151, https://shipvaultapi-gjb8c.ondigitalocean.app/api/units/479151, https://www.marinetraffic.org/ship-owner-manager-ism-data/AL-NOUF/1070820/1",,Hull 2706 (SHI),"https://www.shipvault.com/ships/479151, https://shipvaultapi-gjb8c.ondigitalocean.app/api/units/479151",Hull 2706 (SHI),https://www.igu.org/igu-reports/2025-world-lng-report,on order,GEM,12/31/2024,https://www.igu.org/igu-reports/2025-world-lng-report,CMES,https://www.igu.org/igu-reports/2025-world-lng-report,,,Samsung Heavy Industries,https://www.igu.org/igu-reports/2025-world-lng-report,South Korea,https://www.samsungshi.com/En/Default.aspx,34.89804,128.6045,"VJW3+QV Geoje-si, Gyeongsangnam-do",exact,https://www.google.com/maps/place/Samsung+Heavy+industries/data=!3m1!1e3!4m10!1m2!2m1!1ssamsung+heavy+industries!3m6!1s0x356ecd83691a8fb5:0xd4204e9a1bb0ef10!8m2!3d34.8969682!4d128.6046376!15sChhzYW1zdW5nIGhlYXZ5IGluZHVzdHJpZXOSAQhzaGlweWFyZOABAA!16s%2Fg%2F1tgcpry6?entry=ttu&g_ep=EgoyMDI1MTIwMi4wIKXMDSoASAFQAw%3D%3D,174000,cbm,https://www.igu.org/igu-reports/2025-world-lng-report,,,conventional,https://www.datocms-assets.com/146580/1783403747-igu-world-lng-report-2026.pdf,X-DF,https://www.igu.org/igu-reports/2025-world-lng-report,2028,https://www.igu.org/igu-reports/2025-world-lng-report,,,,IGU,,,,,,,
155,1063463,https://www.igu.org/igu-reports/2025-world-lng-report,Hull 2707 (SHI),https://www.igu.org/igu-reports/2025-world-lng-report,,,,Hull 2707 (SHI),https://www.igu.org/igu-reports/2025-world-lng-report,on order,GEM,12/31/2024,https://www.igu.org/igu-reports/2025-world-lng-report,Shandong Marine Energy,https://www.igu.org/igu-reports/2025-world-lng-report,,,Samsung Heavy Industries,https://www.igu.org/igu-reports/2025-world-lng-report,South Korea,https://www.samsungshi.com/En/Default.aspx,34.89804,128.6045,"VJW3+QV Geoje-si, Gyeongsangnam-do",exact,https://www.google.com/maps/place/Samsung+Heavy+industries/data=!3m1!1e3!4m10!1m2!2m1!1ssamsung+heavy+industries!3m6!1s0x356ecd83691a8fb5:0xd4204e9a1bb0ef10!8m2!3d34.8969682!4d128.6046376!15sChhzYW1zdW5nIGhlYXZ5IGluZHVzdHJpZXOSAQhzaGlweWFyZOABAA!16s%2Fg%2F1tgcpry6?entry=ttu&g_ep=EgoyMDI1MTIwMi4wIKXMDSoASAFQAw%3D%3D,174000,cbm,https://www.igu.org/igu-reports/2025-world-lng-report,,,conventional,https://www.datocms-assets.com/146580/1783403747-igu-world-lng-report-2026.pdf,X-DF,https://www.igu.org/igu-reports/2025-world-lng-report,2028,https://www.igu.org/igu-reports/2025-world-lng-report,,,,IGU,,,,,,,
156,1105053,https://www.igu.org/igu-reports/2025-world-lng-report,Hull 2709 (SHI),https://www.igu.org/igu-reports/2025-world-lng-report,,,,Hull 2709 (SHI),https://www.igu.org/igu-reports/2025-world-lng-report,on order,GEM,12/31/2024,https://www.igu.org/igu-reports/2025-world-lng-report,MISC,https://www.igu.org/igu-reports/2025-world-lng-report,Malaysia,"https://www.misc.com.my/contact-us/, https://www.miscgroup.com/awcontent/Web/Documents/IntegratedAnnualReport/Integrated-Annual-Report-2025.pdf, https://en.wikipedia.org/wiki/MISC_Berhad",Samsung Heavy Industries,https://www.igu.org/igu-reports/2025-world-lng-report,South Korea,https://www.samsungshi.com/En/Default.aspx,34.89804,128.6045,"VJW3+QV Geoje-si, Gyeongsangnam-do",exact,https://www.google.com/maps/place/Samsung+Heavy+industries/data=!3m1!1e3!4m10!1m2!2m1!1ssamsung+heavy+industries!3m6!1s0x356ecd83691a8fb5:0xd4204e9a1bb0ef10!8m2!3d34.8969682!4d128.6046376!15sChhzYW1zdW5nIGhlYXZ5IGluZHVzdHJpZXOSAQhzaGlweWFyZOABAA!16s%2Fg%2F1tgcpry6?entry=ttu&g_ep=EgoyMDI1MTIwMi4wIKXMDSoASAFQAw%3D%3D,174000,cbm,https://www.igu.org/igu-reports/2025-world-lng-report,,,conventional,https://www.datocms-assets.com/146580/1783403747-igu-world-lng-report-2026.pdf,X-DF,https://www.igu.org/igu-reports/2025-world-lng-report,2027,https://www.igu.org/igu-reports/2025-world-lng-report,,,,IGU,,,,,,,
157,1105065,https://www.igu.org/igu-reports/2025-world-lng-report,Hull 2710 (SHI),https://www.igu.org/igu-reports/2025-world-lng-report,,,,Hull 2710 (SHI),https://www.igu.org/igu-reports/2025-world-lng-report,on order,GEM,12/31/2024,https://www.igu.org/igu-reports/2025-world-lng-report,MISC,https://www.igu.org/igu-reports/2025-world-lng-report,Malaysia,"https://www.misc.com.my/contact-us/, https://www.miscgroup.com/awcontent/Web/Documents/IntegratedAnnualReport/Integrated-Annual-Report-2025.pdf, https://en.wikipedia.org/wiki/MISC_Berhad",Samsung Heavy Industries,https://www.igu.org/igu-reports/2025-world-lng-report,South Korea,https://www.samsungshi.com/En/Default.aspx,34.89804,128.6045,"VJW3+QV Geoje-si, Gyeongsangnam-do",exact,https://www.google.com/maps/place/Samsung+Heavy+industries/data=!3m1!1e3!4m10!1m2!2m1!1ssamsung+heavy+industries!3m6!1s0x356ecd83691a8fb5:0xd4204e9a1bb0ef10!8m2!3d34.8969682!4d128.6046376!15sChhzYW1zdW5nIGhlYXZ5IGluZHVzdHJpZXOSAQhzaGlweWFyZOABAA!16s%2Fg%2F1tgcpry6?entry=ttu&g_ep=EgoyMDI1MTIwMi4wIKXMDSoASAFQAw%3D%3D,174000,cbm,https://www.igu.org/igu-reports/2025-world-lng-report,,,conventional,https://www.datocms-assets.com/146580/1783403747-igu-world-lng-report-2026.pdf,X-DF,https://www.igu.org/igu-reports/2025-world-lng-report,2027,https://www.igu.org/igu-reports/2025-world-lng-report,,,,IGU,,,,,,,
158,1083372,https://www.igu.org/igu-reports/2025-world-lng-report,Hull 2711 (SHI),https://www.igu.org/igu-reports/2025-world-lng-report,,,,Hull 2711 (SHI),https://www.igu.org/igu-reports/2025-world-lng-report,on order,GEM,12/31/2024,https://www.igu.org/igu-reports/2025-world-lng-report,ADNOC L&S,https://www.igu.org/igu-reports/2025-world-lng-report,United Arab Emirates,"https://magicport.ai/owners-managers/united-arab-emirates/adnoc-logistics-services, https://stockanalysis.com/quote/adx/ADNOCLS/company/, https://shipandbunker.com/news/world/249785-adnoc-ls-takes-delivery-of-lng-carrier-from-china",Samsung Heavy Industries,https://www.igu.org/igu-reports/2025-world-lng-report,South Korea,https://www.samsungshi.com/En/Default.aspx,34.89804,128.6045,"VJW3+QV Geoje-si, Gyeongsangnam-do",exact,https://www.google.com/maps/place/Samsung+Heavy+industries/data=!3m1!1e3!4m10!1m2!2m1!1ssamsung+heavy+industries!3m6!1s0x356ecd83691a8fb5:0xd4204e9a1bb0ef10!8m2!3d34.8969682!4d128.6046376!15sChhzYW1zdW5nIGhlYXZ5IGluZHVzdHJpZXOSAQhzaGlweWFyZOABAA!16s%2Fg%2F1tgcpry6?entry=ttu&g_ep=EgoyMDI1MTIwMi4wIKXMDSoASAFQAw%3D%3D,174000,cbm,https://www.igu.org/igu-reports/2025-world-lng-report,,,conventional,https://www.datocms-assets.com/146580/1783403747-igu-world-lng-report-2026.pdf,X-DF,https://www.igu.org/igu-reports/2025-world-lng-report,2028,https://www.igu.org/igu-reports/2025-world-lng-report,,,,IGU,,,,,,,
159,1083384,https://www.igu.org/igu-reports/2025-world-lng-report,Hull 2712 (SHI),https://www.igu.org/igu-reports/2025-world-lng-report,,,,Hull 2712 (SHI),https://www.igu.org/igu-reports/2025-world-lng-report,on order,GEM,12/31/2024,https://www.igu.org/igu-reports/2025-world-lng-report,ADNOC L&S,https://www.igu.org/igu-reports/2025-world-lng-report,United Arab Emirates,"https://magicport.ai/owners-managers/united-arab-emirates/adnoc-logistics-services, https://stockanalysis.com/quote/adx/ADNOCLS/company/, https://shipandbunker.com/news/world/249785-adnoc-ls-takes-delivery-of-lng-carrier-from-china",Samsung Heavy Industries,https://www.igu.org/igu-reports/2025-world-lng-report,South Korea,https://www.samsungshi.com/En/Default.aspx,34.89804,128.6045,"VJW3+QV Geoje-si, Gyeongsangnam-do",exact,https://www.google.com/maps/place/Samsung+Heavy+industries/data=!3m1!1e3!4m10!1m2!2m1!1ssamsung+heavy+industries!3m6!1s0x356ecd83691a8fb5:0xd4204e9a1bb0ef10!8m2!3d34.8969682!4d128.6046376!15sChhzYW1zdW5nIGhlYXZ5IGluZHVzdHJpZXOSAQhzaGlweWFyZOABAA!16s%2Fg%2F1tgcpry6?entry=ttu&g_ep=EgoyMDI1MTIwMi4wIKXMDSoASAFQAw%3D%3D,174000,cbm,https://www.igu.org/igu-reports/2025-world-lng-report,,,conventional,https://www.datocms-assets.com/146580/1783403747-igu-world-lng-report-2026.pdf,X-DF,https://www.igu.org/igu-reports/2025-world-lng-report,2028,https://www.igu.org/igu-reports/2025-world-lng-report,,,,IGU,,,,,,,
160,1083396,https://www.igu.org/igu-reports/2025-world-lng-report,Hull 2713 (SHI),https://www.igu.org/igu-reports/2025-world-lng-report,,,,Hull 2713 (SHI),https://www.igu.org/igu-reports/2025-world-lng-report,on order,GEM,12/31/2024,https://www.igu.org/igu-reports/2025-world-lng-report,ADNOC L&S,https://www.igu.org/igu-reports/2025-world-lng-report,United Arab Emirates,"https://magicport.ai/owners-managers/united-arab-emirates/adnoc-logistics-services, https://stockanalysis.com/quote/adx/ADNOCLS/company/, https://shipandbunker.com/news/world/249785-adnoc-ls-takes-delivery-of-lng-carrier-from-china",Samsung Heavy Industries,https://www.igu.org/igu-reports/2025-world-lng-report,South Korea,https://www.samsungshi.com/En/Default.aspx,34.89804,128.6045,"VJW3+QV Geoje-si, Gyeongsangnam-do",exact,https://www.google.com/maps/place/Samsung+Heavy+industries/data=!3m1!1e3!4m10!1m2!2m1!1ssamsung+heavy+industries!3m6!1s0x356ecd83691a8fb5:0xd4204e9a1bb0ef10!8m2!3d34.8969682!4d128.6046376!15sChhzYW1zdW5nIGhlYXZ5IGluZHVzdHJpZXOSAQhzaGlweWFyZOABAA!16s%2Fg%2F1tgcpry6?entry=ttu&g_ep=EgoyMDI1MTIwMi4wIKXMDSoASAFQAw%3D%3D,174000,cbm,https://www.igu.org/igu-reports/2025-world-lng-report,,,conventional,https://www.datocms-assets.com/146580/1783403747-igu-world-lng-report-2026.pdf,X-DF,https://www.igu.org/igu-reports/2025-world-lng-report,2028,https://www.igu.org/igu-reports/2025-world-lng-report,,,,IGU,,,,,,,
161,1083401,https://www.igu.org/igu-reports/2025-world-lng-report,Hull 2714 (SHI),https://www.igu.org/igu-reports/2025-world-lng-report,,,,Hull 2714 (SHI),https://www.igu.org/igu-reports/2025-world-lng-report,on order,GEM,12/31/2024,https://www.igu.org/igu-reports/2025-world-lng-report,ADNOC L&S,https://www.igu.org/igu-reports/2025-world-lng-report,United Arab Emirates,"https://magicport.ai/owners-managers/united-arab-emirates/adnoc-logistics-services, https://stockanalysis.com/quote/adx/ADNOCLS/company/, https://shipandbunker.com/news/world/249785-adnoc-ls-takes-delivery-of-lng-carrier-from-china",Samsung Heavy Industries,https://www.igu.org/igu-reports/2025-world-lng-report,South Korea,https://www.samsungshi.com/En/Default.aspx,34.89804,128.6045,"VJW3+QV Geoje-si, Gyeongsangnam-do",exact,https://www.google.com/maps/place/Samsung+Heavy+industries/data=!3m1!1e3!4m10!1m2!2m1!1ssamsung+heavy+industries!3m6!1s0x356ecd83691a8fb5:0xd4204e9a1bb0ef10!8m2!3d34.8969682!4d128.6046376!15sChhzYW1zdW5nIGhlYXZ5IGluZHVzdHJpZXOSAQhzaGlweWFyZOABAA!16s%2Fg%2F1tgcpry6?entry=ttu&g_ep=EgoyMDI1MTIwMi4wIKXMDSoASAFQAw%3D%3D,174000,cbm,https://www.igu.org/igu-reports/2025-world-lng-report,,,conventional,https://www.datocms-assets.com/146580/1783403747-igu-world-lng-report-2026.pdf,X-DF,https://www.igu.org/igu-reports/2025-world-lng-report,2028,https://www.igu.org/igu-reports/2025-world-lng-report,,,,IGU,,,,,,,
162,1096769,https://www.igu.org/igu-reports/2025-world-lng-report,Hull 2717 (SHI),https://www.igu.org/igu-reports/2025-world-lng-report,,,,Hull 2717 (SHI),https://www.igu.org/igu-reports/2025-world-lng-report,on order,GEM,12/31/2024,https://www.igu.org/igu-reports/2025-world-lng-report,K Line,https://www.igu.org/igu-reports/2025-world-lng-report,,,Samsung Heavy Industries,https://www.igu.org/igu-reports/2025-world-lng-report,South Korea,https://www.samsungshi.com/En/Default.aspx,34.89804,128.6045,"VJW3+QV Geoje-si, Gyeongsangnam-do",exact,https://www.google.com/maps/place/Samsung+Heavy+industries/data=!3m1!1e3!4m10!1m2!2m1!1ssamsung+heavy+industries!3m6!1s0x356ecd83691a8fb5:0xd4204e9a1bb0ef10!8m2!3d34.8969682!4d128.6046376!15sChhzYW1zdW5nIGhlYXZ5IGluZHVzdHJpZXOSAQhzaGlweWFyZOABAA!16s%2Fg%2F1tgcpry6?entry=ttu&g_ep=EgoyMDI1MTIwMi4wIKXMDSoASAFQAw%3D%3D,174000,cbm,https://www.igu.org/igu-reports/2025-world-lng-report,,,conventional,https://www.datocms-assets.com/146580/1783403747-igu-world-lng-report-2026.pdf,X-DF,https://www.igu.org/igu-reports/2025-world-lng-report,2027,"https://www.shipvault.com/ships/483994, https://shipvaultapi-gjb8c.ondigitalocean.app/api/units/483994, https://www.datocms-assets.com/146580/1783403747-igu-world-lng-report-2026.pdf",yes,2026,https://www.datocms-assets.com/146580/1763396210-1747916410-igu-world-lng-report-2025.pdf,IGU,,,,,,,
180,9975521,https://www.igu.org/igu-reports/2025-world-lng-report,Puteri Sabah,https://www.marinetraffic.com/en/ais/details/ships/shipid:9239322/mmsi:636024082/imo:9975521/vessel:PUTERI%20SABAH,,,,Hull 3370 (HDHHI),https://www.igu.org/igu-reports/2025-world-lng-report,active,GEM,12/31/2024,https://www.igu.org/igu-reports/2025-world-lng-report,SK Shipping,https://www.igu.org/igu-reports/2025-world-lng-report,South Korea,"https://en.wikipedia.org/wiki/SK_Shipping, https://splash247.com/sk-shipping-takes-aim-at-asia-lng-top-spot-in-h-line-tanker-swap/",HD Hyundai Heavy Industries,https://www.igu.org/igu-reports/2025-world-lng-report,South Korea,https://www.hd.com/en/main,35.51613,129.4383,GC8Q+M6 Ulsan,exact,https://www.google.com/maps/place/HD+Hyundai+Heavy+Industries+Ulsan+Shipyard/data=!3m1!1e3!4m10!1m2!2m1!1sHD+Hyundai!3m6!1s0x3567ce56ebbfb645:0xd94a696f9fca5d90!8m2!3d35.5167468!4d129.4380269!15sCgpIRCBIeXVuZGFpkgEIc2hpcHlhcmTgAQA!16s%2Fg%2F1tfhd8y1?entry=ttu&g_ep=EgoyMDI1MTIwMi4wIKXMDSoASAFQAw%3D%3D,175000,cbm,https://www.igu.org/igu-reports/2025-world-lng-report,membrane,https://www.datocms-assets.com/146580/1783403747-igu-world-lng-report-2026.pdf,conventional,https://www.datocms-assets.com/146580/1783403747-igu-world-lng-report-2026.pdf,ME-GA,https://www.igu.org/igu-reports/2025-world-lng-report,2025,https://www.marinetraffic.com/en/ais/details/ships/shipid:9239322/mmsi:636024082/imo:9975521/vessel:PUTERI%20SABAH,,,,IGU,,,,,,,
181,9975533,https://www.igu.org/igu-reports/2025-world-lng-report,Puteri Sarawak,"https://www.shipvault.com/ships/467719, https://shipvaultapi-gjb8c.ondigitalocean.app/api/units/467719",,Hull 3371 (HDHHI),"https://www.shipvault.com/ships/467719, https://shipvaultapi-gjb8c.ondigitalocean.app/api/units/467719",Hull 3371 (HDHHI),https://www.igu.org/igu-reports/2025-world-lng-report,active,GEM,12/31/2024,"https://www.shipvault.com/ships/467719, https://shipvaultapi-gjb8c.ondigitalocean.app/api/units/467719",SK Shipping,https://www.igu.org/igu-reports/2025-world-lng-report,South Korea,"https://en.wikipedia.org/wiki/SK_Shipping, https://splash247.com/sk-shipping-takes-aim-at-asia-lng-top-spot-in-h-line-tanker-swap/",HD Hyundai Heavy Industries,https://www.igu.org/igu-reports/2025-world-lng-report,South Korea,https://www.hd.com/en/main,35.51613,129.4383,GC8Q+M6 Ulsan,exact,https://www.google.com/maps/place/HD+Hyundai+Heavy+Industries+Ulsan+Shipyard/data=!3m1!1e3!4m10!1m2!2m1!1sHD+Hyundai!3m6!1s0x3567ce56ebbfb645:0xd94a696f9fca5d90!8m2!3d35.5167468!4d129.4380269!15sCgpIRCBIeXVuZGFpkgEIc2hpcHlhcmTgAQA!16s%2Fg%2F1tfhd8y1?entry=ttu&g_ep=EgoyMDI1MTIwMi4wIKXMDSoASAFQAw%3D%3D,174000,cbm,https://www.igu.org/igu-reports/2025-world-lng-report,membrane,https://www.datocms-assets.com/146580/1783403747-igu-world-lng-report-2026.pdf,conventional,https://www.datocms-assets.com/146580/1783403747-igu-world-lng-report-2026.pdf,ME-GA,https://www.igu.org/igu-reports/2025-world-lng-report,2025,"https://www.shipvault.com/ships/467719, https://shipvaultapi-gjb8c.ondigitalocean.app/api/units/467719",,,,IGU,,,,,,,
182,9981386,https://www.igu.org/igu-reports/2025-world-lng-report,Al Zore,https://www.vesselfinder.com/vessels/details/9981386,,,,Hull 3383 (HDHHI),https://www.igu.org/igu-reports/2025-world-lng-report,active,GEM,12/17/2025,https://www.vesselfinder.com/vessels/details/9981386,Knutsen OAS,https://www.igu.org/igu-reports/2025-world-lng-report,Norway,https://www.imarinenews.com/35664.html,HD Hyundai Heavy Industries,https://www.igu.org/igu-reports/2025-world-lng-report,South Korea,https://www.hd.com/en/main,35.51613,129.4383,GC8Q+M6 Ulsan,exact,https://www.google.com/maps/place/HD+Hyundai+Heavy+Industries+Ulsan+Shipyard/data=!3m1!1e3!4m10!1m2!2m1!1sHD+Hyundai!3m6!1s0x3567ce56ebbfb645:0xd94a696f9fca5d90!8m2!3d35.5167468!4d129.4380269!15sCgpIRCBIeXVuZGFpkgEIc2hpcHlhcmTgAQA!16s%2Fg%2F1tfhd8y1?entry=ttu&g_ep=EgoyMDI1MTIwMi4wIKXMDSoASAFQAw%3D%3D,174000,cbm,https://www.igu.org/igu-reports/2025-world-lng-report,membrane,https://www.datocms-assets.com/146580/1783403747-igu-world-lng-report-2026.pdf,conventional,https://www.datocms-assets.com/146580/1783403747-igu-world-lng-report-2026.pdf,X-DF,https://www.igu.org/igu-reports/2025-world-lng-report,2025,https://www.igu.org/igu-reports/2025-world-lng-report,,,,IGU,,,,,,,
183,9981398,https://www.igu.org/igu-reports/2025-world-lng-report,Al Fat H,https://www.vesselfinder.com/vessels/details/9981398,,,,Hull 3384 (HDHHI),https://www.igu.org/igu-reports/2025-world-lng-report,active,GEM,12/17/2025,https://www.vesselfinder.com/vessels/details/9981398,Knutsen OAS,https://www.igu.org/igu-reports/2025-world-lng-report,Norway,https://www.imarinenews.com/35664.html,HD Hyundai Heavy Industries,https://www.igu.org/igu-reports/2025-world-lng-report,South Korea,https://www.hd.com/en/main,35.51613,129.4383,GC8Q+M6 Ulsan,exact,https://www.google.com/maps/place/HD+Hyundai+Heavy+Industries+Ulsan+Shipyard/data=!3m1!1e3!4m10!1m2!2m1!1sHD+Hyundai!3m6!1s0x3567ce56ebbfb645:0xd94a696f9fca5d90!8m2!3d35.5167468!4d129.4380269!15sCgpIRCBIeXVuZGFpkgEIc2hpcHlhcmTgAQA!16s%2Fg%2F1tfhd8y1?entry=ttu&g_ep=EgoyMDI1MTIwMi4wIKXMDSoASAFQAw%3D%3D,174000,cbm,https://www.igu.org/igu-reports/2025-world-lng-report,,,conventional,https://www.datocms-assets.com/146580/1783403747-igu-world-lng-report-2026.pdf,X-DF,https://www.igu.org/igu-reports/2025-world-lng-report,2026,https://www.datocms-assets.com/146580/1783403747-igu-world-lng-report-2026.pdf,yes,2025,https://www.datocms-assets.com/146580/1763396210-1747916410-igu-world-lng-report-2025.pdf,IGU,,,,,,,
184,9981403,https://www.igu.org/igu-reports/2025-world-lng-report,Barzan,https://www.shipvault.com/ships/458163,,Hull 3385 (HDHHI),"https://www.shipvault.com/ships/458163, https://shipvaultapi-gjb8c.ondigitalocean.app/api/units/458163",Hull 3385 (HDHHI),https://www.igu.org/igu-reports/2025-world-lng-report,active,GEM,12/31/2024,https://www.shipvault.com/ships/458163,Knutsen OAS,https://www.igu.org/igu-reports/2025-world-lng-report,Norway,https://www.imarinenews.com/35664.html,HD Hyundai Heavy Industries,https://www.igu.org/igu-reports/2025-world-lng-report,South Korea,https://www.hd.com/en/main,35.51613,129.4383,GC8Q+M6 Ulsan,exact,https://www.google.com/maps/place/HD+Hyundai+Heavy+Industries+Ulsan+Shipyard/data=!3m1!1e3!4m10!1m2!2m1!1sHD+Hyundai!3m6!1s0x3567ce56ebbfb645:0xd94a696f9fca5d90!8m2!3d35.5167468!4d129.4380269!15sCgpIRCBIeXVuZGFpkgEIc2hpcHlhcmTgAQA!16s%2Fg%2F1tfhd8y1?entry=ttu&g_ep=EgoyMDI1MTIwMi4wIKXMDSoASAFQAw%3D%3D,174000,cbm,https://www.igu.org/igu-reports/2025-world-lng-report,,,conventional,https://www.datocms-assets.com/146580/1783403747-igu-world-lng-report-2026.pdf,X-DF,https://www.igu.org/igu-reports/2025-world-lng-report,2026,https://www.igu.org/igu-reports/2025-world-lng-report,,,,IGU,,,,,,,
185,9981415,https://www.igu.org/igu-reports/2025-world-lng-report,Umm Wishah,"https://www.shipvault.com/ships/458164, https://shipvaultapi-gjb8c.ondigitalocean.app/api/units/458164",,Hull 3386 (HDHHI),"https://www.shipvault.com/ships/458164, https://shipvaultapi-gjb8c.ondigitalocean.app/api/units/458164",Hull 3386 (HDHHI),https://www.igu.org/igu-reports/2025-world-lng-report,active,GEM,12/31/2024,"https://www.shipvault.com/ships/458164, https://shipvaultapi-gjb8c.ondigitalocean.app/api/units/458164",Knutsen OAS,https://www.igu.org/igu-reports/2025-world-lng-report,Norway,https://www.imarinenews.com/35664.html,HD Hyundai Heavy Industries,https://www.igu.org/igu-reports/2025-world-lng-report,South Korea,https://www.hd.com/en/main,35.51613,129.4383,GC8Q+M6 Ulsan,exact,https://www.google.com/maps/place/HD+Hyundai+Heavy+Industries+Ulsan+Shipyard/data=!3m1!1e3!4m10!1m2!2m1!1sHD+Hyundai!3m6!1s0x3567ce56ebbfb645:0xd94a696f9fca5d90!8m2!3d35.5167468!4d129.4380269!15sCgpIRCBIeXVuZGFpkgEIc2hpcHlhcmTgAQA!16s%2Fg%2F1tfhd8y1?entry=ttu&g_ep=EgoyMDI1MTIwMi4wIKXMDSoASAFQAw%3D%3D,174000,cbm,https://www.igu.org/igu-reports/2025-world-lng-report,,,conventional,https://www.datocms-assets.com/146580/1783403747-igu-world-lng-report-2026.pdf,X-DF,https://www.igu.org/igu-reports/2025-world-lng-report,2026,https://www.igu.org/igu-reports/2025-world-lng-report,,,,IGU,,,,,,,
186,9981427,https://www.igu.org/igu-reports/2025-world-lng-report,Al Nigyan,https://lngprime.com/asia/knutsen-takes-delivery-of-qatarenergy-lng-tanker/195695/,,Hull 3387 (HDHHI),"https://www.datocms-assets.com/146580/1763396210-1747916410-igu-world-lng-report-2025.pdf, https://www.datocms-assets.com/146580/1783403747-igu-world-lng-report-2026.pdf",Hull 3387 (HDHHI),https://www.igu.org/igu-reports/2025-world-lng-report,on order,GEM,12/31/2024,https://www.igu.org/igu-reports/2025-world-lng-report,Knutsen OAS,https://www.igu.org/igu-reports/2025-world-lng-report,Norway,https://www.imarinenews.com/35664.html,HD Hyundai Heavy Industries,https://www.igu.org/igu-reports/2025-world-lng-report,South Korea,https://www.hd.com/en/main,35.51613,129.4383,GC8Q+M6 Ulsan,exact,https://www.google.com/maps/place/HD+Hyundai+Heavy+Industries+Ulsan+Shipyard/data=!3m1!1e3!4m10!1m2!2m1!1sHD+Hyundai!3m6!1s0x3567ce56ebbfb645:0xd94a696f9fca5d90!8m2!3d35.5167468!4d129.4380269!15sCgpIRCBIeXVuZGFpkgEIc2hpcHlhcmTgAQA!16s%2Fg%2F1tfhd8y1?entry=ttu&g_ep=EgoyMDI1MTIwMi4wIKXMDSoASAFQAw%3D%3D,174000,cbm,https://www.igu.org/igu-reports/2025-world-lng-report,,,conventional,https://www.datocms-assets.com/146580/1783403747-igu-world-lng-report-2026.pdf,X-DF,https://www.igu.org/igu-reports/2025-world-lng-report,2026,https://www.igu.org/igu-reports/2025-world-lng-report,,,,IGU,,,,,,,
187,9981439,https://www.igu.org/igu-reports/2025-world-lng-report,Hull 3393 (HDHHI),https://www.igu.org/igu-reports/2025-world-lng-report,,,,Hull 3393 (HDHHI),https://www.igu.org/igu-reports/2025-world-lng-report,on order,GEM,12/31/2024,https://www.igu.org/igu-reports/2025-world-lng-report,Knutsen OAS,https://www.igu.org/igu-reports/2025-world-lng-report,Norway,https://www.imarinenews.com/35664.html,HD Hyundai Heavy Industries,https://www.igu.org/igu-reports/2025-world-lng-report,South Korea,https://www.hd.com/en/main,35.51613,129.4383,GC8Q+M6 Ulsan,exact,https://www.google.com/maps/place/HD+Hyundai+Heavy+Industries+Ulsan+Shipyard/data=!3m1!1e3!4m10!1m2!2m1!1sHD+Hyundai!3m6!1s0x3567ce56ebbfb645:0xd94a696f9fca5d90!8m2!3d35.5167468!4d129.4380269!15sCgpIRCBIeXVuZGFpkgEIc2hpcHlhcmTgAQA!16s%2Fg%2F1tfhd8y1?entry=ttu&g_ep=EgoyMDI1MTIwMi4wIKXMDSoASAFQAw%3D%3D,174000,cbm,https://www.igu.org/igu-reports/2025-world-lng-report,,,conventional,https://www.datocms-assets.com/146580/1783403747-igu-world-lng-report-2026.pdf,X-DF,https://www.igu.org/igu-reports/2025-world-lng-report,2026,https://www.igu.org/igu-reports/2025-world-lng-report,,,,IGU,,,,,,,
188,9981441,https://www.igu.org/igu-reports/2025-world-lng-report,Hull 3394 (HDHHI),https://www.igu.org/igu-reports/2025-world-lng-report,,,,Hull 3394 (HDHHI),https://www.igu.org/igu-reports/2025-world-lng-report,on order,GEM,12/31/2024,https://www.igu.org/igu-reports/2025-world-lng-report,Knutsen OAS,https://www.igu.org/igu-reports/2025-world-lng-report,Norway,https://www.imarinenews.com/35664.html,HD Hyundai Heavy Industries,https://www.igu.org/igu-reports/2025-world-lng-report,South Korea,https://www.hd.com/en/main,35.51613,129.4383,GC8Q+M6 Ulsan,exact,https://www.google.com/maps/place/HD+Hyundai+Heavy+Industries+Ulsan+Shipyard/data=!3m1!1e3!4m10!1m2!2m1!1sHD+Hyundai!3m6!1s0x3567ce56ebbfb645:0xd94a696f9fca5d90!8m2!3d35.5167468!4d129.4380269!15sCgpIRCBIeXVuZGFpkgEIc2hpcHlhcmTgAQA!16s%2Fg%2F1tfhd8y1?entry=ttu&g_ep=EgoyMDI1MTIwMi4wIKXMDSoASAFQAw%3D%3D,174000,cbm,https://www.igu.org/igu-reports/2025-world-lng-report,,,conventional,https://www.datocms-assets.com/146580/1783403747-igu-world-lng-report-2026.pdf,X-DF,https://www.igu.org/igu-reports/2025-world-lng-report,2026,https://www.igu.org/igu-reports/2025-world-lng-report,,,,IGU,,,,,,,
189,9981491,https://www.igu.org/igu-reports/2025-world-lng-report,Al Zuwair,"https://www.shipvault.com/ships/459079, https://shipvaultapi-gjb8c.ondigitalocean.app/api/units/459079",,Hull 3395 (HDHHI),"https://www.shipvault.com/ships/459079, https://shipvaultapi-gjb8c.ondigitalocean.app/api/units/459079",Hull 3395 (HDHHI),https://www.igu.org/igu-reports/2025-world-lng-report,active,GEM,12/31/2024,"https://www.shipvault.com/ships/459079, https://shipvaultapi-gjb8c.ondigitalocean.app/api/units/459079","MISC, NYK Line, K Line, China LNG",https://www.igu.org/igu-reports/2025-world-lng-report,Japan,"https://www.nyk.com/english/profile/profile/, https://en.wikipedia.org/wiki/Nippon_Yusen",HD Hyundai Heavy Industries,https://www.igu.org/igu-reports/2025-world-lng-report,South Korea,https://www.hd.com/en/main,35.51613,129.4383,GC8Q+M6 Ulsan,exact,https://www.google.com/maps/place/HD+Hyundai+Heavy+Industries+Ulsan+Shipyard/data=!3m1!1e3!4m10!1m2!2m1!1sHD+Hyundai!3m6!1s0x3567ce56ebbfb645:0xd94a696f9fca5d90!8m2!3d35.5167468!4d129.4380269!15sCgpIRCBIeXVuZGFpkgEIc2hpcHlhcmTgAQA!16s%2Fg%2F1tfhd8y1?entry=ttu&g_ep=EgoyMDI1MTIwMi4wIKXMDSoASAFQAw%3D%3D,174000,cbm,https://www.igu.org/igu-reports/2025-world-lng-report,membrane,https://www.datocms-assets.com/146580/1783403747-igu-world-lng-report-2026.pdf,conventional,https://www.datocms-assets.com/146580/1783403747-igu-world-lng-report-2026.pdf,X-DF,https://www.igu.org/igu-reports/2025-world-lng-report,2025,"https://www.shipvault.com/ships/459079, https://shipvaultapi-gjb8c.ondigitalocean.app/api/units/459079",,,,IGU,,,,,214285714.00,USD,https://www.seatrade-maritime.com/lng/asian-consortium-orders-7-lng-carriers-hyundai-qatar
190,9981506,https://www.igu.org/igu-reports/2025-world-lng-report,Sharq,"https://www.shipvault.com/ships/459080, https://shipvaultapi-gjb8c.ondigitalocean.app/api/units/459080",,Hull 3396 (HDHHI),"https://www.shipvault.com/ships/459080, https://shipvaultapi-gjb8c.ondigitalocean.app/api/units/459080",Hull 3396 (HDHHI),https://www.igu.org/igu-reports/2025-world-lng-report,active,GEM,12/31/2024,"https://www.shipvault.com/ships/459080, https://shipvaultapi-gjb8c.ondigitalocean.app/api/units/459080","MISC, NYK Line, K Line, China LNG",https://www.igu.org/igu-reports/2025-world-lng-report,Japan,"https://www.nyk.com/english/profile/profile/, https://en.wikipedia.org/wiki/Nippon_Yusen",HD Hyundai Heavy Industries,https://www.igu.org/igu-reports/2025-world-lng-report,South Korea,https://www.hd.com/en/main,35.51613,129.4383,GC8Q+M6 Ulsan,exact,https://www.google.com/maps/place/HD+Hyundai+Heavy+Industries+Ulsan+Shipyard/data=!3m1!1e3!4m10!1m2!2m1!1sHD+Hyundai!3m6!1s0x3567ce56ebbfb645:0xd94a696f9fca5d90!8m2!3d35.5167468!4d129.4380269!15sCgpIRCBIeXVuZGFpkgEIc2hpcHlhcmTgAQA!16s%2Fg%2F1tfhd8y1?entry=ttu&g_ep=EgoyMDI1MTIwMi4wIKXMDSoASAFQAw%3D%3D,174000,cbm,https://www.igu.org/igu-reports/2025-world-lng-report,membrane,https://www.datocms-assets.com/146580/1783403747-igu-world-lng-report-2026.pdf,conventional,https://www.datocms-assets.com/146580/1783403747-igu-world-lng-report-2026.pdf,X-DF,https://www.igu.org/igu-reports/2025-world-lng-report,2025,"https://www.shipvault.com/ships/459080, https://shipvaultapi-gjb8c.ondigitalocean.app/api/units/459080",,,,IGU,,,,,214285714.00,USD,https://www.seatrade-maritime.com/lng/asian-consortium-orders-7-lng-carriers-hyundai-qatar
191,9981518,https://www.igu.org/igu-reports/2025-world-lng-report,Hull 3397 (HDHHI),https://www.igu.org/igu-reports/2025-world-lng-report,,,,Hull 3397 (HDHHI),https://www.igu.org/igu-reports/2025-world-lng-report,active,GEM,12/31/2024,"https://www.shipvault.com/ships/459081, https://shipvaultapi-gjb8c.ondigitalocean.app/api/units/459081","MISC, NYK Line, K Line, China LNG",https://www.igu.org/igu-reports/2025-world-lng-report,Japan,"https://www.nyk.com/english/profile/profile/, https://en.wikipedia.org/wiki/Nippon_Yusen",HD Hyundai Heavy Industries,https://www.igu.org/igu-reports/2025-world-lng-report,South Korea,https://www.hd.com/en/main,35.51613,129.4383,GC8Q+M6 Ulsan,exact,https://www.google.com/maps/place/HD+Hyundai+Heavy+Industries+Ulsan+Shipyard/data=!3m1!1e3!4m10!1m2!2m1!1sHD+Hyundai!3m6!1s0x3567ce56ebbfb645:0xd94a696f9fca5d90!8m2!3d35.5167468!4d129.4380269!15sCgpIRCBIeXVuZGFpkgEIc2hpcHlhcmTgAQA!16s%2Fg%2F1tfhd8y1?entry=ttu&g_ep=EgoyMDI1MTIwMi4wIKXMDSoASAFQAw%3D%3D,174000,cbm,https://www.igu.org/igu-reports/2025-world-lng-report,,,conventional,https://www.datocms-assets.com/146580/1783403747-igu-world-lng-report-2026.pdf,X-DF,https://www.igu.org/igu-reports/2025-world-lng-report,2026,https://www.igu.org/igu-reports/2025-world-lng-report,,,,IGU,,,,,214285714.00,USD,https://www.seatrade-maritime.com/lng/asian-consortium-orders-7-lng-carriers-hyundai-qatar
192,9981520,https://www.igu.org/igu-reports/2025-world-lng-report,Halwan,"https://www.shipvault.com/ships/459082, https://shipvaultapi-gjb8c.ondigitalocean.app/api/units/459082",,Hull 3398 (HDHHI),"https://www.shipvault.com/ships/459082, https://shipvaultapi-gjb8c.ondigitalocean.app/api/units/459082",Hull 3398 (HDHHI),https://www.igu.org/igu-reports/2025-world-lng-report,active,GEM,12/31/2024,"https://www.shipvault.com/ships/459082, https://shipvaultapi-gjb8c.ondigitalocean.app/api/units/459082","MISC, NYK Line, K Line, China LNG",https://www.igu.org/igu-reports/2025-world-lng-report,Japan,"https://www.nyk.com/english/profile/profile/, https://en.wikipedia.org/wiki/Nippon_Yusen",HD Hyundai Heavy Industries,https://www.igu.org/igu-reports/2025-world-lng-report,South Korea,https://www.hd.com/en/main,35.51613,129.4383,GC8Q+M6 Ulsan,exact,https://www.google.com/maps/place/HD+Hyundai+Heavy+Industries+Ulsan+Shipyard/data=!3m1!1e3!4m10!1m2!2m1!1sHD+Hyundai!3m6!1s0x3567ce56ebbfb645:0xd94a696f9fca5d90!8m2!3d35.5167468!4d129.4380269!15sCgpIRCBIeXVuZGFpkgEIc2hpcHlhcmTgAQA!16s%2Fg%2F1tfhd8y1?entry=ttu&g_ep=EgoyMDI1MTIwMi4wIKXMDSoASAFQAw%3D%3D,174000,cbm,https://www.igu.org/igu-reports/2025-world-lng-report,,,conventional,https://www.datocms-assets.com/146580/1783403747-igu-world-lng-report-2026.pdf,X-DF,https://www.igu.org/igu-reports/2025-world-lng-report,2026,https://www.igu.org/igu-reports/2025-world-lng-report,,,,IGU,,,,,214285714.00,USD,https://www.seatrade-maritime.com/lng/asian-consortium-orders-7-lng-carriers-hyundai-qatar
193,9981532,https://www.igu.org/igu-reports/2025-world-lng-report,Al Thumaid,"https://www.shipvault.com/ships/459083, https://shipvaultapi-gjb8c.ondigitalocean.app/api/units/459083",,Hull 3399 (HDHHI),"https://www.shipvault.com/ships/459083, https://shipvaultapi-gjb8c.ondigitalocean.app/api/units/459083",Hull 3399 (HDHHI),https://www.igu.org/igu-reports/2025-world-lng-report,on order,GEM,12/31/2024,https://www.igu.org/igu-reports/2025-world-lng-report,"MISC, NYK Line, K Line, China LNG",https://www.igu.org/igu-reports/2025-world-lng-report,Japan,"https://www.nyk.com/english/profile/profile/, https://en.wikipedia.org/wiki/Nippon_Yusen",HD Hyundai Heavy Industries,https://www.igu.org/igu-reports/2025-world-lng-report,South Korea,https://www.hd.com/en/main,35.51613,129.4383,GC8Q+M6 Ulsan,exact,https://www.google.com/maps/place/HD+Hyundai+Heavy+Industries+Ulsan+Shipyard/data=!3m1!1e3!4m10!1m2!2m1!1sHD+Hyundai!3m6!1s0x3567ce56ebbfb645:0xd94a696f9fca5d90!8m2!3d35.5167468!4d129.4380269!15sCgpIRCBIeXVuZGFpkgEIc2hpcHlhcmTgAQA!16s%2Fg%2F1tfhd8y1?entry=ttu&g_ep=EgoyMDI1MTIwMi4wIKXMDSoASAFQAw%3D%3D,174000,cbm,https://www.igu.org/igu-reports/2025-world-lng-report,,,conventional,https://www.datocms-assets.com/146580/1783403747-igu-world-lng-report-2026.pdf,X-DF,https://www.igu.org/igu-reports/2025-world-lng-report,2026,https://www.igu.org/igu-reports/2025-world-lng-report,,,,IGU,QatarEnergy,"https://www.nyk.com/english/news/2022/20220810_01.html, https://www.seatrade-maritime.com/lng/asian-consortium-orders-7-lng-carriers-hyundai-qatar",10-Aug-2022,https://www.nyk.com/english/news/2022/20220810_01.html,214285714.00,USD,https://www.seatrade-maritime.com/lng/asian-consortium-orders-7-lng-carriers-hyundai-qatar
194,9981544,https://www.igu.org/igu-reports/2025-world-lng-report,Al Mazrooah,"https://www.shipvault.com/ships/459084, https://shipvaultapi-gjb8c.ondigitalocean.app/api/units/459084",,Hull 3400 (HDHHI),"https://www.shipvault.com/ships/459084, https://shipvaultapi-gjb8c.ondigitalocean.app/api/units/459084",Hull 3400 (HDHHI),https://www.igu.org/igu-reports/2025-world-lng-report,on order,GEM,12/31/2024,https://www.igu.org/igu-reports/2025-world-lng-report,"MISC, NYK Line, K Line, China LNG",https://www.igu.org/igu-reports/2025-world-lng-report,Japan,"https://www.nyk.com/english/profile/profile/, https://en.wikipedia.org/wiki/Nippon_Yusen",HD Hyundai Heavy Industries,https://www.igu.org/igu-reports/2025-world-lng-report,South Korea,https://www.hd.com/en/main,35.51613,129.4383,GC8Q+M6 Ulsan,exact,https://www.google.com/maps/place/HD+Hyundai+Heavy+Industries+Ulsan+Shipyard/data=!3m1!1e3!4m10!1m2!2m1!1sHD+Hyundai!3m6!1s0x3567ce56ebbfb645:0xd94a696f9fca5d90!8m2!3d35.5167468!4d129.4380269!15sCgpIRCBIeXVuZGFpkgEIc2hpcHlhcmTgAQA!16s%2Fg%2F1tfhd8y1?entry=ttu&g_ep=EgoyMDI1MTIwMi4wIKXMDSoASAFQAw%3D%3D,174000,cbm,https://www.igu.org/igu-reports/2025-world-lng-report,,,conventional,https://www.datocms-assets.com/146580/1783403747-igu-world-lng-report-2026.pdf,X-DF,https://www.igu.org/igu-reports/2025-world-lng-report,2026,https://www.igu.org/igu-reports/2025-world-lng-report,,,,IGU,QatarEnergy,"https://www.nyk.com/english/news/2022/20220810_01.html, https://www.seatrade-maritime.com/lng/asian-consortium-orders-7-lng-carriers-hyundai-qatar",10-Aug-2022,https://www.nyk.com/english/news/2022/20220810_01.html,214285714.00,USD,https://www.seatrade-maritime.com/lng/asian-consortium-orders-7-lng-carriers-hyundai-qatar
195,9981556,https://www.igu.org/igu-reports/2025-world-lng-report,Qaffal,"https://www.shipvault.com/ships/459085, https://shipvaultapi-gjb8c.ondigitalocean.app/api/units/459085",,Hull 3401 (HDHHI),"https://www.shipvault.com/ships/459085, https://shipvaultapi-gjb8c.ondigitalocean.app/api/units/459085",Hull 3401 (HDHHI),https://www.igu.org/igu-reports/2025-world-lng-report,on order,GEM,12/31/2024,https://www.igu.org/igu-reports/2025-world-lng-report,"MISC, NYK Line, K Line, China LNG",https://www.igu.org/igu-reports/2025-world-lng-report,Japan,"https://www.nyk.com/english/profile/profile/, https://en.wikipedia.org/wiki/Nippon_Yusen",HD Hyundai Heavy Industries,https://www.igu.org/igu-reports/2025-world-lng-report,South Korea,https://www.hd.com/en/main,35.51613,129.4383,GC8Q+M6 Ulsan,exact,https://www.google.com/maps/place/HD+Hyundai+Heavy+Industries+Ulsan+Shipyard/data=!3m1!1e3!4m10!1m2!2m1!1sHD+Hyundai!3m6!1s0x3567ce56ebbfb645:0xd94a696f9fca5d90!8m2!3d35.5167468!4d129.4380269!15sCgpIRCBIeXVuZGFpkgEIc2hpcHlhcmTgAQA!16s%2Fg%2F1tfhd8y1?entry=ttu&g_ep=EgoyMDI1MTIwMi4wIKXMDSoASAFQAw%3D%3D,174000,cbm,https://www.igu.org/igu-reports/2025-world-lng-report,,,conventional,https://www.datocms-assets.com/146580/1783403747-igu-world-lng-report-2026.pdf,X-DF,https://www.igu.org/igu-reports/2025-world-lng-report,2026,https://www.igu.org/igu-reports/2025-world-lng-report,,,,IGU,QatarEnergy,"https://www.nyk.com/english/news/2022/20220810_01.html, https://www.seatrade-maritime.com/lng/asian-consortium-orders-7-lng-carriers-hyundai-qatar",10-Aug-2022,https://www.nyk.com/english/news/2022/20220810_01.html,214285714.00,USD,https://www.seatrade-maritime.com/lng/asian-consortium-orders-7-lng-carriers-hyundai-qatar
196,9984209,https://www.igu.org/igu-reports/2025-world-lng-report,Excelerate Acadia,"https://www.shipvault.com/ships/460369, https://shipvaultapi-gjb8c.ondigitalocean.app/api/units/460369",,Hull 3407 (HDHHI),"https://www.shipvault.com/ships/460369, https://shipvaultapi-gjb8c.ondigitalocean.app/api/units/460369",Hull 3407 (HDHHI),https://www.igu.org/igu-reports/2025-world-lng-report,active,GEM,12/31/2024,"https://www.shipvault.com/ships/460369, https://shipvaultapi-gjb8c.ondigitalocean.app/api/units/460369",Excelerate Energy,https://www.igu.org/igu-reports/2025-world-lng-report,,,HD Hyundai Heavy Industries,https://www.igu.org/igu-reports/2025-world-lng-report,South Korea,https://www.hd.com/en/main,35.51613,129.4383,GC8Q+M6 Ulsan,exact,https://www.google.com/maps/place/HD+Hyundai+Heavy+Industries+Ulsan+Shipyard/data=!3m1!1e3!4m10!1m2!2m1!1sHD+Hyundai!3m6!1s0x3567ce56ebbfb645:0xd94a696f9fca5d90!8m2!3d35.5167468!4d129.4380269!15sCgpIRCBIeXVuZGFpkgEIc2hpcHlhcmTgAQA!16s%2Fg%2F1tfhd8y1?entry=ttu&g_ep=EgoyMDI1MTIwMi4wIKXMDSoASAFQAw%3D%3D,174000,cbm,https://www.igu.org/igu-reports/2025-world-lng-report,,,FSRU,https://www.datocms-assets.com/146580/1783403747-igu-world-lng-report-2026.pdf,DFDE,https://www.igu.org/igu-reports/2025-world-lng-report,2026,https://www.igu.org/igu-reports/2025-world-lng-report,,,,IGU,,,,,,,
197,1017646,https://www.igu.org/igu-reports/2025-world-lng-report,Hull 3441 (HDHHI),https://www.igu.org/igu-reports/2025-world-lng-report,,,,Hull 3441 (HDHHI),https://www.igu.org/igu-reports/2025-world-lng-report,on order,GEM,12/31/2024,https://www.igu.org/igu-reports/2025-world-lng-report,NYK Line,https://www.igu.org/igu-reports/2025-world-lng-report,Japan,"https://www.nyk.com/english/profile/profile/, https://en.wikipedia.org/wiki/Nippon_Yusen",HD Hyundai Heavy Industries,https://www.igu.org/igu-reports/2025-world-lng-report,South Korea,https://www.hd.com/en/main,35.51613,129.4383,GC8Q+M6 Ulsan,exact,https://www.google.com/maps/place/HD+Hyundai+Heavy+Industries+Ulsan+Shipyard/data=!3m1!1e3!4m10!1m2!2m1!1sHD+Hyundai!3m6!1s0x3567ce56ebbfb645:0xd94a696f9fca5d90!8m2!3d35.5167468!4d129.4380269!15sCgpIRCBIeXVuZGFpkgEIc2hpcHlhcmTgAQA!16s%2Fg%2F1tfhd8y1?entry=ttu&g_ep=EgoyMDI1MTIwMi4wIKXMDSoASAFQAw%3D%3D,174000,cbm,https://www.igu.org/igu-reports/2025-world-lng-report,,,conventional,https://www.datocms-assets.com/146580/1783403747-igu-world-lng-report-2026.pdf,ME-GA,https://www.igu.org/igu-reports/2025-world-lng-report,2027,"https://www.shipvault.com/ships/464884, https://shipvaultapi-gjb8c.ondigitalocean.app/api/units/464884, https://www.datocms-assets.com/146580/1783403747-igu-world-lng-report-2026.pdf",yes,2026,https://www.datocms-assets.com/146580/1763396210-1747916410-igu-world-lng-report-2025.pdf,IGU,EnBW,"https://www.nyk.com/english/news/2023/20230516_03.html, https://lngprime.com/asia/hyundai-heavy-clinches-contracts-for-six-lng-carriers-worth-about-1-6-billion/80510/",,,,,
198,1017658,https://www.igu.org/igu-reports/2025-world-lng-report,Hull 3442 (HDHHI),https://www.igu.org/igu-reports/2025-world-lng-report,,,,Hull 3442 (HDHHI),https://www.igu.org/igu-reports/2025-world-lng-report,on order,GEM,12/31/2024,https://www.igu.org/igu-reports/2025-world-lng-report,NYK Line,https://www.igu.org/igu-reports/2025-world-lng-report,Japan,"https://www.nyk.com/english/profile/profile/, https://en.wikipedia.org/wiki/Nippon_Yusen",HD Hyundai Heavy Industries,https://www.igu.org/igu-reports/2025-world-lng-report,South Korea,https://www.hd.com/en/main,35.51613,129.4383,GC8Q+M6 Ulsan,exact,https://www.google.com/maps/place/HD+Hyundai+Heavy+Industries+Ulsan+Shipyard/data=!3m1!1e3!4m10!1m2!2m1!1sHD+Hyundai!3m6!1s0x3567ce56ebbfb645:0xd94a696f9fca5d90!8m2!3d35.5167468!4d129.4380269!15sCgpIRCBIeXVuZGFpkgEIc2hpcHlhcmTgAQA!16s%2Fg%2F1tfhd8y1?entry=ttu&g_ep=EgoyMDI1MTIwMi4wIKXMDSoASAFQAw%3D%3D,174000,cbm,https://www.igu.org/igu-reports/2025-world-lng-report,,,conventional,https://www.datocms-assets.com/146580/1783403747-igu-world-lng-report-2026.pdf,ME-GA,https://www.igu.org/igu-reports/2025-world-lng-report,2027,https://www.igu.org/igu-reports/2025-world-lng-report,,,,IGU,EnBW,"https://www.nyk.com/english/news/2023/20230516_03.html, https://lngprime.com/asia/hyundai-heavy-clinches-contracts-for-six-lng-carriers-worth-about-1-6-billion/80510/",,,,,
199,1017660,https://www.igu.org/igu-reports/2025-world-lng-report,Hull 3443 (HDHHI),https://www.igu.org/igu-reports/2025-world-lng-report,,,,Hull 3443 (HDHHI),https://www.igu.org/igu-reports/2025-world-lng-report,on order,GEM,12/31/2024,https://www.igu.org/igu-reports/2025-world-lng-report,NYK Line,https://www.igu.org/igu-reports/2025-world-lng-report,Japan,"https://www.nyk.com/english/profile/profile/, https://en.wikipedia.org/wiki/Nippon_Yusen",HD Hyundai Heavy Industries,https://www.igu.org/igu-reports/2025-world-lng-report,South Korea,https://www.hd.com/en/main,35.51613,129.4383,GC8Q+M6 Ulsan,exact,https://www.google.com/maps/place/HD+Hyundai+Heavy+Industries+Ulsan+Shipyard/data=!3m1!1e3!4m10!1m2!2m1!1sHD+Hyundai!3m6!1s0x3567ce56ebbfb645:0xd94a696f9fca5d90!8m2!3d35.5167468!4d129.4380269!15sCgpIRCBIeXVuZGFpkgEIc2hpcHlhcmTgAQA!16s%2Fg%2F1tfhd8y1?entry=ttu&g_ep=EgoyMDI1MTIwMi4wIKXMDSoASAFQAw%3D%3D,174000,cbm,https://www.igu.org/igu-reports/2025-world-lng-report,,,conventional,https://www.datocms-assets.com/146580/1783403747-igu-world-lng-report-2026.pdf,ME-GA,https://www.igu.org/igu-reports/2025-world-lng-report,2027,https://www.igu.org/igu-reports/2025-world-lng-report,,,,IGU,EnBW,"https://www.nyk.com/english/news/2023/20230516_03.html, https://lngprime.com/asia/hyundai-heavy-clinches-contracts-for-six-lng-carriers-worth-about-1-6-billion/80510/",,,,,
200,1017672,https://www.igu.org/igu-reports/2025-world-lng-report,Hull 3444 (HDHHI),https://www.igu.org/igu-reports/2025-world-lng-report,,,,Hull 3444 (HDHHI),https://www.igu.org/igu-reports/2025-world-lng-report,on order,GEM,12/31/2024,https://www.igu.org/igu-reports/2025-world-lng-report,NYK Line,https://www.igu.org/igu-reports/2025-world-lng-report,Japan,"https://www.nyk.com/english/profile/profile/, https://en.wikipedia.org/wiki/Nippon_Yusen",HD Hyundai Heavy Industries,https://www.igu.org/igu-reports/2025-world-lng-report,South Korea,https://www.hd.com/en/main,35.51613,129.4383,GC8Q+M6 Ulsan,exact,https://www.google.com/maps/place/HD+Hyundai+Heavy+Industries+Ulsan+Shipyard/data=!3m1!1e3!4m10!1m2!2m1!1sHD+Hyundai!3m6!1s0x3567ce56ebbfb645:0xd94a696f9fca5d90!8m2!3d35.5167468!4d129.4380269!15sCgpIRCBIeXVuZGFpkgEIc2hpcHlhcmTgAQA!16s%2Fg%2F1tfhd8y1?entry=ttu&g_ep=EgoyMDI1MTIwMi4wIKXMDSoASAFQAw%3D%3D,174000,cbm,https://www.igu.org/igu-reports/2025-world-lng-report,,,conventional,https://www.datocms-assets.com/146580/1783403747-igu-world-lng-report-2026.pdf,ME-GA,https://www.igu.org/igu-reports/2025-world-lng-report,2027,https://www.igu.org/igu-reports/2025-world-lng-report,,,,IGU,EnBW,"https://www.nyk.com/english/news/2023/20230516_03.html, https://lngprime.com/asia/hyundai-heavy-clinches-contracts-for-six-lng-carriers-worth-about-1-6-billion/80510/",,,,,
201,1017165,https://www.igu.org/igu-reports/2025-world-lng-report,Clean Astraeus,"https://www.shipvault.com/ships/462869, https://shipvaultapi-gjb8c.ondigitalocean.app/api/units/462869",,Hull 3452 (HDHHI),"https://www.shipvault.com/ships/462869, https://shipvaultapi-gjb8c.ondigitalocean.app/api/units/462869",Hull 3452 (HDHHI),https://www.igu.org/igu-reports/2025-world-lng-report,on order,GEM,12/31/2024,https://www.igu.org/igu-reports/2025-world-lng-report,Dynagas,https://www.igu.org/igu-reports/2025-world-lng-report,,,HD Hyundai Heavy Industries,https://www.igu.org/igu-reports/2025-world-lng-report,South Korea,https://www.hd.com/en/main,35.51613,129.4383,GC8Q+M6 Ulsan,exact,https://www.google.com/maps/place/HD+Hyundai+Heavy+Industries+Ulsan+Shipyard/data=!3m1!1e3!4m10!1m2!2m1!1sHD+Hyundai!3m6!1s0x3567ce56ebbfb645:0xd94a696f9fca5d90!8m2!3d35.5167468!4d129.4380269!15sCgpIRCBIeXVuZGFpkgEIc2hpcHlhcmTgAQA!16s%2Fg%2F1tfhd8y1?entry=ttu&g_ep=EgoyMDI1MTIwMi4wIKXMDSoASAFQAw%3D%3D,200000,cbm,https://www.igu.org/igu-reports/2025-world-lng-report,,,conventional,https://www.datocms-assets.com/146580/1783403747-igu-world-lng-report-2026.pdf,ME-GA,https://www.igu.org/igu-reports/2025-world-lng-report,2027,https://www.igu.org/igu-reports/2025-world-lng-report,,,,IGU,,,17-Jan-2023,https://lngprime.com/asia/hyundai-heavy-to-build-lng-carrier-trio-worth-about-783-million/70995/,261000000.00,USD,https://lngprime.com/asia/hyundai-heavy-to-build-lng-carrier-trio-worth-about-783-million/70995/
202,1017177,https://www.igu.org/igu-reports/2025-world-lng-report,Clean Azeus,"https://www.shipvault.com/ships/462870, https://shipvaultapi-gjb8c.ondigitalocean.app/api/units/462870",,Hull 3453 (HDHHI),"https://www.shipvault.com/ships/462870, https://shipvaultapi-gjb8c.ondigitalocean.app/api/units/462870",Hull 3453 (HDHHI),https://www.igu.org/igu-reports/2025-world-lng-report,on order,GEM,12/31/2024,https://www.igu.org/igu-reports/2025-world-lng-report,Dynagas,https://www.igu.org/igu-reports/2025-world-lng-report,,,HD Hyundai Heavy Industries,https://www.igu.org/igu-reports/2025-world-lng-report,South Korea,https://www.hd.com/en/main,35.51613,129.4383,GC8Q+M6 Ulsan,exact,https://www.google.com/maps/place/HD+Hyundai+Heavy+Industries+Ulsan+Shipyard/data=!3m1!1e3!4m10!1m2!2m1!1sHD+Hyundai!3m6!1s0x3567ce56ebbfb645:0xd94a696f9fca5d90!8m2!3d35.5167468!4d129.4380269!15sCgpIRCBIeXVuZGFpkgEIc2hpcHlhcmTgAQA!16s%2Fg%2F1tfhd8y1?entry=ttu&g_ep=EgoyMDI1MTIwMi4wIKXMDSoASAFQAw%3D%3D,200000,cbm,https://www.igu.org/igu-reports/2025-world-lng-report,,,conventional,https://www.datocms-assets.com/146580/1783403747-igu-world-lng-report-2026.pdf,ME-GA,https://www.igu.org/igu-reports/2025-world-lng-report,2027,https://www.igu.org/igu-reports/2025-world-lng-report,,,,IGU,,,,,,,
203,1032713,https://www.igu.org/igu-reports/2025-world-lng-report,Hull 3454 (HDHHI),https://www.igu.org/igu-reports/2025-world-lng-report,,,,Hull 3454 (HDHHI),https://www.igu.org/igu-reports/2025-world-lng-report,on order,GEM,12/31/2024,https://www.igu.org/igu-reports/2025-world-lng-report,Evalend Shipping,https://www.igu.org/igu-reports/2025-world-lng-report,Greece,"https://magicport.ai/owners-managers/greece/evalend-shipping-co-sa, https://splash247.com/evalend-shipping-doubles-up-on-lng-carrier-orders/, https://splash247.com/evalend-poised-to-enter-lng-trades/",HD Hyundai Heavy Industries,https://www.igu.org/igu-reports/2025-world-lng-report,South Korea,https://www.hd.com/en/main,35.51613,129.4383,GC8Q+M6 Ulsan,exact,https://www.google.com/maps/place/HD+Hyundai+Heavy+Industries+Ulsan+Shipyard/data=!3m1!1e3!4m10!1m2!2m1!1sHD+Hyundai!3m6!1s0x3567ce56ebbfb645:0xd94a696f9fca5d90!8m2!3d35.5167468!4d129.4380269!15sCgpIRCBIeXVuZGFpkgEIc2hpcHlhcmTgAQA!16s%2Fg%2F1tfhd8y1?entry=ttu&g_ep=EgoyMDI1MTIwMi4wIKXMDSoASAFQAw%3D%3D,174000,cbm,https://www.igu.org/igu-reports/2025-world-lng-report,,,conventional,https://www.datocms-assets.com/146580/1783403747-igu-world-lng-report-2026.pdf,X-DF,https://www.igu.org/igu-reports/2025-world-lng-report,2027,https://www.igu.org/igu-reports/2025-world-lng-report,,,,IGU,,,,,,,
204,1032725,https://www.igu.org/igu-reports/2025-world-lng-report,Hull 3455 (HDHHI),https://www.igu.org/igu-reports/2025-world-lng-report,,,,Hull 3455 (HDHHI),https://www.igu.org/igu-reports/2025-world-lng-report,on order,GEM,12/31/2024,https://www.igu.org/igu-reports/2025-world-lng-report,Evalend Shipping,https://www.igu.org/igu-reports/2025-world-lng-report,Greece,"https://magicport.ai/owners-managers/greece/evalend-shipping-co-sa, https://splash247.com/evalend-shipping-doubles-up-on-lng-carrier-orders/, https://splash247.com/evalend-poised-to-enter-lng-trades/",HD Hyundai Heavy Industries,https://www.igu.org/igu-reports/2025-world-lng-report,South Korea,https://www.hd.com/en/main,35.51613,129.4383,GC8Q+M6 Ulsan,exact,https://www.google.com/maps/place/HD+Hyundai+Heavy+Industries+Ulsan+Shipyard/data=!3m1!1e3!4m10!1m2!2m1!1sHD+Hyundai!3m6!1s0x3567ce56ebbfb645:0xd94a696f9fca5d90!8m2!3d35.5167468!4d129.4380269!15sCgpIRCBIeXVuZGFpkgEIc2hpcHlhcmTgAQA!16s%2Fg%2F1tfhd8y1?entry=ttu&g_ep=EgoyMDI1MTIwMi4wIKXMDSoASAFQAw%3D%3D,174000,cbm,https://www.igu.org/igu-reports/2025-world-lng-report,,,conventional,https://www.datocms-assets.com/146580/1783403747-igu-world-lng-report-2026.pdf,X-DF,https://www.igu.org/igu-reports/2025-world-lng-report,2027,https://www.igu.org/igu-reports/2025-world-lng-report,,,,IGU,,,,,,,
205,1048839,https://www.igu.org/igu-reports/2025-world-lng-report,Hull 3456 (HDHHI),https://www.igu.org/igu-reports/2025-world-lng-report,,,,Hull 3456 (HDHHI),https://www.igu.org/igu-reports/2025-world-lng-report,on order,GEM,12/31/2024,https://www.igu.org/igu-reports/2025-world-lng-report,Evalend Shipping,https://www.igu.org/igu-reports/2025-world-lng-report,Greece,"https://magicport.ai/owners-managers/greece/evalend-shipping-co-sa, https://splash247.com/evalend-shipping-doubles-up-on-lng-carrier-orders/, https://splash247.com/evalend-poised-to-enter-lng-trades/",HD Hyundai Heavy Industries,https://www.igu.org/igu-reports/2025-world-lng-report,South Korea,https://www.hd.com/en/main,35.51613,129.4383,GC8Q+M6 Ulsan,exact,https://www.google.com/maps/place/HD+Hyundai+Heavy+Industries+Ulsan+Shipyard/data=!3m1!1e3!4m10!1m2!2m1!1sHD+Hyundai!3m6!1s0x3567ce56ebbfb645:0xd94a696f9fca5d90!8m2!3d35.5167468!4d129.4380269!15sCgpIRCBIeXVuZGFpkgEIc2hpcHlhcmTgAQA!16s%2Fg%2F1tfhd8y1?entry=ttu&g_ep=EgoyMDI1MTIwMi4wIKXMDSoASAFQAw%3D%3D,174000,cbm,https://www.igu.org/igu-reports/2025-world-lng-report,,,conventional,https://www.datocms-assets.com/146580/1783403747-igu-world-lng-report-2026.pdf,X-DF,https://www.igu.org/igu-reports/2025-world-lng-report,2028,https://www.igu.org/igu-reports/2025-world-lng-report,,,,IGU,,,,,265000000.00,USD,https://splash247.com/evalend-shipping-doubles-up-on-lng-carrier-orders/
206,1048841,https://www.igu.org/igu-reports/2025-world-lng-report,Hull 3457 (HDHHI),https://www.igu.org/igu-reports/2025-world-lng-report,,,,Hull 3457 (HDHHI),https://www.igu.org/igu-reports/2025-world-lng-report,on order,GEM,12/31/2024,https://www.igu.org/igu-reports/2025-world-lng-report,Evalend Shipping,https://www.igu.org/igu-reports/2025-world-lng-report,Greece,"https://magicport.ai/owners-managers/greece/evalend-shipping-co-sa, https://splash247.com/evalend-shipping-doubles-up-on-lng-carrier-orders/, https://splash247.com/evalend-poised-to-enter-lng-trades/",HD Hyundai Heavy Industries,https://www.igu.org/igu-reports/2025-world-lng-report,South Korea,https://www.hd.com/en/main,35.51613,129.4383,GC8Q+M6 Ulsan,exact,https://www.google.com/maps/place/HD+Hyundai+Heavy+Industries+Ulsan+Shipyard/data=!3m1!1e3!4m10!1m2!2m1!1sHD+Hyundai!3m6!1s0x3567ce56ebbfb645:0xd94a696f9fca5d90!8m2!3d35.5167468!4d129.4380269!15sCgpIRCBIeXVuZGFpkgEIc2hpcHlhcmTgAQA!16s%2Fg%2F1tfhd8y1?entry=ttu&g_ep=EgoyMDI1MTIwMi4wIKXMDSoASAFQAw%3D%3D,174000,cbm,https://www.igu.org/igu-reports/2025-world-lng-report,,,conventional,https://www.datocms-assets.com/146580/1783403747-igu-world-lng-report-2026.pdf,X-DF,https://www.igu.org/igu-reports/2025-world-lng-report,2028,https://www.igu.org/igu-reports/2025-world-lng-report,,,,IGU,,,,,265000000.00,USD,https://splash247.com/evalend-shipping-doubles-up-on-lng-carrier-orders/
207,1048918,https://www.igu.org/igu-reports/2025-world-lng-report,Al Ghuwair,"https://www.shipvault.com/ships/478305, https://shipvaultapi-gjb8c.ondigitalocean.app/api/units/478305, https://www.marinetraffic.org/ship-owner-manager-ism-data/AL-GHUWAIR/1048918/538000000",,Hull 3476 (HDHHI),"https://www.shipvault.com/ships/478305, https://shipvaultapi-gjb8c.ondigitalocean.app/api/units/478305",Hull 3476 (HDHHI),https://www.igu.org/igu-reports/2025-world-lng-report,on order,GEM,12/31/2024,https://www.igu.org/igu-reports/2025-world-lng-report,Nakilat,https://www.igu.org/igu-reports/2025-world-lng-report,,,HD Hyundai Heavy Industries,https://www.igu.org/igu-reports/2025-world-lng-report,South Korea,https://www.hd.com/en/main,35.51613,129.4383,GC8Q+M6 Ulsan,exact,https://www.google.com/maps/place/HD+Hyundai+Heavy+Industries+Ulsan+Shipyard/data=!3m1!1e3!4m10!1m2!2m1!1sHD+Hyundai!3m6!1s0x3567ce56ebbfb645:0xd94a696f9fca5d90!8m2!3d35.5167468!4d129.4380269!15sCgpIRCBIeXVuZGFpkgEIc2hpcHlhcmTgAQA!16s%2Fg%2F1tfhd8y1?entry=ttu&g_ep=EgoyMDI1MTIwMi4wIKXMDSoASAFQAw%3D%3D,174000,cbm,https://www.igu.org/igu-reports/2025-world-lng-report,,,conventional,https://www.datocms-assets.com/146580/1783403747-igu-world-lng-report-2026.pdf,X-DF,https://www.igu.org/igu-reports/2025-world-lng-report,2027,https://www.igu.org/igu-reports/2025-world-lng-report,,,,IGU,QatarEnergy,"https://www.offshore-energy.biz/qatarenergy-chooses-nakilat-to-own-and-operate-up-to-25-newbuild-lng-carriers/, https://www.rivieramm.com/news-content-hub/news-content-hub/qatars-nakilat-to-order-up-to-25-lng-carriers-79599",27-Sep-2023,https://lngprime.com/asia/qatarenergy-hd-hyundai-heavy-ink-3-9-billion-deal-for-17-lng-carriers/93096/,229000000.00,USD,https://lngprime.com/asia/qatarenergy-hd-hyundai-heavy-ink-3-9-billion-deal-for-17-lng-carriers/93096/
208,1048920,https://www.igu.org/igu-reports/2025-world-lng-report,Wadi Sultana,"https://www.shipvault.com/ships/478306, https://shipvaultapi-gjb8c.ondigitalocean.app/api/units/478306, https://www.marinetraffic.org/ship-owner-manager-ism-data/WADI-SULTANA/1048920/1",,Hull 3477 (HDHHI),"https://www.shipvault.com/ships/478306, https://shipvaultapi-gjb8c.ondigitalocean.app/api/units/478306",Hull 3477 (HDHHI),https://www.igu.org/igu-reports/2025-world-lng-report,on order,GEM,12/31/2024,https://www.igu.org/igu-reports/2025-world-lng-report,Nakilat,https://www.igu.org/igu-reports/2025-world-lng-report,,,HD Hyundai Heavy Industries,https://www.igu.org/igu-reports/2025-world-lng-report,South Korea,https://www.hd.com/en/main,35.51613,129.4383,GC8Q+M6 Ulsan,exact,https://www.google.com/maps/place/HD+Hyundai+Heavy+Industries+Ulsan+Shipyard/data=!3m1!1e3!4m10!1m2!2m1!1sHD+Hyundai!3m6!1s0x3567ce56ebbfb645:0xd94a696f9fca5d90!8m2!3d35.5167468!4d129.4380269!15sCgpIRCBIeXVuZGFpkgEIc2hpcHlhcmTgAQA!16s%2Fg%2F1tfhd8y1?entry=ttu&g_ep=EgoyMDI1MTIwMi4wIKXMDSoASAFQAw%3D%3D,174000,cbm,https://www.igu.org/igu-reports/2025-world-lng-report,,,conventional,https://www.datocms-assets.com/146580/1783403747-igu-world-lng-report-2026.pdf,X-DF,https://www.igu.org/igu-reports/2025-world-lng-report,2027,https://www.igu.org/igu-reports/2025-world-lng-report,,,,IGU,QatarEnergy,"https://www.offshore-energy.biz/qatarenergy-chooses-nakilat-to-own-and-operate-up-to-25-newbuild-lng-carriers/, https://www.rivieramm.com/news-content-hub/news-content-hub/qatars-nakilat-to-order-up-to-25-lng-carriers-79599",27-Sep-2023,https://lngprime.com/asia/qatarenergy-hd-hyundai-heavy-ink-3-9-billion-deal-for-17-lng-carriers/93096/,229000000.00,USD,https://lngprime.com/asia/qatarenergy-hd-hyundai-heavy-ink-3-9-billion-deal-for-17-lng-carriers/93096/
209,1048932,https://www.igu.org/igu-reports/2025-world-lng-report,Lesha,"https://www.shipvault.com/ships/478307, https://shipvaultapi-gjb8c.ondigitalocean.app/api/units/478307, https://www.marinetraffic.org/ship-owner-manager-ism-data/LESHA/1048932/1",,Hull 3478 (HDHHI),"https://www.shipvault.com/ships/478307, https://shipvaultapi-gjb8c.ondigitalocean.app/api/units/478307",Hull 3478 (HDHHI),https://www.igu.org/igu-reports/2025-world-lng-report,on order,GEM,12/31/2024,https://www.igu.org/igu-reports/2025-world-lng-report,Nakilat,https://www.igu.org/igu-reports/2025-world-lng-report,,,HD Hyundai Heavy Industries,https://www.igu.org/igu-reports/2025-world-lng-report,South Korea,https://www.hd.com/en/main,35.51613,129.4383,GC8Q+M6 Ulsan,exact,https://www.google.com/maps/place/HD+Hyundai+Heavy+Industries+Ulsan+Shipyard/data=!3m1!1e3!4m10!1m2!2m1!1sHD+Hyundai!3m6!1s0x3567ce56ebbfb645:0xd94a696f9fca5d90!8m2!3d35.5167468!4d129.4380269!15sCgpIRCBIeXVuZGFpkgEIc2hpcHlhcmTgAQA!16s%2Fg%2F1tfhd8y1?entry=ttu&g_ep=EgoyMDI1MTIwMi4wIKXMDSoASAFQAw%3D%3D,174000,cbm,https://www.igu.org/igu-reports/2025-world-lng-report,,,conventional,https://www.datocms-assets.com/146580/1783403747-igu-world-lng-report-2026.pdf,X-DF,https://www.igu.org/igu-reports/2025-world-lng-report,2027,https://www.igu.org/igu-reports/2025-world-lng-report,,,,IGU,QatarEnergy,"https://www.offshore-energy.biz/qatarenergy-chooses-nakilat-to-own-and-operate-up-to-25-newbuild-lng-carriers/, https://www.rivieramm.com/news-content-hub/news-content-hub/qatars-nakilat-to-order-up-to-25-lng-carriers-79599",27-Sep-2023,https://lngprime.com/asia/qatarenergy-hd-hyundai-heavy-ink-3-9-billion-deal-for-17-lng-carriers/93096/,229000000.00,USD,https://lngprime.com/asia/qatarenergy-hd-hyundai-heavy-ink-3-9-billion-deal-for-17-lng-carriers/93096/
210,1048944,https://www.igu.org/igu-reports/2025-world-lng-report,Al Jazi,"https://www.shipvault.com/ships/478308, https://shipvaultapi-gjb8c.ondigitalocean.app/api/units/478308, https://www.marinetraffic.org/ship-owner-manager-ism-data/AL-JAZI/1048944/1",,Hull 3479 (HDHHI),"https://www.shipvault.com/ships/478308, https://shipvaultapi-gjb8c.ondigitalocean.app/api/units/478308",Hull 3479 (HDHHI),https://www.igu.org/igu-reports/2025-world-lng-report,on order,GEM,12/31/2024,https://www.igu.org/igu-reports/2025-world-lng-report,Nakilat,https://www.igu.org/igu-reports/2025-world-lng-report,,,HD Hyundai Heavy Industries,https://www.igu.org/igu-reports/2025-world-lng-report,South Korea,https://www.hd.com/en/main,35.51613,129.4383,GC8Q+M6 Ulsan,exact,https://www.google.com/maps/place/HD+Hyundai+Heavy+Industries+Ulsan+Shipyard/data=!3m1!1e3!4m10!1m2!2m1!1sHD+Hyundai!3m6!1s0x3567ce56ebbfb645:0xd94a696f9fca5d90!8m2!3d35.5167468!4d129.4380269!15sCgpIRCBIeXVuZGFpkgEIc2hpcHlhcmTgAQA!16s%2Fg%2F1tfhd8y1?entry=ttu&g_ep=EgoyMDI1MTIwMi4wIKXMDSoASAFQAw%3D%3D,174000,cbm,https://www.igu.org/igu-reports/2025-world-lng-report,,,conventional,https://www.datocms-assets.com/146580/1783403747-igu-world-lng-report-2026.pdf,X-DF,https://www.igu.org/igu-reports/2025-world-lng-report,2027,https://www.igu.org/igu-reports/2025-world-lng-report,,,,IGU,QatarEnergy,"https://www.offshore-energy.biz/qatarenergy-chooses-nakilat-to-own-and-operate-up-to-25-newbuild-lng-carriers/, https://www.rivieramm.com/news-content-hub/news-content-hub/qatars-nakilat-to-order-up-to-25-lng-carriers-79599",27-Sep-2023,https://lngprime.com/asia/qatarenergy-hd-hyundai-heavy-ink-3-9-billion-deal-for-17-lng-carriers/93096/,229000000.00,USD,https://lngprime.com/asia/qatarenergy-hd-hyundai-heavy-ink-3-9-billion-deal-for-17-lng-carriers/93096/
211,1048956,https://www.igu.org/igu-reports/2025-world-lng-report,Al Mashrab,"https://www.shipvault.com/ships/478309, https://shipvaultapi-gjb8c.ondigitalocean.app/api/units/478309, https://www.marinetraffic.org/ship-owner-manager-ism-data/AL-MASHRAB/1048956/1",,Hull 3480 (HDHHI),"https://www.shipvault.com/ships/478309, https://shipvaultapi-gjb8c.ondigitalocean.app/api/units/478309",Hull 3480 (HDHHI),https://www.igu.org/igu-reports/2025-world-lng-report,on order,GEM,12/31/2024,https://www.igu.org/igu-reports/2025-world-lng-report,Nakilat,https://www.igu.org/igu-reports/2025-world-lng-report,,,HD Hyundai Heavy Industries,https://www.igu.org/igu-reports/2025-world-lng-report,South Korea,https://www.hd.com/en/main,35.51613,129.4383,GC8Q+M6 Ulsan,exact,https://www.google.com/maps/place/HD+Hyundai+Heavy+Industries+Ulsan+Shipyard/data=!3m1!1e3!4m10!1m2!2m1!1sHD+Hyundai!3m6!1s0x3567ce56ebbfb645:0xd94a696f9fca5d90!8m2!3d35.5167468!4d129.4380269!15sCgpIRCBIeXVuZGFpkgEIc2hpcHlhcmTgAQA!16s%2Fg%2F1tfhd8y1?entry=ttu&g_ep=EgoyMDI1MTIwMi4wIKXMDSoASAFQAw%3D%3D,174000,cbm,https://www.igu.org/igu-reports/2025-world-lng-report,,,conventional,https://www.datocms-assets.com/146580/1783403747-igu-world-lng-report-2026.pdf,X-DF,https://www.igu.org/igu-reports/2025-world-lng-report,2027,https://www.igu.org/igu-reports/2025-world-lng-report,,,,IGU,QatarEnergy,"https://www.offshore-energy.biz/qatarenergy-chooses-nakilat-to-own-and-operate-up-to-25-newbuild-lng-carriers/, https://www.rivieramm.com/news-content-hub/news-content-hub/qatars-nakilat-to-order-up-to-25-lng-carriers-79599",27-Sep-2023,https://lngprime.com/asia/qatarenergy-hd-hyundai-heavy-ink-3-9-billion-deal-for-17-lng-carriers/93096/,229000000.00,USD,https://lngprime.com/asia/qatarenergy-hd-hyundai-heavy-ink-3-9-billion-deal-for-17-lng-carriers/93096/
212,1048982,https://www.igu.org/igu-reports/2025-world-lng-report,Al Mirzam,"https://www.shipvault.com/ships/478310, https://shipvaultapi-gjb8c.ondigitalocean.app/api/units/478310, https://www.marinetraffic.org/ship-owner-manager-ism-data/AL-MIRZAM/1048982/1",,Hull 3481 (HDHHI),"https://www.shipvault.com/ships/478310, https://shipvaultapi-gjb8c.ondigitalocean.app/api/units/478310",Hull 3481 (HDHHI),https://www.igu.org/igu-reports/2025-world-lng-report,on order,GEM,12/31/2024,https://www.igu.org/igu-reports/2025-world-lng-report,Nakilat,https://www.igu.org/igu-reports/2025-world-lng-report,,,HD Hyundai Heavy Industries,https://www.igu.org/igu-reports/2025-world-lng-report,South Korea,https://www.hd.com/en/main,35.51613,129.4383,GC8Q+M6 Ulsan,exact,https://www.google.com/maps/place/HD+Hyundai+Heavy+Industries+Ulsan+Shipyard/data=!3m1!1e3!4m10!1m2!2m1!1sHD+Hyundai!3m6!1s0x3567ce56ebbfb645:0xd94a696f9fca5d90!8m2!3d35.5167468!4d129.4380269!15sCgpIRCBIeXVuZGFpkgEIc2hpcHlhcmTgAQA!16s%2Fg%2F1tfhd8y1?entry=ttu&g_ep=EgoyMDI1MTIwMi4wIKXMDSoASAFQAw%3D%3D,174000,cbm,https://www.igu.org/igu-reports/2025-world-lng-report,,,conventional,https://www.datocms-assets.com/146580/1783403747-igu-world-lng-report-2026.pdf,X-DF,https://www.igu.org/igu-reports/2025-world-lng-report,2027,https://www.igu.org/igu-reports/2025-world-lng-report,,,,IGU,QatarEnergy,"https://www.offshore-energy.biz/qatarenergy-chooses-nakilat-to-own-and-operate-up-to-25-newbuild-lng-carriers/, https://www.rivieramm.com/news-content-hub/news-content-hub/qatars-nakilat-to-order-up-to-25-lng-carriers-79599",27-Sep-2023,https://lngprime.com/asia/qatarenergy-hd-hyundai-heavy-ink-3-9-billion-deal-for-17-lng-carriers/93096/,229000000.00,USD,https://lngprime.com/asia/qatarenergy-hd-hyundai-heavy-ink-3-9-billion-deal-for-17-lng-carriers/93096/
213,1048994,https://www.igu.org/igu-reports/2025-world-lng-report,Maqdeem,"https://www.shipvault.com/ships/478311, https://shipvaultapi-gjb8c.ondigitalocean.app/api/units/478311, https://www.marinetraffic.org/ship-owner-manager-ism-data/MAQDEEM/1048994/1",,Hull 3482 (HDHHI),"https://www.shipvault.com/ships/478311, https://shipvaultapi-gjb8c.ondigitalocean.app/api/units/478311",Hull 3482 (HDHHI),https://www.igu.org/igu-reports/2025-world-lng-report,on order,GEM,12/31/2024,https://www.igu.org/igu-reports/2025-world-lng-report,Nakilat,https://www.igu.org/igu-reports/2025-world-lng-report,,,HD Hyundai Heavy Industries,https://www.igu.org/igu-reports/2025-world-lng-report,South Korea,https://www.hd.com/en/main,35.51613,129.4383,GC8Q+M6 Ulsan,exact,https://www.google.com/maps/place/HD+Hyundai+Heavy+Industries+Ulsan+Shipyard/data=!3m1!1e3!4m10!1m2!2m1!1sHD+Hyundai!3m6!1s0x3567ce56ebbfb645:0xd94a696f9fca5d90!8m2!3d35.5167468!4d129.4380269!15sCgpIRCBIeXVuZGFpkgEIc2hpcHlhcmTgAQA!16s%2Fg%2F1tfhd8y1?entry=ttu&g_ep=EgoyMDI1MTIwMi4wIKXMDSoASAFQAw%3D%3D,174000,cbm,https://www.igu.org/igu-reports/2025-world-lng-report,,,conventional,https://www.datocms-assets.com/146580/1783403747-igu-world-lng-report-2026.pdf,X-DF,https://www.igu.org/igu-reports/2025-world-lng-report,2027,https://www.igu.org/igu-reports/2025-world-lng-report,,,,IGU,QatarEnergy,"https://www.offshore-energy.biz/qatarenergy-chooses-nakilat-to-own-and-operate-up-to-25-newbuild-lng-carriers/, https://www.rivieramm.com/news-content-hub/news-content-hub/qatars-nakilat-to-order-up-to-25-lng-carriers-79599",27-Sep-2023,https://lngprime.com/asia/qatarenergy-hd-hyundai-heavy-ink-3-9-billion-deal-for-17-lng-carriers/93096/,229000000.00,USD,https://lngprime.com/asia/qatarenergy-hd-hyundai-heavy-ink-3-9-billion-deal-for-17-lng-carriers/93096/
214,1049003,https://www.igu.org/igu-reports/2025-world-lng-report,Al Rufaa,"https://www.shipvault.com/ships/478312, https://shipvaultapi-gjb8c.ondigitalocean.app/api/units/478312, https://www.marinetraffic.org/ship-owner-manager-ism-data/AL-RUFAA/1049003/1",,Hull 3483 (HDHHI),"https://www.shipvault.com/ships/478312, https://shipvaultapi-gjb8c.ondigitalocean.app/api/units/478312",Hull 3483 (HDHHI),https://www.igu.org/igu-reports/2025-world-lng-report,on order,GEM,12/31/2024,https://www.igu.org/igu-reports/2025-world-lng-report,Nakilat,https://www.igu.org/igu-reports/2025-world-lng-report,,,HD Hyundai Heavy Industries,https://www.igu.org/igu-reports/2025-world-lng-report,South Korea,https://www.hd.com/en/main,35.51613,129.4383,GC8Q+M6 Ulsan,exact,https://www.google.com/maps/place/HD+Hyundai+Heavy+Industries+Ulsan+Shipyard/data=!3m1!1e3!4m10!1m2!2m1!1sHD+Hyundai!3m6!1s0x3567ce56ebbfb645:0xd94a696f9fca5d90!8m2!3d35.5167468!4d129.4380269!15sCgpIRCBIeXVuZGFpkgEIc2hpcHlhcmTgAQA!16s%2Fg%2F1tfhd8y1?entry=ttu&g_ep=EgoyMDI1MTIwMi4wIKXMDSoASAFQAw%3D%3D,174000,cbm,https://www.igu.org/igu-reports/2025-world-lng-report,,,conventional,https://www.datocms-assets.com/146580/1783403747-igu-world-lng-report-2026.pdf,X-DF,https://www.igu.org/igu-reports/2025-world-lng-report,2027,https://www.igu.org/igu-reports/2025-world-lng-report,,,,IGU,QatarEnergy,"https://www.offshore-energy.biz/qatarenergy-chooses-nakilat-to-own-and-operate-up-to-25-newbuild-lng-carriers/, https://www.rivieramm.com/news-content-hub/news-content-hub/qatars-nakilat-to-order-up-to-25-lng-carriers-79599",27-Sep-2023,https://lngprime.com/asia/qatarenergy-hd-hyundai-heavy-ink-3-9-billion-deal-for-17-lng-carriers/93096/,229000000.00,USD,https://lngprime.com/asia/qatarenergy-hd-hyundai-heavy-ink-3-9-billion-deal-for-17-lng-carriers/93096/
215,1049015,https://www.igu.org/igu-reports/2025-world-lng-report,Al Nekhsh,"https://www.shipvault.com/ships/478313, https://shipvaultapi-gjb8c.ondigitalocean.app/api/units/478313, https://www.marinetraffic.org/ship-owner-manager-ism-data/AL-NEKHSH/1049015/1",,Hull 3484 (HDHHI),"https://www.shipvault.com/ships/478313, https://shipvaultapi-gjb8c.ondigitalocean.app/api/units/478313",Hull 3484 (HDHHI),https://www.igu.org/igu-reports/2025-world-lng-report,on order,GEM,12/31/2024,https://www.igu.org/igu-reports/2025-world-lng-report,Nakilat,https://www.igu.org/igu-reports/2025-world-lng-report,,,HD Hyundai Heavy Industries,https://www.igu.org/igu-reports/2025-world-lng-report,South Korea,https://www.hd.com/en/main,35.51613,129.4383,GC8Q+M6 Ulsan,exact,https://www.google.com/maps/place/HD+Hyundai+Heavy+Industries+Ulsan+Shipyard/data=!3m1!1e3!4m10!1m2!2m1!1sHD+Hyundai!3m6!1s0x3567ce56ebbfb645:0xd94a696f9fca5d90!8m2!3d35.5167468!4d129.4380269!15sCgpIRCBIeXVuZGFpkgEIc2hpcHlhcmTgAQA!16s%2Fg%2F1tfhd8y1?entry=ttu&g_ep=EgoyMDI1MTIwMi4wIKXMDSoASAFQAw%3D%3D,174000,cbm,https://www.igu.org/igu-reports/2025-world-lng-report,,,conventional,https://www.datocms-assets.com/146580/1783403747-igu-world-lng-report-2026.pdf,X-DF,https://www.igu.org/igu-reports/2025-world-lng-report,2027,https://www.igu.org/igu-reports/2025-world-lng-report,,,,IGU,QatarEnergy,"https://www.offshore-energy.biz/qatarenergy-chooses-nakilat-to-own-and-operate-up-to-25-newbuild-lng-carriers/, https://www.rivieramm.com/news-content-hub/news-content-hub/qatars-nakilat-to-order-up-to-25-lng-carriers-79599",27-Sep-2023,https://lngprime.com/asia/qatarenergy-hd-hyundai-heavy-ink-3-9-billion-deal-for-17-lng-carriers/93096/,229000000.00,USD,https://lngprime.com/asia/qatarenergy-hd-hyundai-heavy-ink-3-9-billion-deal-for-17-lng-carriers/93096/
216,1049027,https://www.igu.org/igu-reports/2025-world-lng-report,Leh'saien,"https://www.shipvault.com/ships/478314, https://shipvaultapi-gjb8c.ondigitalocean.app/api/units/478314, https://www.marinetraffic.org/ship-owner-manager-ism-data/LEH'SAIEN/1049027/1",,Hull 3485 (HDHHI),"https://www.shipvault.com/ships/478314, https://shipvaultapi-gjb8c.ondigitalocean.app/api/units/478314",Hull 3485 (HDHHI),https://www.igu.org/igu-reports/2025-world-lng-report,on order,GEM,12/31/2024,https://www.igu.org/igu-reports/2025-world-lng-report,Nakilat,https://www.igu.org/igu-reports/2025-world-lng-report,,,HD Hyundai Heavy Industries,https://www.igu.org/igu-reports/2025-world-lng-report,South Korea,https://www.hd.com/en/main,35.51613,129.4383,GC8Q+M6 Ulsan,exact,https://www.google.com/maps/place/HD+Hyundai+Heavy+Industries+Ulsan+Shipyard/data=!3m1!1e3!4m10!1m2!2m1!1sHD+Hyundai!3m6!1s0x3567ce56ebbfb645:0xd94a696f9fca5d90!8m2!3d35.5167468!4d129.4380269!15sCgpIRCBIeXVuZGFpkgEIc2hpcHlhcmTgAQA!16s%2Fg%2F1tfhd8y1?entry=ttu&g_ep=EgoyMDI1MTIwMi4wIKXMDSoASAFQAw%3D%3D,174000,cbm,https://www.igu.org/igu-reports/2025-world-lng-report,,,conventional,https://www.datocms-assets.com/146580/1783403747-igu-world-lng-report-2026.pdf,X-DF,https://www.igu.org/igu-reports/2025-world-lng-report,2027,https://www.igu.org/igu-reports/2025-world-lng-report,,,,IGU,QatarEnergy,"https://www.offshore-energy.biz/qatarenergy-chooses-nakilat-to-own-and-operate-up-to-25-newbuild-lng-carriers/, https://www.rivieramm.com/news-content-hub/news-content-hub/qatars-nakilat-to-order-up-to-25-lng-carriers-79599",27-Sep-2023,https://lngprime.com/asia/qatarenergy-hd-hyundai-heavy-ink-3-9-billion-deal-for-17-lng-carriers/93096/,229000000.00,USD,https://lngprime.com/asia/qatarenergy-hd-hyundai-heavy-ink-3-9-billion-deal-for-17-lng-carriers/93096/
217,1049039,https://www.igu.org/igu-reports/2025-world-lng-report,Le'shara,"https://www.shipvault.com/ships/478315, https://shipvaultapi-gjb8c.ondigitalocean.app/api/units/478315, https://www.marinetraffic.org/ship-owner-manager-ism-data/LE'SHARA/1049039/1",,Hull 3486 (HDHHI),"https://www.shipvault.com/ships/478315, https://shipvaultapi-gjb8c.ondigitalocean.app/api/units/478315",Hull 3486 (HDHHI),https://www.igu.org/igu-reports/2025-world-lng-report,on order,GEM,12/31/2024,https://www.igu.org/igu-reports/2025-world-lng-report,Nakilat,https://www.igu.org/igu-reports/2025-world-lng-report,,,HD Hyundai Heavy Industries,https://www.igu.org/igu-reports/2025-world-lng-report,South Korea,https://www.hd.com/en/main,35.51613,129.4383,GC8Q+M6 Ulsan,exact,https://www.google.com/maps/place/HD+Hyundai+Heavy+Industries+Ulsan+Shipyard/data=!3m1!1e3!4m10!1m2!2m1!1sHD+Hyundai!3m6!1s0x3567ce56ebbfb645:0xd94a696f9fca5d90!8m2!3d35.5167468!4d129.4380269!15sCgpIRCBIeXVuZGFpkgEIc2hpcHlhcmTgAQA!16s%2Fg%2F1tfhd8y1?entry=ttu&g_ep=EgoyMDI1MTIwMi4wIKXMDSoASAFQAw%3D%3D,174000,cbm,https://www.igu.org/igu-reports/2025-world-lng-report,,,conventional,https://www.datocms-assets.com/146580/1783403747-igu-world-lng-report-2026.pdf,X-DF,https://www.igu.org/igu-reports/2025-world-lng-report,2027,https://www.igu.org/igu-reports/2025-world-lng-report,,,,IGU,QatarEnergy,"https://www.offshore-energy.biz/qatarenergy-chooses-nakilat-to-own-and-operate-up-to-25-newbuild-lng-carriers/, https://www.rivieramm.com/news-content-hub/news-content-hub/qatars-nakilat-to-order-up-to-25-lng-carriers-79599",27-Sep-2023,https://lngprime.com/asia/qatarenergy-hd-hyundai-heavy-ink-3-9-billion-deal-for-17-lng-carriers/93096/,229000000.00,USD,https://lngprime.com/asia/qatarenergy-hd-hyundai-heavy-ink-3-9-billion-deal-for-17-lng-carriers/93096/
218,1049041,https://www.igu.org/igu-reports/2025-world-lng-report,Librega,"https://www.shipvault.com/ships/478316, https://shipvaultapi-gjb8c.ondigitalocean.app/api/units/478316, https://www.marinetraffic.org/ship-owner-manager-ism-data/LIBREGA/1049041/1",,Hull 3487 (HDHHI),"https://www.shipvault.com/ships/478316, https://shipvaultapi-gjb8c.ondigitalocean.app/api/units/478316",Hull 3487 (HDHHI),https://www.igu.org/igu-reports/2025-world-lng-report,on order,GEM,12/31/2024,https://www.igu.org/igu-reports/2025-world-lng-report,Nakilat,https://www.igu.org/igu-reports/2025-world-lng-report,,,HD Hyundai Heavy Industries,https://www.igu.org/igu-reports/2025-world-lng-report,South Korea,https://www.hd.com/en/main,35.51613,129.4383,GC8Q+M6 Ulsan,exact,https://www.google.com/maps/place/HD+Hyundai+Heavy+Industries+Ulsan+Shipyard/data=!3m1!1e3!4m10!1m2!2m1!1sHD+Hyundai!3m6!1s0x3567ce56ebbfb645:0xd94a696f9fca5d90!8m2!3d35.5167468!4d129.4380269!15sCgpIRCBIeXVuZGFpkgEIc2hpcHlhcmTgAQA!16s%2Fg%2F1tfhd8y1?entry=ttu&g_ep=EgoyMDI1MTIwMi4wIKXMDSoASAFQAw%3D%3D,174000,cbm,https://www.igu.org/igu-reports/2025-world-lng-report,,,conventional,https://www.datocms-assets.com/146580/1783403747-igu-world-lng-report-2026.pdf,X-DF,https://www.igu.org/igu-reports/2025-world-lng-report,2027,https://www.igu.org/igu-reports/2025-world-lng-report,,,,IGU,QatarEnergy,"https://www.offshore-energy.biz/qatarenergy-chooses-nakilat-to-own-and-operate-up-to-25-newbuild-lng-carriers/, https://www.rivieramm.com/news-content-hub/news-content-hub/qatars-nakilat-to-order-up-to-25-lng-carriers-79599",27-Sep-2023,https://lngprime.com/asia/qatarenergy-hd-hyundai-heavy-ink-3-9-billion-deal-for-17-lng-carriers/93096/,229000000.00,USD,https://lngprime.com/asia/qatarenergy-hd-hyundai-heavy-ink-3-9-billion-deal-for-17-lng-carriers/93096/
219,1049053,https://www.igu.org/igu-reports/2025-world-lng-report,Eshairej,"https://www.shipvault.com/ships/478317, https://shipvaultapi-gjb8c.ondigitalocean.app/api/units/478317, https://www.marinetraffic.org/ship-owner-manager-ism-data/ESHAIREJ/1049053/1",,Hull 3488 (HDHHI),"https://www.shipvault.com/ships/478317, https://shipvaultapi-gjb8c.ondigitalocean.app/api/units/478317",Hull 3488 (HDHHI),https://www.igu.org/igu-reports/2025-world-lng-report,on order,GEM,12/31/2024,https://www.igu.org/igu-reports/2025-world-lng-report,Nakilat,https://www.igu.org/igu-reports/2025-world-lng-report,,,HD Hyundai Heavy Industries,https://www.igu.org/igu-reports/2025-world-lng-report,South Korea,https://www.hd.com/en/main,35.51613,129.4383,GC8Q+M6 Ulsan,exact,https://www.google.com/maps/place/HD+Hyundai+Heavy+Industries+Ulsan+Shipyard/data=!3m1!1e3!4m10!1m2!2m1!1sHD+Hyundai!3m6!1s0x3567ce56ebbfb645:0xd94a696f9fca5d90!8m2!3d35.5167468!4d129.4380269!15sCgpIRCBIeXVuZGFpkgEIc2hpcHlhcmTgAQA!16s%2Fg%2F1tfhd8y1?entry=ttu&g_ep=EgoyMDI1MTIwMi4wIKXMDSoASAFQAw%3D%3D,174000,cbm,https://www.igu.org/igu-reports/2025-world-lng-report,,,conventional,https://www.datocms-assets.com/146580/1783403747-igu-world-lng-report-2026.pdf,X-DF,https://www.igu.org/igu-reports/2025-world-lng-report,2027,https://www.igu.org/igu-reports/2025-world-lng-report,,,,IGU,QatarEnergy,"https://www.offshore-energy.biz/qatarenergy-chooses-nakilat-to-own-and-operate-up-to-25-newbuild-lng-carriers/, https://www.rivieramm.com/news-content-hub/news-content-hub/qatars-nakilat-to-order-up-to-25-lng-carriers-79599",27-Sep-2023,https://lngprime.com/asia/qatarenergy-hd-hyundai-heavy-ink-3-9-billion-deal-for-17-lng-carriers/93096/,229000000.00,USD,https://lngprime.com/asia/qatarenergy-hd-hyundai-heavy-ink-3-9-billion-deal-for-17-lng-carriers/93096/
220,1049065,https://www.igu.org/igu-reports/2025-world-lng-report,Mneefa,"https://www.shipvault.com/ships/478318, https://shipvaultapi-gjb8c.ondigitalocean.app/api/units/478318, https://www.marinetraffic.org/ship-owner-manager-ism-data/MNEEFA/1049065/1",,Hull 3489 (HDHHI),"https://www.shipvault.com/ships/478318, https://shipvaultapi-gjb8c.ondigitalocean.app/api/units/478318",Hull 3489 (HDHHI),https://www.igu.org/igu-reports/2025-world-lng-report,on order,GEM,12/31/2024,https://www.igu.org/igu-reports/2025-world-lng-report,Nakilat,https://www.igu.org/igu-reports/2025-world-lng-report,,,HD Hyundai Heavy Industries,https://www.igu.org/igu-reports/2025-world-lng-report,South Korea,https://www.hd.com/en/main,35.51613,129.4383,GC8Q+M6 Ulsan,exact,https://www.google.com/maps/place/HD+Hyundai+Heavy+Industries+Ulsan+Shipyard/data=!3m1!1e3!4m10!1m2!2m1!1sHD+Hyundai!3m6!1s0x3567ce56ebbfb645:0xd94a696f9fca5d90!8m2!3d35.5167468!4d129.4380269!15sCgpIRCBIeXVuZGFpkgEIc2hpcHlhcmTgAQA!16s%2Fg%2F1tfhd8y1?entry=ttu&g_ep=EgoyMDI1MTIwMi4wIKXMDSoASAFQAw%3D%3D,174000,cbm,https://www.igu.org/igu-reports/2025-world-lng-report,,,conventional,https://www.datocms-assets.com/146580/1783403747-igu-world-lng-report-2026.pdf,X-DF,https://www.igu.org/igu-reports/2025-world-lng-report,2027,https://www.igu.org/igu-reports/2025-world-lng-report,,,,IGU,QatarEnergy,"https://www.offshore-energy.biz/qatarenergy-chooses-nakilat-to-own-and-operate-up-to-25-newbuild-lng-carriers/, https://www.rivieramm.com/news-content-hub/news-content-hub/qatars-nakilat-to-order-up-to-25-lng-carriers-79599",27-Sep-2023,https://lngprime.com/asia/qatarenergy-hd-hyundai-heavy-ink-3-9-billion-deal-for-17-lng-carriers/93096/,229000000.00,USD,https://lngprime.com/asia/qatarenergy-hd-hyundai-heavy-ink-3-9-billion-deal-for-17-lng-carriers/93096/
221,1049089,https://www.igu.org/igu-reports/2025-world-lng-report,Ezhara,"https://www.shipvault.com/ships/478319, https://shipvaultapi-gjb8c.ondigitalocean.app/api/units/478319, https://www.marinetraffic.org/ship-owner-manager-ism-data/EZHARA/1049089/1",,Hull 3490 (HDHHI),"https://www.shipvault.com/ships/478319, https://shipvaultapi-gjb8c.ondigitalocean.app/api/units/478319",Hull 3490 (HDHHI),https://www.igu.org/igu-reports/2025-world-lng-report,on order,GEM,12/31/2024,https://www.igu.org/igu-reports/2025-world-lng-report,Nakilat,https://www.igu.org/igu-reports/2025-world-lng-report,,,HD Hyundai Heavy Industries,https://www.igu.org/igu-reports/2025-world-lng-report,South Korea,https://www.hd.com/en/main,35.51613,129.4383,GC8Q+M6 Ulsan,exact,https://www.google.com/maps/place/HD+Hyundai+Heavy+Industries+Ulsan+Shipyard/data=!3m1!1e3!4m10!1m2!2m1!1sHD+Hyundai!3m6!1s0x3567ce56ebbfb645:0xd94a696f9fca5d90!8m2!3d35.5167468!4d129.4380269!15sCgpIRCBIeXVuZGFpkgEIc2hpcHlhcmTgAQA!16s%2Fg%2F1tfhd8y1?entry=ttu&g_ep=EgoyMDI1MTIwMi4wIKXMDSoASAFQAw%3D%3D,174000,cbm,https://www.igu.org/igu-reports/2025-world-lng-report,,,conventional,https://www.datocms-assets.com/146580/1783403747-igu-world-lng-report-2026.pdf,X-DF,https://www.igu.org/igu-reports/2025-world-lng-report,2027,https://www.igu.org/igu-reports/2025-world-lng-report,,,,IGU,QatarEnergy,"https://www.offshore-energy.biz/qatarenergy-chooses-nakilat-to-own-and-operate-up-to-25-newbuild-lng-carriers/, https://www.rivieramm.com/news-content-hub/news-content-hub/qatars-nakilat-to-order-up-to-25-lng-carriers-79599",27-Sep-2023,https://lngprime.com/asia/qatarenergy-hd-hyundai-heavy-ink-3-9-billion-deal-for-17-lng-carriers/93096/,229000000.00,USD,https://lngprime.com/asia/qatarenergy-hd-hyundai-heavy-ink-3-9-billion-deal-for-17-lng-carriers/93096/
222,1049091,https://www.igu.org/igu-reports/2025-world-lng-report,Izghawa,"https://www.shipvault.com/ships/478320, https://shipvaultapi-gjb8c.ondigitalocean.app/api/units/478320, https://www.marinetraffic.org/ship-owner-manager-ism-data/IZGHAWA/1049091/1",,Hull 3491 (HDHHI),"https://www.shipvault.com/ships/478320, https://shipvaultapi-gjb8c.ondigitalocean.app/api/units/478320",Hull 3491 (HDHHI),https://www.igu.org/igu-reports/2025-world-lng-report,on order,GEM,12/31/2024,https://www.igu.org/igu-reports/2025-world-lng-report,Nakilat,https://www.igu.org/igu-reports/2025-world-lng-report,,,HD Hyundai Heavy Industries,https://www.igu.org/igu-reports/2025-world-lng-report,South Korea,https://www.hd.com/en/main,35.51613,129.4383,GC8Q+M6 Ulsan,exact,https://www.google.com/maps/place/HD+Hyundai+Heavy+Industries+Ulsan+Shipyard/data=!3m1!1e3!4m10!1m2!2m1!1sHD+Hyundai!3m6!1s0x3567ce56ebbfb645:0xd94a696f9fca5d90!8m2!3d35.5167468!4d129.4380269!15sCgpIRCBIeXVuZGFpkgEIc2hpcHlhcmTgAQA!16s%2Fg%2F1tfhd8y1?entry=ttu&g_ep=EgoyMDI1MTIwMi4wIKXMDSoASAFQAw%3D%3D,174000,cbm,https://www.igu.org/igu-reports/2025-world-lng-report,,,conventional,https://www.datocms-assets.com/146580/1783403747-igu-world-lng-report-2026.pdf,X-DF,https://www.igu.org/igu-reports/2025-world-lng-report,2028,https://www.igu.org/igu-reports/2025-world-lng-report,,,,IGU,QatarEnergy,"https://www.offshore-energy.biz/qatarenergy-chooses-nakilat-to-own-and-operate-up-to-25-newbuild-lng-carriers/, https://www.rivieramm.com/news-content-hub/news-content-hub/qatars-nakilat-to-order-up-to-25-lng-carriers-79599",27-Sep-2023,https://lngprime.com/asia/qatarenergy-hd-hyundai-heavy-ink-3-9-billion-deal-for-17-lng-carriers/93096/,229000000.00,USD,https://lngprime.com/asia/qatarenergy-hd-hyundai-heavy-ink-3-9-billion-deal-for-17-lng-carriers/93096/
223,1049118,https://www.igu.org/igu-reports/2025-world-lng-report,Al Wa'ab,"https://www.shipvault.com/ships/478321, https://shipvaultapi-gjb8c.ondigitalocean.app/api/units/478321, https://www.marinetraffic.org/ship-owner-manager-ism-data/AL-WA'AB/1049118/1",,Hull 3492 (HDHHI),"https://www.shipvault.com/ships/478321, https://shipvaultapi-gjb8c.ondigitalocean.app/api/units/478321",Hull 3492 (HDHHI),https://www.igu.org/igu-reports/2025-world-lng-report,on order,GEM,12/31/2024,https://www.igu.org/igu-reports/2025-world-lng-report,Nakilat,https://www.igu.org/igu-reports/2025-world-lng-report,,,HD Hyundai Heavy Industries,https://www.igu.org/igu-reports/2025-world-lng-report,South Korea,https://www.hd.com/en/main,35.51613,129.4383,GC8Q+M6 Ulsan,exact,https://www.google.com/maps/place/HD+Hyundai+Heavy+Industries+Ulsan+Shipyard/data=!3m1!1e3!4m10!1m2!2m1!1sHD+Hyundai!3m6!1s0x3567ce56ebbfb645:0xd94a696f9fca5d90!8m2!3d35.5167468!4d129.4380269!15sCgpIRCBIeXVuZGFpkgEIc2hpcHlhcmTgAQA!16s%2Fg%2F1tfhd8y1?entry=ttu&g_ep=EgoyMDI1MTIwMi4wIKXMDSoASAFQAw%3D%3D,174000,cbm,https://www.igu.org/igu-reports/2025-world-lng-report,,,conventional,https://www.datocms-assets.com/146580/1783403747-igu-world-lng-report-2026.pdf,X-DF,https://www.igu.org/igu-reports/2025-world-lng-report,2028,https://www.igu.org/igu-reports/2025-world-lng-report,,,,IGU,QatarEnergy,"https://www.offshore-energy.biz/qatarenergy-chooses-nakilat-to-own-and-operate-up-to-25-newbuild-lng-carriers/, https://www.rivieramm.com/news-content-hub/news-content-hub/qatars-nakilat-to-order-up-to-25-lng-carriers-79599",27-Sep-2023,https://lngprime.com/asia/qatarenergy-hd-hyundai-heavy-ink-3-9-billion-deal-for-17-lng-carriers/93096/,229000000.00,USD,https://lngprime.com/asia/qatarenergy-hd-hyundai-heavy-ink-3-9-billion-deal-for-17-lng-carriers/93096/
226,9946362,https://www.igu.org/igu-reports/2025-world-lng-report,Zoe Knutsen,https://www.vesselfinder.com/vessels/details/9946362,,,,Hull 8102 (HDHHI),"https://www.shipvault.com/ships/448545, https://www.datocms-assets.com/146580/1763396210-1747916410-igu-world-lng-report-2025.pdf, https://www.datocms-assets.com/146580/1783403747-igu-world-lng-report-2026.pdf",active,GEM,12/17/2025,https://www.vesselfinder.com/vessels/details/9946362,Knutsen OAS,https://www.igu.org/igu-reports/2025-world-lng-report,Norway,https://www.imarinenews.com/35664.html,HD Hyundai Heavy Industries,https://www.igu.org/igu-reports/2025-world-lng-report,South Korea,https://www.hd.com/en/main,35.51613,129.4383,GC8Q+M6 Ulsan,exact,https://www.google.com/maps/place/HD+Hyundai+Heavy+Industries+Ulsan+Shipyard/data=!3m1!1e3!4m10!1m2!2m1!1sHD+Hyundai!3m6!1s0x3567ce56ebbfb645:0xd94a696f9fca5d90!8m2!3d35.5167468!4d129.4380269!15sCgpIRCBIeXVuZGFpkgEIc2hpcHlhcmTgAQA!16s%2Fg%2F1tfhd8y1?entry=ttu&g_ep=EgoyMDI1MTIwMi4wIKXMDSoASAFQAw%3D%3D,174000,cbm,https://www.igu.org/igu-reports/2025-world-lng-report,membrane,https://www.datocms-assets.com/146580/1783403747-igu-world-lng-report-2026.pdf,conventional,https://www.datocms-assets.com/146580/1783403747-igu-world-lng-report-2026.pdf,X-DF,https://www.igu.org/igu-reports/2025-world-lng-report,2025,https://www.igu.org/igu-reports/2025-world-lng-report,,,,IGU,,,,,,,
230,9972218,https://www.igu.org/igu-reports/2025-world-lng-report,Amaryllis Knutsen,https://www.vesselfinder.com/vessels/details/9972218,,,,Hull 8181 (HDHHI),"https://www.shipvault.com/ships/461187, https://shipvaultapi-gjb8c.ondigitalocean.app/api/units/461187, https://www.datocms-assets.com/146580/1763396210-1747916410-igu-world-lng-report-2025.pdf",active,GEM,12/17/2025,https://www.vesselfinder.com/vessels/details/9972218,Knutsen OAS,https://www.igu.org/igu-reports/2025-world-lng-report,Norway,https://www.imarinenews.com/35664.html,HD Hyundai Heavy Industries,https://www.igu.org/igu-reports/2025-world-lng-report,South Korea,https://www.hd.com/en/main,35.51613,129.4383,GC8Q+M6 Ulsan,exact,https://www.google.com/maps/place/HD+Hyundai+Heavy+Industries+Ulsan+Shipyard/data=!3m1!1e3!4m10!1m2!2m1!1sHD+Hyundai!3m6!1s0x3567ce56ebbfb645:0xd94a696f9fca5d90!8m2!3d35.5167468!4d129.4380269!15sCgpIRCBIeXVuZGFpkgEIc2hpcHlhcmTgAQA!16s%2Fg%2F1tfhd8y1?entry=ttu&g_ep=EgoyMDI1MTIwMi4wIKXMDSoASAFQAw%3D%3D,174000,cbm,https://www.igu.org/igu-reports/2025-world-lng-report,membrane,https://www.datocms-assets.com/146580/1783403747-igu-world-lng-report-2026.pdf,conventional,https://www.datocms-assets.com/146580/1783403747-igu-world-lng-report-2026.pdf,X-DF,https://www.igu.org/igu-reports/2025-world-lng-report,2025,https://www.igu.org/igu-reports/2025-world-lng-report,,,,IGU,,,,,,,
231,9992220,https://www.igu.org/igu-reports/2025-world-lng-report,Parthenon LNG,"https://www.shipvault.com/ships/428603, https://shipvaultapi-gjb8c.ondigitalocean.app/api/units/428603",,Hull 8182 (HSHI),"https://www.shipvault.com/ships/428603, https://shipvaultapi-gjb8c.ondigitalocean.app/api/units/428603",Hull 8182 (HSHI),https://www.igu.org/igu-reports/2025-world-lng-report,active,GEM,12/31/2024,"https://www.shipvault.com/ships/428603, https://shipvaultapi-gjb8c.ondigitalocean.app/api/units/428603",TMS Cardiff Gas,https://www.igu.org/igu-reports/2025-world-lng-report,Greece,https://system.new-vessels.com/orderer-45411-TMS_Cardiff_Gas_Ltd.html,HD Hyundai Samho,https://www.igu.org/igu-reports/2025-world-lng-report,South Korea,https://www.hshi.co.kr/eng/,34.75031,126.3875,"Q92P+7M Yeongam-gun, Jeollanam-do",exact,https://www.google.com/maps/place/Hyundai+Samho+Heavy+Industries+Entrance/data=!3m1!1e3!4m10!1m2!2m1!1sHyundai+Samho+Heavy+Industries!3m6!1s0x3573a4568dfe21d7:0x865a025eb9b373b5!8m2!3d34.75066!4d126.386691!15sCh5IeXVuZGFpIFNhbWhvIEhlYXZ5IEluZHVzdHJpZXOSAQhidXNfc3RvcOABAA!16s%2Fg%2F11b77sqk26?entry=ttu&g_ep=EgoyMDI1MTIwMi4wIKXMDSoASAFQAw%3D%3D,174000,cbm,https://www.igu.org/igu-reports/2025-world-lng-report,,,conventional,https://www.datocms-assets.com/146580/1783403747-igu-world-lng-report-2026.pdf,X-DF,https://www.igu.org/igu-reports/2025-world-lng-report,2026,https://www.igu.org/igu-reports/2025-world-lng-report,,,,IGU,,,,,,,
232,9976109,https://www.igu.org/igu-reports/2025-world-lng-report,Puteri Selangor,"https://www.shipvault.com/ships/456920, https://shipvaultapi-gjb8c.ondigitalocean.app/api/units/456920",,Hull 8188 (HSHI),"https://www.shipvault.com/ships/456920, https://shipvaultapi-gjb8c.ondigitalocean.app/api/units/456920",Hull 8188 (HSHI),https://www.igu.org/igu-reports/2025-world-lng-report,active,GEM,12/31/2024,"https://www.shipvault.com/ships/456920, https://shipvaultapi-gjb8c.ondigitalocean.app/api/units/456920",SK Shipping,https://www.igu.org/igu-reports/2025-world-lng-report,South Korea,"https://en.wikipedia.org/wiki/SK_Shipping, https://splash247.com/sk-shipping-takes-aim-at-asia-lng-top-spot-in-h-line-tanker-swap/",HD Hyundai Samho,https://www.igu.org/igu-reports/2025-world-lng-report,South Korea,https://www.hshi.co.kr/eng/,34.75031,126.3875,"Q92P+7M Yeongam-gun, Jeollanam-do",exact,https://www.google.com/maps/place/Hyundai+Samho+Heavy+Industries+Entrance/data=!3m1!1e3!4m10!1m2!2m1!1sHyundai+Samho+Heavy+Industries!3m6!1s0x3573a4568dfe21d7:0x865a025eb9b373b5!8m2!3d34.75066!4d126.386691!15sCh5IeXVuZGFpIFNhbWhvIEhlYXZ5IEluZHVzdHJpZXOSAQhidXNfc3RvcOABAA!16s%2Fg%2F11b77sqk26?entry=ttu&g_ep=EgoyMDI1MTIwMi4wIKXMDSoASAFQAw%3D%3D,174000,cbm,https://www.igu.org/igu-reports/2025-world-lng-report,membrane,https://www.datocms-assets.com/146580/1783403747-igu-world-lng-report-2026.pdf,conventional,https://www.datocms-assets.com/146580/1783403747-igu-world-lng-report-2026.pdf,ME-GA,https://www.igu.org/igu-reports/2025-world-lng-report,2025,"https://www.shipvault.com/ships/456920, https://shipvaultapi-gjb8c.ondigitalocean.app/api/units/456920",,,,IGU,,,,,,,
233,9976111,https://www.igu.org/igu-reports/2025-world-lng-report,Puteri Terengganu,"https://www.shipvault.com/ships/456921, https://shipvaultapi-gjb8c.ondigitalocean.app/api/units/456921",,Hull 8189 (HSHI),"https://www.shipvault.com/ships/456921, https://shipvaultapi-gjb8c.ondigitalocean.app/api/units/456921",Hull 8189 (HSHI),https://www.igu.org/igu-reports/2025-world-lng-report,active,GEM,12/31/2024,"https://www.shipvault.com/ships/456921, https://shipvaultapi-gjb8c.ondigitalocean.app/api/units/456921",SK Shipping,https://www.igu.org/igu-reports/2025-world-lng-report,South Korea,"https://en.wikipedia.org/wiki/SK_Shipping, https://splash247.com/sk-shipping-takes-aim-at-asia-lng-top-spot-in-h-line-tanker-swap/",HD Hyundai Samho,https://www.igu.org/igu-reports/2025-world-lng-report,South Korea,https://www.hshi.co.kr/eng/,34.75031,126.3875,"Q92P+7M Yeongam-gun, Jeollanam-do",exact,https://www.google.com/maps/place/Hyundai+Samho+Heavy+Industries+Entrance/data=!3m1!1e3!4m10!1m2!2m1!1sHyundai+Samho+Heavy+Industries!3m6!1s0x3573a4568dfe21d7:0x865a025eb9b373b5!8m2!3d34.75066!4d126.386691!15sCh5IeXVuZGFpIFNhbWhvIEhlYXZ5IEluZHVzdHJpZXOSAQhidXNfc3RvcOABAA!16s%2Fg%2F11b77sqk26?entry=ttu&g_ep=EgoyMDI1MTIwMi4wIKXMDSoASAFQAw%3D%3D,174000,cbm,https://www.igu.org/igu-reports/2025-world-lng-report,membrane,https://www.datocms-assets.com/146580/1783403747-igu-world-lng-report-2026.pdf,conventional,https://www.datocms-assets.com/146580/1783403747-igu-world-lng-report-2026.pdf,ME-GA,https://www.igu.org/igu-reports/2025-world-lng-report,2025,"https://www.shipvault.com/ships/456921, https://shipvaultapi-gjb8c.ondigitalocean.app/api/units/456921",,,,IGU,,,,,,,
235,9992232,https://www.igu.org/igu-reports/2025-world-lng-report,Olympus LNG,"https://www.shipvault.com/ships/458170, https://shipvaultapi-gjb8c.ondigitalocean.app/api/units/458170",,Hull 8200 (HSHI),"https://www.shipvault.com/ships/458170, https://shipvaultapi-gjb8c.ondigitalocean.app/api/units/458170",Hull 8200 (HSHI),https://www.igu.org/igu-reports/2025-world-lng-report,active,GEM,12/31/2024,"https://www.shipvault.com/ships/458170, https://shipvaultapi-gjb8c.ondigitalocean.app/api/units/458170",TMS Cardiff Gas,https://www.igu.org/igu-reports/2025-world-lng-report,Greece,https://system.new-vessels.com/orderer-45411-TMS_Cardiff_Gas_Ltd.html,HD Hyundai Samho,https://www.igu.org/igu-reports/2025-world-lng-report,South Korea,https://www.hshi.co.kr/eng/,34.75031,126.3875,"Q92P+7M Yeongam-gun, Jeollanam-do",exact,https://www.google.com/maps/place/Hyundai+Samho+Heavy+Industries+Entrance/data=!3m1!1e3!4m10!1m2!2m1!1sHyundai+Samho+Heavy+Industries!3m6!1s0x3573a4568dfe21d7:0x865a025eb9b373b5!8m2!3d34.75066!4d126.386691!15sCh5IeXVuZGFpIFNhbWhvIEhlYXZ5IEluZHVzdHJpZXOSAQhidXNfc3RvcOABAA!16s%2Fg%2F11b77sqk26?entry=ttu&g_ep=EgoyMDI1MTIwMi4wIKXMDSoASAFQAw%3D%3D,174000,cbm,https://www.igu.org/igu-reports/2025-world-lng-report,,,conventional,https://www.datocms-assets.com/146580/1783403747-igu-world-lng-report-2026.pdf,X-DF,https://www.igu.org/igu-reports/2025-world-lng-report,2026,https://www.igu.org/igu-reports/2025-world-lng-report,,,,IGU,,,,,,,
236,9992244,https://www.igu.org/igu-reports/2025-world-lng-report,Frontier LNG,"https://www.shipvault.com/ships/458171, https://shipvaultapi-gjb8c.ondigitalocean.app/api/units/458171",,Hull 8201 (HSHI),"https://www.shipvault.com/ships/458171, https://shipvaultapi-gjb8c.ondigitalocean.app/api/units/458171",Hull 8201 (HSHI),https://www.igu.org/igu-reports/2025-world-lng-report,active,GEM,12/31/2024,"https://www.shipvault.com/ships/458171, https://shipvaultapi-gjb8c.ondigitalocean.app/api/units/458171",TMS Cardiff Gas,https://www.igu.org/igu-reports/2025-world-lng-report,Greece,https://system.new-vessels.com/orderer-45411-TMS_Cardiff_Gas_Ltd.html,HD Hyundai Samho,https://www.igu.org/igu-reports/2025-world-lng-report,South Korea,https://www.hshi.co.kr/eng/,34.75031,126.3875,"Q92P+7M Yeongam-gun, Jeollanam-do",exact,https://www.google.com/maps/place/Hyundai+Samho+Heavy+Industries+Entrance/data=!3m1!1e3!4m10!1m2!2m1!1sHyundai+Samho+Heavy+Industries!3m6!1s0x3573a4568dfe21d7:0x865a025eb9b373b5!8m2!3d34.75066!4d126.386691!15sCh5IeXVuZGFpIFNhbWhvIEhlYXZ5IEluZHVzdHJpZXOSAQhidXNfc3RvcOABAA!16s%2Fg%2F11b77sqk26?entry=ttu&g_ep=EgoyMDI1MTIwMi4wIKXMDSoASAFQAw%3D%3D,174000,cbm,https://www.igu.org/igu-reports/2025-world-lng-report,,,conventional,https://www.datocms-assets.com/146580/1783403747-igu-world-lng-report-2026.pdf,X-DF,https://www.igu.org/igu-reports/2025-world-lng-report,2026,https://www.igu.org/igu-reports/2025-world-lng-report,,,,IGU,,,,,,,
237,9992880,https://www.igu.org/igu-reports/2025-world-lng-report,Muscat LNG,"https://www.shipvault.com/ships/461955, https://shipvaultapi-gjb8c.ondigitalocean.app/api/units/461955",,Hull 8204 (HSHI),"https://www.shipvault.com/ships/461955, https://shipvaultapi-gjb8c.ondigitalocean.app/api/units/461955",Hull 8204 (HSHI),https://www.igu.org/igu-reports/2025-world-lng-report,active,GEM,12/31/2024,"https://www.shipvault.com/ships/461955, https://shipvaultapi-gjb8c.ondigitalocean.app/api/units/461955",Asyad Shipping,https://www.igu.org/igu-reports/2025-world-lng-report,,,HD Hyundai Samho,https://www.igu.org/igu-reports/2025-world-lng-report,South Korea,https://www.hshi.co.kr/eng/,34.75031,126.3875,"Q92P+7M Yeongam-gun, Jeollanam-do",exact,https://www.google.com/maps/place/Hyundai+Samho+Heavy+Industries+Entrance/data=!3m1!1e3!4m10!1m2!2m1!1sHyundai+Samho+Heavy+Industries!3m6!1s0x3573a4568dfe21d7:0x865a025eb9b373b5!8m2!3d34.75066!4d126.386691!15sCh5IeXVuZGFpIFNhbWhvIEhlYXZ5IEluZHVzdHJpZXOSAQhidXNfc3RvcOABAA!16s%2Fg%2F11b77sqk26?entry=ttu&g_ep=EgoyMDI1MTIwMi4wIKXMDSoASAFQAw%3D%3D,174000,cbm,https://www.igu.org/igu-reports/2025-world-lng-report,,,conventional,https://www.datocms-assets.com/146580/1783403747-igu-world-lng-report-2026.pdf,ME-GA,https://www.igu.org/igu-reports/2025-world-lng-report,2026,https://www.igu.org/igu-reports/2025-world-lng-report,,,,IGU,,,,,,,
238,9992878,https://www.igu.org/igu-reports/2025-world-lng-report,Musandam LNG,"https://www.shipvault.com/ships/461956, https://shipvaultapi-gjb8c.ondigitalocean.app/api/units/461956",,Hull 8205 (HSHI),"https://www.shipvault.com/ships/461956, https://shipvaultapi-gjb8c.ondigitalocean.app/api/units/461956",Hull 8205 (HSHI),https://www.igu.org/igu-reports/2025-world-lng-report,active,GEM,12/31/2024,"https://www.shipvault.com/ships/461956, https://shipvaultapi-gjb8c.ondigitalocean.app/api/units/461956",Asyad Shipping,https://www.igu.org/igu-reports/2025-world-lng-report,,,HD Hyundai Samho,https://www.igu.org/igu-reports/2025-world-lng-report,South Korea,https://www.hshi.co.kr/eng/,34.75031,126.3875,"Q92P+7M Yeongam-gun, Jeollanam-do",exact,https://www.google.com/maps/place/Hyundai+Samho+Heavy+Industries+Entrance/data=!3m1!1e3!4m10!1m2!2m1!1sHyundai+Samho+Heavy+Industries!3m6!1s0x3573a4568dfe21d7:0x865a025eb9b373b5!8m2!3d34.75066!4d126.386691!15sCh5IeXVuZGFpIFNhbWhvIEhlYXZ5IEluZHVzdHJpZXOSAQhidXNfc3RvcOABAA!16s%2Fg%2F11b77sqk26?entry=ttu&g_ep=EgoyMDI1MTIwMi4wIKXMDSoASAFQAw%3D%3D,174000,cbm,https://www.igu.org/igu-reports/2025-world-lng-report,,,conventional,https://www.datocms-assets.com/146580/1783403747-igu-world-lng-report-2026.pdf,ME-GA,https://www.igu.org/igu-reports/2025-world-lng-report,2026,https://www.igu.org/igu-reports/2025-world-lng-report,,,,IGU,,,,,,,
239,1023877,https://www.igu.org/igu-reports/2025-world-lng-report,Diamond Gas Nexus,https://www.marinetraffic.org/ship-owner-manager-ism-data/DIAMOND-GAS-NEXUS/1023877/563334400,,Hull 8208 (HSHI),"https://www.datocms-assets.com/146580/1763396210-1747916410-igu-world-lng-report-2025.pdf, https://www.datocms-assets.com/146580/1783403747-igu-world-lng-report-2026.pdf",Hull 8208 (HSHI),https://www.igu.org/igu-reports/2025-world-lng-report,on order,GEM,12/31/2024,https://www.igu.org/igu-reports/2025-world-lng-report,NYK Line,https://www.igu.org/igu-reports/2025-world-lng-report,Japan,"https://www.nyk.com/english/profile/profile/, https://en.wikipedia.org/wiki/Nippon_Yusen",HD Hyundai Samho,https://www.igu.org/igu-reports/2025-world-lng-report,South Korea,https://www.hshi.co.kr/eng/,34.75031,126.3875,"Q92P+7M Yeongam-gun, Jeollanam-do",exact,https://www.google.com/maps/place/Hyundai+Samho+Heavy+Industries+Entrance/data=!3m1!1e3!4m10!1m2!2m1!1sHyundai+Samho+Heavy+Industries!3m6!1s0x3573a4568dfe21d7:0x865a025eb9b373b5!8m2!3d34.75066!4d126.386691!15sCh5IeXVuZGFpIFNhbWhvIEhlYXZ5IEluZHVzdHJpZXOSAQhidXNfc3RvcOABAA!16s%2Fg%2F11b77sqk26?entry=ttu&g_ep=EgoyMDI1MTIwMi4wIKXMDSoASAFQAw%3D%3D,174000,cbm,https://www.igu.org/igu-reports/2025-world-lng-report,,,conventional,https://www.datocms-assets.com/146580/1783403747-igu-world-lng-report-2026.pdf,X-DF,https://www.igu.org/igu-reports/2025-world-lng-report,2027,https://www.igu.org/igu-reports/2025-world-lng-report,,,,IGU,,,,,,,
240,1023889,https://www.igu.org/igu-reports/2025-world-lng-report,Grace Himawari,https://www.marinetraffic.org/ship-owner-manager-ism-data/GRACE-HIMAWARI/1023889/1,,Hull 8209 (HSHI),"https://www.datocms-assets.com/146580/1763396210-1747916410-igu-world-lng-report-2025.pdf, https://www.datocms-assets.com/146580/1783403747-igu-world-lng-report-2026.pdf",Hull 8209 (HSHI),https://www.igu.org/igu-reports/2025-world-lng-report,on order,GEM,12/31/2024,https://www.igu.org/igu-reports/2025-world-lng-report,NYK Line,https://www.igu.org/igu-reports/2025-world-lng-report,Japan,"https://www.nyk.com/english/profile/profile/, https://en.wikipedia.org/wiki/Nippon_Yusen",HD Hyundai Samho,https://www.igu.org/igu-reports/2025-world-lng-report,South Korea,https://www.hshi.co.kr/eng/,34.75031,126.3875,"Q92P+7M Yeongam-gun, Jeollanam-do",exact,https://www.google.com/maps/place/Hyundai+Samho+Heavy+Industries+Entrance/data=!3m1!1e3!4m10!1m2!2m1!1sHyundai+Samho+Heavy+Industries!3m6!1s0x3573a4568dfe21d7:0x865a025eb9b373b5!8m2!3d34.75066!4d126.386691!15sCh5IeXVuZGFpIFNhbWhvIEhlYXZ5IEluZHVzdHJpZXOSAQhidXNfc3RvcOABAA!16s%2Fg%2F11b77sqk26?entry=ttu&g_ep=EgoyMDI1MTIwMi4wIKXMDSoASAFQAw%3D%3D,174000,cbm,https://www.igu.org/igu-reports/2025-world-lng-report,,,conventional,https://www.datocms-assets.com/146580/1783403747-igu-world-lng-report-2026.pdf,X-DF,https://www.igu.org/igu-reports/2025-world-lng-report,2027,https://www.igu.org/igu-reports/2025-world-lng-report,,,,IGU,,,,,,,
241,1023891,https://www.igu.org/igu-reports/2025-world-lng-report,Hull 8210 (HSHI),https://www.igu.org/igu-reports/2025-world-lng-report,,,,Hull 8210 (HSHI),https://www.igu.org/igu-reports/2025-world-lng-report,on order,GEM,12/31/2024,https://www.igu.org/igu-reports/2025-world-lng-report,NYK Line,https://www.igu.org/igu-reports/2025-world-lng-report,Japan,"https://www.nyk.com/english/profile/profile/, https://en.wikipedia.org/wiki/Nippon_Yusen",HD Hyundai Samho,https://www.igu.org/igu-reports/2025-world-lng-report,South Korea,https://www.hshi.co.kr/eng/,34.75031,126.3875,"Q92P+7M Yeongam-gun, Jeollanam-do",exact,https://www.google.com/maps/place/Hyundai+Samho+Heavy+Industries+Entrance/data=!3m1!1e3!4m10!1m2!2m1!1sHyundai+Samho+Heavy+Industries!3m6!1s0x3573a4568dfe21d7:0x865a025eb9b373b5!8m2!3d34.75066!4d126.386691!15sCh5IeXVuZGFpIFNhbWhvIEhlYXZ5IEluZHVzdHJpZXOSAQhidXNfc3RvcOABAA!16s%2Fg%2F11b77sqk26?entry=ttu&g_ep=EgoyMDI1MTIwMi4wIKXMDSoASAFQAw%3D%3D,174000,cbm,https://www.igu.org/igu-reports/2025-world-lng-report,,,conventional,https://www.datocms-assets.com/146580/1783403747-igu-world-lng-report-2026.pdf,X-DF,https://www.igu.org/igu-reports/2025-world-lng-report,2027,"https://www.shipvault.com/ships/468295, https://shipvaultapi-gjb8c.ondigitalocean.app/api/units/468295, https://www.datocms-assets.com/146580/1783403747-igu-world-lng-report-2026.pdf",yes,2026,https://www.datocms-assets.com/146580/1763396210-1747916410-igu-world-lng-report-2025.pdf,IGU,,,,,,,
242,1023906,https://www.igu.org/igu-reports/2025-world-lng-report,Grace Gerbera,https://www.marinetraffic.org/ship-owner-manager-ism-data/GRACE-GERBERA/1023906/1,"2027 delivery date seems to be confirmed, but was originally 2025 in IGU",Hull 8238 (HSHI),"https://www.datocms-assets.com/146580/1763396210-1747916410-igu-world-lng-report-2025.pdf, https://www.datocms-assets.com/146580/1783403747-igu-world-lng-report-2026.pdf",Hull 8238 (HSHI),https://www.igu.org/igu-reports/2025-world-lng-report,on order,GEM,12/18/2025,http://www.chinashipbuilding.cn/ship.aspx?pklujyukkpp4SFBBcanmkhTk8Pl4EN,NYK Line,https://www.igu.org/igu-reports/2025-world-lng-report,Japan,"https://www.nyk.com/english/profile/profile/, https://en.wikipedia.org/wiki/Nippon_Yusen",HD Hyundai Samho,https://www.igu.org/igu-reports/2025-world-lng-report,South Korea,https://www.hshi.co.kr/eng/,34.75031,126.3875,"Q92P+7M Yeongam-gun, Jeollanam-do",exact,https://www.google.com/maps/place/Hyundai+Samho+Heavy+Industries+Entrance/data=!3m1!1e3!4m10!1m2!2m1!1sHyundai+Samho+Heavy+Industries!3m6!1s0x3573a4568dfe21d7:0x865a025eb9b373b5!8m2!3d34.75066!4d126.386691!15sCh5IeXVuZGFpIFNhbWhvIEhlYXZ5IEluZHVzdHJpZXOSAQhidXNfc3RvcOABAA!16s%2Fg%2F11b77sqk26?entry=ttu&g_ep=EgoyMDI1MTIwMi4wIKXMDSoASAFQAw%3D%3D,174000,cbm,https://www.igu.org/igu-reports/2025-world-lng-report,,,conventional,https://www.datocms-assets.com/146580/1783403747-igu-world-lng-report-2026.pdf,X-DF,https://www.igu.org/igu-reports/2025-world-lng-report,2027,"http://www.chinashipbuilding.cn/ship.aspx?pklujyukkpp4SFBBcanmkhTk8Pl4EN, https://www.marinelink.com/news/maritime/hyundai-samho-heavy-industries",,,,IGU,,,,,,,
243,1023918,https://www.igu.org/igu-reports/2025-world-lng-report,Ferdy Vanguard,https://www.marinetraffic.org/ship-owner-manager-ism-data/FERDY-VANGUARD/1023918/1,,Hull 8239 (HSHI),"https://www.datocms-assets.com/146580/1763396210-1747916410-igu-world-lng-report-2025.pdf, https://www.datocms-assets.com/146580/1783403747-igu-world-lng-report-2026.pdf",Hull 8239 (HSHI),https://www.igu.org/igu-reports/2025-world-lng-report,on order,GEM,12/18/2025,http://www.chinashipbuilding.cn/shipyard.aspx?pklujyukkpp4BbccCanmkhTk8Pl4ENaORDERBOOK4c,NYK Line,https://www.igu.org/igu-reports/2025-world-lng-report,Japan,"https://www.nyk.com/english/profile/profile/, https://en.wikipedia.org/wiki/Nippon_Yusen",HD Hyundai Samho,https://www.igu.org/igu-reports/2025-world-lng-report,South Korea,https://www.hshi.co.kr/eng/,34.75031,126.3875,"Q92P+7M Yeongam-gun, Jeollanam-do",exact,https://www.google.com/maps/place/Hyundai+Samho+Heavy+Industries+Entrance/data=!3m1!1e3!4m10!1m2!2m1!1sHyundai+Samho+Heavy+Industries!3m6!1s0x3573a4568dfe21d7:0x865a025eb9b373b5!8m2!3d34.75066!4d126.386691!15sCh5IeXVuZGFpIFNhbWhvIEhlYXZ5IEluZHVzdHJpZXOSAQhidXNfc3RvcOABAA!16s%2Fg%2F11b77sqk26?entry=ttu&g_ep=EgoyMDI1MTIwMi4wIKXMDSoASAFQAw%3D%3D,174000,cbm,https://www.igu.org/igu-reports/2025-world-lng-report,,,conventional,https://www.datocms-assets.com/146580/1783403747-igu-world-lng-report-2026.pdf,X-DF,https://www.igu.org/igu-reports/2025-world-lng-report,2027,http://www.chinashipbuilding.cn/shipyard.aspx?pklujyukkpp4BbccCanmkhTk8Pl4ENaORDERBOOK4c,,,,IGU,,,,,,,
244,1054888,https://www.igu.org/igu-reports/2025-world-lng-report,Hull 8254 (HSHI),https://www.igu.org/igu-reports/2025-world-lng-report,,,,Hull 8254 (HSHI),https://www.igu.org/igu-reports/2025-world-lng-report,on order,GEM,12/31/2024,https://www.igu.org/igu-reports/2025-world-lng-report,Capital Gas,https://www.igu.org/igu-reports/2025-world-lng-report,Greece,"https://magicport.ai/owners-managers/greece/capital-gas-ship-management, https://stockanalysis.com/stocks/ccec/company/, https://www.rivieramm.com/news-content-hub/capital-gas-enhances-fleet-reliability-amid-greek-lng-expansion-82819",HD Hyundai Samho,https://www.igu.org/igu-reports/2025-world-lng-report,South Korea,https://www.hshi.co.kr/eng/,34.75031,126.3875,"Q92P+7M Yeongam-gun, Jeollanam-do",exact,https://www.google.com/maps/place/Hyundai+Samho+Heavy+Industries+Entrance/data=!3m1!1e3!4m10!1m2!2m1!1sHyundai+Samho+Heavy+Industries!3m6!1s0x3573a4568dfe21d7:0x865a025eb9b373b5!8m2!3d34.75066!4d126.386691!15sCh5IeXVuZGFpIFNhbWhvIEhlYXZ5IEluZHVzdHJpZXOSAQhidXNfc3RvcOABAA!16s%2Fg%2F11b77sqk26?entry=ttu&g_ep=EgoyMDI1MTIwMi4wIKXMDSoASAFQAw%3D%3D,174000,cbm,https://www.igu.org/igu-reports/2025-world-lng-report,,,conventional,https://www.datocms-assets.com/146580/1783403747-igu-world-lng-report-2026.pdf,X-DF,https://www.igu.org/igu-reports/2025-world-lng-report,2028,https://www.igu.org/igu-reports/2025-world-lng-report,,,,IGU,,,,,,,
245,1054890,https://www.igu.org/igu-reports/2025-world-lng-report,Hull 8255 (HSHI),https://www.igu.org/igu-reports/2025-world-lng-report,,,,Hull 8255 (HSHI),https://www.igu.org/igu-reports/2025-world-lng-report,on order,GEM,12/31/2024,https://www.igu.org/igu-reports/2025-world-lng-report,Capital Gas,https://www.igu.org/igu-reports/2025-world-lng-report,Greece,"https://magicport.ai/owners-managers/greece/capital-gas-ship-management, https://stockanalysis.com/stocks/ccec/company/, https://www.rivieramm.com/news-content-hub/capital-gas-enhances-fleet-reliability-amid-greek-lng-expansion-82819",HD Hyundai Samho,https://www.igu.org/igu-reports/2025-world-lng-report,South Korea,https://www.hshi.co.kr/eng/,34.75031,126.3875,"Q92P+7M Yeongam-gun, Jeollanam-do",exact,https://www.google.com/maps/place/Hyundai+Samho+Heavy+Industries+Entrance/data=!3m1!1e3!4m10!1m2!2m1!1sHyundai+Samho+Heavy+Industries!3m6!1s0x3573a4568dfe21d7:0x865a025eb9b373b5!8m2!3d34.75066!4d126.386691!15sCh5IeXVuZGFpIFNhbWhvIEhlYXZ5IEluZHVzdHJpZXOSAQhidXNfc3RvcOABAA!16s%2Fg%2F11b77sqk26?entry=ttu&g_ep=EgoyMDI1MTIwMi4wIKXMDSoASAFQAw%3D%3D,174000,cbm,https://www.igu.org/igu-reports/2025-world-lng-report,,,conventional,https://www.datocms-assets.com/146580/1783403747-igu-world-lng-report-2026.pdf,X-DF,https://www.igu.org/igu-reports/2025-world-lng-report,2028,https://www.igu.org/igu-reports/2025-world-lng-report,,,,IGU,,,,,,,
246,1054905,https://www.igu.org/igu-reports/2025-world-lng-report,Hull 8256 (HSHI),https://www.igu.org/igu-reports/2025-world-lng-report,,,,Hull 8256 (HSHI),https://www.igu.org/igu-reports/2025-world-lng-report,on order,GEM,12/31/2024,https://www.igu.org/igu-reports/2025-world-lng-report,Capital Gas,https://www.igu.org/igu-reports/2025-world-lng-report,Greece,"https://magicport.ai/owners-managers/greece/capital-gas-ship-management, https://stockanalysis.com/stocks/ccec/company/, https://www.rivieramm.com/news-content-hub/capital-gas-enhances-fleet-reliability-amid-greek-lng-expansion-82819",HD Hyundai Samho,https://www.igu.org/igu-reports/2025-world-lng-report,South Korea,https://www.hshi.co.kr/eng/,34.75031,126.3875,"Q92P+7M Yeongam-gun, Jeollanam-do",exact,https://www.google.com/maps/place/Hyundai+Samho+Heavy+Industries+Entrance/data=!3m1!1e3!4m10!1m2!2m1!1sHyundai+Samho+Heavy+Industries!3m6!1s0x3573a4568dfe21d7:0x865a025eb9b373b5!8m2!3d34.75066!4d126.386691!15sCh5IeXVuZGFpIFNhbWhvIEhlYXZ5IEluZHVzdHJpZXOSAQhidXNfc3RvcOABAA!16s%2Fg%2F11b77sqk26?entry=ttu&g_ep=EgoyMDI1MTIwMi4wIKXMDSoASAFQAw%3D%3D,174000,cbm,https://www.igu.org/igu-reports/2025-world-lng-report,,,conventional,https://www.datocms-assets.com/146580/1783403747-igu-world-lng-report-2026.pdf,X-DF,https://www.igu.org/igu-reports/2025-world-lng-report,2028,https://www.igu.org/igu-reports/2025-world-lng-report,,,,IGU,,,,,,,
247,1054917,https://www.igu.org/igu-reports/2025-world-lng-report,Hull 8257 (HSHI),https://www.igu.org/igu-reports/2025-world-lng-report,,,,Hull 8257 (HSHI),https://www.igu.org/igu-reports/2025-world-lng-report,on order,GEM,12/31/2024,https://www.igu.org/igu-reports/2025-world-lng-report,Capital Gas,https://www.igu.org/igu-reports/2025-world-lng-report,Greece,"https://magicport.ai/owners-managers/greece/capital-gas-ship-management, https://stockanalysis.com/stocks/ccec/company/, https://www.rivieramm.com/news-content-hub/capital-gas-enhances-fleet-reliability-amid-greek-lng-expansion-82819",HD Hyundai Samho,https://www.igu.org/igu-reports/2025-world-lng-report,South Korea,https://www.hshi.co.kr/eng/,34.75031,126.3875,"Q92P+7M Yeongam-gun, Jeollanam-do",exact,https://www.google.com/maps/place/Hyundai+Samho+Heavy+Industries+Entrance/data=!3m1!1e3!4m10!1m2!2m1!1sHyundai+Samho+Heavy+Industries!3m6!1s0x3573a4568dfe21d7:0x865a025eb9b373b5!8m2!3d34.75066!4d126.386691!15sCh5IeXVuZGFpIFNhbWhvIEhlYXZ5IEluZHVzdHJpZXOSAQhidXNfc3RvcOABAA!16s%2Fg%2F11b77sqk26?entry=ttu&g_ep=EgoyMDI1MTIwMi4wIKXMDSoASAFQAw%3D%3D,174000,cbm,https://www.igu.org/igu-reports/2025-world-lng-report,,,conventional,https://www.datocms-assets.com/146580/1783403747-igu-world-lng-report-2026.pdf,X-DF,https://www.igu.org/igu-reports/2025-world-lng-report,2028,https://www.igu.org/igu-reports/2025-world-lng-report,,,,IGU,,,,,,,
248,1051616,https://www.igu.org/igu-reports/2025-world-lng-report,Hull 8262 (HSHI),https://www.igu.org/igu-reports/2025-world-lng-report,,,,Hull 8262 (HSHI),https://www.igu.org/igu-reports/2025-world-lng-report,on order,GEM,12/31/2024,https://www.igu.org/igu-reports/2025-world-lng-report,Nakilat,https://www.igu.org/igu-reports/2025-world-lng-report,,,HD Hyundai Samho,https://www.igu.org/igu-reports/2025-world-lng-report,South Korea,https://www.hshi.co.kr/eng/,34.75031,126.3875,"Q92P+7M Yeongam-gun, Jeollanam-do",exact,https://www.google.com/maps/place/Hyundai+Samho+Heavy+Industries+Entrance/data=!3m1!1e3!4m10!1m2!2m1!1sHyundai+Samho+Heavy+Industries!3m6!1s0x3573a4568dfe21d7:0x865a025eb9b373b5!8m2!3d34.75066!4d126.386691!15sCh5IeXVuZGFpIFNhbWhvIEhlYXZ5IEluZHVzdHJpZXOSAQhidXNfc3RvcOABAA!16s%2Fg%2F11b77sqk26?entry=ttu&g_ep=EgoyMDI1MTIwMi4wIKXMDSoASAFQAw%3D%3D,174000,cbm,https://www.igu.org/igu-reports/2025-world-lng-report,,,conventional,https://www.datocms-assets.com/146580/1783403747-igu-world-lng-report-2026.pdf,X-DF,https://www.igu.org/igu-reports/2025-world-lng-report,2027,https://www.igu.org/igu-reports/2025-world-lng-report,,,,IGU,,,,,,,
249,1051628,https://www.igu.org/igu-reports/2025-world-lng-report,Hull 8263 (HSHI),https://www.igu.org/igu-reports/2025-world-lng-report,,,,Hull 8263 (HSHI),https://www.igu.org/igu-reports/2025-world-lng-report,on order,GEM,12/31/2024,https://www.igu.org/igu-reports/2025-world-lng-report,Nakilat,https://www.igu.org/igu-reports/2025-world-lng-report,,,HD Hyundai Samho,https://www.igu.org/igu-reports/2025-world-lng-report,South Korea,https://www.hshi.co.kr/eng/,34.75031,126.3875,"Q92P+7M Yeongam-gun, Jeollanam-do",exact,https://www.google.com/maps/place/Hyundai+Samho+Heavy+Industries+Entrance/data=!3m1!1e3!4m10!1m2!2m1!1sHyundai+Samho+Heavy+Industries!3m6!1s0x3573a4568dfe21d7:0x865a025eb9b373b5!8m2!3d34.75066!4d126.386691!15sCh5IeXVuZGFpIFNhbWhvIEhlYXZ5IEluZHVzdHJpZXOSAQhidXNfc3RvcOABAA!16s%2Fg%2F11b77sqk26?entry=ttu&g_ep=EgoyMDI1MTIwMi4wIKXMDSoASAFQAw%3D%3D,174000,cbm,https://www.igu.org/igu-reports/2025-world-lng-report,,,conventional,https://www.datocms-assets.com/146580/1783403747-igu-world-lng-report-2026.pdf,X-DF,https://www.igu.org/igu-reports/2025-world-lng-report,2027,https://www.igu.org/igu-reports/2025-world-lng-report,,,,IGU,,,,,,,
251,1018676,https://www.igu.org/igu-reports/2025-world-lng-report,Celsius Georgetown,https://www.bairdmaritime.com/shipping/tankers/gas/denmarks-celsius-shipping-welcomes-new-lng-carrier-to-fleet,,,,Hull CMHI-282-01,https://www.igu.org/igu-reports/2025-world-lng-report,active,GEM,12/31/2024,https://www.bairdmaritime.com/shipping/tankers/gas/denmarks-celsius-shipping-welcomes-new-lng-carrier-to-fleet,Celsius Shipping,https://www.igu.org/igu-reports/2025-world-lng-report,Denmark,"https://magicport.ai/owners-managers/denmark/celsius-shipping-aps, https://lngprime.com/vessels/denmarks-celsius-orders-four-lng-carriers-in-china/69940/, https://lngprime.com/asia/celsius-takes-delivery-of-new-lng-tanker/127252/",China Merchants Heavy Industries,https://www.igu.org/igu-reports/2025-world-lng-report,China,https://www.cmhijs.com/en/index.php/about.html,22.33849,114.092895,"83QV+H7 Sai Tso Wan, Hong Kong",exact,"https://www.google.com/maps/place/China+Merchants+Industry+Co+Ltd/@22.338976,114.0905771,814m/data=!3m2!1e3!4b1!4m6!3m5!1s0x3403fed4344ce4b1:0x32fadf093b2cb212!8m2!3d22.338976!4d114.093152!16s%2Fg%2F12hmyy568?entry=ttu&g_ep=EgoyMDI1MTIwMi4wIKXMDSoASAFQAw%3D%3D",180000,cbm,https://www.igu.org/igu-reports/2025-world-lng-report,,,conventional,https://www.datocms-assets.com/146580/1783403747-igu-world-lng-report-2026.pdf,ME-GA,https://www.igu.org/igu-reports/2025-world-lng-report,2026,https://www.igu.org/igu-reports/2025-world-lng-report,,,,IGU,,,,,,,
252,1018688,https://www.igu.org/igu-reports/2025-world-lng-report,Hull CMHI-282-02,https://www.igu.org/igu-reports/2025-world-lng-report,,,,Hull CMHI-282-02,https://www.igu.org/igu-reports/2025-world-lng-report,active,GEM,12/31/2024,"https://www.shipvault.com/ships/467052, https://shipvaultapi-gjb8c.ondigitalocean.app/api/units/467052",Celsius Shipping,https://www.igu.org/igu-reports/2025-world-lng-report,Denmark,"https://magicport.ai/owners-managers/denmark/celsius-shipping-aps, https://lngprime.com/vessels/denmarks-celsius-orders-four-lng-carriers-in-china/69940/, https://lngprime.com/asia/celsius-takes-delivery-of-new-lng-tanker/127252/",China Merchants Heavy Industries,https://www.igu.org/igu-reports/2025-world-lng-report,China,https://www.cmhijs.com/en/index.php/about.html,22.33849,114.092895,"83QV+H7 Sai Tso Wan, Hong Kong",exact,"https://www.google.com/maps/place/China+Merchants+Industry+Co+Ltd/@22.338976,114.0905771,814m/data=!3m2!1e3!4b1!4m6!3m5!1s0x3403fed4344ce4b1:0x32fadf093b2cb212!8m2!3d22.338976!4d114.093152!16s%2Fg%2F12hmyy568?entry=ttu&g_ep=EgoyMDI1MTIwMi4wIKXMDSoASAFQAw%3D%3D",180000,cbm,https://www.igu.org/igu-reports/2025-world-lng-report,,,conventional,https://www.datocms-assets.com/146580/1783403747-igu-world-lng-report-2026.pdf,ME-GA,https://www.igu.org/igu-reports/2025-world-lng-report,2026,https://www.igu.org/igu-reports/2025-world-lng-report,,,,IGU,,,,,,,
253,1018690,https://www.igu.org/igu-reports/2025-world-lng-report,Hull CMHI-282-03,https://www.igu.org/igu-reports/2025-world-lng-report,,,,Hull CMHI-282-03,https://www.igu.org/igu-reports/2025-world-lng-report,on order,GEM,12/31/2024,https://www.igu.org/igu-reports/2025-world-lng-report,Celsius Shipping,https://www.igu.org/igu-reports/2025-world-lng-report,Denmark,"https://magicport.ai/owners-managers/denmark/celsius-shipping-aps, https://lngprime.com/vessels/denmarks-celsius-orders-four-lng-carriers-in-china/69940/, https://lngprime.com/asia/celsius-takes-delivery-of-new-lng-tanker/127252/",China Merchants Heavy Industries,https://www.igu.org/igu-reports/2025-world-lng-report,China,https://www.cmhijs.com/en/index.php/about.html,22.33849,114.092895,"83QV+H7 Sai Tso Wan, Hong Kong",exact,"https://www.google.com/maps/place/China+Merchants+Industry+Co+Ltd/@22.338976,114.0905771,814m/data=!3m2!1e3!4b1!4m6!3m5!1s0x3403fed4344ce4b1:0x32fadf093b2cb212!8m2!3d22.338976!4d114.093152!16s%2Fg%2F12hmyy568?entry=ttu&g_ep=EgoyMDI1MTIwMi4wIKXMDSoASAFQAw%3D%3D",180000,cbm,https://www.igu.org/igu-reports/2025-world-lng-report,,,conventional,https://www.datocms-assets.com/146580/1783403747-igu-world-lng-report-2026.pdf,ME-GA,https://www.igu.org/igu-reports/2025-world-lng-report,2027,https://www.igu.org/igu-reports/2025-world-lng-report,,,,IGU,,,,,,,
254,1018705,https://www.igu.org/igu-reports/2025-world-lng-report,Hull CMHI-282-04,http://www.chinashipbuild.com/shipyard.aspx?pklujyukkpp4BbcgXanmkhTk8Pl4ENaORDERBOOK4c,,,,Hull CMHI-282-04,http://www.chinashipbuild.com/shipyard.aspx?pklujyukkpp4BbcgXanmkhTk8Pl4ENaORDERBOOK4c,on order,GEM,12/31/2024,http://www.chinashipbuild.com/shipyard.aspx?pklujyukkpp4BbcgXanmkhTk8Pl4ENaORDERBOOK4c,Celsius Shipping,http://www.chinashipbuild.com/shipyard.aspx?pklujyukkpp4BbcgXanmkhTk8Pl4ENaORDERBOOK4c,Denmark,"https://magicport.ai/owners-managers/denmark/celsius-shipping-aps, https://lngprime.com/vessels/denmarks-celsius-orders-four-lng-carriers-in-china/69940/, https://lngprime.com/asia/celsius-takes-delivery-of-new-lng-tanker/127252/",China Merchants Heavy Industries,https://www.igu.org/igu-reports/2025-world-lng-report,China,https://www.cmhijs.com/en/index.php/about.html,22.33849,114.092895,"83QV+H7 Sai Tso Wan, Hong Kong",exact,"https://www.google.com/maps/place/China+Merchants+Industry+Co+Ltd/@22.338976,114.0905771,814m/data=!3m2!1e3!4b1!4m6!3m5!1s0x3403fed4344ce4b1:0x32fadf093b2cb212!8m2!3d22.338976!4d114.093152!16s%2Fg%2F12hmyy568?entry=ttu&g_ep=EgoyMDI1MTIwMi4wIKXMDSoASAFQAw%3D%3D",180000,cbm,https://www.igu.org/igu-reports/2025-world-lng-report,,,conventional,https://www.datocms-assets.com/146580/1783403747-igu-world-lng-report-2026.pdf,ME-GA,https://www.igu.org/igu-reports/2025-world-lng-report,2027,https://www.igu.org/igu-reports/2025-world-lng-report,,,,IGU,,,,,,,
255,1053004,https://www.igu.org/igu-reports/2025-world-lng-report,Hull CMHI-282-05,https://www.igu.org/igu-reports/2025-world-lng-report,,,,Hull CMHI-282-05,https://www.igu.org/igu-reports/2025-world-lng-report,on order,GEM,12/31/2024,https://www.igu.org/igu-reports/2025-world-lng-report,Celsius Shipping,https://www.igu.org/igu-reports/2025-world-lng-report,Denmark,"https://magicport.ai/owners-managers/denmark/celsius-shipping-aps, https://lngprime.com/vessels/denmarks-celsius-orders-four-lng-carriers-in-china/69940/, https://lngprime.com/asia/celsius-takes-delivery-of-new-lng-tanker/127252/",China Merchants Heavy Industries,https://www.igu.org/igu-reports/2025-world-lng-report,China,https://www.cmhijs.com/en/index.php/about.html,22.33849,114.092895,"83QV+H7 Sai Tso Wan, Hong Kong",exact,"https://www.google.com/maps/place/China+Merchants+Industry+Co+Ltd/@22.338976,114.0905771,814m/data=!3m2!1e3!4b1!4m6!3m5!1s0x3403fed4344ce4b1:0x32fadf093b2cb212!8m2!3d22.338976!4d114.093152!16s%2Fg%2F12hmyy568?entry=ttu&g_ep=EgoyMDI1MTIwMi4wIKXMDSoASAFQAw%3D%3D",180000,cbm,https://www.igu.org/igu-reports/2025-world-lng-report,,,conventional,https://www.datocms-assets.com/146580/1783403747-igu-world-lng-report-2026.pdf,ME-GA,https://www.igu.org/igu-reports/2025-world-lng-report,2027,https://www.igu.org/igu-reports/2025-world-lng-report,,,,IGU,,,,,,,
256,1066104,https://www.igu.org/igu-reports/2025-world-lng-report,Hull CMHI-282-06,https://www.igu.org/igu-reports/2025-world-lng-report,,,,Hull CMHI-282-06,https://www.igu.org/igu-reports/2025-world-lng-report,on order,GEM,12/31/2024,https://www.igu.org/igu-reports/2025-world-lng-report,Celsius Shipping,https://www.igu.org/igu-reports/2025-world-lng-report,Denmark,"https://magicport.ai/owners-managers/denmark/celsius-shipping-aps, https://lngprime.com/vessels/denmarks-celsius-orders-four-lng-carriers-in-china/69940/, https://lngprime.com/asia/celsius-takes-delivery-of-new-lng-tanker/127252/",China Merchants Heavy Industries,https://www.igu.org/igu-reports/2025-world-lng-report,China,https://www.cmhijs.com/en/index.php/about.html,22.33849,114.092895,"83QV+H7 Sai Tso Wan, Hong Kong",exact,"https://www.google.com/maps/place/China+Merchants+Industry+Co+Ltd/@22.338976,114.0905771,814m/data=!3m2!1e3!4b1!4m6!3m5!1s0x3403fed4344ce4b1:0x32fadf093b2cb212!8m2!3d22.338976!4d114.093152!16s%2Fg%2F12hmyy568?entry=ttu&g_ep=EgoyMDI1MTIwMi4wIKXMDSoASAFQAw%3D%3D",180000,cbm,https://www.igu.org/igu-reports/2025-world-lng-report,,,conventional,https://www.datocms-assets.com/146580/1783403747-igu-world-lng-report-2026.pdf,ME-GA,https://www.igu.org/igu-reports/2025-world-lng-report,2027,https://www.igu.org/igu-reports/2025-world-lng-report,,,,IGU,,,,,,,
257,9953274,https://www.igu.org/igu-reports/2025-world-lng-report,Limail,https://www.marinetraffic.com/en/ais/details/ships/shipid:9034461/mmsi:636023560/imo:9953274/vessel:LIMAIL,,Hull H1793A (Hudong),https://www.datocms-assets.com/146580/1783403747-igu-world-lng-report-2026.pdf,Hull H1793A,https://www.igu.org/igu-reports/2025-world-lng-report,active,GEM,12/18/2025,https://www.marinetraffic.com/en/ais/details/ships/shipid:9034461/mmsi:636023560/imo:9953274/vessel:LIMAIL,"MOL, COSCO",https://www.igu.org/igu-reports/2025-world-lng-report,,,Hudong-Zhonghua Shipbuilding,https://www.igu.org/igu-reports/2025-world-lng-report,China,https://www.shipyards.gr/shipyards/new-buildings-shipyards/newbuilding-farest-pacific-ocean/newbuilding-far-east-china-sea/china-south/hudong-zhonghua-shipbuilding-group-coltd,31.271988,121.575478,"7HCG+R4 Pudong, Shanghai, China",exact,"https://www.google.com/maps/place/Hudong-Zhonghua+Shipbuilding/@31.2720706,121.5727207,753m/data=!3m2!1e3!4b1!4m6!3m5!1s0x35b2742eceeb203d:0x37fddc7176d2cc24!8m2!3d31.2720706!4d121.5752956!16s%2Fg%2F1td0qx6d?entry=ttu&g_ep=EgoyMDI1MTIwMi4wIKXMDSoASAFQAw%3D%3D",174000,cbm,https://www.igu.org/igu-reports/2025-world-lng-report,membrane,https://www.datocms-assets.com/146580/1783403747-igu-world-lng-report-2026.pdf,conventional,https://www.datocms-assets.com/146580/1783403747-igu-world-lng-report-2026.pdf,X-DF,https://www.igu.org/igu-reports/2025-world-lng-report,2025,https://www.marinetraffic.com/en/ais/details/ships/shipid:9034461/mmsi:636023560/imo:9953274/vessel:LIMAIL,,,,IGU,,,,,,,
258,9986570,https://www.igu.org/igu-reports/2025-world-lng-report,Al Sabsab,"https://www.shipvault.com/ships/462933, https://shipvaultapi-gjb8c.ondigitalocean.app/api/units/462933, https://www.marinetraffic.org/ship-owner-manager-ism-data/AL-SABSAB/9986570/636025823",,Hull H1794A (Hudong),"https://www.shipvault.com/ships/462933, https://shipvaultapi-gjb8c.ondigitalocean.app/api/units/462933",Hull H1794A,https://www.igu.org/igu-reports/2025-world-lng-report,on order,GEM,12/31/2024,https://www.igu.org/igu-reports/2025-world-lng-report,"MOL, COSCO",https://www.igu.org/igu-reports/2025-world-lng-report,,,Hudong-Zhonghua Shipbuilding,https://www.igu.org/igu-reports/2025-world-lng-report,China,https://www.shipyards.gr/shipyards/new-buildings-shipyards/newbuilding-farest-pacific-ocean/newbuilding-far-east-china-sea/china-south/hudong-zhonghua-shipbuilding-group-coltd,31.271988,121.575478,"7HCG+R4 Pudong, Shanghai, China",exact,"https://www.google.com/maps/place/Hudong-Zhonghua+Shipbuilding/@31.2720706,121.5727207,753m/data=!3m2!1e3!4b1!4m6!3m5!1s0x35b2742eceeb203d:0x37fddc7176d2cc24!8m2!3d31.2720706!4d121.5752956!16s%2Fg%2F1td0qx6d?entry=ttu&g_ep=EgoyMDI1MTIwMi4wIKXMDSoASAFQAw%3D%3D",174000,cbm,https://www.igu.org/igu-reports/2025-world-lng-report,,,conventional,https://www.datocms-assets.com/146580/1783403747-igu-world-lng-report-2026.pdf,X-DF,https://www.igu.org/igu-reports/2025-world-lng-report,2027,https://www.igu.org/igu-reports/2025-world-lng-report,,,,IGU,,,,,,,
259,9986582,https://www.igu.org/igu-reports/2025-world-lng-report,Al Fanar,https://www.marinetraffic.org/ship-owner-manager-ism-data/AL-FANAR/9986582/636025824,,Hull H1795A (Hudong),"https://www.datocms-assets.com/146580/1763396210-1747916410-igu-world-lng-report-2025.pdf, https://www.datocms-assets.com/146580/1783403747-igu-world-lng-report-2026.pdf",Hull H1795A,https://www.igu.org/igu-reports/2025-world-lng-report,on order,GEM,12/31/2024,https://www.igu.org/igu-reports/2025-world-lng-report,"MOL, COSCO",https://www.igu.org/igu-reports/2025-world-lng-report,,,Hudong-Zhonghua Shipbuilding,https://www.igu.org/igu-reports/2025-world-lng-report,China,https://www.shipyards.gr/shipyards/new-buildings-shipyards/newbuilding-farest-pacific-ocean/newbuilding-far-east-china-sea/china-south/hudong-zhonghua-shipbuilding-group-coltd,31.271988,121.575478,"7HCG+R4 Pudong, Shanghai, China",exact,"https://www.google.com/maps/place/Hudong-Zhonghua+Shipbuilding/@31.2720706,121.5727207,753m/data=!3m2!1e3!4b1!4m6!3m5!1s0x35b2742eceeb203d:0x37fddc7176d2cc24!8m2!3d31.2720706!4d121.5752956!16s%2Fg%2F1td0qx6d?entry=ttu&g_ep=EgoyMDI1MTIwMi4wIKXMDSoASAFQAw%3D%3D",174000,cbm,https://www.igu.org/igu-reports/2025-world-lng-report,,,conventional,https://www.datocms-assets.com/146580/1783403747-igu-world-lng-report-2026.pdf,X-DF,https://www.igu.org/igu-reports/2025-world-lng-report,2027,https://www.igu.org/igu-reports/2025-world-lng-report,,,,IGU,,,,,,,
260,9986594,https://www.igu.org/igu-reports/2025-world-lng-report,Hull H1796A,https://www.igu.org/igu-reports/2025-world-lng-report,,,,Hull H1796A,https://www.igu.org/igu-reports/2025-world-lng-report,on order,GEM,12/31/2024,https://www.igu.org/igu-reports/2025-world-lng-report,"MOL, COSCO",https://www.igu.org/igu-reports/2025-world-lng-report,,,Hudong-Zhonghua Shipbuilding,https://www.igu.org/igu-reports/2025-world-lng-report,China,https://www.shipyards.gr/shipyards/new-buildings-shipyards/newbuilding-farest-pacific-ocean/newbuilding-far-east-china-sea/china-south/hudong-zhonghua-shipbuilding-group-coltd,31.271988,121.575478,"7HCG+R4 Pudong, Shanghai, China",exact,"https://www.google.com/maps/place/Hudong-Zhonghua+Shipbuilding/@31.2720706,121.5727207,753m/data=!3m2!1e3!4b1!4m6!3m5!1s0x35b2742eceeb203d:0x37fddc7176d2cc24!8m2!3d31.2720706!4d121.5752956!16s%2Fg%2F1td0qx6d?entry=ttu&g_ep=EgoyMDI1MTIwMi4wIKXMDSoASAFQAw%3D%3D",174000,cbm,https://www.igu.org/igu-reports/2025-world-lng-report,,,conventional,https://www.datocms-assets.com/146580/1783403747-igu-world-lng-report-2026.pdf,X-DF,https://www.igu.org/igu-reports/2025-world-lng-report,2027,https://www.igu.org/igu-reports/2025-world-lng-report,,,,IGU,,,,,,,
261,9986609,https://www.igu.org/igu-reports/2025-world-lng-report,Al Tuwar,https://system.new-vessels.com/Ship-16415765-.html,,,,Hull H1797A,https://www.igu.org/igu-reports/2025-world-lng-report,active,GEM,12/31/2024,https://www.igu.org/igu-reports/2025-world-lng-report,"MISC, NYK Line, K Line, China LNG",https://www.igu.org/igu-reports/2025-world-lng-report,Japan,"https://www.nyk.com/english/profile/profile/, https://en.wikipedia.org/wiki/Nippon_Yusen",Hudong-Zhonghua Shipbuilding,https://www.igu.org/igu-reports/2025-world-lng-report,China,https://www.shipyards.gr/shipyards/new-buildings-shipyards/newbuilding-farest-pacific-ocean/newbuilding-far-east-china-sea/china-south/hudong-zhonghua-shipbuilding-group-coltd,31.271988,121.575478,"7HCG+R4 Pudong, Shanghai, China",exact,"https://www.google.com/maps/place/Hudong-Zhonghua+Shipbuilding/@31.2720706,121.5727207,753m/data=!3m2!1e3!4b1!4m6!3m5!1s0x35b2742eceeb203d:0x37fddc7176d2cc24!8m2!3d31.2720706!4d121.5752956!16s%2Fg%2F1td0qx6d?entry=ttu&g_ep=EgoyMDI1MTIwMi4wIKXMDSoASAFQAw%3D%3D",174000,cbm,https://www.igu.org/igu-reports/2025-world-lng-report,membrane,https://www.datocms-assets.com/146580/1783403747-igu-world-lng-report-2026.pdf,conventional,https://www.datocms-assets.com/146580/1783403747-igu-world-lng-report-2026.pdf,X-DF,https://www.igu.org/igu-reports/2025-world-lng-report,2025,https://system.new-vessels.com/Ship-16415765-.html,,,,IGU,,,,,,,
262,9986611,https://www.igu.org/igu-reports/2025-world-lng-report,Al Mashabiyyah,https://lngprime.com/asia/qatarenergy-lng-carrier-wraps-up-trials-in-china-2/156228/,,,,Hull H1798A,https://www.igu.org/igu-reports/2025-world-lng-report,active,GEM,12/18/2025,https://lngprime.com/asia/qatarenergy-lng-carrier-wraps-up-trials-in-china-2/156228/,"MISC, NYK Line, K Line, China LNG",https://www.igu.org/igu-reports/2025-world-lng-report,Japan,"https://www.nyk.com/english/profile/profile/, https://en.wikipedia.org/wiki/Nippon_Yusen",Hudong-Zhonghua Shipbuilding,https://www.igu.org/igu-reports/2025-world-lng-report,China,https://www.shipyards.gr/shipyards/new-buildings-shipyards/newbuilding-farest-pacific-ocean/newbuilding-far-east-china-sea/china-south/hudong-zhonghua-shipbuilding-group-coltd,31.271988,121.575478,"7HCG+R4 Pudong, Shanghai, China",exact,"https://www.google.com/maps/place/Hudong-Zhonghua+Shipbuilding/@31.2720706,121.5727207,753m/data=!3m2!1e3!4b1!4m6!3m5!1s0x35b2742eceeb203d:0x37fddc7176d2cc24!8m2!3d31.2720706!4d121.5752956!16s%2Fg%2F1td0qx6d?entry=ttu&g_ep=EgoyMDI1MTIwMi4wIKXMDSoASAFQAw%3D%3D",174000,cbm,https://www.igu.org/igu-reports/2025-world-lng-report,membrane,https://www.datocms-assets.com/146580/1783403747-igu-world-lng-report-2026.pdf,conventional,https://www.datocms-assets.com/146580/1783403747-igu-world-lng-report-2026.pdf,X-DF,https://www.igu.org/igu-reports/2025-world-lng-report,2025,https://lngprime.com/asia/qatarenergy-lng-carrier-wraps-up-trials-in-china-2/156228/,,,,IGU,,,,,,,
263,9986623,https://www.igu.org/igu-reports/2025-world-lng-report,Fat'h Al Khair,"https://www.shipvault.com/ships/462938, https://shipvaultapi-gjb8c.ondigitalocean.app/api/units/462938",,Hull H1799A (Hudong); Fath Al Khair,https://www.datocms-assets.com/146580/1783403747-igu-world-lng-report-2026.pdf,Hull H1799A,https://www.igu.org/igu-reports/2025-world-lng-report,active,GEM,12/31/2024,"https://www.shipvault.com/ships/462938, https://shipvaultapi-gjb8c.ondigitalocean.app/api/units/462938","MISC, NYK Line, K Line, China LNG",https://www.igu.org/igu-reports/2025-world-lng-report,Japan,"https://www.nyk.com/english/profile/profile/, https://en.wikipedia.org/wiki/Nippon_Yusen",Hudong-Zhonghua Shipbuilding,https://www.igu.org/igu-reports/2025-world-lng-report,China,https://www.shipyards.gr/shipyards/new-buildings-shipyards/newbuilding-farest-pacific-ocean/newbuilding-far-east-china-sea/china-south/hudong-zhonghua-shipbuilding-group-coltd,31.271988,121.575478,"7HCG+R4 Pudong, Shanghai, China",exact,"https://www.google.com/maps/place/Hudong-Zhonghua+Shipbuilding/@31.2720706,121.5727207,753m/data=!3m2!1e3!4b1!4m6!3m5!1s0x35b2742eceeb203d:0x37fddc7176d2cc24!8m2!3d31.2720706!4d121.5752956!16s%2Fg%2F1td0qx6d?entry=ttu&g_ep=EgoyMDI1MTIwMi4wIKXMDSoASAFQAw%3D%3D",174000,cbm,https://www.igu.org/igu-reports/2025-world-lng-report,membrane,https://www.datocms-assets.com/146580/1783403747-igu-world-lng-report-2026.pdf,conventional,https://www.datocms-assets.com/146580/1783403747-igu-world-lng-report-2026.pdf,X-DF,https://www.igu.org/igu-reports/2025-world-lng-report,2025,"https://www.shipvault.com/ships/462938, https://shipvaultapi-gjb8c.ondigitalocean.app/api/units/462938",,,,IGU,,,,,,,
264,9986635,https://www.igu.org/igu-reports/2025-world-lng-report,Mihzem,"https://www.shipvault.com/ships/462939, https://shipvaultapi-gjb8c.ondigitalocean.app/api/units/462939",,Hull H1800A (Hudong); QatarGas LNG 36,"https://www.shipvault.com/ships/462939, https://shipvaultapi-gjb8c.ondigitalocean.app/api/units/462939, https://www.datocms-assets.com/146580/1783403747-igu-world-lng-report-2026.pdf",Hull H1800A,https://www.igu.org/igu-reports/2025-world-lng-report,active,GEM,12/31/2024,"https://www.shipvault.com/ships/462939, https://shipvaultapi-gjb8c.ondigitalocean.app/api/units/462939","MISC, NYK Line, K Line, China LNG",https://www.igu.org/igu-reports/2025-world-lng-report,Japan,"https://www.nyk.com/english/profile/profile/, https://en.wikipedia.org/wiki/Nippon_Yusen",Hudong-Zhonghua Shipbuilding,https://www.igu.org/igu-reports/2025-world-lng-report,China,https://www.shipyards.gr/shipyards/new-buildings-shipyards/newbuilding-farest-pacific-ocean/newbuilding-far-east-china-sea/china-south/hudong-zhonghua-shipbuilding-group-coltd,31.271988,121.575478,"7HCG+R4 Pudong, Shanghai, China",exact,"https://www.google.com/maps/place/Hudong-Zhonghua+Shipbuilding/@31.2720706,121.5727207,753m/data=!3m2!1e3!4b1!4m6!3m5!1s0x35b2742eceeb203d:0x37fddc7176d2cc24!8m2!3d31.2720706!4d121.5752956!16s%2Fg%2F1td0qx6d?entry=ttu&g_ep=EgoyMDI1MTIwMi4wIKXMDSoASAFQAw%3D%3D",174000,cbm,https://www.igu.org/igu-reports/2025-world-lng-report,membrane,https://www.datocms-assets.com/146580/1783403747-igu-world-lng-report-2026.pdf,conventional,https://www.datocms-assets.com/146580/1783403747-igu-world-lng-report-2026.pdf,X-DF,https://www.igu.org/igu-reports/2025-world-lng-report,2025,"https://www.shipvault.com/ships/462939, https://shipvaultapi-gjb8c.ondigitalocean.app/api/units/462939",,,,IGU,,,,,,,
265,9986647,https://www.igu.org/igu-reports/2025-world-lng-report,Idd Al Shargi,"https://www.shipvault.com/ships/462940, https://shipvaultapi-gjb8c.ondigitalocean.app/api/units/462940",,Hull H1801A (Hudong); QatarGas LNG 52,"https://www.shipvault.com/ships/462940, https://shipvaultapi-gjb8c.ondigitalocean.app/api/units/462940, https://www.datocms-assets.com/146580/1783403747-igu-world-lng-report-2026.pdf",Hull H1801A,https://www.igu.org/igu-reports/2025-world-lng-report,active,GEM,12/31/2024,"https://www.shipvault.com/ships/462940, https://shipvaultapi-gjb8c.ondigitalocean.app/api/units/462940","MISC, NYK Line, K Line, China LNG",https://www.igu.org/igu-reports/2025-world-lng-report,Japan,"https://www.nyk.com/english/profile/profile/, https://en.wikipedia.org/wiki/Nippon_Yusen",Hudong-Zhonghua Shipbuilding,https://www.igu.org/igu-reports/2025-world-lng-report,China,https://www.shipyards.gr/shipyards/new-buildings-shipyards/newbuilding-farest-pacific-ocean/newbuilding-far-east-china-sea/china-south/hudong-zhonghua-shipbuilding-group-coltd,31.271988,121.575478,"7HCG+R4 Pudong, Shanghai, China",exact,"https://www.google.com/maps/place/Hudong-Zhonghua+Shipbuilding/@31.2720706,121.5727207,753m/data=!3m2!1e3!4b1!4m6!3m5!1s0x35b2742eceeb203d:0x37fddc7176d2cc24!8m2!3d31.2720706!4d121.5752956!16s%2Fg%2F1td0qx6d?entry=ttu&g_ep=EgoyMDI1MTIwMi4wIKXMDSoASAFQAw%3D%3D",174000,cbm,https://www.igu.org/igu-reports/2025-world-lng-report,membrane,https://www.datocms-assets.com/146580/1783403747-igu-world-lng-report-2026.pdf,conventional,https://www.datocms-assets.com/146580/1783403747-igu-world-lng-report-2026.pdf,X-DF,https://www.igu.org/igu-reports/2025-world-lng-report,2025,"https://www.shipvault.com/ships/462940, https://shipvaultapi-gjb8c.ondigitalocean.app/api/units/462940",,,,IGU,,,,,,,
266,9961491,https://www.igu.org/igu-reports/2025-world-lng-report,Greenergy Star,https://www.datocms-assets.com/146580/1783403747-igu-world-lng-report-2026.pdf,,,,Hull H1882A,https://www.igu.org/igu-reports/2025-world-lng-report,active,GEM,12/17/2025,https://www.marinetraffic.com/is/maritime-news/16/general/2025/12432/cnooc-takes-delivery-of-lng-carrier-greenergy-star-from-hudo,MOL,https://www.igu.org/igu-reports/2025-world-lng-report,,,Hudong-Zhonghua Shipbuilding,https://www.igu.org/igu-reports/2025-world-lng-report,China,https://www.shipyards.gr/shipyards/new-buildings-shipyards/newbuilding-farest-pacific-ocean/newbuilding-far-east-china-sea/china-south/hudong-zhonghua-shipbuilding-group-coltd,31.271988,121.575478,"7HCG+R4 Pudong, Shanghai, China",exact,"https://www.google.com/maps/place/Hudong-Zhonghua+Shipbuilding/@31.2720706,121.5727207,753m/data=!3m2!1e3!4b1!4m6!3m5!1s0x35b2742eceeb203d:0x37fddc7176d2cc24!8m2!3d31.2720706!4d121.5752956!16s%2Fg%2F1td0qx6d?entry=ttu&g_ep=EgoyMDI1MTIwMi4wIKXMDSoASAFQAw%3D%3D",174000,cbm,https://www.igu.org/igu-reports/2025-world-lng-report,membrane,https://www.datocms-assets.com/146580/1783403747-igu-world-lng-report-2026.pdf,conventional,https://www.datocms-assets.com/146580/1783403747-igu-world-lng-report-2026.pdf,X-DF,https://www.igu.org/igu-reports/2025-world-lng-report,2025,https://www.igu.org/igu-reports/2025-world-lng-report,,,,IGU,,,,,,,
267,9961506,https://www.igu.org/igu-reports/2025-world-lng-report,Greenergy Moon,https://www.datocms-assets.com/146580/1783403747-igu-world-lng-report-2026.pdf,,,,Hull H1883A,https://www.igu.org/igu-reports/2025-world-lng-report,active,GEM,12/17/2025,"https://intl.sci99.com/n/4/652646/.html#:~:text=09:50:05-,CNOOC%20Delivers%20LNG%20Carrier%20Vessel%20%E2%80%9CGreenergy%20Star%E2%80%9D%20and%20%E2%80%9CGreenergy,of%20three%20standard%20football%20fields.",MOL,https://www.igu.org/igu-reports/2025-world-lng-report,,,Hudong-Zhonghua Shipbuilding,https://www.igu.org/igu-reports/2025-world-lng-report,China,https://www.shipyards.gr/shipyards/new-buildings-shipyards/newbuilding-farest-pacific-ocean/newbuilding-far-east-china-sea/china-south/hudong-zhonghua-shipbuilding-group-coltd,31.271988,121.575478,"7HCG+R4 Pudong, Shanghai, China",exact,"https://www.google.com/maps/place/Hudong-Zhonghua+Shipbuilding/@31.2720706,121.5727207,753m/data=!3m2!1e3!4b1!4m6!3m5!1s0x35b2742eceeb203d:0x37fddc7176d2cc24!8m2!3d31.2720706!4d121.5752956!16s%2Fg%2F1td0qx6d?entry=ttu&g_ep=EgoyMDI1MTIwMi4wIKXMDSoASAFQAw%3D%3D",174000,cbm,https://www.igu.org/igu-reports/2025-world-lng-report,membrane,https://www.datocms-assets.com/146580/1783403747-igu-world-lng-report-2026.pdf,conventional,https://www.datocms-assets.com/146580/1783403747-igu-world-lng-report-2026.pdf,X-DF,https://www.igu.org/igu-reports/2025-world-lng-report,2025,https://www.igu.org/igu-reports/2025-world-lng-report,,,,IGU,,,,,,,
268,9961518,https://www.igu.org/igu-reports/2025-world-lng-report,Greenergy Wind,"https://www.shipvault.com/ships/456803, https://shipvaultapi-gjb8c.ondigitalocean.app/api/units/456803",,,,Hull H1884A,https://www.igu.org/igu-reports/2025-world-lng-report,active,GEM,12/31/2024,"https://www.shipvault.com/ships/456803, https://shipvaultapi-gjb8c.ondigitalocean.app/api/units/456803",MOL,https://www.igu.org/igu-reports/2025-world-lng-report,,,Hudong-Zhonghua Shipbuilding,https://www.igu.org/igu-reports/2025-world-lng-report,China,https://www.shipyards.gr/shipyards/new-buildings-shipyards/newbuilding-farest-pacific-ocean/newbuilding-far-east-china-sea/china-south/hudong-zhonghua-shipbuilding-group-coltd,31.271988,121.575478,"7HCG+R4 Pudong, Shanghai, China",exact,"https://www.google.com/maps/place/Hudong-Zhonghua+Shipbuilding/@31.2720706,121.5727207,753m/data=!3m2!1e3!4b1!4m6!3m5!1s0x35b2742eceeb203d:0x37fddc7176d2cc24!8m2!3d31.2720706!4d121.5752956!16s%2Fg%2F1td0qx6d?entry=ttu&g_ep=EgoyMDI1MTIwMi4wIKXMDSoASAFQAw%3D%3D",174000,cbm,https://www.igu.org/igu-reports/2025-world-lng-report,,,conventional,https://www.datocms-assets.com/146580/1783403747-igu-world-lng-report-2026.pdf,X-DF,https://www.igu.org/igu-reports/2025-world-lng-report,2026,https://www.igu.org/igu-reports/2025-world-lng-report,,,,IGU,,,,,,,
269,9961520,https://www.igu.org/igu-reports/2025-world-lng-report,Greenergy Cloud,https://system.new-vessels.com/Ship-13446004-GreenergyCloud.html,,,,Hull H1885A,https://www.igu.org/igu-reports/2025-world-lng-report,active,GEM,12/31/2024,"https://www.shipvault.com/ships/456804, https://shipvaultapi-gjb8c.ondigitalocean.app/api/units/456804",MOL,https://www.igu.org/igu-reports/2025-world-lng-report,,,Hudong-Zhonghua Shipbuilding,https://www.igu.org/igu-reports/2025-world-lng-report,China,https://www.shipyards.gr/shipyards/new-buildings-shipyards/newbuilding-farest-pacific-ocean/newbuilding-far-east-china-sea/china-south/hudong-zhonghua-shipbuilding-group-coltd,31.271988,121.575478,"7HCG+R4 Pudong, Shanghai, China",exact,"https://www.google.com/maps/place/Hudong-Zhonghua+Shipbuilding/@31.2720706,121.5727207,753m/data=!3m2!1e3!4b1!4m6!3m5!1s0x35b2742eceeb203d:0x37fddc7176d2cc24!8m2!3d31.2720706!4d121.5752956!16s%2Fg%2F1td0qx6d?entry=ttu&g_ep=EgoyMDI1MTIwMi4wIKXMDSoASAFQAw%3D%3D",174000,cbm,https://www.igu.org/igu-reports/2025-world-lng-report,,,conventional,https://www.datocms-assets.com/146580/1783403747-igu-world-lng-report-2026.pdf,X-DF,https://www.igu.org/igu-reports/2025-world-lng-report,2026,https://www.igu.org/igu-reports/2025-world-lng-report,,,,IGU,,,,,,,
270,1023633,https://www.igu.org/igu-reports/2025-world-lng-report,Greenergy River,"https://www.shipvault.com/ships/467890, https://shipvaultapi-gjb8c.ondigitalocean.app/api/units/467890",,,,Hull H1886A,https://www.igu.org/igu-reports/2025-world-lng-report,on order,GEM,12/31/2024,https://www.igu.org/igu-reports/2025-world-lng-report,MOL,https://www.igu.org/igu-reports/2025-world-lng-report,,,Hudong-Zhonghua Shipbuilding,https://www.igu.org/igu-reports/2025-world-lng-report,China,https://www.shipyards.gr/shipyards/new-buildings-shipyards/newbuilding-farest-pacific-ocean/newbuilding-far-east-china-sea/china-south/hudong-zhonghua-shipbuilding-group-coltd,31.271988,121.575478,"7HCG+R4 Pudong, Shanghai, China",exact,"https://www.google.com/maps/place/Hudong-Zhonghua+Shipbuilding/@31.2720706,121.5727207,753m/data=!3m2!1e3!4b1!4m6!3m5!1s0x35b2742eceeb203d:0x37fddc7176d2cc24!8m2!3d31.2720706!4d121.5752956!16s%2Fg%2F1td0qx6d?entry=ttu&g_ep=EgoyMDI1MTIwMi4wIKXMDSoASAFQAw%3D%3D",174000,cbm,https://www.igu.org/igu-reports/2025-world-lng-report,,,conventional,https://www.datocms-assets.com/146580/1783403747-igu-world-lng-report-2026.pdf,X-DF,https://www.igu.org/igu-reports/2025-world-lng-report,2026,https://www.igu.org/igu-reports/2025-world-lng-report,,,,IGU,,,,,,,
271,1023645,https://www.igu.org/igu-reports/2025-world-lng-report,Greenergy Sea,https://www.datocms-assets.com/146580/1783403747-igu-world-lng-report-2026.pdf,,,,Hull H1887A,https://www.igu.org/igu-reports/2025-world-lng-report,on order,GEM,12/17/2025,https://www.igu.org/igu-reports/2025-world-lng-report,MOL,https://system.new-vessels.com/Ship-15513111-GreenergySea.html,,,Hudong-Zhonghua Shipbuilding,https://www.igu.org/igu-reports/2025-world-lng-report,China,https://www.shipyards.gr/shipyards/new-buildings-shipyards/newbuilding-farest-pacific-ocean/newbuilding-far-east-china-sea/china-south/hudong-zhonghua-shipbuilding-group-coltd,31.271988,121.575478,"7HCG+R4 Pudong, Shanghai, China",exact,"https://www.google.com/maps/place/Hudong-Zhonghua+Shipbuilding/@31.2720706,121.5727207,753m/data=!3m2!1e3!4b1!4m6!3m5!1s0x35b2742eceeb203d:0x37fddc7176d2cc24!8m2!3d31.2720706!4d121.5752956!16s%2Fg%2F1td0qx6d?entry=ttu&g_ep=EgoyMDI1MTIwMi4wIKXMDSoASAFQAw%3D%3D",174000,cbm,https://www.igu.org/igu-reports/2025-world-lng-report,,,conventional,https://www.datocms-assets.com/146580/1783403747-igu-world-lng-report-2026.pdf,X-DF,https://www.igu.org/igu-reports/2025-world-lng-report,2026,https://www.igu.org/igu-reports/2025-world-lng-report,,,,IGU,,,,,,,
272,1023657,https://www.igu.org/igu-reports/2025-world-lng-report,Greenergy Whale,https://www.datocms-assets.com/146580/1783403747-igu-world-lng-report-2026.pdf,,,,Hull H1888A,https://www.igu.org/igu-reports/2025-world-lng-report,on order,GEM,12/17/2025,https://www.igu.org/igu-reports/2025-world-lng-report,MOL,https://system.new-vessels.com/Ship-15513107-GreenergyWhale.html,,,Hudong-Zhonghua Shipbuilding,https://www.igu.org/igu-reports/2025-world-lng-report,China,https://www.shipyards.gr/shipyards/new-buildings-shipyards/newbuilding-farest-pacific-ocean/newbuilding-far-east-china-sea/china-south/hudong-zhonghua-shipbuilding-group-coltd,31.271988,121.575478,"7HCG+R4 Pudong, Shanghai, China",exact,"https://www.google.com/maps/place/Hudong-Zhonghua+Shipbuilding/@31.2720706,121.5727207,753m/data=!3m2!1e3!4b1!4m6!3m5!1s0x35b2742eceeb203d:0x37fddc7176d2cc24!8m2!3d31.2720706!4d121.5752956!16s%2Fg%2F1td0qx6d?entry=ttu&g_ep=EgoyMDI1MTIwMi4wIKXMDSoASAFQAw%3D%3D",174000,cbm,https://www.igu.org/igu-reports/2025-world-lng-report,,,conventional,https://www.datocms-assets.com/146580/1783403747-igu-world-lng-report-2026.pdf,X-DF,https://www.igu.org/igu-reports/2025-world-lng-report,2026,https://www.igu.org/igu-reports/2025-world-lng-report,,,,IGU,,,,,,,
273,9994319,https://www.igu.org/igu-reports/2025-world-lng-report,Hull H1889A,https://www.igu.org/igu-reports/2025-world-lng-report,,,,Hull H1889A,https://www.igu.org/igu-reports/2025-world-lng-report,on order,GEM,12/31/2024,https://www.igu.org/igu-reports/2025-world-lng-report,"CNOOC, CMES, NYK JV",https://www.igu.org/igu-reports/2025-world-lng-report,Japan,"https://www.nyk.com/english/profile/profile/, https://en.wikipedia.org/wiki/Nippon_Yusen",Hudong-Zhonghua Shipbuilding,https://www.igu.org/igu-reports/2025-world-lng-report,China,https://www.shipyards.gr/shipyards/new-buildings-shipyards/newbuilding-farest-pacific-ocean/newbuilding-far-east-china-sea/china-south/hudong-zhonghua-shipbuilding-group-coltd,31.271988,121.575478,"7HCG+R4 Pudong, Shanghai, China",exact,"https://www.google.com/maps/place/Hudong-Zhonghua+Shipbuilding/@31.2720706,121.5727207,753m/data=!3m2!1e3!4b1!4m6!3m5!1s0x35b2742eceeb203d:0x37fddc7176d2cc24!8m2!3d31.2720706!4d121.5752956!16s%2Fg%2F1td0qx6d?entry=ttu&g_ep=EgoyMDI1MTIwMi4wIKXMDSoASAFQAw%3D%3D",174000,cbm,https://www.igu.org/igu-reports/2025-world-lng-report,,,conventional,https://www.datocms-assets.com/146580/1783403747-igu-world-lng-report-2026.pdf,X-DF,https://www.igu.org/igu-reports/2025-world-lng-report,2027,"https://www.shipvault.com/ships/468859, https://shipvaultapi-gjb8c.ondigitalocean.app/api/units/468859, https://www.datocms-assets.com/146580/1783403747-igu-world-lng-report-2026.pdf",yes,2026,https://www.datocms-assets.com/146580/1763396210-1747916410-igu-world-lng-report-2025.pdf,IGU,,,,,210000000.00,USD,https://splash247.com/nyk-orders-six-lng-carriers-at-hudong-zhonghua-for-cnooc-charter/
274,9994321,https://www.igu.org/igu-reports/2025-world-lng-report,Hull H1890A,https://www.igu.org/igu-reports/2025-world-lng-report,,,,Hull H1890A,https://www.igu.org/igu-reports/2025-world-lng-report,on order,GEM,12/31/2024,https://www.igu.org/igu-reports/2025-world-lng-report,"CNOOC, CMES, NYK JV",https://www.igu.org/igu-reports/2025-world-lng-report,Japan,"https://www.nyk.com/english/profile/profile/, https://en.wikipedia.org/wiki/Nippon_Yusen",Hudong-Zhonghua Shipbuilding,https://www.igu.org/igu-reports/2025-world-lng-report,China,https://www.shipyards.gr/shipyards/new-buildings-shipyards/newbuilding-farest-pacific-ocean/newbuilding-far-east-china-sea/china-south/hudong-zhonghua-shipbuilding-group-coltd,31.271988,121.575478,"7HCG+R4 Pudong, Shanghai, China",exact,"https://www.google.com/maps/place/Hudong-Zhonghua+Shipbuilding/@31.2720706,121.5727207,753m/data=!3m2!1e3!4b1!4m6!3m5!1s0x35b2742eceeb203d:0x37fddc7176d2cc24!8m2!3d31.2720706!4d121.5752956!16s%2Fg%2F1td0qx6d?entry=ttu&g_ep=EgoyMDI1MTIwMi4wIKXMDSoASAFQAw%3D%3D",174000,cbm,https://www.igu.org/igu-reports/2025-world-lng-report,,,conventional,https://www.datocms-assets.com/146580/1783403747-igu-world-lng-report-2026.pdf,X-DF,https://www.igu.org/igu-reports/2025-world-lng-report,2027,"https://www.shipvault.com/ships/468860, https://shipvaultapi-gjb8c.ondigitalocean.app/api/units/468860, https://www.datocms-assets.com/146580/1783403747-igu-world-lng-report-2026.pdf",yes,2026,https://www.datocms-assets.com/146580/1763396210-1747916410-igu-world-lng-report-2025.pdf,IGU,,,,,210000000.00,USD,https://splash247.com/nyk-orders-six-lng-carriers-at-hudong-zhonghua-for-cnooc-charter/
275,1023669,https://www.igu.org/igu-reports/2025-world-lng-report,Hull H1891A,https://www.igu.org/igu-reports/2025-world-lng-report,,,,Hull H1891A,https://www.igu.org/igu-reports/2025-world-lng-report,on order,GEM,12/31/2024,https://www.igu.org/igu-reports/2025-world-lng-report,MOL,https://system.new-vessels.com/Ship-19718160-.html,,,Hudong-Zhonghua Shipbuilding,https://www.igu.org/igu-reports/2025-world-lng-report,China,https://www.shipyards.gr/shipyards/new-buildings-shipyards/newbuilding-farest-pacific-ocean/newbuilding-far-east-china-sea/china-south/hudong-zhonghua-shipbuilding-group-coltd,31.271988,121.575478,"7HCG+R4 Pudong, Shanghai, China",exact,"https://www.google.com/maps/place/Hudong-Zhonghua+Shipbuilding/@31.2720706,121.5727207,753m/data=!3m2!1e3!4b1!4m6!3m5!1s0x35b2742eceeb203d:0x37fddc7176d2cc24!8m2!3d31.2720706!4d121.5752956!16s%2Fg%2F1td0qx6d?entry=ttu&g_ep=EgoyMDI1MTIwMi4wIKXMDSoASAFQAw%3D%3D",174000,cbm,https://www.igu.org/igu-reports/2025-world-lng-report,,,conventional,https://www.datocms-assets.com/146580/1783403747-igu-world-lng-report-2026.pdf,X-DF,https://www.igu.org/igu-reports/2025-world-lng-report,2027,"https://www.shipvault.com/ships/467893, https://shipvaultapi-gjb8c.ondigitalocean.app/api/units/467893, https://www.datocms-assets.com/146580/1783403747-igu-world-lng-report-2026.pdf",yes,2026,https://www.datocms-assets.com/146580/1763396210-1747916410-igu-world-lng-report-2025.pdf,IGU,,,,,,,
276,9979761,https://www.igu.org/igu-reports/2025-world-lng-report,Ocean Inspiration,https://www.marinetraffic.com/en/ais/details/ships/shipid:9418797/mmsi:477134800/imo:9979761/vessel:OCEAN_INSPIRATION,,Hull H1892A (Hudong),https://www.datocms-assets.com/146580/1783403747-igu-world-lng-report-2026.pdf,Hull H1892A,https://www.igu.org/igu-reports/2025-world-lng-report,active,GEM,12/17/2025,https://www.marinetraffic.com/en/ais/details/ships/shipid:9418797/mmsi:477134800/imo:9979761/vessel:OCEAN_INSPIRATION,COSCO,https://www.igu.org/igu-reports/2025-world-lng-report,China,https://en.wikipedia.org/wiki/COSCO_Shipping,Hudong-Zhonghua Shipbuilding,https://www.igu.org/igu-reports/2025-world-lng-report,China,https://www.shipyards.gr/shipyards/new-buildings-shipyards/newbuilding-farest-pacific-ocean/newbuilding-far-east-china-sea/china-south/hudong-zhonghua-shipbuilding-group-coltd,31.271988,121.575478,"7HCG+R4 Pudong, Shanghai, China",exact,"https://www.google.com/maps/place/Hudong-Zhonghua+Shipbuilding/@31.2720706,121.5727207,753m/data=!3m2!1e3!4b1!4m6!3m5!1s0x35b2742eceeb203d:0x37fddc7176d2cc24!8m2!3d31.2720706!4d121.5752956!16s%2Fg%2F1td0qx6d?entry=ttu&g_ep=EgoyMDI1MTIwMi4wIKXMDSoASAFQAw%3D%3D",174000,cbm,https://www.igu.org/igu-reports/2025-world-lng-report,membrane,https://www.datocms-assets.com/146580/1783403747-igu-world-lng-report-2026.pdf,conventional,https://www.datocms-assets.com/146580/1783403747-igu-world-lng-report-2026.pdf,X-DF,https://www.igu.org/igu-reports/2025-world-lng-report,2025,https://www.igu.org/igu-reports/2025-world-lng-report,,,,IGU,,,,,,,
277,9979773,https://www.igu.org/igu-reports/2025-world-lng-report,Ocean Oasis,https://system.new-vessels.com/Ship-14288388-OceanOasis.html,,,,Hull H1893A,https://www.igu.org/igu-reports/2025-world-lng-report,active,GEM,12/17/2025,https://system.new-vessels.com/Ship-14288388-OceanOasis.html,COSCO,https://www.igu.org/igu-reports/2025-world-lng-report,China,https://en.wikipedia.org/wiki/COSCO_Shipping,Hudong-Zhonghua Shipbuilding,https://www.igu.org/igu-reports/2025-world-lng-report,China,https://www.shipyards.gr/shipyards/new-buildings-shipyards/newbuilding-farest-pacific-ocean/newbuilding-far-east-china-sea/china-south/hudong-zhonghua-shipbuilding-group-coltd,31.271988,121.575478,"7HCG+R4 Pudong, Shanghai, China",exact,"https://www.google.com/maps/place/Hudong-Zhonghua+Shipbuilding/@31.2720706,121.5727207,753m/data=!3m2!1e3!4b1!4m6!3m5!1s0x35b2742eceeb203d:0x37fddc7176d2cc24!8m2!3d31.2720706!4d121.5752956!16s%2Fg%2F1td0qx6d?entry=ttu&g_ep=EgoyMDI1MTIwMi4wIKXMDSoASAFQAw%3D%3D",174000,cbm,https://www.igu.org/igu-reports/2025-world-lng-report,membrane,https://www.datocms-assets.com/146580/1783403747-igu-world-lng-report-2026.pdf,conventional,https://www.datocms-assets.com/146580/1783403747-igu-world-lng-report-2026.pdf,X-DF,https://www.igu.org/igu-reports/2025-world-lng-report,2025,https://www.igu.org/igu-reports/2025-world-lng-report,,,,IGU,,,,,,,
278,9997701,https://www.igu.org/igu-reports/2025-world-lng-report,Puteri Johor,https://system.new-vessels.com/Ship-13500859-PuteriJohor.html,"delivery year initially 2025 but still on order as of Dec 18, so changing to 2026",,,Hull H1894A,https://www.igu.org/igu-reports/2025-world-lng-report,active,GEM,12/17/2025,"https://www.shipvault.com/ships/465806, https://shipvaultapi-gjb8c.ondigitalocean.app/api/units/465806","K Line, China Merchants Energy Shipping, CMC",https://www.igu.org/igu-reports/2025-world-lng-report,,,Hudong-Zhonghua Shipbuilding,https://www.igu.org/igu-reports/2025-world-lng-report,China,https://www.shipyards.gr/shipyards/new-buildings-shipyards/newbuilding-farest-pacific-ocean/newbuilding-far-east-china-sea/china-south/hudong-zhonghua-shipbuilding-group-coltd,31.271988,121.575478,"7HCG+R4 Pudong, Shanghai, China",exact,"https://www.google.com/maps/place/Hudong-Zhonghua+Shipbuilding/@31.2720706,121.5727207,753m/data=!3m2!1e3!4b1!4m6!3m5!1s0x35b2742eceeb203d:0x37fddc7176d2cc24!8m2!3d31.2720706!4d121.5752956!16s%2Fg%2F1td0qx6d?entry=ttu&g_ep=EgoyMDI1MTIwMi4wIKXMDSoASAFQAw%3D%3D",174000,cbm,https://www.igu.org/igu-reports/2025-world-lng-report,,,conventional,https://www.datocms-assets.com/146580/1783403747-igu-world-lng-report-2026.pdf,X-DF,https://www.igu.org/igu-reports/2025-world-lng-report,2026,http://www.chinashipbuilding.cn/ship.aspx?pklujyukkpp4SFXbJanmkhTk8Pl4EN,,,,IGU,,,,,,,
279,9997672,https://www.igu.org/igu-reports/2025-world-lng-report,Puteri Kedah,https://system.new-vessels.com/Ship-18017004-PuteriKedah.html,"delivery year initially 2025 but still on order as of Dec 18, so changing to 2026",,,Hull H1895A,https://www.igu.org/igu-reports/2025-world-lng-report,active,GEM,12/17/2025,"https://www.shipvault.com/ships/465807, https://shipvaultapi-gjb8c.ondigitalocean.app/api/units/465807","K Line, China Merchants Energy Shipping, CMC",https://www.igu.org/igu-reports/2025-world-lng-report,,,Hudong-Zhonghua Shipbuilding,https://www.igu.org/igu-reports/2025-world-lng-report,China,https://www.shipyards.gr/shipyards/new-buildings-shipyards/newbuilding-farest-pacific-ocean/newbuilding-far-east-china-sea/china-south/hudong-zhonghua-shipbuilding-group-coltd,31.271988,121.575478,"7HCG+R4 Pudong, Shanghai, China",exact,"https://www.google.com/maps/place/Hudong-Zhonghua+Shipbuilding/@31.2720706,121.5727207,753m/data=!3m2!1e3!4b1!4m6!3m5!1s0x35b2742eceeb203d:0x37fddc7176d2cc24!8m2!3d31.2720706!4d121.5752956!16s%2Fg%2F1td0qx6d?entry=ttu&g_ep=EgoyMDI1MTIwMi4wIKXMDSoASAFQAw%3D%3D",174000,cbm,https://www.igu.org/igu-reports/2025-world-lng-report,,,conventional,https://www.datocms-assets.com/146580/1783403747-igu-world-lng-report-2026.pdf,X-DF,https://www.igu.org/igu-reports/2025-world-lng-report,2026,https://www.marinetraffic.org/ship-owner-manager-ism-data/HUDONG-ZHONGHUA-H1895A/9997672/1,,,,IGU,,,,,,,
280,9997684,https://www.igu.org/igu-reports/2025-world-lng-report,Puteri Kelantan,https://www.marinetraffic.org/ship-owner-manager-ism-data/PUTERI-KELANTAN/9997684/1,"delivery year initially 2025 but still on order as of Dec 18, so changing to 2026",,,Hull H1896A,https://www.igu.org/igu-reports/2025-world-lng-report,on order,GEM,12/17/2025,https://www.igu.org/igu-reports/2025-world-lng-report,"K Line, China Merchants Energy Shipping, CMC",https://www.igu.org/igu-reports/2025-world-lng-report,,,Hudong-Zhonghua Shipbuilding,https://www.igu.org/igu-reports/2025-world-lng-report,China,https://www.shipyards.gr/shipyards/new-buildings-shipyards/newbuilding-farest-pacific-ocean/newbuilding-far-east-china-sea/china-south/hudong-zhonghua-shipbuilding-group-coltd,31.271988,121.575478,"7HCG+R4 Pudong, Shanghai, China",exact,"https://www.google.com/maps/place/Hudong-Zhonghua+Shipbuilding/@31.2720706,121.5727207,753m/data=!3m2!1e3!4b1!4m6!3m5!1s0x35b2742eceeb203d:0x37fddc7176d2cc24!8m2!3d31.2720706!4d121.5752956!16s%2Fg%2F1td0qx6d?entry=ttu&g_ep=EgoyMDI1MTIwMi4wIKXMDSoASAFQAw%3D%3D",174000,cbm,https://www.igu.org/igu-reports/2025-world-lng-report,,,conventional,https://www.datocms-assets.com/146580/1783403747-igu-world-lng-report-2026.pdf,X-DF,https://www.igu.org/igu-reports/2025-world-lng-report,2027,https://www.marinetraffic.org/ship-owner-manager-ism-data/PUTERI-KELANTAN/9997684/1,,,,IGU,,,,,,,
281,9997696,https://www.igu.org/igu-reports/2025-world-lng-report,Hull H1897A,https://www.igu.org/igu-reports/2025-world-lng-report,,,,Hull H1897A,https://www.igu.org/igu-reports/2025-world-lng-report,on order,GEM,12/31/2024,https://www.igu.org/igu-reports/2025-world-lng-report,"K Line, China Merchants Energy Shipping, CMC",https://www.igu.org/igu-reports/2025-world-lng-report,,,Hudong-Zhonghua Shipbuilding,https://www.igu.org/igu-reports/2025-world-lng-report,China,https://www.shipyards.gr/shipyards/new-buildings-shipyards/newbuilding-farest-pacific-ocean/newbuilding-far-east-china-sea/china-south/hudong-zhonghua-shipbuilding-group-coltd,31.271988,121.575478,"7HCG+R4 Pudong, Shanghai, China",exact,"https://www.google.com/maps/place/Hudong-Zhonghua+Shipbuilding/@31.2720706,121.5727207,753m/data=!3m2!1e3!4b1!4m6!3m5!1s0x35b2742eceeb203d:0x37fddc7176d2cc24!8m2!3d31.2720706!4d121.5752956!16s%2Fg%2F1td0qx6d?entry=ttu&g_ep=EgoyMDI1MTIwMi4wIKXMDSoASAFQAw%3D%3D",174000,cbm,https://www.igu.org/igu-reports/2025-world-lng-report,,,conventional,https://www.datocms-assets.com/146580/1783403747-igu-world-lng-report-2026.pdf,X-DF,https://www.igu.org/igu-reports/2025-world-lng-report,2027,"https://www.shipvault.com/ships/465809, https://shipvaultapi-gjb8c.ondigitalocean.app/api/units/465809, https://www.datocms-assets.com/146580/1783403747-igu-world-lng-report-2026.pdf",yes,2026,https://www.datocms-assets.com/146580/1763396210-1747916410-igu-world-lng-report-2025.pdf,IGU,,,,,,,
282,1023841,https://www.igu.org/igu-reports/2025-world-lng-report,Hull H1898A,https://www.igu.org/igu-reports/2025-world-lng-report,,,,Hull H1898A,https://www.igu.org/igu-reports/2025-world-lng-report,on order,GEM,12/31/2024,https://www.igu.org/igu-reports/2025-world-lng-report,"MOL, COSCO",https://www.igu.org/igu-reports/2025-world-lng-report,,,Hudong-Zhonghua Shipbuilding,https://www.igu.org/igu-reports/2025-world-lng-report,China,https://www.shipyards.gr/shipyards/new-buildings-shipyards/newbuilding-farest-pacific-ocean/newbuilding-far-east-china-sea/china-south/hudong-zhonghua-shipbuilding-group-coltd,31.271988,121.575478,"7HCG+R4 Pudong, Shanghai, China",exact,"https://www.google.com/maps/place/Hudong-Zhonghua+Shipbuilding/@31.2720706,121.5727207,753m/data=!3m2!1e3!4b1!4m6!3m5!1s0x35b2742eceeb203d:0x37fddc7176d2cc24!8m2!3d31.2720706!4d121.5752956!16s%2Fg%2F1td0qx6d?entry=ttu&g_ep=EgoyMDI1MTIwMi4wIKXMDSoASAFQAw%3D%3D",174000,cbm,https://www.igu.org/igu-reports/2025-world-lng-report,,,conventional,https://www.datocms-assets.com/146580/1783403747-igu-world-lng-report-2026.pdf,X-DF,https://www.igu.org/igu-reports/2025-world-lng-report,2028,https://www.igu.org/igu-reports/2025-world-lng-report,,,,IGU,,,,,,,
283,1023853,https://www.igu.org/igu-reports/2025-world-lng-report,Hull H1899A,https://www.igu.org/igu-reports/2025-world-lng-report,,,,Hull H1899A,https://www.igu.org/igu-reports/2025-world-lng-report,on order,GEM,12/31/2024,https://www.igu.org/igu-reports/2025-world-lng-report,"MOL, COSCO",https://www.igu.org/igu-reports/2025-world-lng-report,,,Hudong-Zhonghua Shipbuilding,https://www.igu.org/igu-reports/2025-world-lng-report,China,https://www.shipyards.gr/shipyards/new-buildings-shipyards/newbuilding-farest-pacific-ocean/newbuilding-far-east-china-sea/china-south/hudong-zhonghua-shipbuilding-group-coltd,31.271988,121.575478,"7HCG+R4 Pudong, Shanghai, China",exact,"https://www.google.com/maps/place/Hudong-Zhonghua+Shipbuilding/@31.2720706,121.5727207,753m/data=!3m2!1e3!4b1!4m6!3m5!1s0x35b2742eceeb203d:0x37fddc7176d2cc24!8m2!3d31.2720706!4d121.5752956!16s%2Fg%2F1td0qx6d?entry=ttu&g_ep=EgoyMDI1MTIwMi4wIKXMDSoASAFQAw%3D%3D",174000,cbm,https://www.igu.org/igu-reports/2025-world-lng-report,,,conventional,https://www.datocms-assets.com/146580/1783403747-igu-world-lng-report-2026.pdf,X-DF,https://www.igu.org/igu-reports/2025-world-lng-report,2028,https://www.igu.org/igu-reports/2025-world-lng-report,,,,IGU,,,,,,,
284,1025198,https://www.igu.org/igu-reports/2025-world-lng-report,Hull H1900A,https://www.igu.org/igu-reports/2025-world-lng-report,,,,Hull H1900A,https://www.igu.org/igu-reports/2025-world-lng-report,on order,GEM,12/31/2024,https://www.igu.org/igu-reports/2025-world-lng-report,"MOL, COSCO",https://www.igu.org/igu-reports/2025-world-lng-report,,,Hudong-Zhonghua Shipbuilding,https://www.igu.org/igu-reports/2025-world-lng-report,China,https://www.shipyards.gr/shipyards/new-buildings-shipyards/newbuilding-farest-pacific-ocean/newbuilding-far-east-china-sea/china-south/hudong-zhonghua-shipbuilding-group-coltd,31.271988,121.575478,"7HCG+R4 Pudong, Shanghai, China",exact,"https://www.google.com/maps/place/Hudong-Zhonghua+Shipbuilding/@31.2720706,121.5727207,753m/data=!3m2!1e3!4b1!4m6!3m5!1s0x35b2742eceeb203d:0x37fddc7176d2cc24!8m2!3d31.2720706!4d121.5752956!16s%2Fg%2F1td0qx6d?entry=ttu&g_ep=EgoyMDI1MTIwMi4wIKXMDSoASAFQAw%3D%3D",174000,cbm,https://www.igu.org/igu-reports/2025-world-lng-report,,,conventional,https://www.datocms-assets.com/146580/1783403747-igu-world-lng-report-2026.pdf,X-DF,https://www.igu.org/igu-reports/2025-world-lng-report,2028,https://www.igu.org/igu-reports/2025-world-lng-report,,,,IGU,,,,,,,
285,1017074,https://www.igu.org/igu-reports/2025-world-lng-report,Hull H1901A,https://www.igu.org/igu-reports/2025-world-lng-report,,,,Hull H1901A,https://www.igu.org/igu-reports/2025-world-lng-report,on order,GEM,12/31/2024,https://www.igu.org/igu-reports/2025-world-lng-report,Tianjin Southwest Maritime,https://www.igu.org/igu-reports/2025-world-lng-report,,,Hudong-Zhonghua Shipbuilding,https://www.igu.org/igu-reports/2025-world-lng-report,China,https://www.shipyards.gr/shipyards/new-buildings-shipyards/newbuilding-farest-pacific-ocean/newbuilding-far-east-china-sea/china-south/hudong-zhonghua-shipbuilding-group-coltd,31.271988,121.575478,"7HCG+R4 Pudong, Shanghai, China",exact,"https://www.google.com/maps/place/Hudong-Zhonghua+Shipbuilding/@31.2720706,121.5727207,753m/data=!3m2!1e3!4b1!4m6!3m5!1s0x35b2742eceeb203d:0x37fddc7176d2cc24!8m2!3d31.2720706!4d121.5752956!16s%2Fg%2F1td0qx6d?entry=ttu&g_ep=EgoyMDI1MTIwMi4wIKXMDSoASAFQAw%3D%3D",174000,cbm,https://www.igu.org/igu-reports/2025-world-lng-report,,,conventional,https://www.datocms-assets.com/146580/1783403747-igu-world-lng-report-2026.pdf,X-DF,https://www.igu.org/igu-reports/2025-world-lng-report,2028,https://www.igu.org/igu-reports/2025-world-lng-report,,,,IGU,,,,,,,
286,1017086,https://www.igu.org/igu-reports/2025-world-lng-report,Hull H1902A,https://www.igu.org/igu-reports/2025-world-lng-report,,,,Hull H1902A,https://www.igu.org/igu-reports/2025-world-lng-report,on order,GEM,12/31/2024,https://www.igu.org/igu-reports/2025-world-lng-report,Tianjin Southwest Maritime,https://www.igu.org/igu-reports/2025-world-lng-report,,,Hudong-Zhonghua Shipbuilding,https://www.igu.org/igu-reports/2025-world-lng-report,China,https://www.shipyards.gr/shipyards/new-buildings-shipyards/newbuilding-farest-pacific-ocean/newbuilding-far-east-china-sea/china-south/hudong-zhonghua-shipbuilding-group-coltd,31.271988,121.575478,"7HCG+R4 Pudong, Shanghai, China",exact,"https://www.google.com/maps/place/Hudong-Zhonghua+Shipbuilding/@31.2720706,121.5727207,753m/data=!3m2!1e3!4b1!4m6!3m5!1s0x35b2742eceeb203d:0x37fddc7176d2cc24!8m2!3d31.2720706!4d121.5752956!16s%2Fg%2F1td0qx6d?entry=ttu&g_ep=EgoyMDI1MTIwMi4wIKXMDSoASAFQAw%3D%3D",174000,cbm,https://www.igu.org/igu-reports/2025-world-lng-report,,,conventional,https://www.datocms-assets.com/146580/1783403747-igu-world-lng-report-2026.pdf,X-DF,https://www.igu.org/igu-reports/2025-world-lng-report,2028,https://www.igu.org/igu-reports/2025-world-lng-report,,,,IGU,,,,,,,
287,1017098,https://www.igu.org/igu-reports/2025-world-lng-report,Hull H1903A,https://www.igu.org/igu-reports/2025-world-lng-report,,,,Hull H1903A,https://www.igu.org/igu-reports/2025-world-lng-report,on order,GEM,12/31/2024,https://www.igu.org/igu-reports/2025-world-lng-report,Tianjin Southwest Maritime,https://www.igu.org/igu-reports/2025-world-lng-report,,,Hudong-Zhonghua Shipbuilding,https://www.igu.org/igu-reports/2025-world-lng-report,China,https://www.shipyards.gr/shipyards/new-buildings-shipyards/newbuilding-farest-pacific-ocean/newbuilding-far-east-china-sea/china-south/hudong-zhonghua-shipbuilding-group-coltd,31.271988,121.575478,"7HCG+R4 Pudong, Shanghai, China",exact,"https://www.google.com/maps/place/Hudong-Zhonghua+Shipbuilding/@31.2720706,121.5727207,753m/data=!3m2!1e3!4b1!4m6!3m5!1s0x35b2742eceeb203d:0x37fddc7176d2cc24!8m2!3d31.2720706!4d121.5752956!16s%2Fg%2F1td0qx6d?entry=ttu&g_ep=EgoyMDI1MTIwMi4wIKXMDSoASAFQAw%3D%3D",174000,cbm,https://www.igu.org/igu-reports/2025-world-lng-report,,,conventional,https://www.datocms-assets.com/146580/1783403747-igu-world-lng-report-2026.pdf,X-DF,https://www.igu.org/igu-reports/2025-world-lng-report,2028,https://www.igu.org/igu-reports/2025-world-lng-report,,,,IGU,,,,,,,
288,1023865,https://www.igu.org/igu-reports/2025-world-lng-report,Qingcheng,https://www.vesselfinder.com/vessels/details/1023865,,,,Hull H1908A,https://www.igu.org/igu-reports/2025-world-lng-report,active,GEM,12/31/2024,https://www.vesselfinder.com/vessels/details/1023865,United Liquefied Gas,https://www.igu.org/igu-reports/2025-world-lng-report,Hong Kong,https://www1.hkexnews.hk/listedco/listconews/sehk/2020/0630/2020063001526.pdf,Hudong-Zhonghua Shipbuilding,https://www.igu.org/igu-reports/2025-world-lng-report,China,https://www.shipyards.gr/shipyards/new-buildings-shipyards/newbuilding-farest-pacific-ocean/newbuilding-far-east-china-sea/china-south/hudong-zhonghua-shipbuilding-group-coltd,31.271988,121.575478,"7HCG+R4 Pudong, Shanghai, China",exact,"https://www.google.com/maps/place/Hudong-Zhonghua+Shipbuilding/@31.2720706,121.5727207,753m/data=!3m2!1e3!4b1!4m6!3m5!1s0x35b2742eceeb203d:0x37fddc7176d2cc24!8m2!3d31.2720706!4d121.5752956!16s%2Fg%2F1td0qx6d?entry=ttu&g_ep=EgoyMDI1MTIwMi4wIKXMDSoASAFQAw%3D%3D",174000,cbm,https://www.igu.org/igu-reports/2025-world-lng-report,membrane,https://www.datocms-assets.com/146580/1783403747-igu-world-lng-report-2026.pdf,conventional,https://www.datocms-assets.com/146580/1783403747-igu-world-lng-report-2026.pdf,X-DF,https://www.igu.org/igu-reports/2025-world-lng-report,2025,https://www.vesselfinder.com/vessels/details/1023865,,,,IGU,,,,,,,
289,1024754,https://www.igu.org/igu-reports/2025-world-lng-report,Tianshan,"https://www.shipvault.com/ships/467899, https://shipvaultapi-gjb8c.ondigitalocean.app/api/units/467899",,Hull H1909A (Hudong),"https://www.shipvault.com/ships/467899, https://shipvaultapi-gjb8c.ondigitalocean.app/api/units/467899",Hull H1909A,https://www.igu.org/igu-reports/2025-world-lng-report,active,GEM,12/31/2024,"https://www.shipvault.com/ships/467899, https://shipvaultapi-gjb8c.ondigitalocean.app/api/units/467899",United Liquefied Gas,https://www.igu.org/igu-reports/2025-world-lng-report,Hong Kong,https://www1.hkexnews.hk/listedco/listconews/sehk/2020/0630/2020063001526.pdf,Hudong-Zhonghua Shipbuilding,https://www.igu.org/igu-reports/2025-world-lng-report,China,https://www.shipyards.gr/shipyards/new-buildings-shipyards/newbuilding-farest-pacific-ocean/newbuilding-far-east-china-sea/china-south/hudong-zhonghua-shipbuilding-group-coltd,31.271988,121.575478,"7HCG+R4 Pudong, Shanghai, China",exact,"https://www.google.com/maps/place/Hudong-Zhonghua+Shipbuilding/@31.2720706,121.5727207,753m/data=!3m2!1e3!4b1!4m6!3m5!1s0x35b2742eceeb203d:0x37fddc7176d2cc24!8m2!3d31.2720706!4d121.5752956!16s%2Fg%2F1td0qx6d?entry=ttu&g_ep=EgoyMDI1MTIwMi4wIKXMDSoASAFQAw%3D%3D",174000,cbm,https://www.igu.org/igu-reports/2025-world-lng-report,,,conventional,https://www.datocms-assets.com/146580/1783403747-igu-world-lng-report-2026.pdf,X-DF,https://www.igu.org/igu-reports/2025-world-lng-report,2026,https://www.igu.org/igu-reports/2025-world-lng-report,,,,IGU,,,,,,,
318,1040693,https://www.igu.org/igu-reports/2025-world-lng-report,Yangze LNG 01,"https://www.shipvault.com/ships/475022, https://shipvaultapi-gjb8c.ondigitalocean.app/api/units/475022",,Hull YZJ2022-1475,"https://www.shipvault.com/ships/475022, https://shipvaultapi-gjb8c.ondigitalocean.app/api/units/475022",Hull YZJ2022-1475,https://www.igu.org/igu-reports/2025-world-lng-report,on order,GEM,12/31/2024,https://www.igu.org/igu-reports/2025-world-lng-report,Yangzijiang Shipbuilding,https://www.tradewindsnews.com/gas/yangzijiang-opts-to-build-its-first-lng-carrier-duo-speculatively-as-buyer-evaporates/2-1-1692004,,,Yangzijiang Shipbuilding,https://www.igu.org/igu-reports/2025-world-lng-report,China,https://www.trusteddocks.com/company-group/102275-yangzijiang-shipbuilding-group-ltd,31.95775,120.166811,"X558+4PJ, Jingjiang, Taizhou, Jiangsu, China, 214533",exact,https://www.trusteddocks.com/company-group/102275-yangzijiang-shipbuilding-group-ltd,175000,cbm,https://www.igu.org/igu-reports/2025-world-lng-report,,,conventional,https://www.datocms-assets.com/146580/1783403747-igu-world-lng-report-2026.pdf,ME-GA,https://www.igu.org/igu-reports/2025-world-lng-report,2026,https://www.igu.org/igu-reports/2025-world-lng-report,,,,IGU,,,,,,,
319,1040708,https://www.igu.org/igu-reports/2025-world-lng-report,Hull YZJ2022-1476,https://www.igu.org/igu-reports/2025-world-lng-report,,,,Hull YZJ2022-1476,https://www.igu.org/igu-reports/2025-world-lng-report,on order,GEM,12/31/2024,https://www.igu.org/igu-reports/2025-world-lng-report,Yangzijiang Shipbuilding,https://www.tradewindsnews.com/gas/yangzijiang-opts-to-build-its-first-lng-carrier-duo-speculatively-as-buyer-evaporates/2-1-1692004,,,Yangzijiang Shipbuilding,https://www.igu.org/igu-reports/2025-world-lng-report,China,https://www.trusteddocks.com/company-group/102275-yangzijiang-shipbuilding-group-ltd,31.95775,120.166811,"X558+4PJ, Jingjiang, Taizhou, Jiangsu, China, 214533",exact,https://www.trusteddocks.com/company-group/102275-yangzijiang-shipbuilding-group-ltd,175000,cbm,https://www.igu.org/igu-reports/2025-world-lng-report,,,conventional,https://www.datocms-assets.com/146580/1783403747-igu-world-lng-report-2026.pdf,ME-GA,https://www.igu.org/igu-reports/2025-world-lng-report,2026,https://www.igu.org/igu-reports/2025-world-lng-report,,,,IGU,,,,,,,
324,9975337,https://www.igu.org/igu-reports/2025-world-lng-report,Agamemnon,https://www.igu.org/igu-reports/2025-world-lng-report,,,,Hull 8199 (HSHI),"https://www.shipvault.com/ships/457557, https://shipvaultapi-gjb8c.ondigitalocean.app/api/units/457557",active,GEM,12/31/2024,"https://www.shipvault.com/ships/457557, https://shipvaultapi-gjb8c.ondigitalocean.app/api/units/457557",Capital Gas,https://www.igu.org/igu-reports/2025-world-lng-report,Greece,"https://magicport.ai/owners-managers/greece/capital-gas-ship-management, https://stockanalysis.com/stocks/ccec/company/, https://www.rivieramm.com/news-content-hub/capital-gas-enhances-fleet-reliability-amid-greek-lng-expansion-82819",HD Hyundai Samho,https://www.igu.org/igu-reports/2025-world-lng-report,South Korea,https://www.hshi.co.kr/eng/,34.75031,126.3875,"Q92P+7M Yeongam-gun, Jeollanam-do",exact,https://www.google.com/maps/place/Hyundai+Samho+Heavy+Industries+Entrance/data=!3m1!1e3!4m10!1m2!2m1!1sHyundai+Samho+Heavy+Industries!3m6!1s0x3573a4568dfe21d7:0x865a025eb9b373b5!8m2!3d34.75066!4d126.386691!15sCh5IeXVuZGFpIFNhbWhvIEhlYXZ5IEluZHVzdHJpZXOSAQhidXNfc3RvcOABAA!16s%2Fg%2F11b77sqk26?entry=ttu&g_ep=EgoyMDI1MTIwMi4wIKXMDSoASAFQAw%3D%3D,174000,cbm,https://www.igu.org/igu-reports/2025-world-lng-report,,,conventional,https://www.datocms-assets.com/146580/1783403747-igu-world-lng-report-2026.pdf,ME-GA,https://www.igu.org/igu-reports/2025-world-lng-report,2026,https://www.igu.org/igu-reports/2025-world-lng-report,,,,IGU,,,,,,,
371,9982677,https://www.igu.org/igu-reports/2025-world-lng-report,Al-Kheesha,https://www.igu.org/igu-reports/2025-world-lng-report,,,,,,active,GEM,12/11/2025,https://www.vesselfinder.com/vessels/details/9982677,H-Line Shipping,https://www.igu.org/igu-reports/2025-world-lng-report,,,Samsung Heavy Industries,https://www.igu.org/igu-reports/2025-world-lng-report,South Korea,https://www.samsungshi.com/En/Default.aspx,34.89804,128.6045,"VJW3+QV Geoje-si, Gyeongsangnam-do",exact,https://www.google.com/maps/place/Samsung+Heavy+industries/data=!3m1!1e3!4m10!1m2!2m1!1ssamsung+heavy+industries!3m6!1s0x356ecd83691a8fb5:0xd4204e9a1bb0ef10!8m2!3d34.8969682!4d128.6046376!15sChhzYW1zdW5nIGhlYXZ5IGluZHVzdHJpZXOSAQhzaGlweWFyZOABAA!16s%2Fg%2F1tgcpry6?entry=ttu&g_ep=EgoyMDI1MTIwMi4wIKXMDSoASAFQAw%3D%3D,174000,cbm,https://www.igu.org/igu-reports/2025-world-lng-report,membrane,https://www.datocms-assets.com/146580/1783403747-igu-world-lng-report-2026.pdf,conventional,https://www.datocms-assets.com/146580/1783403747-igu-world-lng-report-2026.pdf,X-DF,https://www.datocms-assets.com/146580/1783403747-igu-world-lng-report-2026.pdf,2025,https://www.igu.org/igu-reports/2025-world-lng-report,,,,IGU,,,,,,,
372,9986087,https://www.igu.org/igu-reports/2025-world-lng-report,Al-Slaimi,https://www.igu.org/igu-reports/2025-world-lng-report,,,,Hull 2560 (Hanwha),"https://www.shipvault.com/ships/465039, https://shipvaultapi-gjb8c.ondigitalocean.app/api/units/465039",active,GEM,12/31/2024,"https://www.shipvault.com/ships/465039, https://shipvaultapi-gjb8c.ondigitalocean.app/api/units/465039",K3 Consortium,https://www.igu.org/igu-reports/2025-world-lng-report,,,Hanwha Ocean,https://www.igu.org/igu-reports/2025-world-lng-report,South Korea,https://www.hanwha.com/companies/hanwha-ocean.do,34.87385,128.6966,"VMCW+V7 Geoje-si, Gyeongsangnam-do",exact,https://www.google.com/maps/place/Hanwha+Ocean/data=!3m1!1e3!4m10!1m2!2m1!1sHanwha+Ocean!3m6!1s0x356ecd1d7a72f7db:0x3bfe90e7d8bf93f0!8m2!3d34.8721913!4d128.6956963!15sCgxIYW53aGEgT2NlYW5aDiIMaGFud2hhIG9jZWFukgEfc2hpcGJ1aWxkaW5nX2FuZF9yZXBhaXJfY29tcGFueZoBI0NoWkRTVWhOTUc5blMwVkpRMEZuVFVSUmRYVkVTMWhuRUFF4AEA-gEECAAQLA!16s%2Fg%2F11swmd6_76?entry=ttu&g_ep=EgoyMDI1MTIwMi4wIKXMDSoASAFQAw%3D%3D,174000,cbm,https://www.igu.org/igu-reports/2025-world-lng-report,membrane,https://www.datocms-assets.com/146580/1783403747-igu-world-lng-report-2026.pdf,conventional,https://www.datocms-assets.com/146580/1783403747-igu-world-lng-report-2026.pdf,ME-GA,https://www.igu.org/igu-reports/2025-world-lng-report,2025,"https://www.shipvault.com/ships/465039, https://shipvaultapi-gjb8c.ondigitalocean.app/api/units/465039",,,,IGU,,,,,,,
373,9995727,https://www.igu.org/igu-reports/2025-world-lng-report,Alcaios I,https://www.igu.org/igu-reports/2025-world-lng-report,,,,Hull 8202 (HSHI),"https://www.shipvault.com/ships/462871, https://shipvaultapi-gjb8c.ondigitalocean.app/api/units/462871",on order,GEM,12/31/2024,https://www.igu.org/igu-reports/2025-world-lng-report,Capital Gas,https://www.igu.org/igu-reports/2025-world-lng-report,Greece,"https://magicport.ai/owners-managers/greece/capital-gas-ship-management, https://stockanalysis.com/stocks/ccec/company/, https://www.rivieramm.com/news-content-hub/capital-gas-enhances-fleet-reliability-amid-greek-lng-expansion-82819",HD Hyundai Samho,https://www.igu.org/igu-reports/2025-world-lng-report,South Korea,https://www.hshi.co.kr/eng/,34.75031,126.3875,"Q92P+7M Yeongam-gun, Jeollanam-do",exact,https://www.google.com/maps/place/Hyundai+Samho+Heavy+Industries+Entrance/data=!3m1!1e3!4m10!1m2!2m1!1sHyundai+Samho+Heavy+Industries!3m6!1s0x3573a4568dfe21d7:0x865a025eb9b373b5!8m2!3d34.75066!4d126.386691!15sCh5IeXVuZGFpIFNhbWhvIEhlYXZ5IEluZHVzdHJpZXOSAQhidXNfc3RvcOABAA!16s%2Fg%2F11b77sqk26?entry=ttu&g_ep=EgoyMDI1MTIwMi4wIKXMDSoASAFQAw%3D%3D,174000,cbm,https://www.igu.org/igu-reports/2025-world-lng-report,,,conventional,https://www.datocms-assets.com/146580/1783403747-igu-world-lng-report-2026.pdf,X-DF,https://www.igu.org/igu-reports/2025-world-lng-report,2026,https://www.igu.org/igu-reports/2025-world-lng-report,,,,IGU,,,,,,,
374,9390185,https://www.igu.org/igu-reports/2025-world-lng-report,Alexandroupolis,https://www.igu.org/igu-reports/2025-world-lng-report,,,,,,active,GEM,12/31/2024,https://www.igu.org/igu-reports/2025-world-lng-report,GasLog,https://www.igu.org/igu-reports/2025-world-lng-report,Greece,"https://www.gaslogltd.com/contact-us/, https://www.gaslogltd.com/content/uploads/GasLog-Ltd-2022-annual-report-form-20-F.pdf",Hanjin H.I.,https://www.igu.org/igu-reports/2025-world-lng-report,South Korea,http://macnetkorea.com/sub/eng_sub.aspx?s_code=0503590000,35.09599,129.0521,33W3+74 Busan,exact,"https://www.google.com/maps/place/HJ+Shipbuilding+%26+Construction+Shipbuilding+Part+HQ/@35.7847587,116.7537988,2925451m/data=!3m1!1e3!4m10!1m2!2m1!1sHanjin+Heavy+Indsustries+!3m6!1s0x3568e943d5c03d35:0x2b4b4c7535d5b01d!8m2!3d35.0957327!4d129.052857!15sChdIYW5qaW4gSGVhdnkgSW5kdXN0cmllc5IBCHNoaXB5YXJk4AEA!16s%2Fg%2F1tdczks4?entry=ttu&g_ep=EgoyMDI1MTIwMi4wIKXMDSoASAFQAw%3D%3D",153000,cbm,https://www.igu.org/igu-reports/2025-world-lng-report,membrane,https://www.igu.org/igu-reports/2025-world-lng-report,FSRU,https://www.datocms-assets.com/146580/1783403747-igu-world-lng-report-2026.pdf,DFDE,https://www.igu.org/igu-reports/2025-world-lng-report,2010,https://www.igu.org/igu-reports/2025-world-lng-report,,,,IGU,,,,,,,
375,9904546,https://www.igu.org/igu-reports/2025-world-lng-report,Aleksey Kosygin,"https://www.shipvault.com/ships/431878, https://shipvaultapi-gjb8c.ondigitalocean.app/api/units/431878","this was part of Arctic LNG 2, which has been sanctioned; IGU originally says 2025 delivery but BL is moving to 2026 for now",,,,,active,GEM,12/11/2025,https://www.datocms-assets.com/146580/1783403747-igu-world-lng-report-2026.pdf,Smart LNG,https://www.igu.org/igu-reports/2025-world-lng-report,Russia,https://2021-2025.state.gov/imposing-measures-in-response-to-navalnys-death-and-two-years-of-russias-full-scale-war-against-ukraine/,Zvezda Shipbuilding,https://www.igu.org/igu-reports/2025-world-lng-report,Russia,https://www.sskzvezda.ru/,43.12037,132.3456,"48CW+88 Bolshoy Kamen, Primorsky Krai, Russia",exact,"https://www.google.com/maps/place/%D0%A1%D0%A1%D0%9A+%C2%AB%D0%97%D0%B2%D0%B5%D0%B7%D0%B4%D0%B0%C2%BB/@43.121004,132.34029,643m/data=!3m1!1e3!4m15!1m7!2m6!1sZvezda+Shipbuilding!3m4!2s39.890604,+-75.188622!4m2!1d-75.1886219!2d39.8906036!3m6!1s0x5fb3c2dbb55ec52d:0x1380efacbe890818!8m2!3d43.1207847!4d132.3458251!15sChNadmV6ZGEgU2hpcGJ1aWxkaW5nkgEIc2hpcHlhcmTgAQA!16s%2Fg%2F11f03_n1zt?entry=ttu&g_ep=EgoyMDI1MTIwMi4wIKXMDSoASAFQAw%3D%3D",172600,cbm,https://www.igu.org/igu-reports/2025-world-lng-report,membrane,https://www.datocms-assets.com/146580/1783403747-igu-world-lng-report-2026.pdf,icebreaker,https://www.datocms-assets.com/146580/1783403747-igu-world-lng-report-2026.pdf,DFDE,https://www.igu.org/igu-reports/2025-world-lng-report,2025,https://www.datocms-assets.com/146580/1783403747-igu-world-lng-report-2026.pdf,,,,IGU,,,,,,,
377,9343106,https://www.igu.org/igu-reports/2025-world-lng-report,LNGT Karadeniz,https://www.datocms-assets.com/146580/1783403747-igu-world-lng-report-2026.pdf,,Alto Acrux,https://www.datocms-assets.com/146580/1763396210-1747916410-igu-world-lng-report-2025.pdf,,,active,GEM,12/31/2024,https://www.igu.org/igu-reports/2025-world-lng-report,Karadeniz,https://www.igu.org/igu-reports/2025-world-lng-report,,,Mitsubishi Heavy Industries,https://www.igu.org/igu-reports/2025-world-lng-report,Japan,https://www.mhi.com/,35.412837,139.668503,"CM8G+QG Yokohama, Kanagawa, Japan",exact,"https://www.google.com/maps/place/Mitsubishi+Heavy+Industries+Yokohama+Dockyard+%26+Machinery+Works/@35.5677012,139.4295502,45835m/data=!3m1!1e3!4m10!1m2!2m1!1sMitsubishi+Heavy+Industries!3m6!1s0x601842bd2acc85ff:0x1c719ae9bbc013df!8m2!3d35.4169184!4d139.6762959!15sChtNaXRzdWJpc2hpIEhlYXZ5IEluZHVzdHJpZXMiA4gBAZIBCHNoaXB5YXJk4AEA!16s%2Fg%2F11btvwmdj6?entry=ttu&g_ep=EgoyMDI1MTIwMi4wIKXMDSoASAFQAw%3D%3D",147798,cbm,https://www.igu.org/igu-reports/2025-world-lng-report,spherical,https://www.igu.org/igu-reports/2025-world-lng-report,conventional,https://www.igu.org/igu-reports/2025-world-lng-report,steam,https://www.igu.org/igu-reports/2025-world-lng-report,2008,https://www.igu.org/igu-reports/2025-world-lng-report,,,,IGU,,,,,,,
384,9995739,https://www.igu.org/igu-reports/2025-world-lng-report,Antaios I,https://www.igu.org/igu-reports/2025-world-lng-report,,,,Hull 8203 (HSHI),"https://www.shipvault.com/ships/462872, https://shipvaultapi-gjb8c.ondigitalocean.app/api/units/462872",on order,GEM,12/31/2024,https://www.igu.org/igu-reports/2025-world-lng-report,Capital Gas,https://www.igu.org/igu-reports/2025-world-lng-report,Greece,"https://magicport.ai/owners-managers/greece/capital-gas-ship-management, https://stockanalysis.com/stocks/ccec/company/, https://www.rivieramm.com/news-content-hub/capital-gas-enhances-fleet-reliability-amid-greek-lng-expansion-82819",HD Hyundai Samho,https://www.igu.org/igu-reports/2025-world-lng-report,South Korea,https://www.hshi.co.kr/eng/,34.75031,126.3875,"Q92P+7M Yeongam-gun, Jeollanam-do",exact,https://www.google.com/maps/place/Hyundai+Samho+Heavy+Industries+Entrance/data=!3m1!1e3!4m10!1m2!2m1!1sHyundai+Samho+Heavy+Industries!3m6!1s0x3573a4568dfe21d7:0x865a025eb9b373b5!8m2!3d34.75066!4d126.386691!15sCh5IeXVuZGFpIFNhbWhvIEhlYXZ5IEluZHVzdHJpZXOSAQhidXNfc3RvcOABAA!16s%2Fg%2F11b77sqk26?entry=ttu&g_ep=EgoyMDI1MTIwMi4wIKXMDSoASAFQAw%3D%3D,174000,cbm,https://www.igu.org/igu-reports/2025-world-lng-report,,,conventional,https://www.datocms-assets.com/146580/1783403747-igu-world-lng-report-2026.pdf,X-DF,https://www.igu.org/igu-reports/2025-world-lng-report,2026,https://www.igu.org/igu-reports/2025-world-lng-report,,,,IGU,,,,,,,
386,9975325,https://www.igu.org/igu-reports/2025-world-lng-report,Archimidis,https://www.igu.org/igu-reports/2025-world-lng-report,,,,Hull 8198 (HSHI),"https://www.shipvault.com/ships/457556, https://shipvaultapi-gjb8c.ondigitalocean.app/api/units/457556",active,GEM,12/31/2024,"https://www.shipvault.com/ships/457556, https://shipvaultapi-gjb8c.ondigitalocean.app/api/units/457556",Capital Gas,https://www.igu.org/igu-reports/2025-world-lng-report,Greece,"https://magicport.ai/owners-managers/greece/capital-gas-ship-management, https://stockanalysis.com/stocks/ccec/company/, https://www.rivieramm.com/news-content-hub/capital-gas-enhances-fleet-reliability-amid-greek-lng-expansion-82819",HD Hyundai Samho,https://www.igu.org/igu-reports/2025-world-lng-report,South Korea,https://www.hshi.co.kr/eng/,34.75031,126.3875,"Q92P+7M Yeongam-gun, Jeollanam-do",exact,https://www.google.com/maps/place/Hyundai+Samho+Heavy+Industries+Entrance/data=!3m1!1e3!4m10!1m2!2m1!1sHyundai+Samho+Heavy+Industries!3m6!1s0x3573a4568dfe21d7:0x865a025eb9b373b5!8m2!3d34.75066!4d126.386691!15sCh5IeXVuZGFpIFNhbWhvIEhlYXZ5IEluZHVzdHJpZXOSAQhidXNfc3RvcOABAA!16s%2Fg%2F11b77sqk26?entry=ttu&g_ep=EgoyMDI1MTIwMi4wIKXMDSoASAFQAw%3D%3D,174000,cbm,https://www.igu.org/igu-reports/2025-world-lng-report,,,conventional,https://www.datocms-assets.com/146580/1783403747-igu-world-lng-report-2026.pdf,ME-GA,https://www.igu.org/igu-reports/2025-world-lng-report,2026,https://www.igu.org/igu-reports/2025-world-lng-report,,,,IGU,,,,,,,
387,9999993,https://www.igu.org/igu-reports/2025-world-lng-report,Archon,https://www.igu.org/igu-reports/2025-world-lng-report,,,,Hull 8207 (HSHI),"https://www.shipvault.com/ships/465071, https://shipvaultapi-gjb8c.ondigitalocean.app/api/units/465071",on order,GEM,12/31/2024,https://www.igu.org/igu-reports/2025-world-lng-report,Capital Gas,https://www.igu.org/igu-reports/2025-world-lng-report,Greece,"https://magicport.ai/owners-managers/greece/capital-gas-ship-management, https://stockanalysis.com/stocks/ccec/company/, https://www.rivieramm.com/news-content-hub/capital-gas-enhances-fleet-reliability-amid-greek-lng-expansion-82819",HD Hyundai Samho,https://www.igu.org/igu-reports/2025-world-lng-report,South Korea,https://www.hshi.co.kr/eng/,34.75031,126.3875,"Q92P+7M Yeongam-gun, Jeollanam-do",exact,https://www.google.com/maps/place/Hyundai+Samho+Heavy+Industries+Entrance/data=!3m1!1e3!4m10!1m2!2m1!1sHyundai+Samho+Heavy+Industries!3m6!1s0x3573a4568dfe21d7:0x865a025eb9b373b5!8m2!3d34.75066!4d126.386691!15sCh5IeXVuZGFpIFNhbWhvIEhlYXZ5IEluZHVzdHJpZXOSAQhidXNfc3RvcOABAA!16s%2Fg%2F11b77sqk26?entry=ttu&g_ep=EgoyMDI1MTIwMi4wIKXMDSoASAFQAw%3D%3D,174000,cbm,https://www.igu.org/igu-reports/2025-world-lng-report,,,conventional,https://www.datocms-assets.com/146580/1783403747-igu-world-lng-report-2026.pdf,X-DF,https://www.igu.org/igu-reports/2025-world-lng-report,2027,https://www.igu.org/igu-reports/2025-world-lng-report,,,,IGU,,,,,,,
408,9999981,"https://www.shipvault.com/ships/465070, https://shipvaultapi-gjb8c.ondigitalocean.app/api/units/465070",Athlos,"https://www.shipvault.com/ships/465070, https://shipvaultapi-gjb8c.ondigitalocean.app/api/units/465070",,,,Hull 8206 (HSHI),"https://www.shipvault.com/ships/465070, https://shipvaultapi-gjb8c.ondigitalocean.app/api/units/465070",on order,SFOC,12/8/2025,"https://www.shipvault.com/ships/465070, https://shipvaultapi-gjb8c.ondigitalocean.app/api/units/465070",Capital Clean ECC,https://www.shipvault.com/ships/465070,Greece,"https://magicport.ai/owners-managers/greece/capital-gas-ship-management, https://stockanalysis.com/stocks/ccec/company/, https://www.rivieramm.com/news-content-hub/capital-gas-enhances-fleet-reliability-amid-greek-lng-expansion-82819",HD Hyundai Samho,"https://www.shipvault.com/ships/465070, https://shipvaultapi-gjb8c.ondigitalocean.app/api/units/465070",South Korea,https://www.shipvault.com/ships/465070,34.75031,126.3875,"Q92P+7M Yeongam-gun, Jeollanam-do",exact,https://www.google.com/maps/place/Hyundai+Samho+Heavy+Industries+Entrance/data=!3m1!1e3!4m10!1m2!2m1!1sHyundai+Samho+Heavy+Industries!3m6!1s0x3573a4568dfe21d7:0x865a025eb9b373b5!8m2!3d34.75066!4d126.386691!15sCh5IeXVuZGFpIFNhbWhvIEhlYXZ5IEluZHVzdHJpZXOSAQhidXNfc3RvcOABAA!16s%2Fg%2F11b77sqk26?entry=ttu&g_ep=EgoyMDI1MTIwMi4wIKXMDSoASAFQAw%3D%3D,174000,cbm,https://www.datocms-assets.com/146580/1783403747-igu-world-lng-report-2026.pdf,,,conventional,https://www.datocms-assets.com/146580/1783403747-igu-world-lng-report-2026.pdf,X-DF,https://www.datocms-assets.com/146580/1783403747-igu-world-lng-report-2026.pdf,2027,"https://www.shipvault.com/ships/465070, https://shipvaultapi-gjb8c.ondigitalocean.app/api/units/465070",,,,Clarkson,,,1-Jan-2023,"https://www.shipvault.com/ships/465070, https://shipvaultapi-gjb8c.ondigitalocean.app/api/units/465070",250000000.00,USD,"https://www.shipvault.com/ships/465070, https://shipvaultapi-gjb8c.ondigitalocean.app/api/units/465070"
416,9236432,https://www.igu.org/igu-reports/2025-world-lng-report,Bilbao Knutsen,https://www.igu.org/igu-reports/2025-world-lng-report,,,,,,active,GEM,12/31/2024,https://www.igu.org/igu-reports/2025-world-lng-report,Knutsen OAS,https://www.igu.org/igu-reports/2025-world-lng-report,Norway,https://www.imarinenews.com/35664.html,IZAR,https://www.igu.org/igu-reports/2025-world-lng-report,Spain,https://www.globalsecurity.org/military/world/europe/es-izar.htm,41.579516,2.562883,"HHH7+R4 Arenys de Mar, Spain",exact,"https://www.google.com/maps/place/ARESA+SHIPYARD/@41.5798212,2.5599317,809m/data=!3m1!1e3!4m6!3m5!1s0x12bb3623a661b4a5:0xcf2c76d98efea980!8m2!3d41.579563!4d2.56282!16s%2Fg%2F11bzzgkk40?entry=ttu&g_ep=EgoyMDI1MTIwMi4wIKXMDSoASAFQAw%3D%3D",138000,cbm,https://www.igu.org/igu-reports/2025-world-lng-report,membrane,https://www.igu.org/igu-reports/2025-world-lng-report,FSU,https://www.datocms-assets.com/146580/1783403747-igu-world-lng-report-2026.pdf,steam,https://www.igu.org/igu-reports/2025-world-lng-report,2004,https://www.igu.org/igu-reports/2025-world-lng-report,,,,IGU,,,,,,,
432,9968944,https://www.igu.org/igu-reports/2025-world-lng-report,BW Borealis,https://www.igu.org/igu-reports/2025-world-lng-report,,,,,,active,GEM,12/11/2025,https://www.vesselfinder.com/vessels/details/9968944,BW,https://www.igu.org/igu-reports/2025-world-lng-report,,,Hanwha Ocean,https://www.igu.org/igu-reports/2025-world-lng-report,South Korea,https://www.hanwha.com/companies/hanwha-ocean.do,34.87385,128.6966,"VMCW+V7 Geoje-si, Gyeongsangnam-do",exact,https://www.google.com/maps/place/Hanwha+Ocean/data=!3m1!1e3!4m10!1m2!2m1!1sHanwha+Ocean!3m6!1s0x356ecd1d7a72f7db:0x3bfe90e7d8bf93f0!8m2!3d34.8721913!4d128.6956963!15sCgxIYW53aGEgT2NlYW5aDiIMaGFud2hhIG9jZWFukgEfc2hpcGJ1aWxkaW5nX2FuZF9yZXBhaXJfY29tcGFueZoBI0NoWkRTVWhOTUc5blMwVkpRMEZuVFVSUmRYVkVTMWhuRUFF4AEA-gEECAAQLA!16s%2Fg%2F11swmd6_76?entry=ttu&g_ep=EgoyMDI1MTIwMi4wIKXMDSoASAFQAw%3D%3D,174000,cbm,https://www.igu.org/igu-reports/2025-world-lng-report,,,conventional,https://www.datocms-assets.com/146580/1783403747-igu-world-lng-report-2026.pdf,ME-GI,https://www.igu.org/igu-reports/2025-world-lng-report,2026,https://www.datocms-assets.com/146580/1783403747-igu-world-lng-report-2026.pdf,yes,2025,https://www.datocms-assets.com/146580/1763396210-1747916410-igu-world-lng-report-2025.pdf,IGU,,,,,,,
437,9383900,https://www.igu.org/igu-reports/2025-world-lng-report,BW ENN Crystal Sky,https://www.datocms-assets.com/146580/1783403747-igu-world-lng-report-2026.pdf,,,,,,active,GEM,12/31/2024,https://www.igu.org/igu-reports/2025-world-lng-report,Sky BW,https://www.igu.org/igu-reports/2025-world-lng-report,,,Hanwha Ocean,https://www.igu.org/igu-reports/2025-world-lng-report,South Korea,https://www.hanwha.com/companies/hanwha-ocean.do,34.87385,128.6966,"VMCW+V7 Geoje-si, Gyeongsangnam-do",exact,https://www.google.com/maps/place/Hanwha+Ocean/data=!3m1!1e3!4m10!1m2!2m1!1sHanwha+Ocean!3m6!1s0x356ecd1d7a72f7db:0x3bfe90e7d8bf93f0!8m2!3d34.8721913!4d128.6956963!15sCgxIYW53aGEgT2NlYW5aDiIMaGFud2hhIG9jZWFukgEfc2hpcGJ1aWxkaW5nX2FuZF9yZXBhaXJfY29tcGFueZoBI0NoWkRTVWhOTUc5blMwVkpRMEZuVFVSUmRYVkVTMWhuRUFF4AEA-gEECAAQLA!16s%2Fg%2F11swmd6_76?entry=ttu&g_ep=EgoyMDI1MTIwMi4wIKXMDSoASAFQAw%3D%3D,173000,cbm,https://www.igu.org/igu-reports/2025-world-lng-report,membrane,https://www.igu.org/igu-reports/2025-world-lng-report,conventional,https://www.igu.org/igu-reports/2025-world-lng-report,DFDE,https://www.igu.org/igu-reports/2025-world-lng-report,2011,https://www.igu.org/igu-reports/2025-world-lng-report,,,,IGU,,,,,,,
445,9968932,https://www.igu.org/igu-reports/2025-world-lng-report,BW Nivalis,https://www.igu.org/igu-reports/2025-world-lng-report,,,,,,active,GEM,12/11/2025,https://www.vesselfinder.com/vessels/details/9968932,BW,https://www.igu.org/igu-reports/2025-world-lng-report,,,Hanwha Ocean,https://www.igu.org/igu-reports/2025-world-lng-report,South Korea,https://www.hanwha.com/companies/hanwha-ocean.do,34.87385,128.6966,"VMCW+V7 Geoje-si, Gyeongsangnam-do",exact,https://www.google.com/maps/place/Hanwha+Ocean/data=!3m1!1e3!4m10!1m2!2m1!1sHanwha+Ocean!3m6!1s0x356ecd1d7a72f7db:0x3bfe90e7d8bf93f0!8m2!3d34.8721913!4d128.6956963!15sCgxIYW53aGEgT2NlYW5aDiIMaGFud2hhIG9jZWFukgEfc2hpcGJ1aWxkaW5nX2FuZF9yZXBhaXJfY29tcGFueZoBI0NoWkRTVWhOTUc5blMwVkpRMEZuVFVSUmRYVkVTMWhuRUFF4AEA-gEECAAQLA!16s%2Fg%2F11swmd6_76?entry=ttu&g_ep=EgoyMDI1MTIwMi4wIKXMDSoASAFQAw%3D%3D,174000,cbm,https://www.igu.org/igu-reports/2025-world-lng-report,,,conventional,https://www.datocms-assets.com/146580/1783403747-igu-world-lng-report-2026.pdf,ME-GI,https://www.igu.org/igu-reports/2025-world-lng-report,2026,https://www.datocms-assets.com/146580/1783403747-igu-world-lng-report-2026.pdf,yes,2025,https://www.datocms-assets.com/146580/1763396210-1747916410-igu-world-lng-report-2025.pdf,IGU,,,,,,,
459,9307205,https://www.igu.org/igu-reports/2025-world-lng-report,LNG Scorpio,"https://www.vesseltracker.com/en/Ships/Lng-Scorpio-9307205.html, https://www.marinetraffic.org/ship-owner-manager-ism-data/LNG-SCORPIO/9307205/352006648","part of Russian dark fleet, renamed and under new Chinese ownership (originally owned by TMS Cardiff Gas)",Condor LNG; CCH LNG; LNG Soars; Methane Lydon Volney,"https://www.igu.org/igu-reports/2025-world-lng-report, https://www.datocms-assets.com/146580/1783403747-igu-world-lng-report-2026.pdf",,,active,GEM,1/5/2026,https://www.igu.org/igu-reports/2025-world-lng-report,Pacific Gas,https://www.bloomberg.com/news/articles/2025-10-24/china-s-pacific-gas-owns-lng-ship-skirting-russian-sanctions,China,https://www.bloomberg.com/news/articles/2025-10-24/china-s-pacific-gas-owns-lng-ship-skirting-russian-sanctions,Samsung Heavy Industries,https://www.igu.org/igu-reports/2025-world-lng-report,South Korea,https://www.samsungshi.com/En/Default.aspx,34.89804,128.6045,"VJW3+QV Geoje-si, Gyeongsangnam-do",exact,https://www.google.com/maps/place/Samsung+Heavy+industries/data=!3m1!1e3!4m10!1m2!2m1!1ssamsung+heavy+industries!3m6!1s0x356ecd83691a8fb5:0xd4204e9a1bb0ef10!8m2!3d34.8969682!4d128.6046376!15sChhzYW1zdW5nIGhlYXZ5IGluZHVzdHJpZXOSAQhzaGlweWFyZOABAA!16s%2Fg%2F1tgcpry6?entry=ttu&g_ep=EgoyMDI1MTIwMi4wIKXMDSoASAFQAw%3D%3D,145000,cbm,https://www.igu.org/igu-reports/2025-world-lng-report,membrane,https://www.igu.org/igu-reports/2025-world-lng-report,conventional,https://www.igu.org/igu-reports/2025-world-lng-report,steam,https://www.igu.org/igu-reports/2025-world-lng-report,2006,https://www.igu.org/igu-reports/2025-world-lng-report,,,,IGU,,,,,,,
467,9672818,https://www.igu.org/igu-reports/2025-world-lng-report,Cesi Lianyungang,https://www.datocms-assets.com/146580/1783403747-igu-world-lng-report-2026.pdf,,,,,,active,GEM,12/31/2024,https://www.igu.org/igu-reports/2025-world-lng-report,Lianyungang China Shipping Group,https://www.igu.org/igu-reports/2025-world-lng-report,,,Hudong-Zhonghua Shipbuilding,https://www.igu.org/igu-reports/2025-world-lng-report,China,https://www.shipyards.gr/shipyards/new-buildings-shipyards/newbuilding-farest-pacific-ocean/newbuilding-far-east-china-sea/china-south/hudong-zhonghua-shipbuilding-group-coltd,31.271988,121.575478,"7HCG+R4 Pudong, Shanghai, China",exact,"https://www.google.com/maps/place/Hudong-Zhonghua+Shipbuilding/@31.2720706,121.5727207,753m/data=!3m2!1e3!4b1!4m6!3m5!1s0x35b2742eceeb203d:0x37fddc7176d2cc24!8m2!3d31.2720706!4d121.5752956!16s%2Fg%2F1td0qx6d?entry=ttu&g_ep=EgoyMDI1MTIwMi4wIKXMDSoASAFQAw%3D%3D",174100,cbm,https://www.igu.org/igu-reports/2025-world-lng-report,membrane,https://www.igu.org/igu-reports/2025-world-lng-report,conventional,https://www.igu.org/igu-reports/2025-world-lng-report,DFDE,https://www.igu.org/igu-reports/2025-world-lng-report,2018,https://www.igu.org/igu-reports/2025-world-lng-report,,,,IGU,,,,,,,
476,9994046,https://www.igu.org/igu-reports/2025-world-lng-report,Clean Brownsville,https://www.igu.org/igu-reports/2025-world-lng-report,,,,Hull 3435 (HDHHI),"https://www.shipvault.com/ships/467732, https://shipvaultapi-gjb8c.ondigitalocean.app/api/units/467732",on order,GEM,12/31/2024,https://www.igu.org/igu-reports/2025-world-lng-report,Dynagas,https://www.igu.org/igu-reports/2025-world-lng-report,,,HD Hyundai Heavy Industries,https://www.igu.org/igu-reports/2025-world-lng-report,South Korea,https://www.hd.com/en/main,35.51613,129.4383,GC8Q+M6 Ulsan,exact,https://www.google.com/maps/place/HD+Hyundai+Heavy+Industries+Ulsan+Shipyard/data=!3m1!1e3!4m10!1m2!2m1!1sHD+Hyundai!3m6!1s0x3567ce56ebbfb645:0xd94a696f9fca5d90!8m2!3d35.5167468!4d129.4380269!15sCgpIRCBIeXVuZGFpkgEIc2hpcHlhcmTgAQA!16s%2Fg%2F1tfhd8y1?entry=ttu&g_ep=EgoyMDI1MTIwMi4wIKXMDSoASAFQAw%3D%3D,200000,cbm,https://www.igu.org/igu-reports/2025-world-lng-report,,,conventional,https://www.datocms-assets.com/146580/1783403747-igu-world-lng-report-2026.pdf,ME-GA,https://www.igu.org/igu-reports/2025-world-lng-report,2026,https://www.igu.org/igu-reports/2025-world-lng-report,,,,IGU,,,,,,,
482,9967330,https://www.igu.org/igu-reports/2025-world-lng-report,Clean Levant,https://www.igu.org/igu-reports/2025-world-lng-report,,,,,,active,GEM,12/11/2025,https://www.vesselfinder.com/vessels/details/9967330,Dynagas,https://www.igu.org/igu-reports/2025-world-lng-report,,,HD Hyundai Heavy Industries,https://www.igu.org/igu-reports/2025-world-lng-report,South Korea,https://www.hd.com/en/main,35.51613,129.4383,GC8Q+M6 Ulsan,exact,https://www.google.com/maps/place/HD+Hyundai+Heavy+Industries+Ulsan+Shipyard/data=!3m1!1e3!4m10!1m2!2m1!1sHD+Hyundai!3m6!1s0x3567ce56ebbfb645:0xd94a696f9fca5d90!8m2!3d35.5167468!4d129.4380269!15sCgpIRCBIeXVuZGFpkgEIc2hpcHlhcmTgAQA!16s%2Fg%2F1tfhd8y1?entry=ttu&g_ep=EgoyMDI1MTIwMi4wIKXMDSoASAFQAw%3D%3D,200000,cbm,https://www.igu.org/igu-reports/2025-world-lng-report,membrane,https://www.datocms-assets.com/146580/1783403747-igu-world-lng-report-2026.pdf,conventional,https://www.datocms-assets.com/146580/1783403747-igu-world-lng-report-2026.pdf,ME-GA,https://www.datocms-assets.com/146580/1783403747-igu-world-lng-report-2026.pdf,2025,https://www.igu.org/igu-reports/2025-world-lng-report,,,,IGU,,,,,,,
483,9967328,https://www.igu.org/igu-reports/2025-world-lng-report,Clean Mistral,https://www.igu.org/igu-reports/2025-world-lng-report,,,,,,active,GEM,12/11/2025,https://www.vesselfinder.com/vessels/details/9967328,Dynagas,https://www.igu.org/igu-reports/2025-world-lng-report,,,HD Hyundai Heavy Industries,https://www.igu.org/igu-reports/2025-world-lng-report,South Korea,https://www.hd.com/en/main,35.51613,129.4383,GC8Q+M6 Ulsan,exact,https://www.google.com/maps/place/HD+Hyundai+Heavy+Industries+Ulsan+Shipyard/data=!3m1!1e3!4m10!1m2!2m1!1sHD+Hyundai!3m6!1s0x3567ce56ebbfb645:0xd94a696f9fca5d90!8m2!3d35.5167468!4d129.4380269!15sCgpIRCBIeXVuZGFpkgEIc2hpcHlhcmTgAQA!16s%2Fg%2F1tfhd8y1?entry=ttu&g_ep=EgoyMDI1MTIwMi4wIKXMDSoASAFQAw%3D%3D,200000,cbm,https://www.igu.org/igu-reports/2025-world-lng-report,membrane,https://www.datocms-assets.com/146580/1783403747-igu-world-lng-report-2026.pdf,conventional,https://www.datocms-assets.com/146580/1783403747-igu-world-lng-report-2026.pdf,ME-GA,https://www.datocms-assets.com/146580/1783403747-igu-world-lng-report-2026.pdf,2025,https://www.igu.org/igu-reports/2025-world-lng-report,,,,IGU,,,,,,,
487,9994034,https://www.igu.org/igu-reports/2025-world-lng-report,Clean Rio Grande,https://www.igu.org/igu-reports/2025-world-lng-report,,,,Hull 3434 (HDHHI),"https://www.shipvault.com/ships/466740, https://shipvaultapi-gjb8c.ondigitalocean.app/api/units/466740",active,GEM,12/31/2024,"https://www.shipvault.com/ships/466740, https://shipvaultapi-gjb8c.ondigitalocean.app/api/units/466740",Dynagas,https://www.igu.org/igu-reports/2025-world-lng-report,,,HD Hyundai Heavy Industries,https://www.igu.org/igu-reports/2025-world-lng-report,South Korea,https://www.hd.com/en/main,35.51613,129.4383,GC8Q+M6 Ulsan,exact,https://www.google.com/maps/place/HD+Hyundai+Heavy+Industries+Ulsan+Shipyard/data=!3m1!1e3!4m10!1m2!2m1!1sHD+Hyundai!3m6!1s0x3567ce56ebbfb645:0xd94a696f9fca5d90!8m2!3d35.5167468!4d129.4380269!15sCgpIRCBIeXVuZGFpkgEIc2hpcHlhcmTgAQA!16s%2Fg%2F1tfhd8y1?entry=ttu&g_ep=EgoyMDI1MTIwMi4wIKXMDSoASAFQAw%3D%3D,200000,cbm,https://www.igu.org/igu-reports/2025-world-lng-report,,,conventional,https://www.datocms-assets.com/146580/1783403747-igu-world-lng-report-2026.pdf,ME-GA,https://www.igu.org/igu-reports/2025-world-lng-report,2026,"https://www.shipvault.com/ships/466740, https://shipvaultapi-gjb8c.ondigitalocean.app/api/units/466740",,,,IGU,,,,,,,
488,9967342,https://www.igu.org/igu-reports/2025-world-lng-report,Clean Sirocco,https://www.datocms-assets.com/146580/1783403747-igu-world-lng-report-2026.pdf,,,,,,active,GEM,12/11/2025,https://www.vesselfinder.com/vessels/details/9967342,Dynagas,https://www.igu.org/igu-reports/2025-world-lng-report,,,HD Hyundai Heavy Industries,https://www.igu.org/igu-reports/2025-world-lng-report,South Korea,https://www.hd.com/en/main,35.51613,129.4383,GC8Q+M6 Ulsan,exact,https://www.google.com/maps/place/HD+Hyundai+Heavy+Industries+Ulsan+Shipyard/data=!3m1!1e3!4m10!1m2!2m1!1sHD+Hyundai!3m6!1s0x3567ce56ebbfb645:0xd94a696f9fca5d90!8m2!3d35.5167468!4d129.4380269!15sCgpIRCBIeXVuZGFpkgEIc2hpcHlhcmTgAQA!16s%2Fg%2F1tfhd8y1?entry=ttu&g_ep=EgoyMDI1MTIwMi4wIKXMDSoASAFQAw%3D%3D,200000,cbm,https://www.igu.org/igu-reports/2025-world-lng-report,,,conventional,https://www.datocms-assets.com/146580/1783403747-igu-world-lng-report-2026.pdf,X-DF,https://www.igu.org/igu-reports/2025-world-lng-report,2026,https://www.datocms-assets.com/146580/1783403747-igu-world-lng-report-2026.pdf,yes,2025,https://www.datocms-assets.com/146580/1763396210-1747916410-igu-world-lng-report-2025.pdf,IGU,,,,,,,
489,9994008,https://www.igu.org/igu-reports/2025-world-lng-report,Clean Texas,https://www.igu.org/igu-reports/2025-world-lng-report,,,,Hull 3433 (HDHHI),"https://www.shipvault.com/ships/466739, https://shipvaultapi-gjb8c.ondigitalocean.app/api/units/466739",active,GEM,12/31/2024,"https://www.shipvault.com/ships/466739, https://shipvaultapi-gjb8c.ondigitalocean.app/api/units/466739",Dynagas,https://www.igu.org/igu-reports/2025-world-lng-report,,,HD Hyundai Heavy Industries,https://www.igu.org/igu-reports/2025-world-lng-report,South Korea,https://www.hd.com/en/main,35.51613,129.4383,GC8Q+M6 Ulsan,exact,https://www.google.com/maps/place/HD+Hyundai+Heavy+Industries+Ulsan+Shipyard/data=!3m1!1e3!4m10!1m2!2m1!1sHD+Hyundai!3m6!1s0x3567ce56ebbfb645:0xd94a696f9fca5d90!8m2!3d35.5167468!4d129.4380269!15sCgpIRCBIeXVuZGFpkgEIc2hpcHlhcmTgAQA!16s%2Fg%2F1tfhd8y1?entry=ttu&g_ep=EgoyMDI1MTIwMi4wIKXMDSoASAFQAw%3D%3D,200000,cbm,https://www.igu.org/igu-reports/2025-world-lng-report,,,conventional,https://www.datocms-assets.com/146580/1783403747-igu-world-lng-report-2026.pdf,ME-GA,https://www.igu.org/igu-reports/2025-world-lng-report,2026,"https://www.shipvault.com/ships/466739, https://shipvaultapi-gjb8c.ondigitalocean.app/api/units/466739",,,,IGU,,,,,,,
507,1058327,https://www.igu.org/igu-reports/2025-world-lng-report,Prime Creativity,https://www.marinetraffic.org/ship-owner-manager-ism-data/PRIME-CREATIVITY/1058327/1,,Dalian No 1 G175K-10,"https://www.datocms-assets.com/146580/1763396210-1747916410-igu-world-lng-report-2025.pdf, https://www.datocms-assets.com/146580/1783403747-igu-world-lng-report-2026.pdf",Hull G175K-10,"https://www.shipvault.com/ships/481198, https://shipvaultapi-gjb8c.ondigitalocean.app/api/units/481198",on order,GEM,12/31/2024,https://www.igu.org/igu-reports/2025-world-lng-report,China Energy Shipping,https://www.igu.org/igu-reports/2025-world-lng-report,,,DSIC (Dalian Shipbuilding Industry Co),https://www.igu.org/igu-reports/2025-world-lng-report,China,http://www.dsic.cn/English/CorporateProfile/AboutUs/index.htm,38.937861,121.638613,"WJMP+FX6, Binhai St, Xigang District, Dalian, Dalian, Liaoning, China, 116006",exact,"https://www.google.com/maps/place/Dalian+Shipbuilding+Heavy+Industry+Co.,Ltd./@38.9301597,121.6171177,2740m/data=!3m1!1e3!4m15!1m7!2m6!1sDalian+Shipbuilding+Industry+Co!3m4!2s60.153931,+24.928542!4m2!1d24.9285418!2d60.1539309!3m6!1s0x3585f55b64d083c7:0x46a88d8ffb6405f2!8m2!3d38.9336592!4d121.6374032!15sCh9EYWxpYW4gU2hpcGJ1aWxkaW5nIEluZHVzdHJ5IENvkgEHY29tcGFueeABAA!16s%2Fg%2F1tf_qtz_?entry=ttu&g_ep=EgoyMDI1MTIwMi4wIKXMDSoASAFQAw%3D%3D",175000,cbm,https://www.igu.org/igu-reports/2025-world-lng-report,,,conventional,https://www.datocms-assets.com/146580/1783403747-igu-world-lng-report-2026.pdf,X-DF,https://www.igu.org/igu-reports/2025-world-lng-report,2027,https://www.igu.org/igu-reports/2025-world-lng-report,,,,IGU,Sinopec,https://lngprime.com/asia/dsic-seals-700-million-lng-shipbuilding-deal-with-cosco-and-sinopec/90380/,31-Aug-2023,https://lngprime.com/asia/dsic-seals-700-million-lng-shipbuilding-deal-with-cosco-and-sinopec/90380/,233300000.00,USD,https://lngprime.com/asia/dsic-seals-700-million-lng-shipbuilding-deal-with-cosco-and-sinopec/90380/
508,1069194,https://www.igu.org/igu-reports/2025-world-lng-report,Prime Glory,https://www.marinetraffic.org/ship-owner-manager-ism-data/PRIME-GLORY/1069194/1,,Dalian No 1 G175K-11,"https://www.datocms-assets.com/146580/1763396210-1747916410-igu-world-lng-report-2025.pdf, https://www.datocms-assets.com/146580/1783403747-igu-world-lng-report-2026.pdf",Hull G175K-11,"https://www.shipvault.com/ships/481199, https://shipvaultapi-gjb8c.ondigitalocean.app/api/units/481199",on order,GEM,12/31/2024,https://www.igu.org/igu-reports/2025-world-lng-report,COSCO,https://www.igu.org/igu-reports/2025-world-lng-report,China,https://en.wikipedia.org/wiki/COSCO_Shipping,DSIC (Dalian Shipbuilding Industry Co),https://www.igu.org/igu-reports/2025-world-lng-report,China,http://www.dsic.cn/English/CorporateProfile/AboutUs/index.htm,38.937861,121.638613,"WJMP+FX6, Binhai St, Xigang District, Dalian, Dalian, Liaoning, China, 116006",exact,"https://www.google.com/maps/place/Dalian+Shipbuilding+Heavy+Industry+Co.,Ltd./@38.9301597,121.6171177,2740m/data=!3m1!1e3!4m15!1m7!2m6!1sDalian+Shipbuilding+Industry+Co!3m4!2s60.153931,+24.928542!4m2!1d24.9285418!2d60.1539309!3m6!1s0x3585f55b64d083c7:0x46a88d8ffb6405f2!8m2!3d38.9336592!4d121.6374032!15sCh9EYWxpYW4gU2hpcGJ1aWxkaW5nIEluZHVzdHJ5IENvkgEHY29tcGFueeABAA!16s%2Fg%2F1tf_qtz_?entry=ttu&g_ep=EgoyMDI1MTIwMi4wIKXMDSoASAFQAw%3D%3D",175000,cbm,https://www.igu.org/igu-reports/2025-world-lng-report,,,conventional,https://www.datocms-assets.com/146580/1783403747-igu-world-lng-report-2026.pdf,X-DF,https://www.igu.org/igu-reports/2025-world-lng-report,2028,https://www.igu.org/igu-reports/2025-world-lng-report,,,,IGU,,,,,,,
509,1030557,https://www.igu.org/igu-reports/2025-world-lng-report,Friendship Venture,"https://www.shipvault.com/ships/469427, https://shipvaultapi-gjb8c.ondigitalocean.app/api/units/469427, https://www.marinetraffic.org/ship-owner-manager-ism-data/FRIENDSHIP-VENTURE/1030557/636025371",,Dalian No 1 G175K-12,"https://www.datocms-assets.com/146580/1763396210-1747916410-igu-world-lng-report-2025.pdf, https://www.datocms-assets.com/146580/1783403747-igu-world-lng-report-2026.pdf",Hull G175K-12,"https://www.shipvault.com/ships/469427, https://shipvaultapi-gjb8c.ondigitalocean.app/api/units/469427",on order,GEM,12/31/2024,https://www.igu.org/igu-reports/2025-world-lng-report,"Wah Kwong, China Gas, CSSC",https://www.igu.org/igu-reports/2025-world-lng-report,,,DSIC (Dalian Shipbuilding Industry Co),https://www.igu.org/igu-reports/2025-world-lng-report,China,http://www.dsic.cn/English/CorporateProfile/AboutUs/index.htm,38.937861,121.638613,"WJMP+FX6, Binhai St, Xigang District, Dalian, Dalian, Liaoning, China, 116006",exact,"https://www.google.com/maps/place/Dalian+Shipbuilding+Heavy+Industry+Co.,Ltd./@38.9301597,121.6171177,2740m/data=!3m1!1e3!4m15!1m7!2m6!1sDalian+Shipbuilding+Industry+Co!3m4!2s60.153931,+24.928542!4m2!1d24.9285418!2d60.1539309!3m6!1s0x3585f55b64d083c7:0x46a88d8ffb6405f2!8m2!3d38.9336592!4d121.6374032!15sCh9EYWxpYW4gU2hpcGJ1aWxkaW5nIEluZHVzdHJ5IENvkgEHY29tcGFueeABAA!16s%2Fg%2F1tf_qtz_?entry=ttu&g_ep=EgoyMDI1MTIwMi4wIKXMDSoASAFQAw%3D%3D",175000,cbm,https://www.igu.org/igu-reports/2025-world-lng-report,membrane,https://lngprime.com/asia/dsic-to-build-two-lng-carriers-for-china-gas-jv/86496/,conventional,https://www.datocms-assets.com/146580/1783403747-igu-world-lng-report-2026.pdf,X-DF,https://www.igu.org/igu-reports/2025-world-lng-report,2028,https://www.igu.org/igu-reports/2025-world-lng-report,,,,IGU,China Gas Hongda Energy Trading,https://lngprime.com/asia/dsic-to-build-two-lng-carriers-for-china-gas-jv/86496/,,,,,
510,1030569,https://www.igu.org/igu-reports/2025-world-lng-report,Alliance Venture,"https://www.shipvault.com/ships/469428, https://shipvaultapi-gjb8c.ondigitalocean.app/api/units/469428, https://www.marinetraffic.org/ship-owner-manager-ism-data/ALLIANCE-VENTURE/1030569/1",,Dalian No 1 G175K-13,"https://www.datocms-assets.com/146580/1763396210-1747916410-igu-world-lng-report-2025.pdf, https://www.datocms-assets.com/146580/1783403747-igu-world-lng-report-2026.pdf",Hull G175K-13,"https://www.shipvault.com/ships/469428, https://shipvaultapi-gjb8c.ondigitalocean.app/api/units/469428",on order,GEM,12/31/2024,https://www.igu.org/igu-reports/2025-world-lng-report,"Wah Kwong, China Gas, CSSC",https://www.igu.org/igu-reports/2025-world-lng-report,,,DSIC (Dalian Shipbuilding Industry Co),https://www.igu.org/igu-reports/2025-world-lng-report,China,http://www.dsic.cn/English/CorporateProfile/AboutUs/index.htm,38.937861,121.638613,"WJMP+FX6, Binhai St, Xigang District, Dalian, Dalian, Liaoning, China, 116006",exact,"https://www.google.com/maps/place/Dalian+Shipbuilding+Heavy+Industry+Co.,Ltd./@38.9301597,121.6171177,2740m/data=!3m1!1e3!4m15!1m7!2m6!1sDalian+Shipbuilding+Industry+Co!3m4!2s60.153931,+24.928542!4m2!1d24.9285418!2d60.1539309!3m6!1s0x3585f55b64d083c7:0x46a88d8ffb6405f2!8m2!3d38.9336592!4d121.6374032!15sCh9EYWxpYW4gU2hpcGJ1aWxkaW5nIEluZHVzdHJ5IENvkgEHY29tcGFueeABAA!16s%2Fg%2F1tf_qtz_?entry=ttu&g_ep=EgoyMDI1MTIwMi4wIKXMDSoASAFQAw%3D%3D",175000,cbm,https://www.igu.org/igu-reports/2025-world-lng-report,membrane,https://lngprime.com/asia/dsic-to-build-two-lng-carriers-for-china-gas-jv/86496/,conventional,https://www.datocms-assets.com/146580/1783403747-igu-world-lng-report-2026.pdf,X-DF,https://www.igu.org/igu-reports/2025-world-lng-report,2027,https://www.igu.org/igu-reports/2025-world-lng-report,,,,IGU,China Gas Hongda Energy Trading,https://lngprime.com/asia/dsic-to-build-two-lng-carriers-for-china-gas-jv/86496/,,,,,
511,1093896,https://www.igu.org/igu-reports/2025-world-lng-report,Dalian No 1 G175K-14,https://www.igu.org/igu-reports/2025-world-lng-report,,,,Hull G175K-14,"https://www.shipvault.com/ships/485162, https://shipvaultapi-gjb8c.ondigitalocean.app/api/units/485162",on order,GEM,12/31/2024,https://www.igu.org/igu-reports/2025-world-lng-report,"Wah Kwong, China Gas, CSSC",https://www.igu.org/igu-reports/2025-world-lng-report,,,DSIC (Dalian Shipbuilding Industry Co),https://www.igu.org/igu-reports/2025-world-lng-report,China,http://www.dsic.cn/English/CorporateProfile/AboutUs/index.htm,38.937861,121.638613,"WJMP+FX6, Binhai St, Xigang District, Dalian, Dalian, Liaoning, China, 116006",exact,"https://www.google.com/maps/place/Dalian+Shipbuilding+Heavy+Industry+Co.,Ltd./@38.9301597,121.6171177,2740m/data=!3m1!1e3!4m15!1m7!2m6!1sDalian+Shipbuilding+Industry+Co!3m4!2s60.153931,+24.928542!4m2!1d24.9285418!2d60.1539309!3m6!1s0x3585f55b64d083c7:0x46a88d8ffb6405f2!8m2!3d38.9336592!4d121.6374032!15sCh9EYWxpYW4gU2hpcGJ1aWxkaW5nIEluZHVzdHJ5IENvkgEHY29tcGFueeABAA!16s%2Fg%2F1tf_qtz_?entry=ttu&g_ep=EgoyMDI1MTIwMi4wIKXMDSoASAFQAw%3D%3D",175000,cbm,https://www.igu.org/igu-reports/2025-world-lng-report,membrane,https://lngprime.com/asia/dsic-to-build-two-lng-carriers-for-china-gas-jv/86496/,conventional,https://www.datocms-assets.com/146580/1783403747-igu-world-lng-report-2026.pdf,X-DF,https://www.igu.org/igu-reports/2025-world-lng-report,2028,https://www.igu.org/igu-reports/2025-world-lng-report,,,,IGU,China Gas Hongda Energy Trading,https://lngprime.com/asia/dsic-to-build-two-lng-carriers-for-china-gas-jv/86496/,,,,,
512,1093901,https://www.igu.org/igu-reports/2025-world-lng-report,Dalian No 1 G175K-15,https://www.igu.org/igu-reports/2025-world-lng-report,,,,Hull G175K-15,"https://www.shipvault.com/ships/485163, https://shipvaultapi-gjb8c.ondigitalocean.app/api/units/485163",on order,GEM,12/31/2024,https://www.igu.org/igu-reports/2025-world-lng-report,"Wah Kwong, China Gas, CSSC",https://www.igu.org/igu-reports/2025-world-lng-report,,,DSIC (Dalian Shipbuilding Industry Co),https://www.igu.org/igu-reports/2025-world-lng-report,China,http://www.dsic.cn/English/CorporateProfile/AboutUs/index.htm,38.937861,121.638613,"WJMP+FX6, Binhai St, Xigang District, Dalian, Dalian, Liaoning, China, 116006",exact,"https://www.google.com/maps/place/Dalian+Shipbuilding+Heavy+Industry+Co.,Ltd./@38.9301597,121.6171177,2740m/data=!3m1!1e3!4m15!1m7!2m6!1sDalian+Shipbuilding+Industry+Co!3m4!2s60.153931,+24.928542!4m2!1d24.9285418!2d60.1539309!3m6!1s0x3585f55b64d083c7:0x46a88d8ffb6405f2!8m2!3d38.9336592!4d121.6374032!15sCh9EYWxpYW4gU2hpcGJ1aWxkaW5nIEluZHVzdHJ5IENvkgEHY29tcGFueeABAA!16s%2Fg%2F1tf_qtz_?entry=ttu&g_ep=EgoyMDI1MTIwMi4wIKXMDSoASAFQAw%3D%3D",175000,cbm,https://www.igu.org/igu-reports/2025-world-lng-report,membrane,https://lngprime.com/asia/dsic-to-build-two-lng-carriers-for-china-gas-jv/86496/,conventional,https://www.datocms-assets.com/146580/1783403747-igu-world-lng-report-2026.pdf,X-DF,https://www.igu.org/igu-reports/2025-world-lng-report,2028,https://www.igu.org/igu-reports/2025-world-lng-report,,,,IGU,China Gas Hongda Energy Trading,https://lngprime.com/asia/dsic-to-build-two-lng-carriers-for-china-gas-jv/86496/,,,,,
513,1108421,https://www.igu.org/igu-reports/2025-world-lng-report,Dalian No 1 G175K-16,https://www.igu.org/igu-reports/2025-world-lng-report,,,,Hull G175K-16,"https://www.shipvault.com/ships/470360, https://shipvaultapi-gjb8c.ondigitalocean.app/api/units/470360",on order,GEM,12/31/2024,https://www.igu.org/igu-reports/2025-world-lng-report,COSCO,https://www.igu.org/igu-reports/2025-world-lng-report,China,https://en.wikipedia.org/wiki/COSCO_Shipping,DSIC (Dalian Shipbuilding Industry Co),https://www.igu.org/igu-reports/2025-world-lng-report,China,http://www.dsic.cn/English/CorporateProfile/AboutUs/index.htm,38.937861,121.638613,"WJMP+FX6, Binhai St, Xigang District, Dalian, Dalian, Liaoning, China, 116006",exact,"https://www.google.com/maps/place/Dalian+Shipbuilding+Heavy+Industry+Co.,Ltd./@38.9301597,121.6171177,2740m/data=!3m1!1e3!4m15!1m7!2m6!1sDalian+Shipbuilding+Industry+Co!3m4!2s60.153931,+24.928542!4m2!1d24.9285418!2d60.1539309!3m6!1s0x3585f55b64d083c7:0x46a88d8ffb6405f2!8m2!3d38.9336592!4d121.6374032!15sCh9EYWxpYW4gU2hpcGJ1aWxkaW5nIEluZHVzdHJ5IENvkgEHY29tcGFueeABAA!16s%2Fg%2F1tf_qtz_?entry=ttu&g_ep=EgoyMDI1MTIwMi4wIKXMDSoASAFQAw%3D%3D",175000,cbm,https://www.igu.org/igu-reports/2025-world-lng-report,,,conventional,https://www.datocms-assets.com/146580/1783403747-igu-world-lng-report-2026.pdf,X-DF,https://www.igu.org/igu-reports/2025-world-lng-report,2027,https://www.igu.org/igu-reports/2025-world-lng-report,,,,IGU,,,,,,,
514,1108433,https://www.igu.org/igu-reports/2025-world-lng-report,Dalian No 1 G175K-17,https://www.igu.org/igu-reports/2025-world-lng-report,,,,Hull G175K-17,"https://www.shipvault.com/ships/470361, https://shipvaultapi-gjb8c.ondigitalocean.app/api/units/470361",on order,GEM,12/31/2024,https://www.igu.org/igu-reports/2025-world-lng-report,COSCO,https://www.igu.org/igu-reports/2025-world-lng-report,China,https://en.wikipedia.org/wiki/COSCO_Shipping,DSIC (Dalian Shipbuilding Industry Co),https://www.igu.org/igu-reports/2025-world-lng-report,China,http://www.dsic.cn/English/CorporateProfile/AboutUs/index.htm,38.937861,121.638613,"WJMP+FX6, Binhai St, Xigang District, Dalian, Dalian, Liaoning, China, 116006",exact,"https://www.google.com/maps/place/Dalian+Shipbuilding+Heavy+Industry+Co.,Ltd./@38.9301597,121.6171177,2740m/data=!3m1!1e3!4m15!1m7!2m6!1sDalian+Shipbuilding+Industry+Co!3m4!2s60.153931,+24.928542!4m2!1d24.9285418!2d60.1539309!3m6!1s0x3585f55b64d083c7:0x46a88d8ffb6405f2!8m2!3d38.9336592!4d121.6374032!15sCh9EYWxpYW4gU2hpcGJ1aWxkaW5nIEluZHVzdHJ5IENvkgEHY29tcGFueeABAA!16s%2Fg%2F1tf_qtz_?entry=ttu&g_ep=EgoyMDI1MTIwMi4wIKXMDSoASAFQAw%3D%3D",175000,cbm,https://www.igu.org/igu-reports/2025-world-lng-report,,,conventional,https://www.datocms-assets.com/146580/1783403747-igu-world-lng-report-2026.pdf,X-DF,https://www.igu.org/igu-reports/2025-world-lng-report,2027,https://www.igu.org/igu-reports/2025-world-lng-report,,,,IGU,,,,,,,
515,9989120,https://www.igu.org/igu-reports/2025-world-lng-report,Dalian No 1 G175K-4,https://www.igu.org/igu-reports/2025-world-lng-report,,,,Hull G175K-04,"https://www.shipvault.com/ships/459925, https://shipvaultapi-gjb8c.ondigitalocean.app/api/units/459925",on order,GEM,12/31/2024,https://www.igu.org/igu-reports/2025-world-lng-report,China Merchants Energy Shipping,https://www.igu.org/igu-reports/2025-world-lng-report,,,DSIC (Dalian Shipbuilding Industry Co),https://www.igu.org/igu-reports/2025-world-lng-report,China,http://www.dsic.cn/English/CorporateProfile/AboutUs/index.htm,38.937861,121.638613,"WJMP+FX6, Binhai St, Xigang District, Dalian, Dalian, Liaoning, China, 116006",exact,"https://www.google.com/maps/place/Dalian+Shipbuilding+Heavy+Industry+Co.,Ltd./@38.9301597,121.6171177,2740m/data=!3m1!1e3!4m15!1m7!2m6!1sDalian+Shipbuilding+Industry+Co!3m4!2s60.153931,+24.928542!4m2!1d24.9285418!2d60.1539309!3m6!1s0x3585f55b64d083c7:0x46a88d8ffb6405f2!8m2!3d38.9336592!4d121.6374032!15sCh9EYWxpYW4gU2hpcGJ1aWxkaW5nIEluZHVzdHJ5IENvkgEHY29tcGFueeABAA!16s%2Fg%2F1tf_qtz_?entry=ttu&g_ep=EgoyMDI1MTIwMi4wIKXMDSoASAFQAw%3D%3D",175000,cbm,https://www.igu.org/igu-reports/2025-world-lng-report,,,conventional,https://www.datocms-assets.com/146580/1783403747-igu-world-lng-report-2026.pdf,X-DF,https://www.igu.org/igu-reports/2025-world-lng-report,2027,"https://www.shipvault.com/ships/459925, https://shipvaultapi-gjb8c.ondigitalocean.app/api/units/459925, https://maritimeoptima.com/public/vessels/pages/imo:9989120/mmsi:477255600/SEA_ARGOSY.html",yes,2026,"https://www.datocms-assets.com/146580/1763396210-1747916410-igu-world-lng-report-2025.pdf, https://www.datocms-assets.com/146580/1783403747-igu-world-lng-report-2026.pdf",IGU,,,,,,,
516,1013509,https://www.igu.org/igu-reports/2025-world-lng-report,Dalian No 1 G175K-6,https://www.igu.org/igu-reports/2025-world-lng-report,,,,Hull G175K-06,"https://www.shipvault.com/ships/459927, https://shipvaultapi-gjb8c.ondigitalocean.app/api/units/459927",on order,GEM,12/31/2024,https://www.igu.org/igu-reports/2025-world-lng-report,China Merchants Energy Shipping,https://www.igu.org/igu-reports/2025-world-lng-report,,,DSIC (Dalian Shipbuilding Industry Co),https://www.igu.org/igu-reports/2025-world-lng-report,China,http://www.dsic.cn/English/CorporateProfile/AboutUs/index.htm,38.937861,121.638613,"WJMP+FX6, Binhai St, Xigang District, Dalian, Dalian, Liaoning, China, 116006",exact,"https://www.google.com/maps/place/Dalian+Shipbuilding+Heavy+Industry+Co.,Ltd./@38.9301597,121.6171177,2740m/data=!3m1!1e3!4m15!1m7!2m6!1sDalian+Shipbuilding+Industry+Co!3m4!2s60.153931,+24.928542!4m2!1d24.9285418!2d60.1539309!3m6!1s0x3585f55b64d083c7:0x46a88d8ffb6405f2!8m2!3d38.9336592!4d121.6374032!15sCh9EYWxpYW4gU2hpcGJ1aWxkaW5nIEluZHVzdHJ5IENvkgEHY29tcGFueeABAA!16s%2Fg%2F1tf_qtz_?entry=ttu&g_ep=EgoyMDI1MTIwMi4wIKXMDSoASAFQAw%3D%3D",175000,cbm,https://www.igu.org/igu-reports/2025-world-lng-report,,,conventional,https://www.datocms-assets.com/146580/1783403747-igu-world-lng-report-2026.pdf,X-DF,https://www.igu.org/igu-reports/2025-world-lng-report,2026,https://www.igu.org/igu-reports/2025-world-lng-report,,,,IGU,,,,,,,
517,1013511,https://www.igu.org/igu-reports/2025-world-lng-report,Sea Charity,"https://www.shipvault.com/ships/461880, https://shipvaultapi-gjb8c.ondigitalocean.app/api/units/461880",,Dalian No 1 G175K-7,"https://www.datocms-assets.com/146580/1763396210-1747916410-igu-world-lng-report-2025.pdf, https://www.datocms-assets.com/146580/1783403747-igu-world-lng-report-2026.pdf",Hull G175K-07,"https://www.shipvault.com/ships/461880, https://shipvaultapi-gjb8c.ondigitalocean.app/api/units/461880",on order,GEM,12/31/2024,https://www.igu.org/igu-reports/2025-world-lng-report,China Merchants Energy Shipping,https://www.igu.org/igu-reports/2025-world-lng-report,,,DSIC (Dalian Shipbuilding Industry Co),https://www.igu.org/igu-reports/2025-world-lng-report,China,http://www.dsic.cn/English/CorporateProfile/AboutUs/index.htm,38.937861,121.638613,"WJMP+FX6, Binhai St, Xigang District, Dalian, Dalian, Liaoning, China, 116006",exact,"https://www.google.com/maps/place/Dalian+Shipbuilding+Heavy+Industry+Co.,Ltd./@38.9301597,121.6171177,2740m/data=!3m1!1e3!4m15!1m7!2m6!1sDalian+Shipbuilding+Industry+Co!3m4!2s60.153931,+24.928542!4m2!1d24.9285418!2d60.1539309!3m6!1s0x3585f55b64d083c7:0x46a88d8ffb6405f2!8m2!3d38.9336592!4d121.6374032!15sCh9EYWxpYW4gU2hpcGJ1aWxkaW5nIEluZHVzdHJ5IENvkgEHY29tcGFueeABAA!16s%2Fg%2F1tf_qtz_?entry=ttu&g_ep=EgoyMDI1MTIwMi4wIKXMDSoASAFQAw%3D%3D",175000,cbm,https://www.igu.org/igu-reports/2025-world-lng-report,,,conventional,https://www.datocms-assets.com/146580/1783403747-igu-world-lng-report-2026.pdf,X-DF,https://www.igu.org/igu-reports/2025-world-lng-report,2026,https://www.igu.org/igu-reports/2025-world-lng-report,,,,IGU,,,,,,,
518,1013523,https://www.igu.org/igu-reports/2025-world-lng-report,Dalian No 1 G175K-8,https://www.igu.org/igu-reports/2025-world-lng-report,,,,Hull G175K-08,"https://www.shipvault.com/ships/461881, https://shipvaultapi-gjb8c.ondigitalocean.app/api/units/461881",on order,GEM,12/31/2024,https://www.igu.org/igu-reports/2025-world-lng-report,China Merchants Energy Shipping,https://www.igu.org/igu-reports/2025-world-lng-report,,,DSIC (Dalian Shipbuilding Industry Co),https://www.igu.org/igu-reports/2025-world-lng-report,China,http://www.dsic.cn/English/CorporateProfile/AboutUs/index.htm,38.937861,121.638613,"WJMP+FX6, Binhai St, Xigang District, Dalian, Dalian, Liaoning, China, 116006",exact,"https://www.google.com/maps/place/Dalian+Shipbuilding+Heavy+Industry+Co.,Ltd./@38.9301597,121.6171177,2740m/data=!3m1!1e3!4m15!1m7!2m6!1sDalian+Shipbuilding+Industry+Co!3m4!2s60.153931,+24.928542!4m2!1d24.9285418!2d60.1539309!3m6!1s0x3585f55b64d083c7:0x46a88d8ffb6405f2!8m2!3d38.9336592!4d121.6374032!15sCh9EYWxpYW4gU2hpcGJ1aWxkaW5nIEluZHVzdHJ5IENvkgEHY29tcGFueeABAA!16s%2Fg%2F1tf_qtz_?entry=ttu&g_ep=EgoyMDI1MTIwMi4wIKXMDSoASAFQAw%3D%3D",175000,cbm,https://www.igu.org/igu-reports/2025-world-lng-report,,,conventional,https://www.datocms-assets.com/146580/1783403747-igu-world-lng-report-2026.pdf,X-DF,https://www.igu.org/igu-reports/2025-world-lng-report,2027,https://www.igu.org/igu-reports/2025-world-lng-report,,,,IGU,,,,,,,
519,1058315,https://www.igu.org/igu-reports/2025-world-lng-report,Prime Unity,https://www.marinetraffic.org/ship-owner-manager-ism-data/PRIME-UNITY/1058315/1,,Dalian No 1 G175K-9,"https://www.datocms-assets.com/146580/1763396210-1747916410-igu-world-lng-report-2025.pdf, https://www.datocms-assets.com/146580/1783403747-igu-world-lng-report-2026.pdf",Hull G175K-09,"https://www.shipvault.com/ships/481200, https://shipvaultapi-gjb8c.ondigitalocean.app/api/units/481200",on order,GEM,12/31/2024,https://www.igu.org/igu-reports/2025-world-lng-report,China Energy Shipping,https://www.igu.org/igu-reports/2025-world-lng-report,,,DSIC (Dalian Shipbuilding Industry Co),https://www.igu.org/igu-reports/2025-world-lng-report,China,http://www.dsic.cn/English/CorporateProfile/AboutUs/index.htm,38.937861,121.638613,"WJMP+FX6, Binhai St, Xigang District, Dalian, Dalian, Liaoning, China, 116006",exact,"https://www.google.com/maps/place/Dalian+Shipbuilding+Heavy+Industry+Co.,Ltd./@38.9301597,121.6171177,2740m/data=!3m1!1e3!4m15!1m7!2m6!1sDalian+Shipbuilding+Industry+Co!3m4!2s60.153931,+24.928542!4m2!1d24.9285418!2d60.1539309!3m6!1s0x3585f55b64d083c7:0x46a88d8ffb6405f2!8m2!3d38.9336592!4d121.6374032!15sCh9EYWxpYW4gU2hpcGJ1aWxkaW5nIEluZHVzdHJ5IENvkgEHY29tcGFueeABAA!16s%2Fg%2F1tf_qtz_?entry=ttu&g_ep=EgoyMDI1MTIwMi4wIKXMDSoASAFQAw%3D%3D",175000,cbm,https://www.igu.org/igu-reports/2025-world-lng-report,,,conventional,https://www.datocms-assets.com/146580/1783403747-igu-world-lng-report-2026.pdf,X-DF,https://www.igu.org/igu-reports/2025-world-lng-report,2027,https://www.igu.org/igu-reports/2025-world-lng-report,,,,IGU,Sinopec,https://lngprime.com/asia/dsic-seals-700-million-lng-shipbuilding-deal-with-cosco-and-sinopec/90380/,31-Aug-2023,https://lngprime.com/asia/dsic-seals-700-million-lng-shipbuilding-deal-with-cosco-and-sinopec/90380/,233300000.00,USD,https://lngprime.com/asia/dsic-seals-700-million-lng-shipbuilding-deal-with-cosco-and-sinopec/90380/
535,9216298,https://www.igu.org/igu-reports/2025-world-lng-report,Arctic Vostok,https://www.datocms-assets.com/146580/1783403747-igu-world-lng-report-2026.pdf,,East Energy,https://www.datocms-assets.com/146580/1763396210-1747916410-igu-world-lng-report-2025.pdf,,,active,GEM,12/31/2024,https://www.igu.org/igu-reports/2025-world-lng-report,Nur Global Shipping,https://www.igu.org/igu-reports/2025-world-lng-report,,,HD Hyundai Heavy Industries,https://www.igu.org/igu-reports/2025-world-lng-report,South Korea,https://www.hd.com/en/main,35.51613,129.4383,GC8Q+M6 Ulsan,exact,https://www.google.com/maps/place/HD+Hyundai+Heavy+Industries+Ulsan+Shipyard/data=!3m1!1e3!4m10!1m2!2m1!1sHD+Hyundai!3m6!1s0x3567ce56ebbfb645:0xd94a696f9fca5d90!8m2!3d35.5167468!4d129.4380269!15sCgpIRCBIeXVuZGFpkgEIc2hpcHlhcmTgAQA!16s%2Fg%2F1tfhd8y1?entry=ttu&g_ep=EgoyMDI1MTIwMi4wIKXMDSoASAFQAw%3D%3D,137000,cbm,https://www.igu.org/igu-reports/2025-world-lng-report,spherical,https://www.igu.org/igu-reports/2025-world-lng-report,conventional,https://www.igu.org/igu-reports/2025-world-lng-report,steam,https://www.igu.org/igu-reports/2025-world-lng-report,2002,https://www.igu.org/igu-reports/2025-world-lng-report,,,,IGU,,,,,,,
541,9980552,https://www.igu.org/igu-reports/2025-world-lng-report,Elisa Halcyon,"https://www.shipvault.com/ships/461185, https://shipvaultapi-gjb8c.ondigitalocean.app/api/units/461185, https://www.marinetraffic.org/ship-owner-manager-ism-data/ELISA-HALCYON/9980552/228488900",,,,Hull 8174 (HSHI),"https://www.shipvault.com/ships/461185, https://shipvaultapi-gjb8c.ondigitalocean.app/api/units/461185",active,GEM,12/31/2024,"https://www.shipvault.com/ships/461185, https://shipvaultapi-gjb8c.ondigitalocean.app/api/units/461185",NYK Line,https://www.igu.org/igu-reports/2025-world-lng-report,Japan,"https://www.nyk.com/english/profile/profile/, https://en.wikipedia.org/wiki/Nippon_Yusen",HD Hyundai Samho,https://www.igu.org/igu-reports/2025-world-lng-report,South Korea,https://www.hshi.co.kr/eng/,34.75031,126.3875,"Q92P+7M Yeongam-gun, Jeollanam-do",exact,https://www.google.com/maps/place/Hyundai+Samho+Heavy+Industries+Entrance/data=!3m1!1e3!4m10!1m2!2m1!1sHyundai+Samho+Heavy+Industries!3m6!1s0x3573a4568dfe21d7:0x865a025eb9b373b5!8m2!3d34.75066!4d126.386691!15sCh5IeXVuZGFpIFNhbWhvIEhlYXZ5IEluZHVzdHJpZXOSAQhidXNfc3RvcOABAA!16s%2Fg%2F11b77sqk26?entry=ttu&g_ep=EgoyMDI1MTIwMi4wIKXMDSoASAFQAw%3D%3D,174000,cbm,https://www.igu.org/igu-reports/2025-world-lng-report,membrane,https://www.datocms-assets.com/146580/1783403747-igu-world-lng-report-2026.pdf,conventional,https://www.datocms-assets.com/146580/1783403747-igu-world-lng-report-2026.pdf,X-DF,https://www.igu.org/igu-reports/2025-world-lng-report,2025,"https://www.shipvault.com/ships/461185, https://shipvaultapi-gjb8c.ondigitalocean.app/api/units/461185",,,,IGU,,,,,,,
559,9854624,https://www.igu.org/igu-reports/2025-world-lng-report,Energy Endeavour,https://www.datocms-assets.com/146580/1783403747-igu-world-lng-report-2026.pdf,,,,,,active,GEM,12/31/2024,https://www.igu.org/igu-reports/2025-world-lng-report,Alpha Gas,https://www.igu.org/igu-reports/2025-world-lng-report,,,Hanwha Ocean,https://www.igu.org/igu-reports/2025-world-lng-report,South Korea,https://www.hanwha.com/companies/hanwha-ocean.do,34.87385,128.6966,"VMCW+V7 Geoje-si, Gyeongsangnam-do",exact,https://www.google.com/maps/place/Hanwha+Ocean/data=!3m1!1e3!4m10!1m2!2m1!1sHanwha+Ocean!3m6!1s0x356ecd1d7a72f7db:0x3bfe90e7d8bf93f0!8m2!3d34.8721913!4d128.6956963!15sCgxIYW53aGEgT2NlYW5aDiIMaGFud2hhIG9jZWFukgEfc2hpcGJ1aWxkaW5nX2FuZF9yZXBhaXJfY29tcGFueZoBI0NoWkRTVWhOTUc5blMwVkpRMEZuVFVSUmRYVkVTMWhuRUFF4AEA-gEECAAQLA!16s%2Fg%2F11swmd6_76?entry=ttu&g_ep=EgoyMDI1MTIwMi4wIKXMDSoASAFQAw%3D%3D,173400,cbm,https://www.igu.org/igu-reports/2025-world-lng-report,membrane,https://www.igu.org/igu-reports/2025-world-lng-report,conventional,https://www.igu.org/igu-reports/2025-world-lng-report,ME-GI,https://www.igu.org/igu-reports/2025-world-lng-report,2021,https://www.igu.org/igu-reports/2025-world-lng-report,,,,IGU,,,,,,,
562,9245720,https://www.igu.org/igu-reports/2025-world-lng-report,Arunika Jaya,https://www.datocms-assets.com/146580/1783403747-igu-world-lng-report-2026.pdf,,Energy Frontier,"https://www.shipvault.com/ships/116125, https://shipvaultapi-gjb8c.ondigitalocean.app/api/units/116125",,,active,GEM,12/31/2024,https://www.igu.org/igu-reports/2025-world-lng-report,Tokyo Gas,https://www.igu.org/igu-reports/2025-world-lng-report,,,Kawasaki Heavy Industries,https://www.igu.org/igu-reports/2025-world-lng-report,Japan,https://www.khi.co.jp/corporate/network/sakaide.html,34.327891,133.832534,"8RHM+63 Sakaide, Kagawa, Japan",exact,"https://www.google.com/maps/place/Kawasaki+Heavy+Industries+Sakaide+Works/@34.3281037,133.8301629,727m/data=!3m2!1e3!4b1!4m6!3m5!1s0x3553defcdee0be77:0x45602ea060d2d040!8m2!3d34.3281037!4d133.8327378!16s%2Fg%2F11btww0875?entry=ttu&g_ep=EgoyMDI1MTIwMi4wIKXMDSoASAFQAw%3D%3D",147000,cbm,https://www.igu.org/igu-reports/2025-world-lng-report,spherical,https://www.igu.org/igu-reports/2025-world-lng-report,conventional,https://www.igu.org/igu-reports/2025-world-lng-report,steam,https://www.igu.org/igu-reports/2025-world-lng-report,2003,https://www.igu.org/igu-reports/2025-world-lng-report,,,,IGU,,,,,,,
563,9752565,https://www.igu.org/igu-reports/2025-world-lng-report,Energy Glory,https://www.igu.org/igu-reports/2025-world-lng-report,,,,,,active,GEM,12/31/2024,https://www.igu.org/igu-reports/2025-world-lng-report,"NYK Line, Tokyo Gas",https://www.igu.org/igu-reports/2025-world-lng-report,Japan,"https://www.nyk.com/english/profile/profile/, https://en.wikipedia.org/wiki/Nippon_Yusen",Japan Marine United,https://www.igu.org/igu-reports/2025-world-lng-report,Japan,https://www.jmuc.co.jp/en/,34.676776,136.540315,"MGHR+MV Tsu, Mie, Japan",exact,"https://www.google.com/maps/place/Japan+Marin+United+Tsu+Shipyard/@34.6783937,131.6656494,741406m/data=!3m1!1e3!4m10!1m2!2m1!1sJapan+Marine+United!3m6!1s0x60046d6ed304597f:0xfb2a25b520ae8e5f!8m2!3d34.6791561!4d136.5422246!15sChNKYXBhbiBNYXJpbmUgVW5pdGVkIgOIAQGSAQhzaGlweWFyZOABAA!16s%2Fg%2F11btrrg1y7?entry=ttu&g_ep=EgoyMDI1MTIwMi4wIKXMDSoASAFQAw%3D%3D",165000,cbm,https://www.igu.org/igu-reports/2025-world-lng-report,self-supporting prismatic,https://www.igu.org/igu-reports/2025-world-lng-report,conventional,https://www.datocms-assets.com/146580/1783403747-igu-world-lng-report-2026.pdf,DFDE,https://www.datocms-assets.com/146580/1783403747-igu-world-lng-report-2026.pdf,2019,https://www.igu.org/igu-reports/2025-world-lng-report,,,,IGU,,,,,,,
565,9758832,https://www.igu.org/igu-reports/2025-world-lng-report,Energy Innovator,https://www.igu.org/igu-reports/2025-world-lng-report,,,,,,active,GEM,12/31/2024,https://www.igu.org/igu-reports/2025-world-lng-report,"MOL, Tokyo Gas",https://www.igu.org/igu-reports/2025-world-lng-report,,,Japan Marine United,https://www.igu.org/igu-reports/2025-world-lng-report,Japan,https://www.jmuc.co.jp/en/,34.676776,136.540315,"MGHR+MV Tsu, Mie, Japan",exact,"https://www.google.com/maps/place/Japan+Marin+United+Tsu+Shipyard/@34.6783937,131.6656494,741406m/data=!3m1!1e3!4m10!1m2!2m1!1sJapan+Marine+United!3m6!1s0x60046d6ed304597f:0xfb2a25b520ae8e5f!8m2!3d34.6791561!4d136.5422246!15sChNKYXBhbiBNYXJpbmUgVW5pdGVkIgOIAQGSAQhzaGlweWFyZOABAA!16s%2Fg%2F11btrrg1y7?entry=ttu&g_ep=EgoyMDI1MTIwMi4wIKXMDSoASAFQAw%3D%3D",165000,cbm,https://www.igu.org/igu-reports/2025-world-lng-report,self-supporting prismatic,https://www.igu.org/igu-reports/2025-world-lng-report,conventional,https://www.datocms-assets.com/146580/1783403747-igu-world-lng-report-2026.pdf,DFDE,https://www.datocms-assets.com/146580/1783403747-igu-world-lng-report-2026.pdf,2019,https://www.igu.org/igu-reports/2025-world-lng-report,,,,IGU,,,,,,,
568,9736092,https://www.igu.org/igu-reports/2025-world-lng-report,Energy Liberty,https://www.igu.org/igu-reports/2025-world-lng-report,,,,,,active,GEM,12/31/2024,https://www.igu.org/igu-reports/2025-world-lng-report,"MOL, Tokyo Gas",https://www.igu.org/igu-reports/2025-world-lng-report,,,Japan Marine United,https://www.igu.org/igu-reports/2025-world-lng-report,Japan,https://www.jmuc.co.jp/en/,34.676776,136.540315,"MGHR+MV Tsu, Mie, Japan",exact,"https://www.google.com/maps/place/Japan+Marin+United+Tsu+Shipyard/@34.6783937,131.6656494,741406m/data=!3m1!1e3!4m10!1m2!2m1!1sJapan+Marine+United!3m6!1s0x60046d6ed304597f:0xfb2a25b520ae8e5f!8m2!3d34.6791561!4d136.5422246!15sChNKYXBhbiBNYXJpbmUgVW5pdGVkIgOIAQGSAQhzaGlweWFyZOABAA!16s%2Fg%2F11btrrg1y7?entry=ttu&g_ep=EgoyMDI1MTIwMi4wIKXMDSoASAFQAw%3D%3D",165000,cbm,https://www.igu.org/igu-reports/2025-world-lng-report,self-supporting prismatic,https://www.igu.org/igu-reports/2025-world-lng-report,conventional,https://www.datocms-assets.com/146580/1783403747-igu-world-lng-report-2026.pdf,DFDE,https://www.datocms-assets.com/146580/1783403747-igu-world-lng-report-2026.pdf,2018,https://www.igu.org/igu-reports/2025-world-lng-report,,,,IGU,,,,,,,
573,9758844,https://www.igu.org/igu-reports/2025-world-lng-report,Energy Universe,https://www.igu.org/igu-reports/2025-world-lng-report,,,,,,active,GEM,12/31/2024,https://www.igu.org/igu-reports/2025-world-lng-report,"MOL, Tokyo Gas",https://www.igu.org/igu-reports/2025-world-lng-report,,,Japan Marine United,https://www.igu.org/igu-reports/2025-world-lng-report,Japan,https://www.jmuc.co.jp/en/,34.676776,136.540315,"MGHR+MV Tsu, Mie, Japan",exact,"https://www.google.com/maps/place/Japan+Marin+United+Tsu+Shipyard/@34.6783937,131.6656494,741406m/data=!3m1!1e3!4m10!1m2!2m1!1sJapan+Marine+United!3m6!1s0x60046d6ed304597f:0xfb2a25b520ae8e5f!8m2!3d34.6791561!4d136.5422246!15sChNKYXBhbiBNYXJpbmUgVW5pdGVkIgOIAQGSAQhzaGlweWFyZOABAA!16s%2Fg%2F11btrrg1y7?entry=ttu&g_ep=EgoyMDI1MTIwMi4wIKXMDSoASAFQAw%3D%3D",165000,cbm,https://www.igu.org/igu-reports/2025-world-lng-report,self-supporting prismatic,https://www.igu.org/igu-reports/2025-world-lng-report,conventional,https://www.datocms-assets.com/146580/1783403747-igu-world-lng-report-2026.pdf,DFDE,https://www.datocms-assets.com/146580/1783403747-igu-world-lng-report-2026.pdf,2019,https://www.igu.org/igu-reports/2025-world-lng-report,,,,IGU,,,,,,,
599,9825439,https://www.igu.org/igu-reports/2025-world-lng-report,Flex Courageous,https://www.igu.org/igu-reports/2025-world-lng-report,,,,,,active,GEM,12/31/2024,https://www.igu.org/igu-reports/2025-world-lng-report,Flex LNG,https://www.igu.org/igu-reports/2025-world-lng-report,,,Hanwha Ocean,https://www.igu.org/igu-reports/2025-world-lng-report,South Korea,https://www.hanwha.com/companies/hanwha-ocean.do,34.87385,128.6966,"VMCW+V7 Geoje-si, Gyeongsangnam-do",exact,https://www.google.com/maps/place/Hanwha+Ocean/data=!3m1!1e3!4m10!1m2!2m1!1sHanwha+Ocean!3m6!1s0x356ecd1d7a72f7db:0x3bfe90e7d8bf93f0!8m2!3d34.8721913!4d128.6956963!15sCgxIYW53aGEgT2NlYW5aDiIMaGFud2hhIG9jZWFukgEfc2hpcGJ1aWxkaW5nX2FuZF9yZXBhaXJfY29tcGFueZoBI0NoWkRTVWhOTUc5blMwVkpRMEZuVFVSUmRYVkVTMWhuRUFF4AEA-gEECAAQLA!16s%2Fg%2F11swmd6_76?entry=ttu&g_ep=EgoyMDI1MTIwMi4wIKXMDSoASAFQAw%3D%3D,173400,cbm,https://www.igu.org/igu-reports/2025-world-lng-report,membrane,https://www.datocms-assets.com/146580/1783403747-igu-world-lng-report-2026.pdf,conventional,https://www.igu.org/igu-reports/2025-world-lng-report,ME-GI,https://www.igu.org/igu-reports/2025-world-lng-report,2019,https://www.igu.org/igu-reports/2025-world-lng-report,,,,IGU,,,,,,,
612,9976147,https://www.igu.org/igu-reports/2025-world-lng-report,Gail Sagar,https://www.igu.org/igu-reports/2025-world-lng-report,,,,Hull 8197 (HSHI),https://www.datocms-assets.com/146580/1783403747-igu-world-lng-report-2026.pdf,active,GEM,12/11/2025,https://www.vesselfinder.com/vessels/details/9976147,CoolCo,https://www.igu.org/igu-reports/2025-world-lng-report,,,HD Hyundai Samho,https://www.igu.org/igu-reports/2025-world-lng-report,South Korea,https://www.hshi.co.kr/eng/,34.75031,126.3875,"Q92P+7M Yeongam-gun, Jeollanam-do",exact,https://www.google.com/maps/place/Hyundai+Samho+Heavy+Industries+Entrance/data=!3m1!1e3!4m10!1m2!2m1!1sHyundai+Samho+Heavy+Industries!3m6!1s0x3573a4568dfe21d7:0x865a025eb9b373b5!8m2!3d34.75066!4d126.386691!15sCh5IeXVuZGFpIFNhbWhvIEhlYXZ5IEluZHVzdHJpZXOSAQhidXNfc3RvcOABAA!16s%2Fg%2F11b77sqk26?entry=ttu&g_ep=EgoyMDI1MTIwMi4wIKXMDSoASAFQAw%3D%3D,174000,cbm,https://www.igu.org/igu-reports/2025-world-lng-report,membrane,https://www.datocms-assets.com/146580/1783403747-igu-world-lng-report-2026.pdf,conventional,https://www.datocms-assets.com/146580/1783403747-igu-world-lng-report-2026.pdf,ME-GA,https://www.igu.org/igu-reports/2025-world-lng-report,2025,https://www.igu.org/igu-reports/2025-world-lng-report,,,,IGU,,,,,,,
639,1056410,https://www.igu.org/igu-reports/2025-world-lng-report,Solidarity,https://www.marinetraffic.org/ship-owner-manager-ism-data/SOLIDARITY/1056410/1,,Gdansk FSRU,"https://www.datocms-assets.com/146580/1763396210-1747916410-igu-world-lng-report-2025.pdf, https://www.datocms-assets.com/146580/1783403747-igu-world-lng-report-2026.pdf",Hull 3515 (HDHHI),"https://www.shipvault.com/ships/478328, https://shipvaultapi-gjb8c.ondigitalocean.app/api/units/478328",on order,GEM,12/31/2024,https://www.igu.org/igu-reports/2025-world-lng-report,MOL,https://www.igu.org/igu-reports/2025-world-lng-report,,,HD Hyundai Heavy Industries,https://www.igu.org/igu-reports/2025-world-lng-report,South Korea,https://www.hd.com/en/main,35.51613,129.4383,GC8Q+M6 Ulsan,exact,https://www.google.com/maps/place/HD+Hyundai+Heavy+Industries+Ulsan+Shipyard/data=!3m1!1e3!4m10!1m2!2m1!1sHD+Hyundai!3m6!1s0x3567ce56ebbfb645:0xd94a696f9fca5d90!8m2!3d35.5167468!4d129.4380269!15sCgpIRCBIeXVuZGFpkgEIc2hpcHlhcmTgAQA!16s%2Fg%2F1tfhd8y1?entry=ttu&g_ep=EgoyMDI1MTIwMi4wIKXMDSoASAFQAw%3D%3D,174000,cbm,https://www.igu.org/igu-reports/2025-world-lng-report,,,FSRU,https://www.datocms-assets.com/146580/1783403747-igu-world-lng-report-2026.pdf,DFDE,https://www.igu.org/igu-reports/2025-world-lng-report,2027,https://www.igu.org/igu-reports/2025-world-lng-report,,,,IGU,,,,,,,
648,9253105,https://www.igu.org/igu-reports/2025-world-lng-report,SC Serenity,https://www.datocms-assets.com/146580/1783403747-igu-world-lng-report-2026.pdf,,Golar Arctic,"https://www.shipvault.com/ships/116640, https://shipvaultapi-gjb8c.ondigitalocean.app/api/units/116640",,,active,GEM,12/31/2024,https://www.igu.org/igu-reports/2025-world-lng-report,Golar,https://www.igu.org/igu-reports/2025-world-lng-report,,,Hanwha Ocean,https://www.igu.org/igu-reports/2025-world-lng-report,South Korea,https://www.hanwha.com/companies/hanwha-ocean.do,34.87385,128.6966,"VMCW+V7 Geoje-si, Gyeongsangnam-do",exact,https://www.google.com/maps/place/Hanwha+Ocean/data=!3m1!1e3!4m10!1m2!2m1!1sHanwha+Ocean!3m6!1s0x356ecd1d7a72f7db:0x3bfe90e7d8bf93f0!8m2!3d34.8721913!4d128.6956963!15sCgxIYW53aGEgT2NlYW5aDiIMaGFud2hhIG9jZWFukgEfc2hpcGJ1aWxkaW5nX2FuZF9yZXBhaXJfY29tcGFueZoBI0NoWkRTVWhOTUc5blMwVkpRMEZuVFVSUmRYVkVTMWhuRUFF4AEA-gEECAAQLA!16s%2Fg%2F11swmd6_76?entry=ttu&g_ep=EgoyMDI1MTIwMi4wIKXMDSoASAFQAw%3D%3D,140000,cbm,https://www.igu.org/igu-reports/2025-world-lng-report,membrane,https://www.igu.org/igu-reports/2025-world-lng-report,conventional,https://www.igu.org/igu-reports/2025-world-lng-report,steam,https://www.igu.org/igu-reports/2025-world-lng-report,2003,https://www.igu.org/igu-reports/2025-world-lng-report,,,,IGU,,,,,,,
649,9655808,https://www.igu.org/igu-reports/2025-world-lng-report,Italis LNG,https://www.datocms-assets.com/146580/1783403747-igu-world-lng-report-2026.pdf,,Golar Tundra,https://www.datocms-assets.com/146580/1783403747-igu-world-lng-report-2026.pdf,,,active,GEM,12/31/2024,https://www.igu.org/igu-reports/2025-world-lng-report,Snam,https://www.igu.org/igu-reports/2025-world-lng-report,,,Samsung Heavy Industries,https://www.igu.org/igu-reports/2025-world-lng-report,South Korea,https://www.samsungshi.com/En/Default.aspx,34.89804,128.6045,"VJW3+QV Geoje-si, Gyeongsangnam-do",exact,https://www.google.com/maps/place/Samsung+Heavy+industries/data=!3m1!1e3!4m10!1m2!2m1!1ssamsung+heavy+industries!3m6!1s0x356ecd83691a8fb5:0xd4204e9a1bb0ef10!8m2!3d34.8969682!4d128.6046376!15sChhzYW1zdW5nIGhlYXZ5IGluZHVzdHJpZXOSAQhzaGlweWFyZOABAA!16s%2Fg%2F1tgcpry6?entry=ttu&g_ep=EgoyMDI1MTIwMi4wIKXMDSoASAFQAw%3D%3D,170000,cbm,https://www.igu.org/igu-reports/2025-world-lng-report,membrane,https://www.igu.org/igu-reports/2025-world-lng-report,FSRU,https://www.igu.org/igu-reports/2025-world-lng-report,DFDE,https://www.igu.org/igu-reports/2025-world-lng-report,2015,https://www.igu.org/igu-reports/2025-world-lng-report,,,,IGU,,,,,,,
670,9972359,https://www.igu.org/igu-reports/2025-world-lng-report,HL Alyssa Warner,https://www.igu.org/igu-reports/2025-world-lng-report,,,,Hull 2607 (SHI),https://www.datocms-assets.com/146580/1783403747-igu-world-lng-report-2026.pdf,active,SFoC,12/11/2025,https://www.marinetraffic.com/en/ais/details/ships/shipid:9393188/mmsi:636024983/imo:9972359/vessel:HL%20ALYSSA%20WARNER,H-Line Shipping,https://www.igu.org/igu-reports/2025-world-lng-report,,,Samsung Heavy Industries,https://www.igu.org/igu-reports/2025-world-lng-report,South Korea,https://www.samsungshi.com/En/Default.aspx,34.89804,128.6045,"VJW3+QV Geoje-si, Gyeongsangnam-do",exact,https://www.google.com/maps/place/Samsung+Heavy+industries/data=!3m1!1e3!4m10!1m2!2m1!1ssamsung+heavy+industries!3m6!1s0x356ecd83691a8fb5:0xd4204e9a1bb0ef10!8m2!3d34.8969682!4d128.6046376!15sChhzYW1zdW5nIGhlYXZ5IGluZHVzdHJpZXOSAQhzaGlweWFyZOABAA!16s%2Fg%2F1tgcpry6?entry=ttu&g_ep=EgoyMDI1MTIwMi4wIKXMDSoASAFQAw%3D%3D,174000,cbm,https://www.igu.org/igu-reports/2025-world-lng-report,membrane,https://www.datocms-assets.com/146580/1783403747-igu-world-lng-report-2026.pdf,conventional,https://www.datocms-assets.com/146580/1783403747-igu-world-lng-report-2026.pdf,X-DF,https://www.datocms-assets.com/146580/1783403747-igu-world-lng-report-2026.pdf,2025,https://www.igu.org/igu-reports/2025-world-lng-report,,,,IGU,,,,,,,
671,9972361,https://www.igu.org/igu-reports/2025-world-lng-report,HL Edward Austin,https://www.igu.org/igu-reports/2025-world-lng-report,,,,Hull 2608 (SHI),https://www.datocms-assets.com/146580/1783403747-igu-world-lng-report-2026.pdf,active,GEM,12/11/2025,https://www.vesselfinder.com/vessels/details/9972361,H-Line Shipping,https://www.igu.org/igu-reports/2025-world-lng-report,,,Samsung Heavy Industries,https://www.igu.org/igu-reports/2025-world-lng-report,South Korea,https://www.samsungshi.com/En/Default.aspx,34.89804,128.6045,"VJW3+QV Geoje-si, Gyeongsangnam-do",exact,https://www.google.com/maps/place/Samsung+Heavy+industries/data=!3m1!1e3!4m10!1m2!2m1!1ssamsung+heavy+industries!3m6!1s0x356ecd83691a8fb5:0xd4204e9a1bb0ef10!8m2!3d34.8969682!4d128.6046376!15sChhzYW1zdW5nIGhlYXZ5IGluZHVzdHJpZXOSAQhzaGlweWFyZOABAA!16s%2Fg%2F1tgcpry6?entry=ttu&g_ep=EgoyMDI1MTIwMi4wIKXMDSoASAFQAw%3D%3D,174000,cbm,https://www.igu.org/igu-reports/2025-world-lng-report,membrane,https://www.datocms-assets.com/146580/1783403747-igu-world-lng-report-2026.pdf,conventional,https://www.datocms-assets.com/146580/1783403747-igu-world-lng-report-2026.pdf,ME-GA,https://www.igu.org/igu-reports/2025-world-lng-report,2025,https://www.igu.org/igu-reports/2025-world-lng-report,,,,IGU,,,,,,,
672,9986283,https://www.igu.org/igu-reports/2025-world-lng-report,HL Fortuna,https://www.igu.org/igu-reports/2025-world-lng-report,,,,,,active,GEM,12/11/2025,https://www.vesselfinder.com/vessels/details/9986283,H-Line Shipping,https://www.igu.org/igu-reports/2025-world-lng-report,,,HD Hyundai Samho,https://www.igu.org/igu-reports/2025-world-lng-report,South Korea,https://www.hshi.co.kr/eng/,34.75031,126.3875,"Q92P+7M Yeongam-gun, Jeollanam-do",exact,https://www.google.com/maps/place/Hyundai+Samho+Heavy+Industries+Entrance/data=!3m1!1e3!4m10!1m2!2m1!1sHyundai+Samho+Heavy+Industries!3m6!1s0x3573a4568dfe21d7:0x865a025eb9b373b5!8m2!3d34.75066!4d126.386691!15sCh5IeXVuZGFpIFNhbWhvIEhlYXZ5IEluZHVzdHJpZXOSAQhidXNfc3RvcOABAA!16s%2Fg%2F11b77sqk26?entry=ttu&g_ep=EgoyMDI1MTIwMi4wIKXMDSoASAFQAw%3D%3D,174000,cbm,https://www.igu.org/igu-reports/2025-world-lng-report,membrane,https://www.datocms-assets.com/146580/1783403747-igu-world-lng-report-2026.pdf,conventional,https://www.datocms-assets.com/146580/1783403747-igu-world-lng-report-2026.pdf,X-DF,https://www.igu.org/igu-reports/2025-world-lng-report,2025,https://www.igu.org/igu-reports/2025-world-lng-report,,,,IGU,,,,,,,
674,9972385,https://www.igu.org/igu-reports/2025-world-lng-report,HL Puffin,https://www.igu.org/igu-reports/2025-world-lng-report,,,,Hull 2610 (SHI),"https://www.shipvault.com/ships/454342, https://shipvaultapi-gjb8c.ondigitalocean.app/api/units/454342",active,GEM,12/31/2024,"https://www.shipvault.com/ships/454342, https://shipvaultapi-gjb8c.ondigitalocean.app/api/units/454342",H-Line Shipping,https://www.igu.org/igu-reports/2025-world-lng-report,,,Samsung Heavy Industries,https://www.igu.org/igu-reports/2025-world-lng-report,South Korea,https://www.samsungshi.com/En/Default.aspx,34.89804,128.6045,"VJW3+QV Geoje-si, Gyeongsangnam-do",exact,https://www.google.com/maps/place/Samsung+Heavy+industries/data=!3m1!1e3!4m10!1m2!2m1!1ssamsung+heavy+industries!3m6!1s0x356ecd83691a8fb5:0xd4204e9a1bb0ef10!8m2!3d34.8969682!4d128.6046376!15sChhzYW1zdW5nIGhlYXZ5IGluZHVzdHJpZXOSAQhzaGlweWFyZOABAA!16s%2Fg%2F1tgcpry6?entry=ttu&g_ep=EgoyMDI1MTIwMi4wIKXMDSoASAFQAw%3D%3D,174000,cbm,https://www.igu.org/igu-reports/2025-world-lng-report,membrane,https://www.datocms-assets.com/146580/1783403747-igu-world-lng-report-2026.pdf,conventional,https://www.datocms-assets.com/146580/1783403747-igu-world-lng-report-2026.pdf,X-DF,https://www.datocms-assets.com/146580/1783403747-igu-world-lng-report-2026.pdf,2025,"https://www.shipvault.com/ships/454342, https://shipvaultapi-gjb8c.ondigitalocean.app/api/units/454342",,,,IGU,,,,,,,
676,9972373,https://www.igu.org/igu-reports/2025-world-lng-report,HL Sea Eagle,https://www.igu.org/igu-reports/2025-world-lng-report,,,,Hull 2609 (SHI),https://www.datocms-assets.com/146580/1783403747-igu-world-lng-report-2026.pdf,active,GEM,12/11/2025,https://www.vesselfinder.com/vessels/details/9972373,H-Line Shipping,https://www.igu.org/igu-reports/2025-world-lng-report,,,Samsung Heavy Industries,https://www.igu.org/igu-reports/2025-world-lng-report,South Korea,https://www.samsungshi.com/En/Default.aspx,34.89804,128.6045,"VJW3+QV Geoje-si, Gyeongsangnam-do",exact,https://www.google.com/maps/place/Samsung+Heavy+industries/data=!3m1!1e3!4m10!1m2!2m1!1ssamsung+heavy+industries!3m6!1s0x356ecd83691a8fb5:0xd4204e9a1bb0ef10!8m2!3d34.8969682!4d128.6046376!15sChhzYW1zdW5nIGhlYXZ5IGluZHVzdHJpZXOSAQhzaGlweWFyZOABAA!16s%2Fg%2F1tgcpry6?entry=ttu&g_ep=EgoyMDI1MTIwMi4wIKXMDSoASAFQAw%3D%3D,174000,cbm,https://www.igu.org/igu-reports/2025-world-lng-report,membrane,https://www.datocms-assets.com/146580/1783403747-igu-world-lng-report-2026.pdf,conventional,https://www.datocms-assets.com/146580/1783403747-igu-world-lng-report-2026.pdf,ME-GA,https://www.igu.org/igu-reports/2025-world-lng-report,2025,https://www.igu.org/igu-reports/2025-world-lng-report,,,,IGU,,,,,,,
679,9780354,https://www.igu.org/igu-reports/2025-world-lng-report,Hoegh Esperanza,https://www.datocms-assets.com/146580/1783403747-igu-world-lng-report-2026.pdf,,,,,,active,GEM,12/31/2024,https://www.igu.org/igu-reports/2025-world-lng-report,Esperanza Hoegh,https://www.igu.org/igu-reports/2025-world-lng-report,,,HD Hyundai Heavy Industries,https://www.igu.org/igu-reports/2025-world-lng-report,South Korea,https://www.hd.com/en/main,35.51613,129.4383,GC8Q+M6 Ulsan,exact,https://www.google.com/maps/place/HD+Hyundai+Heavy+Industries+Ulsan+Shipyard/data=!3m1!1e3!4m10!1m2!2m1!1sHD+Hyundai!3m6!1s0x3567ce56ebbfb645:0xd94a696f9fca5d90!8m2!3d35.5167468!4d129.4380269!15sCgpIRCBIeXVuZGFpkgEIc2hpcHlhcmTgAQA!16s%2Fg%2F1tfhd8y1?entry=ttu&g_ep=EgoyMDI1MTIwMi4wIKXMDSoASAFQAw%3D%3D,170000,cbm,https://www.igu.org/igu-reports/2025-world-lng-report,membrane,https://www.igu.org/igu-reports/2025-world-lng-report,FSRU,https://www.igu.org/igu-reports/2025-world-lng-report,DFDE,https://www.igu.org/igu-reports/2025-world-lng-report,2018,https://www.igu.org/igu-reports/2025-world-lng-report,,,,IGU,,,,,,,
686,9250725,https://www.igu.org/igu-reports/2025-world-lng-report,Hongkong Energy,https://www.datocms-assets.com/146580/1783403747-igu-world-lng-report-2026.pdf,,Ergy,"https://www.vesseltracker.com/en/Ships/Ergy-9250725.html, https://www.shipvault.com/ships/116466, https://shipvaultapi-gjb8c.ondigitalocean.app/api/units/116466",,,scrapped,GEM,12/31/2024,"https://www.shipvault.com/ships/116466, https://shipvaultapi-gjb8c.ondigitalocean.app/api/units/116466, https://www.vesseltracker.com/en/Ships/Ergy-9250725.html",Energy Sinokor Merchant Marine,https://www.igu.org/igu-reports/2025-world-lng-report,,,Hanwha Ocean,https://www.igu.org/igu-reports/2025-world-lng-report,South Korea,https://www.hanwha.com/companies/hanwha-ocean.do,34.87385,128.6966,"VMCW+V7 Geoje-si, Gyeongsangnam-do",exact,https://www.google.com/maps/place/Hanwha+Ocean/data=!3m1!1e3!4m10!1m2!2m1!1sHanwha+Ocean!3m6!1s0x356ecd1d7a72f7db:0x3bfe90e7d8bf93f0!8m2!3d34.8721913!4d128.6956963!15sCgxIYW53aGEgT2NlYW5aDiIMaGFud2hhIG9jZWFukgEfc2hpcGJ1aWxkaW5nX2FuZF9yZXBhaXJfY29tcGFueZoBI0NoWkRTVWhOTUc5blMwVkpRMEZuVFVSUmRYVkVTMWhuRUFF4AEA-gEECAAQLA!16s%2Fg%2F11swmd6_76?entry=ttu&g_ep=EgoyMDI1MTIwMi4wIKXMDSoASAFQAw%3D%3D,140500,cbm,https://www.igu.org/igu-reports/2025-world-lng-report,membrane,https://www.igu.org/igu-reports/2025-world-lng-report,conventional,https://www.igu.org/igu-reports/2025-world-lng-report,steam,https://www.igu.org/igu-reports/2025-world-lng-report,2004,https://www.igu.org/igu-reports/2025-world-lng-report,,,,IGU,,,,,,,
701,9969388,https://www.igu.org/igu-reports/2025-world-lng-report,Ignacy Jan Paderewski,https://www.igu.org/igu-reports/2025-world-lng-report,,,,,,active,GEM,12/11/2025,https://www.vesselfinder.com/vessels/details/9969388,Knutsen OAS,https://www.igu.org/igu-reports/2025-world-lng-report,Norway,https://www.imarinenews.com/35664.html,HD Hyundai Heavy Industries,https://www.igu.org/igu-reports/2025-world-lng-report,South Korea,https://www.hd.com/en/main,35.51613,129.4383,GC8Q+M6 Ulsan,exact,https://www.google.com/maps/place/HD+Hyundai+Heavy+Industries+Ulsan+Shipyard/data=!3m1!1e3!4m10!1m2!2m1!1sHD+Hyundai!3m6!1s0x3567ce56ebbfb645:0xd94a696f9fca5d90!8m2!3d35.5167468!4d129.4380269!15sCgpIRCBIeXVuZGFpkgEIc2hpcHlhcmTgAQA!16s%2Fg%2F1tfhd8y1?entry=ttu&g_ep=EgoyMDI1MTIwMi4wIKXMDSoASAFQAw%3D%3D,174000,cbm,https://www.igu.org/igu-reports/2025-world-lng-report,membrane,https://www.datocms-assets.com/146580/1783403747-igu-world-lng-report-2026.pdf,conventional,https://www.datocms-assets.com/146580/1783403747-igu-world-lng-report-2026.pdf,X-DF,https://www.igu.org/igu-reports/2025-world-lng-report,2025,https://www.igu.org/igu-reports/2025-world-lng-report,,,,IGU,,,,,,,
703,9918030,https://www.igu.org/igu-reports/2025-world-lng-report,Ilya Mechnikov,https://www.igu.org/igu-reports/2025-world-lng-report,,,,,,on order,GEM,12/11/2025,https://www.datocms-assets.com/146580/1783403747-igu-world-lng-report-2026.pdf,MOL,https://www.igu.org/igu-reports/2025-world-lng-report,,,Hanwha Ocean,https://www.igu.org/igu-reports/2025-world-lng-report,South Korea,https://www.hanwha.com/companies/hanwha-ocean.do,34.87385,128.6966,"VMCW+V7 Geoje-si, Gyeongsangnam-do",exact,https://www.google.com/maps/place/Hanwha+Ocean/data=!3m1!1e3!4m10!1m2!2m1!1sHanwha+Ocean!3m6!1s0x356ecd1d7a72f7db:0x3bfe90e7d8bf93f0!8m2!3d34.8721913!4d128.6956963!15sCgxIYW53aGEgT2NlYW5aDiIMaGFud2hhIG9jZWFukgEfc2hpcGJ1aWxkaW5nX2FuZF9yZXBhaXJfY29tcGFueZoBI0NoWkRTVWhOTUc5blMwVkpRMEZuVFVSUmRYVkVTMWhuRUFF4AEA-gEECAAQLA!16s%2Fg%2F11swmd6_76?entry=ttu&g_ep=EgoyMDI1MTIwMi4wIKXMDSoASAFQAw%3D%3D,172600,cbm,https://www.igu.org/igu-reports/2025-world-lng-report,,,icebreaker,https://www.datocms-assets.com/146580/1783403747-igu-world-lng-report-2026.pdf,DFDE,https://www.igu.org/igu-reports/2025-world-lng-report,2027,https://www.datocms-assets.com/146580/1783403747-igu-world-lng-report-2026.pdf,yes,2025,https://www.datocms-assets.com/146580/1763396210-1747916410-igu-world-lng-report-2025.pdf,IGU,,,,,,,
708,9972957,https://www.igu.org/igu-reports/2025-world-lng-report,Al Sadaf,https://www.marinetraffic.com/en/ais/details/ships/shipid:9646195/mmsi:636023752/imo:9972957/vessel:AL%20SADAF,,,,Hull H2703,https://www.igu.org/igu-reports/2025-world-lng-report,active,GEM,5/14/2026,"https://www.shipvault.com/ships/455147, https://shipvaultapi-gjb8c.ondigitalocean.app/api/units/455147",ADNOC L&S,https://www.igu.org/igu-reports/2025-world-lng-report,United Arab Emirates,"https://magicport.ai/owners-managers/united-arab-emirates/adnoc-logistics-services, https://stockanalysis.com/quote/adx/ADNOCLS/company/, https://shipandbunker.com/news/world/249785-adnoc-ls-takes-delivery-of-lng-carrier-from-china",Jiangnan Shipyard,https://www.igu.org/igu-reports/2025-world-lng-report,China,https://www.jnshipyard.com.cn/,31.355766,121.502217,"9G32+XJ Baoshan, Shanghai, China",exact,"https://www.google.com/maps/place/Jiangnan+Shipyard+%EF%BC%88Group%EF%BC%89+Co.,+Ltd./@31.354923,121.4990201,752m/data=!3m2!1e3!4b1!4m6!3m5!1s0x35b27324c39e47ab:0x7a74ae921f6eb2ab!8m2!3d31.354923!4d121.501595!16s%2Fg%2F11cnpghcr_?entry=ttu&g_ep=EgoyMDI1MTIwMi4wIKXMDSoASAFQAw%3D%3D",174000,cbm,https://www.igu.org/igu-reports/2025-world-lng-report,membrane,https://www.datocms-assets.com/146580/1783403747-igu-world-lng-report-2026.pdf,conventional,https://www.datocms-assets.com/146580/1783403747-igu-world-lng-report-2026.pdf,X-DF,https://www.igu.org/igu-reports/2025-world-lng-report,2025,"https://www.shipvault.com/ships/455147, https://shipvaultapi-gjb8c.ondigitalocean.app/api/units/455147",,,,IGU,,,,,,,
709,9972969,https://www.igu.org/igu-reports/2025-world-lng-report,Arada,https://www.vesselfinder.com/vessels/details/9972969,,,,Hull H2704,https://www.igu.org/igu-reports/2025-world-lng-report,active,GEM,5/14/2026,"https://www.shipvault.com/ships/462911, https://shipvaultapi-gjb8c.ondigitalocean.app/api/units/462911",ADNOC L&S,https://www.igu.org/igu-reports/2025-world-lng-report,United Arab Emirates,"https://magicport.ai/owners-managers/united-arab-emirates/adnoc-logistics-services, https://stockanalysis.com/quote/adx/ADNOCLS/company/, https://shipandbunker.com/news/world/249785-adnoc-ls-takes-delivery-of-lng-carrier-from-china",Jiangnan Shipyard,https://www.igu.org/igu-reports/2025-world-lng-report,China,https://www.jnshipyard.com.cn/,31.355766,121.502217,"9G32+XJ Baoshan, Shanghai, China",exact,"https://www.google.com/maps/place/Jiangnan+Shipyard+%EF%BC%88Group%EF%BC%89+Co.,+Ltd./@31.354923,121.4990201,752m/data=!3m2!1e3!4b1!4m6!3m5!1s0x35b27324c39e47ab:0x7a74ae921f6eb2ab!8m2!3d31.354923!4d121.501595!16s%2Fg%2F11cnpghcr_?entry=ttu&g_ep=EgoyMDI1MTIwMi4wIKXMDSoASAFQAw%3D%3D",174000,cbm,https://www.igu.org/igu-reports/2025-world-lng-report,,,conventional,https://www.datocms-assets.com/146580/1783403747-igu-world-lng-report-2026.pdf,X-DF,https://www.igu.org/igu-reports/2025-world-lng-report,2026,https://www.igu.org/igu-reports/2025-world-lng-report,,,,IGU,,,,,,,
710,9972971,https://www.igu.org/igu-reports/2025-world-lng-report,Al Taweelah,https://maritimeoptima.com/public/vessels/pages/imo:9972971/mmsi:636023754/AL_TAWEELAH.html,,,,Hull H2705,https://www.igu.org/igu-reports/2025-world-lng-report,active,GEM,5/14/2026,"https://www.shipvault.com/ships/462912, https://shipvaultapi-gjb8c.ondigitalocean.app/api/units/462912",ADNOC L&S,https://www.igu.org/igu-reports/2025-world-lng-report,United Arab Emirates,"https://magicport.ai/owners-managers/united-arab-emirates/adnoc-logistics-services, https://stockanalysis.com/quote/adx/ADNOCLS/company/, https://shipandbunker.com/news/world/249785-adnoc-ls-takes-delivery-of-lng-carrier-from-china",Jiangnan Shipyard,https://www.igu.org/igu-reports/2025-world-lng-report,China,https://www.jnshipyard.com.cn/,31.355766,121.502217,"9G32+XJ Baoshan, Shanghai, China",exact,"https://www.google.com/maps/place/Jiangnan+Shipyard+%EF%BC%88Group%EF%BC%89+Co.,+Ltd./@31.354923,121.4990201,752m/data=!3m2!1e3!4b1!4m6!3m5!1s0x35b27324c39e47ab:0x7a74ae921f6eb2ab!8m2!3d31.354923!4d121.501595!16s%2Fg%2F11cnpghcr_?entry=ttu&g_ep=EgoyMDI1MTIwMi4wIKXMDSoASAFQAw%3D%3D",174000,cbm,https://www.igu.org/igu-reports/2025-world-lng-report,,,conventional,https://www.datocms-assets.com/146580/1783403747-igu-world-lng-report-2026.pdf,X-DF,https://www.igu.org/igu-reports/2025-world-lng-report,2026,https://www.igu.org/igu-reports/2025-world-lng-report,,,,IGU,,,,,,,
711,1013913,https://www.igu.org/igu-reports/2025-world-lng-report,Prime Purity,https://www.vesselfinder.com/vessels/details/1013913,,,,Hull H2716,https://www.igu.org/igu-reports/2025-world-lng-report,on order,GEM,5/14/2026,https://www.igu.org/igu-reports/2025-world-lng-report,China Taiping Insurance Holdings Co,https://www.igu.org/igu-reports/2025-world-lng-report,,,Jiangnan Shipyard,https://www.igu.org/igu-reports/2025-world-lng-report,China,https://www.jnshipyard.com.cn/,31.355766,121.502217,"9G32+XJ Baoshan, Shanghai, China",exact,"https://www.google.com/maps/place/Jiangnan+Shipyard+%EF%BC%88Group%EF%BC%89+Co.,+Ltd./@31.354923,121.4990201,752m/data=!3m2!1e3!4b1!4m6!3m5!1s0x35b27324c39e47ab:0x7a74ae921f6eb2ab!8m2!3d31.354923!4d121.501595!16s%2Fg%2F11cnpghcr_?entry=ttu&g_ep=EgoyMDI1MTIwMi4wIKXMDSoASAFQAw%3D%3D",175000,cbm,https://www.igu.org/igu-reports/2025-world-lng-report,,,conventional,https://www.datocms-assets.com/146580/1783403747-igu-world-lng-report-2026.pdf,X-DF,https://www.igu.org/igu-reports/2025-world-lng-report,2027,https://www.igu.org/igu-reports/2025-world-lng-report,,,,IGU,,,,,,,
712,1013925,https://www.igu.org/igu-reports/2025-world-lng-report,Prime Beauty,https://www.vesselfinder.com/vessels/details/1013925,,,,Hull H2717,https://www.igu.org/igu-reports/2025-world-lng-report,on order,GEM,5/14/2026,https://www.igu.org/igu-reports/2025-world-lng-report,China Taiping Insurance Holdings Co,https://www.igu.org/igu-reports/2025-world-lng-report,,,Jiangnan Shipyard,https://www.igu.org/igu-reports/2025-world-lng-report,China,https://www.jnshipyard.com.cn/,31.355766,121.502217,"9G32+XJ Baoshan, Shanghai, China",exact,"https://www.google.com/maps/place/Jiangnan+Shipyard+%EF%BC%88Group%EF%BC%89+Co.,+Ltd./@31.354923,121.4990201,752m/data=!3m2!1e3!4b1!4m6!3m5!1s0x35b27324c39e47ab:0x7a74ae921f6eb2ab!8m2!3d31.354923!4d121.501595!16s%2Fg%2F11cnpghcr_?entry=ttu&g_ep=EgoyMDI1MTIwMi4wIKXMDSoASAFQAw%3D%3D",175000,cbm,https://www.igu.org/igu-reports/2025-world-lng-report,,,conventional,https://www.datocms-assets.com/146580/1783403747-igu-world-lng-report-2026.pdf,X-DF,https://www.igu.org/igu-reports/2025-world-lng-report,2027,https://www.igu.org/igu-reports/2025-world-lng-report,,,,IGU,,,,,,,
714,9969376,https://www.igu.org/igu-reports/2025-world-lng-report,Josef Pilsudski,https://www.igu.org/igu-reports/2025-world-lng-report,,,,Hull 8179 (HDHHI),"https://www.shipvault.com/ships/455819, https://shipvaultapi-gjb8c.ondigitalocean.app/api/units/455819",active,GEM,12/31/2024,"https://www.shipvault.com/ships/455819, https://shipvaultapi-gjb8c.ondigitalocean.app/api/units/455819",Knutsen OAS,https://www.igu.org/igu-reports/2025-world-lng-report,Norway,https://www.imarinenews.com/35664.html,HD Hyundai Heavy Industries,https://www.igu.org/igu-reports/2025-world-lng-report,South Korea,https://www.hd.com/en/main,35.51613,129.4383,GC8Q+M6 Ulsan,exact,https://www.google.com/maps/place/HD+Hyundai+Heavy+Industries+Ulsan+Shipyard/data=!3m1!1e3!4m10!1m2!2m1!1sHD+Hyundai!3m6!1s0x3567ce56ebbfb645:0xd94a696f9fca5d90!8m2!3d35.5167468!4d129.4380269!15sCgpIRCBIeXVuZGFpkgEIc2hpcHlhcmTgAQA!16s%2Fg%2F1tfhd8y1?entry=ttu&g_ep=EgoyMDI1MTIwMi4wIKXMDSoASAFQAw%3D%3D,174000,cbm,https://www.igu.org/igu-reports/2025-world-lng-report,membrane,https://www.datocms-assets.com/146580/1783403747-igu-world-lng-report-2026.pdf,conventional,https://www.datocms-assets.com/146580/1783403747-igu-world-lng-report-2026.pdf,X-DF,https://www.igu.org/igu-reports/2025-world-lng-report,2025,"https://www.shipvault.com/ships/455819, https://shipvaultapi-gjb8c.ondigitalocean.app/api/units/455819",,,,IGU,,,,,,,
721,8608872,"https://www.shipvault.com/ships/94117, https://shipvaultapi-gjb8c.ondigitalocean.app/api/units/94117",LNGT Antarctica,"https://www.offshoreshipadvisor.com/lngt-antarctica-8608872-636023902/, https://www.vesseltracker.com/en/Ships/Lngt-Antarctica-8608872.html",,Karmol LNGT Powership Antarctica; Karadeniz LNGT Antarctica; Northwest Sanderling,"https://www.lngindustry.com/regasification/28052025/karpowership-celebrates-fsru-undocking-with-karmol-and-seatrium/, https://www.datocms-assets.com/146580/1783403747-igu-world-lng-report-2026.pdf",,,active,SFOC,12/8/2025,"https://www.shipvault.com/ships/94117, https://shipvaultapi-gjb8c.ondigitalocean.app/api/units/94117","Karpowership, MOL",https://www.shipvault.com/ships/94117,Türkiye,https://sg.linkedin.com/company/karmol,Seatrium Admiralty,https://www.linkedin.com/posts/mitsuiosklines_mol-shipping-karmol-activity-7339139472439091200-BUI2,Singapore,https://www.seatrium.com/contact.php,1.460397,103.822336,FR5F+X4 Singapore,exact,"https://www.google.com/maps/place/Seatrium+Admiralty+Yard/@1.4599064,103.8202387,880m/data=!3m3!1e3!4b1!5s0x31da14a126761839:0xb47327862c8bd1f8!4m6!3m5!1s0x31da135f137bd455:0x596644212af2476c!8m2!3d1.4599064!4d103.8228136!16s%2Fg%2F1tdcjgp8?entry=ttu&g_ep=EgoyMDI1MTIwMi4wIKXMDSoASAFQAw%3D%3D",125000,cbm,https://www.datocms-assets.com/146580/1783403747-igu-world-lng-report-2026.pdf,spherical,https://www.datocms-assets.com/146580/1783403747-igu-world-lng-report-2026.pdf,FSRU,"https://investors.seatrium.com/newsroom/Seatrium_Secures_FSRU_Conversion_Contract_from_Kinetics,_a_Karpowership_Initiative_3_July_2025.pdf",steam,https://www.datocms-assets.com/146580/1783403747-igu-world-lng-report-2026.pdf,1989,"https://www.shipvault.com/ships/94117, https://shipvaultapi-gjb8c.ondigitalocean.app/api/units/94117",,,,Clarkson,,,01-Jan-1986,clarkson,,,
749,9976927,https://www.igu.org/igu-reports/2025-world-lng-report,Lebrethah,https://www.igu.org/igu-reports/2025-world-lng-report,,,,Hull 2548 (Hanwha),https://www.datocms-assets.com/146580/1783403747-igu-world-lng-report-2026.pdf,active,GEM,12/11/2025,https://www.marinetraffic.com/en/ais/details/ships/shipid:9330146/mmsi:636024681/imo:9976927/vessel:LEBRETHAH,K3 Consortium,https://www.igu.org/igu-reports/2025-world-lng-report,,,Hanwha Ocean,https://www.igu.org/igu-reports/2025-world-lng-report,South Korea,https://www.hanwha.com/companies/hanwha-ocean.do,34.87385,128.6966,"VMCW+V7 Geoje-si, Gyeongsangnam-do",exact,https://www.google.com/maps/place/Hanwha+Ocean/data=!3m1!1e3!4m10!1m2!2m1!1sHanwha+Ocean!3m6!1s0x356ecd1d7a72f7db:0x3bfe90e7d8bf93f0!8m2!3d34.8721913!4d128.6956963!15sCgxIYW53aGEgT2NlYW5aDiIMaGFud2hhIG9jZWFukgEfc2hpcGJ1aWxkaW5nX2FuZF9yZXBhaXJfY29tcGFueZoBI0NoWkRTVWhOTUc5blMwVkpRMEZuVFVSUmRYVkVTMWhuRUFF4AEA-gEECAAQLA!16s%2Fg%2F11swmd6_76?entry=ttu&g_ep=EgoyMDI1MTIwMi4wIKXMDSoASAFQAw%3D%3D,174000,cbm,https://www.igu.org/igu-reports/2025-world-lng-report,membrane,https://www.datocms-assets.com/146580/1783403747-igu-world-lng-report-2026.pdf,conventional,https://www.datocms-assets.com/146580/1783403747-igu-world-lng-report-2026.pdf,ME-GA,https://www.igu.org/igu-reports/2025-world-lng-report,2025,https://www.igu.org/igu-reports/2025-world-lng-report,,,,IGU,,,,,,,
752,9918016,https://www.igu.org/igu-reports/2025-world-lng-report,Lev Landau,https://www.igu.org/igu-reports/2025-world-lng-report,,,,,,on order,GEM,12/11/2025,https://www.datocms-assets.com/146580/1783403747-igu-world-lng-report-2026.pdf,Hanwha Ocean,https://www.igu.org/igu-reports/2025-world-lng-report,,,Hanwha Ocean,https://www.igu.org/igu-reports/2025-world-lng-report,South Korea,https://www.hanwha.com/companies/hanwha-ocean.do,34.87385,128.6966,"VMCW+V7 Geoje-si, Gyeongsangnam-do",exact,https://www.google.com/maps/place/Hanwha+Ocean/data=!3m1!1e3!4m10!1m2!2m1!1sHanwha+Ocean!3m6!1s0x356ecd1d7a72f7db:0x3bfe90e7d8bf93f0!8m2!3d34.8721913!4d128.6956963!15sCgxIYW53aGEgT2NlYW5aDiIMaGFud2hhIG9jZWFukgEfc2hpcGJ1aWxkaW5nX2FuZF9yZXBhaXJfY29tcGFueZoBI0NoWkRTVWhOTUc5blMwVkpRMEZuVFVSUmRYVkVTMWhuRUFF4AEA-gEECAAQLA!16s%2Fg%2F11swmd6_76?entry=ttu&g_ep=EgoyMDI1MTIwMi4wIKXMDSoASAFQAw%3D%3D,172600,cbm,https://www.igu.org/igu-reports/2025-world-lng-report,,,icebreaker,https://www.datocms-assets.com/146580/1783403747-igu-world-lng-report-2026.pdf,DFDE,https://www.igu.org/igu-reports/2025-world-lng-report,2027,https://www.datocms-assets.com/146580/1783403747-igu-world-lng-report-2026.pdf,yes,2025,https://www.datocms-assets.com/146580/1763396210-1747916410-igu-world-lng-report-2025.pdf,IGU,,,,,,,
781,9769855,https://www.igu.org/igu-reports/2025-world-lng-report,LNG Jia Xing,https://www.igu.org/igu-reports/2025-world-lng-report,,,,,,active,GEM,12/31/2024,https://www.igu.org/igu-reports/2025-world-lng-report,Landmark Capital,https://www.igu.org/igu-reports/2025-world-lng-report,,,Xiamen Shipbuilding Industry,https://www.igu.org/igu-reports/2025-world-lng-report,China,https://www.new-ships.com/app/shipyards/Yard-45666-Xiamen_Shipbuilding_Industry_Co_Ltd.html,24.50454,118.063174,"G339+42 Haicang District, Xiamen, Fujian, China",exact,https://maps.app.goo.gl/Nx47tqNFakJM1Qfm9,45000,cbm,https://www.igu.org/igu-reports/2025-world-lng-report,self-supporting prismatic,https://www.igu.org/igu-reports/2025-world-lng-report,small-scale,https://www.datocms-assets.com/146580/1783403747-igu-world-lng-report-2026.pdf,DFDE,https://www.datocms-assets.com/146580/1783403747-igu-world-lng-report-2026.pdf,2019,https://www.igu.org/igu-reports/2025-world-lng-report,,,,IGU,,,,,,,
797,1040447,https://www.igu.org/igu-reports/2025-world-lng-report,LNG Ping Hu,https://www.igu.org/igu-reports/2025-world-lng-report,,,,,,active,GEM,12/17/2025,https://www.marinetraffic.org/ship-owner-manager-ism-data/LNG-PING-HU/1040447/1,Huaxiang Shipping,https://www.igu.org/igu-reports/2025-world-lng-report,,,Jiangsu YiXiang Shipbuilding,https://www.igu.org/igu-reports/2025-world-lng-report,China,https://system.new-vessels.com/Yard-20635702-Jiangsu_Yixiang_Shipbuilding_Co_Ltd.html,32.245152,119.309294,,approximate,https://maps.app.goo.gl/ebegcuapuQKskfBi7,78900,cbm,https://www.igu.org/igu-reports/2025-world-lng-report,,,conventional,https://www.datocms-assets.com/146580/1783403747-igu-world-lng-report-2026.pdf,X-DF,https://www.igu.org/igu-reports/2025-world-lng-report,2026,https://www.datocms-assets.com/146580/1783403747-igu-world-lng-report-2026.pdf,yes,2025,https://www.datocms-assets.com/146580/1763396210-1747916410-igu-world-lng-report-2025.pdf,IGU,,,,,,,
801,9266982,https://www.igu.org/igu-reports/2025-world-lng-report,Gas Garuda,https://www.datocms-assets.com/146580/1783403747-igu-world-lng-report-2026.pdf,,LNG River Orashi,https://www.datocms-assets.com/146580/1783403747-igu-world-lng-report-2026.pdf,,,active,GEM,12/31/2024,https://www.igu.org/igu-reports/2025-world-lng-report,BW,https://www.igu.org/igu-reports/2025-world-lng-report,,,Hanwha Ocean,https://www.igu.org/igu-reports/2025-world-lng-report,South Korea,https://www.hanwha.com/companies/hanwha-ocean.do,34.87385,128.6966,"VMCW+V7 Geoje-si, Gyeongsangnam-do",exact,https://www.google.com/maps/place/Hanwha+Ocean/data=!3m1!1e3!4m10!1m2!2m1!1sHanwha+Ocean!3m6!1s0x356ecd1d7a72f7db:0x3bfe90e7d8bf93f0!8m2!3d34.8721913!4d128.6956963!15sCgxIYW53aGEgT2NlYW5aDiIMaGFud2hhIG9jZWFukgEfc2hpcGJ1aWxkaW5nX2FuZF9yZXBhaXJfY29tcGFueZoBI0NoWkRTVWhOTUc5blMwVkpRMEZuVFVSUmRYVkVTMWhuRUFF4AEA-gEECAAQLA!16s%2Fg%2F11swmd6_76?entry=ttu&g_ep=EgoyMDI1MTIwMi4wIKXMDSoASAFQAw%3D%3D,145900,cbm,https://www.igu.org/igu-reports/2025-world-lng-report,membrane,https://www.igu.org/igu-reports/2025-world-lng-report,conventional,https://www.igu.org/igu-reports/2025-world-lng-report,steam,https://www.igu.org/igu-reports/2025-world-lng-report,2004,https://www.igu.org/igu-reports/2025-world-lng-report,,,,IGU,,,,,,,
811,9045132,https://www.igu.org/igu-reports/2025-world-lng-report,KLNGTP Americas,https://www.vesseltracker.com/en/Ships/Klngtp-Americas-9045132.html,,LNGT Americas; Karadeniz LNGT Americas; Northwest Stormpetrel,https://www.datocms-assets.com/146580/1783403747-igu-world-lng-report-2026.pdf,,,active,GEM,12/31/2024,https://www.igu.org/igu-reports/2025-world-lng-report,Karpowership,https://www.igu.org/igu-reports/2025-world-lng-report,,,Mitsubishi Heavy Industries,https://www.igu.org/igu-reports/2025-world-lng-report,Japan,https://www.mhi.com/,35.412837,139.668503,"CM8G+QG Yokohama, Kanagawa, Japan",exact,"https://www.google.com/maps/place/Mitsubishi+Heavy+Industries+Yokohama+Dockyard+%26+Machinery+Works/@35.5677012,139.4295502,45835m/data=!3m1!1e3!4m10!1m2!2m1!1sMitsubishi+Heavy+Industries!3m6!1s0x601842bd2acc85ff:0x1c719ae9bbc013df!8m2!3d35.4169184!4d139.6762959!15sChtNaXRzdWJpc2hpIEhlYXZ5IEluZHVzdHJpZXMiA4gBAZIBCHNoaXB5YXJk4AEA!16s%2Fg%2F11btvwmdj6?entry=ttu&g_ep=EgoyMDI1MTIwMi4wIKXMDSoASAFQAw%3D%3D",126800,cbm,https://www.igu.org/igu-reports/2025-world-lng-report,spherical,https://www.igu.org/igu-reports/2025-world-lng-report,conventional,https://www.igu.org/igu-reports/2025-world-lng-report,steam,https://www.igu.org/igu-reports/2025-world-lng-report,1994,https://www.igu.org/igu-reports/2025-world-lng-report,,,,IGU,,,,,,,
849,9975507,https://www.igu.org/igu-reports/2025-world-lng-report,Mareekh,https://www.igu.org/igu-reports/2025-world-lng-report,,,,Hull 3380 (HDHHI),https://www.datocms-assets.com/146580/1783403747-igu-world-lng-report-2026.pdf,active,GEM,12/11/2025,https://www.marinetraffic.com/en/ais/details/ships/shipid:9550751/mmsi:228463600/imo:9975507/vessel:MRAIKH,Knutsen OAS,https://www.igu.org/igu-reports/2025-world-lng-report,Norway,https://www.imarinenews.com/35664.html,HD Hyundai Heavy Industries,https://www.igu.org/igu-reports/2025-world-lng-report,South Korea,https://www.hd.com/en/main,35.51613,129.4383,GC8Q+M6 Ulsan,exact,https://www.google.com/maps/place/HD+Hyundai+Heavy+Industries+Ulsan+Shipyard/data=!3m1!1e3!4m10!1m2!2m1!1sHD+Hyundai!3m6!1s0x3567ce56ebbfb645:0xd94a696f9fca5d90!8m2!3d35.5167468!4d129.4380269!15sCgpIRCBIeXVuZGFpkgEIc2hpcHlhcmTgAQA!16s%2Fg%2F1tfhd8y1?entry=ttu&g_ep=EgoyMDI1MTIwMi4wIKXMDSoASAFQAw%3D%3D,174000,cbm,https://www.igu.org/igu-reports/2025-world-lng-report,membrane,https://www.datocms-assets.com/146580/1783403747-igu-world-lng-report-2026.pdf,conventional,https://www.datocms-assets.com/146580/1783403747-igu-world-lng-report-2026.pdf,X-DF,https://www.igu.org/igu-reports/2025-world-lng-report,2025,https://www.igu.org/igu-reports/2025-world-lng-report,,,,IGU,,,,,,,
864,9975519,https://www.igu.org/igu-reports/2025-world-lng-report,Mesaieed,https://www.igu.org/igu-reports/2025-world-lng-report,,,,Hull 3381 (HDHHI),https://www.datocms-assets.com/146580/1783403747-igu-world-lng-report-2026.pdf,active,GEM,12/11/2025,https://www.vesselfinder.com/vessels/details/9975519,Knutsen OAS,https://www.igu.org/igu-reports/2025-world-lng-report,Norway,https://www.imarinenews.com/35664.html,HD Hyundai Heavy Industries,https://www.igu.org/igu-reports/2025-world-lng-report,South Korea,https://www.hd.com/en/main,35.51613,129.4383,GC8Q+M6 Ulsan,exact,https://www.google.com/maps/place/HD+Hyundai+Heavy+Industries+Ulsan+Shipyard/data=!3m1!1e3!4m10!1m2!2m1!1sHD+Hyundai!3m6!1s0x3567ce56ebbfb645:0xd94a696f9fca5d90!8m2!3d35.5167468!4d129.4380269!15sCgpIRCBIeXVuZGFpkgEIc2hpcHlhcmTgAQA!16s%2Fg%2F1tfhd8y1?entry=ttu&g_ep=EgoyMDI1MTIwMi4wIKXMDSoASAFQAw%3D%3D,174000,cbm,https://www.igu.org/igu-reports/2025-world-lng-report,membrane,https://www.datocms-assets.com/146580/1783403747-igu-world-lng-report-2026.pdf,conventional,https://www.datocms-assets.com/146580/1783403747-igu-world-lng-report-2026.pdf,X-DF,https://www.igu.org/igu-reports/2025-world-lng-report,2025,https://www.igu.org/igu-reports/2025-world-lng-report,,,,IGU,,,,,,,
866,9243148,https://www.igu.org/igu-reports/2025-world-lng-report,Arctic Metagaz,"https://www.vesseltracker.com/en/Ships/Arctic-Metagaz-9243148.html, https://www.marinetraffic.org/ship-owner-manager-ism-data/ARCTIC-METAGAZ/9243148/1, https://www.shipvault.com/ships/115953, https://shipvaultapi-gjb8c.ondigitalocean.app/api/units/115953",,Metagas Everest; Arctic Metagas,https://www.datocms-assets.com/146580/1783403747-igu-world-lng-report-2026.pdf,,,active,GEM,12/31/2024,https://www.igu.org/igu-reports/2025-world-lng-report,Nur Global Shipping,https://www.igu.org/igu-reports/2025-world-lng-report,,,Hanwha Ocean,https://www.igu.org/igu-reports/2025-world-lng-report,South Korea,https://www.hanwha.com/companies/hanwha-ocean.do,34.87385,128.6966,"VMCW+V7 Geoje-si, Gyeongsangnam-do",exact,https://www.google.com/maps/place/Hanwha+Ocean/data=!3m1!1e3!4m10!1m2!2m1!1sHanwha+Ocean!3m6!1s0x356ecd1d7a72f7db:0x3bfe90e7d8bf93f0!8m2!3d34.8721913!4d128.6956963!15sCgxIYW53aGEgT2NlYW5aDiIMaGFud2hhIG9jZWFukgEfc2hpcGJ1aWxkaW5nX2FuZF9yZXBhaXJfY29tcGFueZoBI0NoWkRTVWhOTUc5blMwVkpRMEZuVFVSUmRYVkVTMWhuRUFF4AEA-gEECAAQLA!16s%2Fg%2F11swmd6_76?entry=ttu&g_ep=EgoyMDI1MTIwMi4wIKXMDSoASAFQAw%3D%3D,138000,cbm,https://www.igu.org/igu-reports/2025-world-lng-report,membrane,https://www.igu.org/igu-reports/2025-world-lng-report,conventional,https://www.igu.org/igu-reports/2025-world-lng-report,steam,https://www.igu.org/igu-reports/2025-world-lng-report,2003,https://www.igu.org/igu-reports/2025-world-lng-report,,,,IGU,,,,,,,
869,9321744,https://www.igu.org/igu-reports/2025-world-lng-report,Shandong Redwood,https://www.datocms-assets.com/146580/1783403747-igu-world-lng-report-2026.pdf,,Methane Heather Sally,https://www.datocms-assets.com/146580/1783403747-igu-world-lng-report-2026.pdf,,,active,GEM,12/31/2024,https://www.igu.org/igu-reports/2025-world-lng-report,Huaxia Financial Leasing,https://www.igu.org/igu-reports/2025-world-lng-report,,,Samsung Heavy Industries,https://www.igu.org/igu-reports/2025-world-lng-report,South Korea,https://www.samsungshi.com/En/Default.aspx,34.89804,128.6045,"VJW3+QV Geoje-si, Gyeongsangnam-do",exact,https://www.google.com/maps/place/Samsung+Heavy+industries/data=!3m1!1e3!4m10!1m2!2m1!1ssamsung+heavy+industries!3m6!1s0x356ecd83691a8fb5:0xd4204e9a1bb0ef10!8m2!3d34.8969682!4d128.6046376!15sChhzYW1zdW5nIGhlYXZ5IGluZHVzdHJpZXOSAQhzaGlweWFyZOABAA!16s%2Fg%2F1tgcpry6?entry=ttu&g_ep=EgoyMDI1MTIwMi4wIKXMDSoASAFQAw%3D%3D,145000,cbm,https://www.igu.org/igu-reports/2025-world-lng-report,membrane,https://www.igu.org/igu-reports/2025-world-lng-report,conventional,https://www.igu.org/igu-reports/2025-world-lng-report,steam,https://www.igu.org/igu-reports/2025-world-lng-report,2007,https://www.igu.org/igu-reports/2025-world-lng-report,,,,IGU,,,,,,,
885,9956953,https://www.igu.org/igu-reports/2025-world-lng-report,MOL Azure,https://www.igu.org/igu-reports/2025-world-lng-report,,Hull 2527 (Hanwha),https://www.datocms-assets.com/146580/1783403747-igu-world-lng-report-2026.pdf,,,active,GEM,12/11/2025,https://www.vesselfinder.com/vessels/details/9956953,MOL,https://www.igu.org/igu-reports/2025-world-lng-report,,,Hanwha Ocean,https://www.igu.org/igu-reports/2025-world-lng-report,South Korea,https://www.hanwha.com/companies/hanwha-ocean.do,34.87385,128.6966,"VMCW+V7 Geoje-si, Gyeongsangnam-do",exact,https://www.google.com/maps/place/Hanwha+Ocean/data=!3m1!1e3!4m10!1m2!2m1!1sHanwha+Ocean!3m6!1s0x356ecd1d7a72f7db:0x3bfe90e7d8bf93f0!8m2!3d34.8721913!4d128.6956963!15sCgxIYW53aGEgT2NlYW5aDiIMaGFud2hhIG9jZWFukgEfc2hpcGJ1aWxkaW5nX2FuZF9yZXBhaXJfY29tcGFueZoBI0NoWkRTVWhOTUc5blMwVkpRMEZuVFVSUmRYVkVTMWhuRUFF4AEA-gEECAAQLA!16s%2Fg%2F11swmd6_76?entry=ttu&g_ep=EgoyMDI1MTIwMi4wIKXMDSoASAFQAw%3D%3D,174000,cbm,https://www.igu.org/igu-reports/2025-world-lng-report,membrane,https://www.datocms-assets.com/146580/1783403747-igu-world-lng-report-2026.pdf,conventional,https://www.datocms-assets.com/146580/1783403747-igu-world-lng-report-2026.pdf,ME-GA,https://www.igu.org/igu-reports/2025-world-lng-report,2025,https://www.igu.org/igu-reports/2025-world-lng-report,,,,IGU,,,,,,,
915,9947512,https://www.igu.org/igu-reports/2025-world-lng-report,New Oasis,https://www.igu.org/igu-reports/2025-world-lng-report,,Hull 3225 (HDHHI),https://www.datocms-assets.com/146580/1783403747-igu-world-lng-report-2026.pdf,,,active,GEM,12/11/2025,https://www.vesselfinder.com/vessels/details/9947512,Pan Ocean,https://www.igu.org/igu-reports/2025-world-lng-report,,,HD Hyundai Heavy Industries,https://www.igu.org/igu-reports/2025-world-lng-report,South Korea,https://www.hd.com/en/main,35.51613,129.4383,GC8Q+M6 Ulsan,exact,https://www.google.com/maps/place/HD+Hyundai+Heavy+Industries+Ulsan+Shipyard/data=!3m1!1e3!4m10!1m2!2m1!1sHD+Hyundai!3m6!1s0x3567ce56ebbfb645:0xd94a696f9fca5d90!8m2!3d35.5167468!4d129.4380269!15sCgpIRCBIeXVuZGFpkgEIc2hpcHlhcmTgAQA!16s%2Fg%2F1tfhd8y1?entry=ttu&g_ep=EgoyMDI1MTIwMi4wIKXMDSoASAFQAw%3D%3D,174000,cbm,https://www.igu.org/igu-reports/2025-world-lng-report,membrane,https://www.datocms-assets.com/146580/1783403747-igu-world-lng-report-2026.pdf,conventional,https://www.datocms-assets.com/146580/1783403747-igu-world-lng-report-2026.pdf,X-DF,https://www.igu.org/igu-reports/2025-world-lng-report,2025,https://www.igu.org/igu-reports/2025-world-lng-report,,,,IGU,,,,,,,
916,9918042,https://www.igu.org/igu-reports/2025-world-lng-report,Nikolay Basov,https://www.igu.org/igu-reports/2025-world-lng-report,,,,,,on order,GEM,12/11/2025,https://www.datocms-assets.com/146580/1783403747-igu-world-lng-report-2026.pdf,MOL,https://www.igu.org/igu-reports/2025-world-lng-report,,,Hanwha Ocean,https://www.igu.org/igu-reports/2025-world-lng-report,South Korea,https://www.hanwha.com/companies/hanwha-ocean.do,34.87385,128.6966,"VMCW+V7 Geoje-si, Gyeongsangnam-do",exact,https://www.google.com/maps/place/Hanwha+Ocean/data=!3m1!1e3!4m10!1m2!2m1!1sHanwha+Ocean!3m6!1s0x356ecd1d7a72f7db:0x3bfe90e7d8bf93f0!8m2!3d34.8721913!4d128.6956963!15sCgxIYW53aGEgT2NlYW5aDiIMaGFud2hhIG9jZWFukgEfc2hpcGJ1aWxkaW5nX2FuZF9yZXBhaXJfY29tcGFueZoBI0NoWkRTVWhOTUc5blMwVkpRMEZuVFVSUmRYVkVTMWhuRUFF4AEA-gEECAAQLA!16s%2Fg%2F11swmd6_76?entry=ttu&g_ep=EgoyMDI1MTIwMi4wIKXMDSoASAFQAw%3D%3D,172600,cbm,https://www.igu.org/igu-reports/2025-world-lng-report,,,icebreaker,https://www.datocms-assets.com/146580/1783403747-igu-world-lng-report-2026.pdf,DFDE,https://www.igu.org/igu-reports/2025-world-lng-report,2027,https://www.datocms-assets.com/146580/1783403747-igu-world-lng-report-2026.pdf,yes,2025,https://www.datocms-assets.com/146580/1763396210-1747916410-igu-world-lng-report-2025.pdf,IGU,,,,,,,
917,9918054,https://www.igu.org/igu-reports/2025-world-lng-report,Nikolay Semenov,https://www.igu.org/igu-reports/2025-world-lng-report,,,,,,on order,GEM,12/11/2025,https://www.datocms-assets.com/146580/1783403747-igu-world-lng-report-2026.pdf,MOL,https://www.igu.org/igu-reports/2025-world-lng-report,,,Hanwha Ocean,https://www.igu.org/igu-reports/2025-world-lng-report,South Korea,https://www.hanwha.com/companies/hanwha-ocean.do,34.87385,128.6966,"VMCW+V7 Geoje-si, Gyeongsangnam-do",exact,https://www.google.com/maps/place/Hanwha+Ocean/data=!3m1!1e3!4m10!1m2!2m1!1sHanwha+Ocean!3m6!1s0x356ecd1d7a72f7db:0x3bfe90e7d8bf93f0!8m2!3d34.8721913!4d128.6956963!15sCgxIYW53aGEgT2NlYW5aDiIMaGFud2hhIG9jZWFukgEfc2hpcGJ1aWxkaW5nX2FuZF9yZXBhaXJfY29tcGFueZoBI0NoWkRTVWhOTUc5blMwVkpRMEZuVFVSUmRYVkVTMWhuRUFF4AEA-gEECAAQLA!16s%2Fg%2F11swmd6_76?entry=ttu&g_ep=EgoyMDI1MTIwMi4wIKXMDSoASAFQAw%3D%3D,172600,cbm,https://www.igu.org/igu-reports/2025-world-lng-report,,,icebreaker,https://www.datocms-assets.com/146580/1783403747-igu-world-lng-report-2026.pdf,DFDE,https://www.igu.org/igu-reports/2025-world-lng-report,2027,https://www.datocms-assets.com/146580/1783403747-igu-world-lng-report-2026.pdf,yes,2025,https://www.datocms-assets.com/146580/1763396210-1747916410-igu-world-lng-report-2025.pdf,IGU,,,,,,,
924,9953511,https://www.igu.org/igu-reports/2025-world-lng-report,Voskhod,https://www.datocms-assets.com/146580/1783403747-igu-world-lng-report-2026.pdf,,North Mountain,https://www.datocms-assets.com/146580/1763396210-1747916410-igu-world-lng-report-2025.pdf,,,active,GEM,12/31/2024,https://www.igu.org/igu-reports/2025-world-lng-report,White Fox Ship Management,https://www.igu.org/igu-reports/2025-world-lng-report,,,Samsung Heavy Industries,https://www.igu.org/igu-reports/2025-world-lng-report,South Korea,https://www.samsungshi.com/En/Default.aspx,34.89804,128.6045,"VJW3+QV Geoje-si, Gyeongsangnam-do",exact,https://www.google.com/maps/place/Samsung+Heavy+industries/data=!3m1!1e3!4m10!1m2!2m1!1ssamsung+heavy+industries!3m6!1s0x356ecd83691a8fb5:0xd4204e9a1bb0ef10!8m2!3d34.8969682!4d128.6046376!15sChhzYW1zdW5nIGhlYXZ5IGluZHVzdHJpZXOSAQhzaGlweWFyZOABAA!16s%2Fg%2F1tgcpry6?entry=ttu&g_ep=EgoyMDI1MTIwMi4wIKXMDSoASAFQAw%3D%3D,174000,cbm,https://www.igu.org/igu-reports/2025-world-lng-report,membrane,https://www.igu.org/igu-reports/2025-world-lng-report,conventional,https://www.igu.org/igu-reports/2025-world-lng-report,X-DF,https://www.igu.org/igu-reports/2025-world-lng-report,2024,https://www.igu.org/igu-reports/2025-world-lng-report,,,,IGU,,,,,,,
927,9958327,https://www.igu.org/igu-reports/2025-world-lng-report,North Valley,https://www.igu.org/igu-reports/2025-world-lng-report,,,,Hull 2526 (Hanwha),https://www.datocms-assets.com/146580/1783403747-igu-world-lng-report-2026.pdf,active,GEM,12/11/2025,https://www.vesselfinder.com/vessels/details/9958327,MOL,https://www.igu.org/igu-reports/2025-world-lng-report,,,Hanwha Ocean,https://www.igu.org/igu-reports/2025-world-lng-report,South Korea,https://www.hanwha.com/companies/hanwha-ocean.do,34.87385,128.6966,"VMCW+V7 Geoje-si, Gyeongsangnam-do",exact,https://www.google.com/maps/place/Hanwha+Ocean/data=!3m1!1e3!4m10!1m2!2m1!1sHanwha+Ocean!3m6!1s0x356ecd1d7a72f7db:0x3bfe90e7d8bf93f0!8m2!3d34.8721913!4d128.6956963!15sCgxIYW53aGEgT2NlYW5aDiIMaGFud2hhIG9jZWFukgEfc2hpcGJ1aWxkaW5nX2FuZF9yZXBhaXJfY29tcGFueZoBI0NoWkRTVWhOTUc5blMwVkpRMEZuVFVSUmRYVkVTMWhuRUFF4AEA-gEECAAQLA!16s%2Fg%2F11swmd6_76?entry=ttu&g_ep=EgoyMDI1MTIwMi4wIKXMDSoASAFQAw%3D%3D,174000,cbm,https://www.igu.org/igu-reports/2025-world-lng-report,membrane,https://www.datocms-assets.com/146580/1783403747-igu-world-lng-report-2026.pdf,conventional,https://www.datocms-assets.com/146580/1783403747-igu-world-lng-report-2026.pdf,ME-GA,https://www.igu.org/igu-reports/2025-world-lng-report,2025,https://www.igu.org/igu-reports/2025-world-lng-report,,,,IGU,,,,,,,
933,9947639,https://www.igu.org/igu-reports/2025-world-lng-report,Orion Gaugin,https://www.igu.org/igu-reports/2025-world-lng-report,,,,,,active,GEM,12/11/2025,https://www.vesselfinder.com/vessels/details/9947639,JP Morgan,https://www.igu.org/igu-reports/2025-world-lng-report,,,HD Hyundai Samho,https://www.igu.org/igu-reports/2025-world-lng-report,South Korea,https://www.hshi.co.kr/eng/,34.75031,126.3875,"Q92P+7M Yeongam-gun, Jeollanam-do",exact,https://www.google.com/maps/place/Hyundai+Samho+Heavy+Industries+Entrance/data=!3m1!1e3!4m10!1m2!2m1!1sHyundai+Samho+Heavy+Industries!3m6!1s0x3573a4568dfe21d7:0x865a025eb9b373b5!8m2!3d34.75066!4d126.386691!15sCh5IeXVuZGFpIFNhbWhvIEhlYXZ5IEluZHVzdHJpZXOSAQhidXNfc3RvcOABAA!16s%2Fg%2F11b77sqk26?entry=ttu&g_ep=EgoyMDI1MTIwMi4wIKXMDSoASAFQAw%3D%3D,174000,cbm,https://www.igu.org/igu-reports/2025-world-lng-report,membrane,https://www.datocms-assets.com/146580/1783403747-igu-world-lng-report-2026.pdf,conventional,https://www.datocms-assets.com/146580/1783403747-igu-world-lng-report-2026.pdf,X-DF,https://www.igu.org/igu-reports/2025-world-lng-report,2025,https://www.igu.org/igu-reports/2025-world-lng-report,,,,IGU,,,,,,,
934,9947627,https://www.igu.org/igu-reports/2025-world-lng-report,Orion Hugo,https://www.igu.org/igu-reports/2025-world-lng-report,,,,,,active,GEM,12/11/2025,https://www.vesselfinder.com/vessels/details/9947627,JP Morgan,https://www.igu.org/igu-reports/2025-world-lng-report,,,HD Hyundai Samho,https://www.igu.org/igu-reports/2025-world-lng-report,South Korea,https://www.hshi.co.kr/eng/,34.75031,126.3875,"Q92P+7M Yeongam-gun, Jeollanam-do",exact,https://www.google.com/maps/place/Hyundai+Samho+Heavy+Industries+Entrance/data=!3m1!1e3!4m10!1m2!2m1!1sHyundai+Samho+Heavy+Industries!3m6!1s0x3573a4568dfe21d7:0x865a025eb9b373b5!8m2!3d34.75066!4d126.386691!15sCh5IeXVuZGFpIFNhbWhvIEhlYXZ5IEluZHVzdHJpZXOSAQhidXNfc3RvcOABAA!16s%2Fg%2F11b77sqk26?entry=ttu&g_ep=EgoyMDI1MTIwMi4wIKXMDSoASAFQAw%3D%3D,174000,cbm,https://www.igu.org/igu-reports/2025-world-lng-report,membrane,https://www.datocms-assets.com/146580/1783403747-igu-world-lng-report-2026.pdf,conventional,https://www.datocms-assets.com/146580/1783403747-igu-world-lng-report-2026.pdf,X-DF,https://www.igu.org/igu-reports/2025-world-lng-report,2025,https://www.igu.org/igu-reports/2025-world-lng-report,,,,IGU,,,,,,,
939,9956616,https://www.igu.org/igu-reports/2025-world-lng-report,Orion Sirius,https://www.igu.org/igu-reports/2025-world-lng-report,,,,Hull 2595 (SHI),https://www.datocms-assets.com/146580/1783403747-igu-world-lng-report-2026.pdf,active,GEM,12/11/2025,https://www.marinetraffic.com/en/ais/details/ships/shipid:9219635/mmsi:636023325/imo:9956616/vessel:ORION%20SIRIUS,JP Morgan,https://www.igu.org/igu-reports/2025-world-lng-report,,,Samsung Heavy Industries,https://www.igu.org/igu-reports/2025-world-lng-report,South Korea,https://www.samsungshi.com/En/Default.aspx,34.89804,128.6045,"VJW3+QV Geoje-si, Gyeongsangnam-do",exact,https://www.google.com/maps/place/Samsung+Heavy+industries/data=!3m1!1e3!4m10!1m2!2m1!1ssamsung+heavy+industries!3m6!1s0x356ecd83691a8fb5:0xd4204e9a1bb0ef10!8m2!3d34.8969682!4d128.6046376!15sChhzYW1zdW5nIGhlYXZ5IGluZHVzdHJpZXOSAQhzaGlweWFyZOABAA!16s%2Fg%2F1tgcpry6?entry=ttu&g_ep=EgoyMDI1MTIwMi4wIKXMDSoASAFQAw%3D%3D,174000,cbm,https://www.igu.org/igu-reports/2025-world-lng-report,membrane,https://www.datocms-assets.com/146580/1783403747-igu-world-lng-report-2026.pdf,conventional,https://www.datocms-assets.com/146580/1783403747-igu-world-lng-report-2026.pdf,ME-GA,https://www.igu.org/igu-reports/2025-world-lng-report,2025,https://www.igu.org/igu-reports/2025-world-lng-report,,,,IGU,,,,,,,
958,9256602,https://www.igu.org/igu-reports/2025-world-lng-report,Arctic Pioneer,https://www.datocms-assets.com/146580/1783403747-igu-world-lng-report-2026.pdf,,LNG Pioneer; Pioneer Spirit,"https://www.igu.org/igu-reports/2025-world-lng-report, https://www.datocms-assets.com/146580/1783403747-igu-world-lng-report-2026.pdf",,,active,GEM,12/31/2024,https://www.igu.org/igu-reports/2025-world-lng-report,Nur Global Shipping,https://www.igu.org/igu-reports/2025-world-lng-report,,,Hanwha Ocean,https://www.igu.org/igu-reports/2025-world-lng-report,South Korea,https://www.hanwha.com/companies/hanwha-ocean.do,34.87385,128.6966,"VMCW+V7 Geoje-si, Gyeongsangnam-do",exact,https://www.google.com/maps/place/Hanwha+Ocean/data=!3m1!1e3!4m10!1m2!2m1!1sHanwha+Ocean!3m6!1s0x356ecd1d7a72f7db:0x3bfe90e7d8bf93f0!8m2!3d34.8721913!4d128.6956963!15sCgxIYW53aGEgT2NlYW5aDiIMaGFud2hhIG9jZWFukgEfc2hpcGJ1aWxkaW5nX2FuZF9yZXBhaXJfY29tcGFueZoBI0NoWkRTVWhOTUc5blMwVkpRMEZuVFVSUmRYVkVTMWhuRUFF4AEA-gEECAAQLA!16s%2Fg%2F11swmd6_76?entry=ttu&g_ep=EgoyMDI1MTIwMi4wIKXMDSoASAFQAw%3D%3D,138000,cbm,https://www.igu.org/igu-reports/2025-world-lng-report,membrane,https://www.igu.org/igu-reports/2025-world-lng-report,conventional,https://www.igu.org/igu-reports/2025-world-lng-report,steam,https://www.igu.org/igu-reports/2025-world-lng-report,2005,https://www.igu.org/igu-reports/2025-world-lng-report,,,,IGU,,,,,,,
971,9030802,https://www.igu.org/igu-reports/2025-world-lng-report,American Energy,https://www.datocms-assets.com/146580/1783403747-igu-world-lng-report-2026.pdf,,Puteri Intan,https://www.datocms-assets.com/146580/1783403747-igu-world-lng-report-2026.pdf,,,active,GEM,12/31/2024,https://www.igu.org/igu-reports/2025-world-lng-report,MISC,https://www.igu.org/igu-reports/2025-world-lng-report,Malaysia,"https://www.misc.com.my/contact-us/, https://www.miscgroup.com/awcontent/Web/Documents/IntegratedAnnualReport/Integrated-Annual-Report-2025.pdf, https://en.wikipedia.org/wiki/MISC_Berhad",Chantiers de l'Atlantique,https://www.igu.org/igu-reports/2025-world-lng-report,France,https://chantiers-atlantique.com/en/,47.284334,-2.182615,"7RM8+PW Saint-Nazaire, France",exact,https://maps.app.goo.gl/aXheTTWUa76FHyui7,130000,cbm,https://www.igu.org/igu-reports/2025-world-lng-report,membrane,https://www.igu.org/igu-reports/2025-world-lng-report,conventional,https://www.igu.org/igu-reports/2025-world-lng-report,steam,https://www.igu.org/igu-reports/2025-world-lng-report,1994,https://www.igu.org/igu-reports/2025-world-lng-report,,,,IGU,,,,,,,
972,9947615,https://www.igu.org/igu-reports/2025-world-lng-report,Puteri Mayang,https://www.igu.org/igu-reports/2025-world-lng-report,,Hull 3299 (HSHI),https://www.datocms-assets.com/146580/1783403747-igu-world-lng-report-2026.pdf,,,active,GEM,12/11/2025,https://www.marinetraffic.com/en/ais/details/ships/shipid:9181800/mmsi:538010571/imo:9947615/vessel:PUTERI%20MAYANG,Hyundai LNG Shipping,https://www.igu.org/igu-reports/2025-world-lng-report,South Korea,https://www.emis.com/php/company-profile/KR/Hyundai_Lng_Shipping_CoLtd_en_4269939.html,HD Hyundai Samho,https://www.igu.org/igu-reports/2025-world-lng-report,South Korea,https://www.hshi.co.kr/eng/,34.75031,126.3875,"Q92P+7M Yeongam-gun, Jeollanam-do",exact,https://www.google.com/maps/place/Hyundai+Samho+Heavy+Industries+Entrance/data=!3m1!1e3!4m10!1m2!2m1!1sHyundai+Samho+Heavy+Industries!3m6!1s0x3573a4568dfe21d7:0x865a025eb9b373b5!8m2!3d34.75066!4d126.386691!15sCh5IeXVuZGFpIFNhbWhvIEhlYXZ5IEluZHVzdHJpZXOSAQhidXNfc3RvcOABAA!16s%2Fg%2F11b77sqk26?entry=ttu&g_ep=EgoyMDI1MTIwMi4wIKXMDSoASAFQAw%3D%3D,174000,cbm,https://www.igu.org/igu-reports/2025-world-lng-report,membrane,https://www.datocms-assets.com/146580/1783403747-igu-world-lng-report-2026.pdf,conventional,https://www.datocms-assets.com/146580/1783403747-igu-world-lng-report-2026.pdf,ME-GA,https://www.igu.org/igu-reports/2025-world-lng-report,2025,https://www.igu.org/igu-reports/2025-world-lng-report,,,,IGU,,,,,,,
976,9974151,https://www.igu.org/igu-reports/2025-world-lng-report,Puteri Perak,https://www.igu.org/igu-reports/2025-world-lng-report,,,,Hull 2632 (HSHI),"https://www.shipvault.com/ships/456918, https://shipvaultapi-gjb8c.ondigitalocean.app/api/units/456918",active,GEM,12/31/2024,"https://www.shipvault.com/ships/456918, https://shipvaultapi-gjb8c.ondigitalocean.app/api/units/456918",H-Line Shipping,https://www.igu.org/igu-reports/2025-world-lng-report,,,HD Hyundai Samho,https://www.igu.org/igu-reports/2025-world-lng-report,South Korea,https://www.hshi.co.kr/eng/,34.75031,126.3875,"Q92P+7M Yeongam-gun, Jeollanam-do",exact,https://www.google.com/maps/place/Hyundai+Samho+Heavy+Industries+Entrance/data=!3m1!1e3!4m10!1m2!2m1!1sHyundai+Samho+Heavy+Industries!3m6!1s0x3573a4568dfe21d7:0x865a025eb9b373b5!8m2!3d34.75066!4d126.386691!15sCh5IeXVuZGFpIFNhbWhvIEhlYXZ5IEluZHVzdHJpZXOSAQhidXNfc3RvcOABAA!16s%2Fg%2F11b77sqk26?entry=ttu&g_ep=EgoyMDI1MTIwMi4wIKXMDSoASAFQAw%3D%3D,174000,cbm,https://www.igu.org/igu-reports/2025-world-lng-report,membrane,https://www.datocms-assets.com/146580/1783403747-igu-world-lng-report-2026.pdf,conventional,https://www.datocms-assets.com/146580/1783403747-igu-world-lng-report-2026.pdf,ME-GA,https://www.datocms-assets.com/146580/1783403747-igu-world-lng-report-2026.pdf,2025,"https://www.shipvault.com/ships/456918, https://shipvaultapi-gjb8c.ondigitalocean.app/api/units/456918",,,,IGU,,,,,,,
978,9974163,https://www.igu.org/igu-reports/2025-world-lng-report,Puteri Perlis,"https://www.shipvault.com/ships/456919, https://shipvaultapi-gjb8c.ondigitalocean.app/api/units/456919",,,,Hull 2633 (SHI),"https://www.shipvault.com/ships/456919, https://shipvaultapi-gjb8c.ondigitalocean.app/api/units/456919",active,GEM,12/31/2024,"https://www.shipvault.com/ships/456919, https://shipvaultapi-gjb8c.ondigitalocean.app/api/units/456919",H-Line Shipping,https://www.igu.org/igu-reports/2025-world-lng-report,,,Samsung Heavy Industries,https://www.igu.org/igu-reports/2025-world-lng-report,South Korea,https://www.samsungshi.com/En/Default.aspx,34.89804,128.6045,"VJW3+QV Geoje-si, Gyeongsangnam-do",exact,https://www.google.com/maps/place/Samsung+Heavy+industries/data=!3m1!1e3!4m10!1m2!2m1!1ssamsung+heavy+industries!3m6!1s0x356ecd83691a8fb5:0xd4204e9a1bb0ef10!8m2!3d34.8969682!4d128.6046376!15sChhzYW1zdW5nIGhlYXZ5IGluZHVzdHJpZXOSAQhzaGlweWFyZOABAA!16s%2Fg%2F1tgcpry6?entry=ttu&g_ep=EgoyMDI1MTIwMi4wIKXMDSoASAFQAw%3D%3D,174000,cbm,https://www.igu.org/igu-reports/2025-world-lng-report,,,conventional,https://www.datocms-assets.com/146580/1783403747-igu-world-lng-report-2026.pdf,X-DF,https://www.igu.org/igu-reports/2025-world-lng-report,2026,https://www.igu.org/igu-reports/2025-world-lng-report,,,,IGU,,,,,,,
981,9918004,https://www.igu.org/igu-reports/2025-world-lng-report,Pyotr Kapitsa,https://www.igu.org/igu-reports/2025-world-lng-report,,,,,,on order,GEM,12/11/2025,https://www.datocms-assets.com/146580/1783403747-igu-world-lng-report-2026.pdf,Hanwha Ocean,https://www.igu.org/igu-reports/2025-world-lng-report,,,Hanwha Ocean,https://www.igu.org/igu-reports/2025-world-lng-report,South Korea,https://www.hanwha.com/companies/hanwha-ocean.do,34.87385,128.6966,"VMCW+V7 Geoje-si, Gyeongsangnam-do",exact,https://www.google.com/maps/place/Hanwha+Ocean/data=!3m1!1e3!4m10!1m2!2m1!1sHanwha+Ocean!3m6!1s0x356ecd1d7a72f7db:0x3bfe90e7d8bf93f0!8m2!3d34.8721913!4d128.6956963!15sCgxIYW53aGEgT2NlYW5aDiIMaGFud2hhIG9jZWFukgEfc2hpcGJ1aWxkaW5nX2FuZF9yZXBhaXJfY29tcGFueZoBI0NoWkRTVWhOTUc5blMwVkpRMEZuVFVSUmRYVkVTMWhuRUFF4AEA-gEECAAQLA!16s%2Fg%2F11swmd6_76?entry=ttu&g_ep=EgoyMDI1MTIwMi4wIKXMDSoASAFQAw%3D%3D,172600,cbm,https://www.igu.org/igu-reports/2025-world-lng-report,,,icebreaker,https://www.datocms-assets.com/146580/1783403747-igu-world-lng-report-2026.pdf,DFDE,https://www.igu.org/igu-reports/2025-world-lng-report,2027,https://www.datocms-assets.com/146580/1783403747-igu-world-lng-report-2026.pdf,yes,2025,https://www.datocms-assets.com/146580/1763396210-1747916410-igu-world-lng-report-2025.pdf,IGU,,,,,,,
993,9849887,https://www.igu.org/igu-reports/2025-world-lng-report,La Perouse,https://www.datocms-assets.com/146580/1783403747-igu-world-lng-report-2026.pdf,,SCF La Perouse,https://www.datocms-assets.com/146580/1783403747-igu-world-lng-report-2026.pdf,,,active,GEM,12/31/2024,https://www.igu.org/igu-reports/2025-world-lng-report,Sovcomflot,https://www.igu.org/igu-reports/2025-world-lng-report,,,HD Hyundai Heavy Industries,https://www.igu.org/igu-reports/2025-world-lng-report,South Korea,https://www.hd.com/en/main,35.51613,129.4383,GC8Q+M6 Ulsan,exact,https://www.google.com/maps/place/HD+Hyundai+Heavy+Industries+Ulsan+Shipyard/data=!3m1!1e3!4m10!1m2!2m1!1sHD+Hyundai!3m6!1s0x3567ce56ebbfb645:0xd94a696f9fca5d90!8m2!3d35.5167468!4d129.4380269!15sCgpIRCBIeXVuZGFpkgEIc2hpcHlhcmTgAQA!16s%2Fg%2F1tfhd8y1?entry=ttu&g_ep=EgoyMDI1MTIwMi4wIKXMDSoASAFQAw%3D%3D,174000,cbm,https://www.igu.org/igu-reports/2025-world-lng-report,membrane,https://www.igu.org/igu-reports/2025-world-lng-report,conventional,https://www.igu.org/igu-reports/2025-world-lng-report,X-DF,https://www.igu.org/igu-reports/2025-world-lng-report,2020,https://www.igu.org/igu-reports/2025-world-lng-report,,,,IGU,,,,,,,
994,9989118,https://www.igu.org/igu-reports/2025-world-lng-report,Sea Creation,https://www.igu.org/igu-reports/2025-world-lng-report,,Dalian No 1 G175K-3,https://www.igu.org/igu-reports/2025-world-lng-report,,,active,GEM,12/11/2025,https://www.vesselfinder.com/vessels/details/9989118,China Merchants Energy Shipping,https://www.igu.org/igu-reports/2025-world-lng-report,,,DSIC (Dalian Shipbuilding Industry Co),https://www.igu.org/igu-reports/2025-world-lng-report,China,http://www.dsic.cn/English/CorporateProfile/AboutUs/index.htm,38.937861,121.638613,"WJMP+FX6, Binhai St, Xigang District, Dalian, Dalian, Liaoning, China, 116006",exact,"https://www.google.com/maps/place/Dalian+Shipbuilding+Heavy+Industry+Co.,Ltd./@38.9301597,121.6171177,2740m/data=!3m1!1e3!4m15!1m7!2m6!1sDalian+Shipbuilding+Industry+Co!3m4!2s60.153931,+24.928542!4m2!1d24.9285418!2d60.1539309!3m6!1s0x3585f55b64d083c7:0x46a88d8ffb6405f2!8m2!3d38.9336592!4d121.6374032!15sCh9EYWxpYW4gU2hpcGJ1aWxkaW5nIEluZHVzdHJ5IENvkgEHY29tcGFueeABAA!16s%2Fg%2F1tf_qtz_?entry=ttu&g_ep=EgoyMDI1MTIwMi4wIKXMDSoASAFQAw%3D%3D",175000,cbm,https://www.igu.org/igu-reports/2025-world-lng-report,,,conventional,https://www.datocms-assets.com/146580/1783403747-igu-world-lng-report-2026.pdf,X-DF,https://www.igu.org/igu-reports/2025-world-lng-report,2026,https://www.datocms-assets.com/146580/1783403747-igu-world-lng-report-2026.pdf,yes,2025,https://www.datocms-assets.com/146580/1763396210-1747916410-igu-world-lng-report-2025.pdf,IGU,,,,,,,
995,1013494,https://www.igu.org/igu-reports/2025-world-lng-report,Sea Energy,https://www.igu.org/igu-reports/2025-world-lng-report,,Dalian No 1 G175K-5,https://www.igu.org/igu-reports/2025-world-lng-report,,,on order,GEM,12/17/2025,https://www.datocms-assets.com/146580/1783403747-igu-world-lng-report-2026.pdf,China Merchants Energy Shipping,https://www.igu.org/igu-reports/2025-world-lng-report,,,DSIC (Dalian Shipbuilding Industry Co),https://www.igu.org/igu-reports/2025-world-lng-report,China,http://www.dsic.cn/English/CorporateProfile/AboutUs/index.htm,38.937861,121.638613,"WJMP+FX6, Binhai St, Xigang District, Dalian, Dalian, Liaoning, China, 116006",exact,"https://www.google.com/maps/place/Dalian+Shipbuilding+Heavy+Industry+Co.,Ltd./@38.9301597,121.6171177,2740m/data=!3m1!1e3!4m15!1m7!2m6!1sDalian+Shipbuilding+Industry+Co!3m4!2s60.153931,+24.928542!4m2!1d24.9285418!2d60.1539309!3m6!1s0x3585f55b64d083c7:0x46a88d8ffb6405f2!8m2!3d38.9336592!4d121.6374032!15sCh9EYWxpYW4gU2hpcGJ1aWxkaW5nIEluZHVzdHJ5IENvkgEHY29tcGFueeABAA!16s%2Fg%2F1tf_qtz_?entry=ttu&g_ep=EgoyMDI1MTIwMi4wIKXMDSoASAFQAw%3D%3D",175000,cbm,https://www.igu.org/igu-reports/2025-world-lng-report,,,conventional,https://www.datocms-assets.com/146580/1783403747-igu-world-lng-report-2026.pdf,X-DF,https://www.igu.org/igu-reports/2025-world-lng-report,2026,https://www.datocms-assets.com/146580/1783403747-igu-world-lng-report-2026.pdf,yes,2025,https://www.datocms-assets.com/146580/1763396210-1747916410-igu-world-lng-report-2025.pdf,IGU,,,,,,,
996,9970662,https://www.igu.org/igu-reports/2025-world-lng-report,Sea Navigator,https://www.igu.org/igu-reports/2025-world-lng-report,,Dalian No 1 G175K-2; Hiayang Linghangzhe,https://www.igu.org/igu-reports/2025-world-lng-report,,,active,GEM,12/11/2025,https://www.marinetraffic.com/tr/ais/details/ships/shipid:9800616/mmsi:477156600/imo:9970662/vessel:SEA%20NAVIGATOR,China Merchants Energy Shipping,https://www.igu.org/igu-reports/2025-world-lng-report,,,DSIC (Dalian Shipbuilding Industry Co),https://www.igu.org/igu-reports/2025-world-lng-report,China,http://www.dsic.cn/English/CorporateProfile/AboutUs/index.htm,38.937861,121.638613,"WJMP+FX6, Binhai St, Xigang District, Dalian, Dalian, Liaoning, China, 116006",exact,"https://www.google.com/maps/place/Dalian+Shipbuilding+Heavy+Industry+Co.,Ltd./@38.9301597,121.6171177,2740m/data=!3m1!1e3!4m15!1m7!2m6!1sDalian+Shipbuilding+Industry+Co!3m4!2s60.153931,+24.928542!4m2!1d24.9285418!2d60.1539309!3m6!1s0x3585f55b64d083c7:0x46a88d8ffb6405f2!8m2!3d38.9336592!4d121.6374032!15sCh9EYWxpYW4gU2hpcGJ1aWxkaW5nIEluZHVzdHJ5IENvkgEHY29tcGFueeABAA!16s%2Fg%2F1tf_qtz_?entry=ttu&g_ep=EgoyMDI1MTIwMi4wIKXMDSoASAFQAw%3D%3D",175000,cbm,https://www.igu.org/igu-reports/2025-world-lng-report,,,conventional,https://www.datocms-assets.com/146580/1783403747-igu-world-lng-report-2026.pdf,X-DF,https://www.igu.org/igu-reports/2025-world-lng-report,2026,https://www.datocms-assets.com/146580/1783403747-igu-world-lng-report-2026.pdf,yes,2025,https://www.datocms-assets.com/146580/1763396210-1747916410-igu-world-lng-report-2025.pdf,IGU,,,,,,,
997,9970650,https://www.igu.org/igu-reports/2025-world-lng-report,Sea Spirit,https://www.igu.org/igu-reports/2025-world-lng-report,,Dalian No 1 G175K-1,https://www.igu.org/igu-reports/2025-world-lng-report,,,active,GEM,12/11/2025,https://www.marinetraffic.com/en/ais/details/ships/shipid:9498495/mmsi:477140700/imo:9970650/vessel:SEA%20SPIRIT,China Merchants Energy Shipping,https://www.igu.org/igu-reports/2025-world-lng-report,,,DSIC (Dalian Shipbuilding Industry Co),https://www.igu.org/igu-reports/2025-world-lng-report,China,http://www.dsic.cn/English/CorporateProfile/AboutUs/index.htm,38.937861,121.638613,"WJMP+FX6, Binhai St, Xigang District, Dalian, Dalian, Liaoning, China, 116006",exact,"https://www.google.com/maps/place/Dalian+Shipbuilding+Heavy+Industry+Co.,Ltd./@38.9301597,121.6171177,2740m/data=!3m1!1e3!4m15!1m7!2m6!1sDalian+Shipbuilding+Industry+Co!3m4!2s60.153931,+24.928542!4m2!1d24.9285418!2d60.1539309!3m6!1s0x3585f55b64d083c7:0x46a88d8ffb6405f2!8m2!3d38.9336592!4d121.6374032!15sCh9EYWxpYW4gU2hpcGJ1aWxkaW5nIEluZHVzdHJ5IENvkgEHY29tcGFueeABAA!16s%2Fg%2F1tf_qtz_?entry=ttu&g_ep=EgoyMDI1MTIwMi4wIKXMDSoASAFQAw%3D%3D",175000,cbm,https://www.igu.org/igu-reports/2025-world-lng-report,membrane,https://www.datocms-assets.com/146580/1783403747-igu-world-lng-report-2026.pdf,conventional,https://www.datocms-assets.com/146580/1783403747-igu-world-lng-report-2026.pdf,X-DF,https://www.igu.org/igu-reports/2025-world-lng-report,2025,https://www.igu.org/igu-reports/2025-world-lng-report,,,,IGU,,,,,,,
1004,9230048,https://www.igu.org/igu-reports/2025-world-lng-report,Gas Polaris,"https://www.vesseltracker.com/en/Ships/Gas-Polaris-9230048.html, https://www.marinetraffic.org/ship-owner-manager-ism-data/GAS-POLARIS/9230048/525121118",,Seapeak Hispania; Seapeak Jupiter,"https://www.shipvault.com/ships/115017, https://shipvaultapi-gjb8c.ondigitalocean.app/api/units/115017, https://www.datocms-assets.com/146580/1783403747-igu-world-lng-report-2026.pdf",,,active,GEM,12/31/2024,https://www.igu.org/igu-reports/2025-world-lng-report,Seapeak,https://www.igu.org/igu-reports/2025-world-lng-report,,,Hanwha Ocean,https://www.igu.org/igu-reports/2025-world-lng-report,South Korea,https://www.hanwha.com/companies/hanwha-ocean.do,34.87385,128.6966,"VMCW+V7 Geoje-si, Gyeongsangnam-do",exact,https://www.google.com/maps/place/Hanwha+Ocean/data=!3m1!1e3!4m10!1m2!2m1!1sHanwha+Ocean!3m6!1s0x356ecd1d7a72f7db:0x3bfe90e7d8bf93f0!8m2!3d34.8721913!4d128.6956963!15sCgxIYW53aGEgT2NlYW5aDiIMaGFud2hhIG9jZWFukgEfc2hpcGJ1aWxkaW5nX2FuZF9yZXBhaXJfY29tcGFueZoBI0NoWkRTVWhOTUc5blMwVkpRMEZuVFVSUmRYVkVTMWhuRUFF4AEA-gEECAAQLA!16s%2Fg%2F11swmd6_76?entry=ttu&g_ep=EgoyMDI1MTIwMi4wIKXMDSoASAFQAw%3D%3D,140500,cbm,https://www.igu.org/igu-reports/2025-world-lng-report,membrane,https://www.igu.org/igu-reports/2025-world-lng-report,conventional,https://www.igu.org/igu-reports/2025-world-lng-report,steam,https://www.igu.org/igu-reports/2025-world-lng-report,2002,https://www.igu.org/igu-reports/2025-world-lng-report,,,,IGU,,,,,,,
1062,9315393,https://www.igu.org/igu-reports/2025-world-lng-report,Blue Dragon I,https://www.datocms-assets.com/146580/1783403747-igu-world-lng-report-2026.pdf,,Stena Blue Sky,https://www.datocms-assets.com/146580/1763396210-1747916410-igu-world-lng-report-2025.pdf,,,active,GEM,12/31/2024,https://www.igu.org/igu-reports/2025-world-lng-report,,,,,Hanwha Ocean,https://www.igu.org/igu-reports/2025-world-lng-report,South Korea,https://www.hanwha.com/companies/hanwha-ocean.do,34.87385,128.6966,"VMCW+V7 Geoje-si, Gyeongsangnam-do",exact,https://www.google.com/maps/place/Hanwha+Ocean/data=!3m1!1e3!4m10!1m2!2m1!1sHanwha+Ocean!3m6!1s0x356ecd1d7a72f7db:0x3bfe90e7d8bf93f0!8m2!3d34.8721913!4d128.6956963!15sCgxIYW53aGEgT2NlYW5aDiIMaGFud2hhIG9jZWFukgEfc2hpcGJ1aWxkaW5nX2FuZF9yZXBhaXJfY29tcGFueZoBI0NoWkRTVWhOTUc5blMwVkpRMEZuVFVSUmRYVkVTMWhuRUFF4AEA-gEECAAQLA!16s%2Fg%2F11swmd6_76?entry=ttu&g_ep=EgoyMDI1MTIwMi4wIKXMDSoASAFQAw%3D%3D,145700,cbm,https://www.igu.org/igu-reports/2025-world-lng-report,membrane,https://www.igu.org/igu-reports/2025-world-lng-report,conventional,https://www.igu.org/igu-reports/2025-world-lng-report,steam,https://www.igu.org/igu-reports/2025-world-lng-report,2006,https://www.igu.org/igu-reports/2025-world-lng-report,,,,IGU,,,,,,,
1091,9976915,https://www.igu.org/igu-reports/2025-world-lng-report,Umm Swayyah,https://www.igu.org/igu-reports/2025-world-lng-report,,,,Hull 2547 (Hanwha),https://www.datocms-assets.com/146580/1783403747-igu-world-lng-report-2026.pdf,active,GEM,12/17/2025,https://www.vesselfinder.com/vessels/details/9976915,K3 Consortium,https://www.igu.org/igu-reports/2025-world-lng-report,,,Hanwha Ocean,https://www.igu.org/igu-reports/2025-world-lng-report,South Korea,https://www.hanwha.com/companies/hanwha-ocean.do,34.87385,128.6966,"VMCW+V7 Geoje-si, Gyeongsangnam-do",exact,https://www.google.com/maps/place/Hanwha+Ocean/data=!3m1!1e3!4m10!1m2!2m1!1sHanwha+Ocean!3m6!1s0x356ecd1d7a72f7db:0x3bfe90e7d8bf93f0!8m2!3d34.8721913!4d128.6956963!15sCgxIYW53aGEgT2NlYW5aDiIMaGFud2hhIG9jZWFukgEfc2hpcGJ1aWxkaW5nX2FuZF9yZXBhaXJfY29tcGFueZoBI0NoWkRTVWhOTUc5blMwVkpRMEZuVFVSUmRYVkVTMWhuRUFF4AEA-gEECAAQLA!16s%2Fg%2F11swmd6_76?entry=ttu&g_ep=EgoyMDI1MTIwMi4wIKXMDSoASAFQAw%3D%3D,174000,cbm,https://www.igu.org/igu-reports/2025-world-lng-report,membrane,https://www.datocms-assets.com/146580/1783403747-igu-world-lng-report-2026.pdf,conventional,https://www.datocms-assets.com/146580/1783403747-igu-world-lng-report-2026.pdf,ME-GA,https://www.igu.org/igu-reports/2025-world-lng-report,2025,https://www.igu.org/igu-reports/2025-world-lng-report,,,,IGU,,,,,,,
1096,9960588,https://www.igu.org/igu-reports/2025-world-lng-report,Venture Acadia,https://www.igu.org/igu-reports/2025-world-lng-report,,,,,,active,GEM,12/11/2025,https://www.vesselfinder.com/vessels/details/9960588,BW,https://www.igu.org/igu-reports/2025-world-lng-report,,,Hanwha Ocean,https://www.igu.org/igu-reports/2025-world-lng-report,South Korea,https://www.hanwha.com/companies/hanwha-ocean.do,34.87385,128.6966,"VMCW+V7 Geoje-si, Gyeongsangnam-do",exact,https://www.google.com/maps/place/Hanwha+Ocean/data=!3m1!1e3!4m10!1m2!2m1!1sHanwha+Ocean!3m6!1s0x356ecd1d7a72f7db:0x3bfe90e7d8bf93f0!8m2!3d34.8721913!4d128.6956963!15sCgxIYW53aGEgT2NlYW5aDiIMaGFud2hhIG9jZWFukgEfc2hpcGJ1aWxkaW5nX2FuZF9yZXBhaXJfY29tcGFueZoBI0NoWkRTVWhOTUc5blMwVkpRMEZuVFVSUmRYVkVTMWhuRUFF4AEA-gEECAAQLA!16s%2Fg%2F11swmd6_76?entry=ttu&g_ep=EgoyMDI1MTIwMi4wIKXMDSoASAFQAw%3D%3D,174000,cbm,https://www.igu.org/igu-reports/2025-world-lng-report,membrane,https://www.datocms-assets.com/146580/1783403747-igu-world-lng-report-2026.pdf,conventional,https://www.datocms-assets.com/146580/1783403747-igu-world-lng-report-2026.pdf,ME-GI,https://www.igu.org/igu-reports/2025-world-lng-report,2025,https://www.igu.org/igu-reports/2025-world-lng-report,,,,IGU,,,,,,,
1098,9960590,https://www.igu.org/igu-reports/2025-world-lng-report,Venture Creole,https://www.igu.org/igu-reports/2025-world-lng-report,,,,Hull 2531 (Hanwha),https://www.datocms-assets.com/146580/1783403747-igu-world-lng-report-2026.pdf,active,GEM,12/11/2025,https://www.vesselfinder.com/vessels/details/9960590,BW,https://www.igu.org/igu-reports/2025-world-lng-report,,,Hanwha Ocean,https://www.igu.org/igu-reports/2025-world-lng-report,South Korea,https://www.hanwha.com/companies/hanwha-ocean.do,34.87385,128.6966,"VMCW+V7 Geoje-si, Gyeongsangnam-do",exact,https://www.google.com/maps/place/Hanwha+Ocean/data=!3m1!1e3!4m10!1m2!2m1!1sHanwha+Ocean!3m6!1s0x356ecd1d7a72f7db:0x3bfe90e7d8bf93f0!8m2!3d34.8721913!4d128.6956963!15sCgxIYW53aGEgT2NlYW5aDiIMaGFud2hhIG9jZWFukgEfc2hpcGJ1aWxkaW5nX2FuZF9yZXBhaXJfY29tcGFueZoBI0NoWkRTVWhOTUc5blMwVkpRMEZuVFVSUmRYVkVTMWhuRUFF4AEA-gEECAAQLA!16s%2Fg%2F11swmd6_76?entry=ttu&g_ep=EgoyMDI1MTIwMi4wIKXMDSoASAFQAw%3D%3D,174000,cbm,https://www.igu.org/igu-reports/2025-world-lng-report,membrane,https://www.datocms-assets.com/146580/1783403747-igu-world-lng-report-2026.pdf,conventional,https://www.datocms-assets.com/146580/1783403747-igu-world-lng-report-2026.pdf,ME-GI,https://www.igu.org/igu-reports/2025-world-lng-report,2025,https://www.igu.org/igu-reports/2025-world-lng-report,,,,IGU,,,,,,,
1107,9981374,https://www.igu.org/igu-reports/2025-world-lng-report,Wadi Al Syl,https://www.igu.org/igu-reports/2025-world-lng-report,,,,Hull 3382 (HDHHI),https://www.datocms-assets.com/146580/1783403747-igu-world-lng-report-2026.pdf,active,GEM,12/11/2025,https://www.vesselfinder.com/vessels/details/9981374,Knutsen OAS,https://www.igu.org/igu-reports/2025-world-lng-report,Norway,https://www.imarinenews.com/35664.html,HD Hyundai Heavy Industries,https://www.igu.org/igu-reports/2025-world-lng-report,South Korea,https://www.hd.com/en/main,35.51613,129.4383,GC8Q+M6 Ulsan,exact,https://www.google.com/maps/place/HD+Hyundai+Heavy+Industries+Ulsan+Shipyard/data=!3m1!1e3!4m10!1m2!2m1!1sHD+Hyundai!3m6!1s0x3567ce56ebbfb645:0xd94a696f9fca5d90!8m2!3d35.5167468!4d129.4380269!15sCgpIRCBIeXVuZGFpkgEIc2hpcHlhcmTgAQA!16s%2Fg%2F1tfhd8y1?entry=ttu&g_ep=EgoyMDI1MTIwMi4wIKXMDSoASAFQAw%3D%3D,174000,cbm,https://www.igu.org/igu-reports/2025-world-lng-report,membrane,https://www.datocms-assets.com/146580/1783403747-igu-world-lng-report-2026.pdf,conventional,https://www.datocms-assets.com/146580/1783403747-igu-world-lng-report-2026.pdf,X-DF,https://www.igu.org/igu-reports/2025-world-lng-report,2025,https://www.igu.org/igu-reports/2025-world-lng-report,,,,IGU,,,,,,,
1111,9962433,https://www.igu.org/igu-reports/2025-world-lng-report,Woodside Barrumbara,https://www.igu.org/igu-reports/2025-world-lng-report,,Hull 2535 (Hanwha),https://www.datocms-assets.com/146580/1783403747-igu-world-lng-report-2026.pdf,,,active,GEM,12/11/2025,https://www.vesselfinder.com/vessels/details/9962433,GasLog,https://www.igu.org/igu-reports/2025-world-lng-report,Greece,"https://www.gaslogltd.com/contact-us/, https://www.gaslogltd.com/content/uploads/GasLog-Ltd-2022-annual-report-form-20-F.pdf",Hanwha Ocean,https://www.igu.org/igu-reports/2025-world-lng-report,South Korea,https://www.hanwha.com/companies/hanwha-ocean.do,34.87385,128.6966,"VMCW+V7 Geoje-si, Gyeongsangnam-do",exact,https://www.google.com/maps/place/Hanwha+Ocean/data=!3m1!1e3!4m10!1m2!2m1!1sHanwha+Ocean!3m6!1s0x356ecd1d7a72f7db:0x3bfe90e7d8bf93f0!8m2!3d34.8721913!4d128.6956963!15sCgxIYW53aGEgT2NlYW5aDiIMaGFud2hhIG9jZWFukgEfc2hpcGJ1aWxkaW5nX2FuZF9yZXBhaXJfY29tcGFueZoBI0NoWkRTVWhOTUc5blMwVkpRMEZuVFVSUmRYVkVTMWhuRUFF4AEA-gEECAAQLA!16s%2Fg%2F11swmd6_76?entry=ttu&g_ep=EgoyMDI1MTIwMi4wIKXMDSoASAFQAw%3D%3D,174000,cbm,https://www.igu.org/igu-reports/2025-world-lng-report,membrane,https://www.datocms-assets.com/146580/1783403747-igu-world-lng-report-2026.pdf,conventional,https://www.datocms-assets.com/146580/1783403747-igu-world-lng-report-2026.pdf,ME-GI,https://www.igu.org/igu-reports/2025-world-lng-report,2025,https://www.igu.org/igu-reports/2025-world-lng-report,,,,IGU,,,,,,,
1132,9962421,https://www.igu.org/igu-reports/2025-world-lng-report,Woodside Jirrubakura,https://www.igu.org/igu-reports/2025-world-lng-report,,,,Hull 2534 (Hanwha),https://www.datocms-assets.com/146580/1783403747-igu-world-lng-report-2026.pdf,active,GEM,12/11/2025,https://www.marinetraffic.com/en/ais/details/ships/shipid:9718712/mmsi:310852000/imo:9962421/vessel:WOODSIDE_JIRRUBAKURA,GasLog,https://www.igu.org/igu-reports/2025-world-lng-report,Greece,"https://www.gaslogltd.com/contact-us/, https://www.gaslogltd.com/content/uploads/GasLog-Ltd-2022-annual-report-form-20-F.pdf",Hanwha Ocean,https://www.igu.org/igu-reports/2025-world-lng-report,South Korea,https://www.hanwha.com/companies/hanwha-ocean.do,34.87385,128.6966,"VMCW+V7 Geoje-si, Gyeongsangnam-do",exact,https://www.google.com/maps/place/Hanwha+Ocean/data=!3m1!1e3!4m10!1m2!2m1!1sHanwha+Ocean!3m6!1s0x356ecd1d7a72f7db:0x3bfe90e7d8bf93f0!8m2!3d34.8721913!4d128.6956963!15sCgxIYW53aGEgT2NlYW5aDiIMaGFud2hhIG9jZWFukgEfc2hpcGJ1aWxkaW5nX2FuZF9yZXBhaXJfY29tcGFueZoBI0NoWkRTVWhOTUc5blMwVkpRMEZuVFVSUmRYVkVTMWhuRUFF4AEA-gEECAAQLA!16s%2Fg%2F11swmd6_76?entry=ttu&g_ep=EgoyMDI1MTIwMi4wIKXMDSoASAFQAw%3D%3D,174000,cbm,https://www.igu.org/igu-reports/2025-world-lng-report,membrane,https://www.datocms-assets.com/146580/1783403747-igu-world-lng-report-2026.pdf,conventional,https://www.datocms-assets.com/146580/1783403747-igu-world-lng-report-2026.pdf,ME-GI,https://www.igu.org/igu-reports/2025-world-lng-report,2025,https://www.igu.org/igu-reports/2025-world-lng-report,,,,IGU,,,,,,,
1143,9918028,https://www.igu.org/igu-reports/2025-world-lng-report,Zhores Alferov,https://www.igu.org/igu-reports/2025-world-lng-report,,,,,,on order,GEM,12/11/2025,https://www.datocms-assets.com/146580/1783403747-igu-world-lng-report-2026.pdf,Hanwha Ocean,https://www.igu.org/igu-reports/2025-world-lng-report,,,Hanwha Ocean,https://www.igu.org/igu-reports/2025-world-lng-report,South Korea,https://www.hanwha.com/companies/hanwha-ocean.do,34.87385,128.6966,"VMCW+V7 Geoje-si, Gyeongsangnam-do",exact,https://www.google.com/maps/place/Hanwha+Ocean/data=!3m1!1e3!4m10!1m2!2m1!1sHanwha+Ocean!3m6!1s0x356ecd1d7a72f7db:0x3bfe90e7d8bf93f0!8m2!3d34.8721913!4d128.6956963!15sCgxIYW53aGEgT2NlYW5aDiIMaGFud2hhIG9jZWFukgEfc2hpcGJ1aWxkaW5nX2FuZF9yZXBhaXJfY29tcGFueZoBI0NoWkRTVWhOTUc5blMwVkpRMEZuVFVSUmRYVkVTMWhuRUFF4AEA-gEECAAQLA!16s%2Fg%2F11swmd6_76?entry=ttu&g_ep=EgoyMDI1MTIwMi4wIKXMDSoASAFQAw%3D%3D,172600,cbm,https://www.igu.org/igu-reports/2025-world-lng-report,,,icebreaker,https://www.datocms-assets.com/146580/1783403747-igu-world-lng-report-2026.pdf,DFDE,https://www.igu.org/igu-reports/2025-world-lng-report,2027,https://www.datocms-assets.com/146580/1783403747-igu-world-lng-report-2026.pdf,yes,2025,https://www.datocms-assets.com/146580/1763396210-1747916410-igu-world-lng-report-2025.pdf,IGU,,,,,,,
1146,1148287,https://www.marinetraffic.org/ship-owner-manager-ism-data/HANWHA-OCEAN-2614/1148287/1,Hanwha Ocean Geoje 2614,http://www.chinashipbuild.com/shipyard.aspx?pklujyukkpp4BbcJXanmkhTk8Pl4EN,candidate additions from chatgpt/claude,,,Hull 2614,http://www.chinashipbuild.com/shipyard.aspx?pklujyukkpp4BbcJXanmkhTk8Pl4EN,on order,GEM,5/18/2026,http://www.chinashipbuild.com/shipyard.aspx?pklujyukkpp4BbcJXanmkhTk8Pl4EN,GasLog,http://www.chinashipbuild.com/shipyard.aspx?pklujyukkpp4BbcJXanmkhTk8Pl4EN,Greece,"https://www.gaslogltd.com/contact-us/, https://www.gaslogltd.com/content/uploads/GasLog-Ltd-2022-annual-report-form-20-F.pdf",Hanwha Ocean,http://www.chinashipbuild.com/shipyard.aspx?pklujyukkpp4BbcJXanmkhTk8Pl4EN,South Korea,https://www.hanwha.com/companies/hanwha-ocean.do,34.87385,128.6966,"VMCW+V7 Geoje-si, Gyeongsangnam-do",exact,https://www.google.com/maps/place/Hanwha+Ocean/data=!3m1!1e3!4m10!1m2!2m1!1sHanwha+Ocean!3m6!1s0x356ecd1d7a72f7db:0x3bfe90e7d8bf93f0!8m2!3d34.8721913!4d128.6956963!15sCgxIYW53aGEgT2NlYW5aDiIMaGFud2hhIG9jZWFukgEfc2hpcGJ1aWxkaW5nX2FuZF9yZXBhaXJfY29tcGFueZoBI0NoWkRTVWhOTUc5blMwVkpRMEZuVFVSUmRYVkVTMWhuRUFF4AEA-gEECAAQLA!16s%2Fg%2F11swmd6_76?entry=ttu&g_ep=EgoyMDI1MTIwMi4wIKXMDSoASAFQAw%3D%3D,174000,cbm,http://www.chinashipbuild.com/shipyard.aspx?pklujyukkpp4BbcJXanmkhTk8Pl4EN,,,conventional,https://www.datocms-assets.com/146580/1783403747-igu-world-lng-report-2026.pdf,ME-GI,https://www.datocms-assets.com/146580/1783403747-igu-world-lng-report-2026.pdf,2028,http://www.chinashipbuild.com/shipyard.aspx?pklujyukkpp4BbcJXanmkhTk8Pl4EN,,,,SFOC/Clarkson - May 2026,,,04-Sep-2025,http://www.chinashipbuild.com/shipyard.aspx?pklujyukkpp4BbcJXanmkhTk8Pl4EN,,,
1147,1148299,https://www.marinetraffic.org/ship-owner-manager-ism-data/HANWHA-OCEAN-2615/1148299/1,Hanwha Ocean Geoje 2615,http://www.chinashipbuild.com/shipyard.aspx?pklujyukkpp4BbcJXanmkhTk8Pl4EN,candidate additions from chatgpt/claude,,,Hull 2615,http://www.chinashipbuild.com/shipyard.aspx?pklujyukkpp4BbcJXanmkhTk8Pl4EN,on order,GEM,5/18/2026,http://www.chinashipbuild.com/shipyard.aspx?pklujyukkpp4BbcJXanmkhTk8Pl4EN,GasLog,http://www.chinashipbuild.com/shipyard.aspx?pklujyukkpp4BbcJXanmkhTk8Pl4EN,Greece,"https://www.gaslogltd.com/contact-us/, https://www.gaslogltd.com/content/uploads/GasLog-Ltd-2022-annual-report-form-20-F.pdf",Hanwha Ocean,http://www.chinashipbuild.com/shipyard.aspx?pklujyukkpp4BbcJXanmkhTk8Pl4EN,South Korea,https://www.hanwha.com/companies/hanwha-ocean.do,34.87385,128.6966,"VMCW+V7 Geoje-si, Gyeongsangnam-do",exact,https://www.google.com/maps/place/Hanwha+Ocean/data=!3m1!1e3!4m10!1m2!2m1!1sHanwha+Ocean!3m6!1s0x356ecd1d7a72f7db:0x3bfe90e7d8bf93f0!8m2!3d34.8721913!4d128.6956963!15sCgxIYW53aGEgT2NlYW5aDiIMaGFud2hhIG9jZWFukgEfc2hpcGJ1aWxkaW5nX2FuZF9yZXBhaXJfY29tcGFueZoBI0NoWkRTVWhOTUc5blMwVkpRMEZuVFVSUmRYVkVTMWhuRUFF4AEA-gEECAAQLA!16s%2Fg%2F11swmd6_76?entry=ttu&g_ep=EgoyMDI1MTIwMi4wIKXMDSoASAFQAw%3D%3D,174000,cbm,http://www.chinashipbuild.com/shipyard.aspx?pklujyukkpp4BbcJXanmkhTk8Pl4EN,,,conventional,https://www.datocms-assets.com/146580/1783403747-igu-world-lng-report-2026.pdf,ME-GI,https://www.datocms-assets.com/146580/1783403747-igu-world-lng-report-2026.pdf,2028,http://www.chinashipbuild.com/shipyard.aspx?pklujyukkpp4BbcJXanmkhTk8Pl4EN,,,,SFOC/Clarkson - May 2026,,,30-Sep-2025,http://www.chinashipbuild.com/shipyard.aspx?pklujyukkpp4BbcJXanmkhTk8Pl4EN,,,
